/*******************************************************************************
 * Size: 16 px
 * Bpp: 4
 * Opts: --font /tmp/NotoEmoji.ttf --size 16 --bpp 4 --format lvgl --no-compress --output scripts/../src/fonts/emoji_font.c --lv-include lvgl.h --lv-font-name emoji_font -r 0x1F600-0x1F644 -r 0x1F914 -r 0x1F923 -r 0x1F927 -r 0x1F970 -r 0x1F975 -r 0x1F976 -r 0x1F978 -r 0x1F97A -r 0x1F920 -r 0x1F921 -r 0x1F929 -r 0x1F92A -r 0x1F92B -r 0x1F92C -r 0x1F92D -r 0x1F92E -r 0x1F92F -r 0x1F47B -r 0x1F480 -r 0x1F47D -r 0x1F525 -r 0x1F44A-0x1F450 -r 0x1F64C -r 0x1F64F -r 0x270A-0x270C -r 0x270D -r 0x1F4AA -r 0x1F91D -r 0x1F91E -r 0x1F596 -r 0x1F918 -r 0x1F919 -r 0x1F90C -r 0x1F90F -r 0x1F485 -r 0x1F933-0x1F939 -r 0x1F485 -r 0x2764 -r 0x1F9E1 -r 0x1F49B -r 0x1F49A -r 0x1F499 -r 0x1F49C -r 0x1F5A4 -r 0x1F495 -r 0x1F49E -r 0x1F493 -r 0x1F497 -r 0x1F498 -r 0x1F496 -r 0x1F49D -r 0x2665 -r 0x1F494 -r 0x1F90E -r 0x1F90D -r 0x1F389 -r 0x1F38A -r 0x1F388 -r 0x1F381 -r 0x2705 -r 0x274C -r 0x274E -r 0x1F4AF -r 0x2B50 -r 0x1F31F -r 0x2728 -r 0x1F680 -r 0x1F525 -r 0x1F4A1 -r 0x1F514 -r 0x1F3AF -r 0x1F50B -r 0x2699 -r 0x1F4E1 -r 0x1F30D -r 0x1F30E -r 0x1F30F -r 0x1F4AA -r 0x1F4B0 -r 0x1F51D -r 0x1F504 -r 0x1F3C6 -r 0x1F3C5 -r 0x1F396 -r 0x1F451 -r 0x1F44D -r 0x1F44E -r 0x1F44C -r 0x1F4F1 -r 0x1F4BB -r 0x1F5A5 -r 0x231A -r 0x1F4F7 -r 0x1F4F8 -r 0x1F3AC -r 0x1F3A5 -r 0x1F50A -r 0x1F507 -r 0x1F50D -r 0x1F50E -r 0x1F511 -r 0x1F512 -r 0x1F513 -r 0x1F6E0 -r 0x1F527 -r 0x1F528 -r 0x1F529 -r 0x1F4D6 -r 0x1F4DA -r 0x270F -r 0x1F58B -r 0x1F4C5 -r 0x1F4C8 -r 0x1F4C9 -r 0x1F4CA -r 0x1F4E2 -r 0x1F4E3 -r 0x1F3B5 -r 0x1F3B6 -r 0x1F3A7 -r 0x1F3B8 -r 0x1F3BA -r 0x1F3B9 -r 0x1F3BB -r 0x1F941 -r 0x2714 -r 0x2716 -r 0x2795 -r 0x2796 -r 0x2797 -r 0x2753 -r 0x2754 -r 0x2757 -r 0x2755 -r 0x203C -r 0x2049 -r 0x2139 -r 0x23F0 -r 0x23F3 -r 0x26A0 -r 0x26A1 -r 0x26D4 -r 0x267B -r 0x1F6AB -r 0x1F6A9 -r 0x1F3C1 -r 0x1F6A8 -r 0x2600 -r 0x2601 -r 0x2614 -r 0x26C5 -r 0x2744 -r 0x1F308 -r 0x1F319 -r 0x1F31A -r 0x1F31B -r 0x1F31C -r 0x1F31D -r 0x1F31E -r 0x1F30C -r 0x1F33A -r 0x1F33B -r 0x1F339 -r 0x1F33C -r 0x1F337 -r 0x1F33E -r 0x1F33F -r 0x1F340 -r 0x1F341 -r 0x1F342 -r 0x1F343 -r 0x2602 -r 0x2603 -r 0x26C4 -r 0x26F0 -r 0x26F1 -r 0x1F30B -r 0x1F30A -r 0x2615 -r 0x1F37A -r 0x1F37B -r 0x1F37E -r 0x1F377 -r 0x1F378 -r 0x1F379 -r 0x1F37C -r 0x1F354 -r 0x1F355 -r 0x1F356 -r 0x1F357 -r 0x1F32D -r 0x1F32E -r 0x1F32F -r 0x1F35F -r 0x1F363 -r 0x1F364 -r 0x1F345 -r 0x1F346 -r 0x1F34C -r 0x1F34E -r 0x1F34F -r 0x1F351 -r 0x1F352 -r 0x1F353 -r 0x1F36B -r 0x1F36D -r 0x1F36E -r 0x1F36F -r 0x1F370 -r 0x1F371 -r 0x1F372 -r 0x1F373 -r 0x1F381 -r 0x1F382 -r 0x1F436 -r 0x1F431 -r 0x1F42D -r 0x1F439 -r 0x1F430 -r 0x1F98A -r 0x1F43B -r 0x1F43C -r 0x1F438 -r 0x1F412 -r 0x1F414 -r 0x1F427 -r 0x1F426 -r 0x1F425 -r 0x1F98C -r 0x1F99D -r 0x1F40E -r 0x1F434 -r 0x1F984 -r 0x1F99E -r 0x1F9AC -r 0x1F40D -r 0x1F422 -r 0x1F420 -r 0x1F41F -r 0x1F433 -r 0x1F42B -r 0x1F981 -r 0x1F99B -r 0x1F697 -r 0x1F698 -r 0x1F695 -r 0x1F699 -r 0x1F68C -r 0x1F68E -r 0x1F693 -r 0x1F692 -r 0x1F691 -r 0x1F690 -r 0x1F6B2 -r 0x1F6F4 -r 0x1F6F5 -r 0x1F3CD -r 0x2708 -r 0x1F681 -r 0x1F6F8 -r 0x1F680 -r 0x1F4BA -r 0x26F5 -r 0x1F6A2 -r 0x1F6E5 -r 0x1F3A2 -r 0x1F3A0 -r 0x26BD -r 0x26BE -r 0x1F3C0 -r 0x1F3C8 -r 0x1F3BE -r 0x1F3B1 -r 0x1F3AE -r 0x1F3B0 -r 0x1F579 -r 0x1F47E -r 0x1F3B2 -r 0x265F -r 0x1F3A3 -r 0x26F3 -r 0x1F3C4 -r 0x1F3CA -r 0x1F6B4 -r 0x1F3C7 -r 0x1F3C2 -r 0x1F3CC -r 0x1F3CB
 ******************************************************************************/

#ifdef LV_LVGL_H_INCLUDE_SIMPLE
#include "lvgl.h"
#else
#include "lvgl.h"
#endif

#ifndef EMOJI_FONT
#define EMOJI_FONT 1
#endif

#if EMOJI_FONT

/*-----------------
 *    BITMAPS
 *----------------*/

/*Store the image of the glyphs*/
static LV_ATTRIBUTE_LARGE_CONST const uint8_t glyph_bitmap[] = {
    /* U+203C "‼" */
    0x9, 0x95, 0x0, 0x29, 0x93, 0x1f, 0xf9, 0x0,
    0x4f, 0xf6, 0xf, 0xf8, 0x0, 0x3f, 0xf5, 0xf,
    0xf8, 0x0, 0x3f, 0xf5, 0xf, 0xf8, 0x0, 0x3f,
    0xf5, 0xf, 0xf7, 0x0, 0x2f, 0xf4, 0xf, 0xf7,
    0x0, 0x2f, 0xf4, 0xf, 0xf6, 0x0, 0x1f, 0xf4,
    0xe, 0xf6, 0x0, 0x1f, 0xf3, 0xe, 0xf6, 0x0,
    0x1f, 0xf3, 0xd, 0xf5, 0x0, 0xf, 0xf3, 0x2,
    0x31, 0x0, 0x3, 0x30, 0x0, 0x0, 0x0, 0x0,
    0x0, 0xa, 0xd4, 0x0, 0x1b, 0xc2, 0x6f, 0xfe,
    0x0, 0x9f, 0xfb, 0x5f, 0xfd, 0x0, 0x8f, 0xfa,
    0x6, 0x92, 0x0, 0x7, 0x81,

    /* U+2049 "⁉" */
    0x49, 0x92, 0x0, 0x1, 0x78, 0x85, 0x0, 0x8,
    0xff, 0x30, 0x7, 0xff, 0xff, 0xfd, 0x10, 0x7f,
    0xf2, 0x5, 0xff, 0xb7, 0x9f, 0xfc, 0x7, 0xff,
    0x20, 0xcf, 0xb0, 0x0, 0x6f, 0xf2, 0x6f, 0xf1,
    0x7, 0x73, 0x0, 0x2, 0xff, 0x36, 0xff, 0x10,
    0x0, 0x0, 0x0, 0x4f, 0xf1, 0x6f, 0xf1, 0x0,
    0x0, 0x0, 0x1d, 0xfc, 0x5, 0xff, 0x0, 0x0,
    0x0, 0x1d, 0xfe, 0x10, 0x5f, 0xf0, 0x0, 0x0,
    0xc, 0xfd, 0x20, 0x4, 0xff, 0x0, 0x0, 0x5,
    0xff, 0x10, 0x0, 0x4f, 0xf0, 0x0, 0x0, 0x9f,
    0x90, 0x0, 0x0, 0x33, 0x0, 0x0, 0x2, 0x42,
    0x0, 0x0, 0x0, 0x0, 0x0, 0x0, 0x0, 0x0,
    0x0, 0x4, 0xcb, 0x10, 0x0, 0x9, 0xd6, 0x0,
    0x0, 0xdf, 0xf8, 0x0, 0x4, 0xff, 0xf1, 0x0,
    0xc, 0xff, 0x70, 0x0, 0x3f, 0xff, 0x0, 0x0,
    0x18, 0x70, 0x0, 0x0, 0x59, 0x30, 0x0, 0x0,

    /* U+2139 "ℹ" */
    0x38, 0x88, 0x88, 0x88, 0x88, 0x88, 0x88, 0x85,
    0xe, 0xff, 0xff, 0xff, 0xff, 0xff, 0xff, 0xff,
    0xf2, 0xff, 0xff, 0xff, 0xff, 0xff, 0xff, 0xff,
    0xff, 0x3f, 0xff, 0xff, 0xff, 0x21, 0xdf, 0xff,
    0xff, 0xf3, 0xff, 0xff, 0xff, 0xf0, 0xc, 0xff,
    0xff, 0xff, 0x3f, 0xff, 0xff, 0xff, 0xed, 0xff,
    0xff, 0xff, 0xf3, 0xff, 0xff, 0xff, 0xf5, 0x4f,
    0xff, 0xff, 0xff, 0x3f, 0xff, 0xff, 0xff, 0x20,
    0xef, 0xff, 0xff, 0xf3, 0xff, 0xff, 0xff, 0xf2,
    0xe, 0xff, 0xff, 0xff, 0x3f, 0xff, 0xff, 0xff,
    0x20, 0xef, 0xff, 0xff, 0xf3, 0xff, 0xff, 0xff,
    0xf2, 0xe, 0xff, 0xff, 0xff, 0x3f, 0xff, 0xff,
    0xff, 0x20, 0xef, 0xff, 0xff, 0xf3, 0xff, 0xff,
    0xff, 0xf2, 0xe, 0xff, 0xff, 0xff, 0x3f, 0xff,
    0xff, 0xff, 0x20, 0xef, 0xff, 0xff, 0xf3, 0xff,
    0xff, 0xff, 0xff, 0xff, 0xff, 0xff, 0xff, 0x3e,
    0xff, 0xff, 0xff, 0xff, 0xff, 0xff, 0xff, 0xf1,
    0x27, 0x77, 0x77, 0x77, 0x77, 0x77, 0x77, 0x74,
    0x0,

    /* U+231A "⌚" */
    0x0, 0x3a, 0xaa, 0xaa, 0xa9, 0x0, 0x0, 0x0,
    0x82, 0x0, 0x0, 0x6, 0x30, 0x0, 0x0, 0xfb,
    0xdf, 0xff, 0xdd, 0xc0, 0x0, 0x6, 0xff, 0xc4,
    0x24, 0xdf, 0xf2, 0x0, 0x9, 0xf2, 0x30, 0x50,
    0x33, 0xf5, 0x0, 0xd, 0x10, 0x20, 0x0, 0x20,
    0x3b, 0x0, 0x28, 0x41, 0x0, 0x0, 0x2, 0x39,
    0x10, 0x63, 0x0, 0x61, 0x2, 0x80, 0x4, 0x80,
    0x83, 0x40, 0x2e, 0xf8, 0x0, 0x52, 0xf6, 0x72,
    0x0, 0x1, 0x70, 0x0, 0x4, 0xf3, 0x37, 0x40,
    0x0, 0x0, 0x2, 0x28, 0x10, 0xc, 0x10, 0x20,
    0x0, 0x20, 0x2b, 0x0, 0xb, 0xf1, 0x30, 0x50,
    0x31, 0xf5, 0x0, 0x7, 0xff, 0x82, 0x12, 0xbf,
    0xf1, 0x0, 0x1, 0xfd, 0xff, 0xff, 0xfe, 0xc0,
    0x0, 0x0, 0x82, 0x0, 0x0, 0x6, 0x40, 0x0,
    0x0, 0x3a, 0xaa, 0xaa, 0xaa, 0x0, 0x0,

    /* U+23F0 "⏰" */
    0x4, 0x22, 0x0, 0x22, 0x0, 0x12, 0x40, 0xb,
    0xff, 0xc0, 0xae, 0x35, 0xff, 0xf0, 0x3f, 0xff,
    0x23, 0x8d, 0x41, 0x8f, 0xf5, 0x3b, 0x3f, 0xb6,
    0x44, 0x6a, 0xd6, 0x95, 0x0, 0x96, 0x6a, 0x98,
    0x98, 0x5a, 0x0, 0x8, 0x4a, 0x62, 0x16, 0x5,
    0x94, 0x90, 0x28, 0x84, 0x3, 0x0, 0x3, 0x9,
    0x74, 0x83, 0xa6, 0x10, 0x0, 0x0, 0x65, 0x69,
    0xa5, 0x50, 0x7, 0x10, 0x36, 0x0, 0x8a, 0xa7,
    0x56, 0x1, 0xff, 0x30, 0x8, 0x89, 0xa6, 0x50,
    0x0, 0x13, 0x0, 0x0, 0x89, 0x93, 0xa6, 0x10,
    0x0, 0x0, 0x54, 0x6a, 0x37, 0xa3, 0x2, 0x0,
    0x2, 0xa, 0x55, 0xa, 0x3b, 0x53, 0x16, 0x5,
    0x94, 0xa0, 0x1, 0xb3, 0x8b, 0x87, 0x9a, 0x3a,
    0x20, 0x0, 0xf, 0x83, 0x33, 0x37, 0xe5, 0x0,
    0x0, 0x5, 0x27, 0x99, 0x72, 0x5, 0x0,

    /* U+23F3 "⏳" */
    0x15, 0x78, 0x99, 0x87, 0x52, 0xf, 0xce, 0xff,
    0xff, 0xfd, 0xe5, 0xf5, 0x21, 0x11, 0x11, 0x4e,
    0x48, 0x77, 0x89, 0x99, 0x75, 0xc0, 0x54, 0x0,
    0x1, 0x48, 0x39, 0x1, 0x96, 0xdf, 0xff, 0xe6,
    0x50, 0x8, 0x4c, 0xff, 0xf5, 0xb0, 0x0, 0xa,
    0x69, 0xc5, 0xa2, 0x0, 0x0, 0xa, 0x99, 0xf1,
    0x0, 0x0, 0x9, 0x60, 0x63, 0xa2, 0x0, 0x8,
    0x30, 0x49, 0x1, 0xb0, 0x1, 0x90, 0xa, 0xe0,
    0x5, 0x50, 0x54, 0x4, 0xff, 0x90, 0x9, 0x9,
    0x8c, 0xff, 0xff, 0xf7, 0xd0, 0xfc, 0xff, 0xff,
    0xfe, 0xdf, 0x6e, 0x41, 0x0, 0x0, 0x13, 0xb4,
    0x16, 0x89, 0x99, 0x98, 0x73, 0x0,

    /* U+2600 "☀" */
    0x0, 0x0, 0x0, 0x0, 0x1a, 0x0, 0x0, 0x0,
    0x0, 0x0, 0x54, 0x0, 0xa, 0x83, 0x0, 0x0,
    0x0, 0x0, 0xa, 0x88, 0x5, 0x63, 0x60, 0x0,
    0x0, 0x0, 0x0, 0x72, 0x3f, 0xf9, 0x6a, 0x3,
    0x65, 0x0, 0x0, 0x4, 0x7a, 0x61, 0x4, 0xfd,
    0x76, 0xa0, 0x0, 0x0, 0x4f, 0x10, 0x0, 0x0,
    0xa1, 0xa1, 0x0, 0x7a, 0xad, 0x80, 0x0, 0x0,
    0x1, 0xe6, 0x0, 0x8, 0x60, 0x90, 0x0, 0x0,
    0x0, 0xf, 0x40, 0x0, 0x5, 0xab, 0x0, 0x0,
    0x0, 0x0, 0xa8, 0x80, 0x0, 0x1, 0xf0, 0x0,
    0x0, 0x0, 0xa, 0x3, 0xb0, 0x0, 0x3d, 0x50,
    0x0, 0x0, 0x2, 0xf9, 0xa9, 0x0, 0xa, 0xb,
    0x10, 0x0, 0x0, 0xf9, 0x0, 0x0, 0x6, 0x66,
    0xbf, 0x61, 0x4, 0xa6, 0x70, 0x0, 0x0, 0x37,
    0x40, 0x68, 0x8f, 0xf6, 0xa, 0x0, 0x0, 0x0,
    0x0, 0x3, 0x62, 0x80, 0x6a, 0xb0, 0x0, 0x0,
    0x0, 0x0, 0x9, 0xa0, 0x0, 0x15, 0x0, 0x0,
    0x0, 0x0, 0x0, 0xa4, 0x0, 0x0, 0x0, 0x0,
    0x0,

    /* U+2601 "☁" */
    0x0, 0x0, 0x0, 0x0, 0x29, 0x9a, 0xa6, 0x0,
    0x0, 0x0, 0x0, 0x0, 0x0, 0x48, 0x0, 0x0,
    0x79, 0x0, 0x0, 0x0, 0x0, 0x0, 0x18, 0x0,
    0x0, 0x0, 0x56, 0x0, 0x0, 0x0, 0x4, 0x9c,
    0x50, 0x0, 0x0, 0x0, 0xa0, 0x0, 0x0, 0x6,
    0x80, 0x8, 0x50, 0x0, 0x0, 0xa, 0x0, 0x0,
    0x0, 0xa0, 0x0, 0xa, 0x0, 0x0, 0x0, 0xa0,
    0x0, 0x4, 0xb7, 0x0, 0x0, 0x20, 0x0, 0x0,
    0x5, 0xb2, 0x6, 0x70, 0x0, 0x0, 0x0, 0x0,
    0x0, 0x0, 0x1, 0xa0, 0xa0, 0x0, 0x0, 0x0,
    0x0, 0x0, 0x0, 0x0, 0x9, 0xa, 0x0, 0x0,
    0x0, 0x0, 0x0, 0x0, 0x0, 0x0, 0xa0, 0x3a,
    0x41, 0x41, 0x0, 0x0, 0x0, 0x0, 0x2, 0x96,
    0x0, 0x16, 0x75, 0xa7, 0x58, 0x90, 0x0, 0xa,
    0x83, 0x0, 0x0, 0x0, 0x0, 0x24, 0x22, 0x9a,
    0xaa, 0x30, 0x0, 0x0,

    /* U+2602 "☂" */
    0x0, 0x0, 0x0, 0x0, 0x6, 0x0, 0x0, 0x0,
    0x0, 0x0, 0x0, 0x0, 0x15, 0x7f, 0x52, 0x0,
    0x0, 0x0, 0x0, 0x0, 0x4a, 0x85, 0xda, 0xa7,
    0xa6, 0x0, 0x0, 0x0, 0x9, 0x60, 0xa, 0x10,
    0x83, 0x4, 0xa1, 0x0, 0x0, 0x93, 0x0, 0x64,
    0x0, 0xa, 0x0, 0x2a, 0x0, 0x5, 0x60, 0x0,
    0xa0, 0x0, 0x7, 0x20, 0x3, 0x80, 0xa, 0x0,
    0x4, 0x60, 0x0, 0x2, 0x70, 0x0, 0xa0, 0xb,
    0x67, 0x48, 0x47, 0x6c, 0x73, 0xa2, 0x77, 0x92,
    0xa, 0x32, 0x6f, 0x80, 0xa, 0x6, 0xf8, 0x23,
    0x83, 0x0, 0x0, 0x1, 0x0, 0xa, 0x0, 0x20,
    0x0, 0x0, 0x0, 0x0, 0x0, 0x0, 0xa, 0x0,
    0x0, 0x0, 0x0, 0x0, 0x0, 0x0, 0x0, 0xa,
    0x0, 0x0, 0x0, 0x0, 0x0, 0x0, 0x0, 0x0,
    0x5f, 0x10, 0x0, 0x0, 0x0, 0x0, 0x0, 0x0,
    0x42, 0x95, 0x20, 0x0, 0x0, 0x0, 0x0, 0x0,
    0x0, 0x88, 0xa5, 0x20, 0x0, 0x0, 0x0, 0x0,
    0x0, 0x0, 0x91, 0x27, 0x0, 0x0, 0x0, 0x0,
    0x0, 0x0, 0x0, 0x17, 0x73, 0x0, 0x0, 0x0,
    0x0,

    /* U+2603 "☃" */
    0x0, 0x0, 0x3, 0x88, 0x60, 0x0, 0x0, 0x0,
    0x0, 0x7, 0xff, 0xf3, 0x0, 0x0, 0x3, 0x0,
    0x7, 0xff, 0xf1, 0x4, 0x30, 0x4, 0x0, 0x8c,
    0xff, 0xf7, 0x10, 0x4, 0x1, 0x40, 0xb6, 0x66,
    0x7f, 0x30, 0x1, 0x14, 0x5, 0x50, 0x0, 0x0,
    0xa0, 0x70, 0x1, 0x29, 0x7, 0x2, 0x70, 0xa0,
    0x11, 0x0, 0x28, 0x10, 0x3, 0x0, 0x90, 0x11,
    0x0, 0x13, 0x70, 0x57, 0x2, 0x80, 0x0, 0xa,
    0xb3, 0xc0, 0x0, 0x8, 0x85, 0xd2, 0x0, 0x9e,
    0x0, 0x0, 0x0, 0x6f, 0x10, 0x0, 0x82, 0x0,
    0x0, 0x0, 0xb, 0x0, 0x0, 0xa0, 0x0, 0x0,
    0x0, 0x8, 0x20, 0x0, 0x82, 0x0, 0x0, 0x0,
    0xb, 0x0, 0x0, 0x1a, 0x0, 0x0, 0x0, 0x58,
    0x0, 0x0, 0x3, 0x94, 0x0, 0x28, 0x80, 0x0,
    0x0, 0x0, 0x5, 0x99, 0x72, 0x0, 0x0,

    /* U+2614 "☔" */
    0x0, 0x3, 0x0, 0x0, 0x1, 0x0, 0x0, 0x12,
    0x0, 0x0, 0x4d, 0x0, 0x0, 0xa, 0x0, 0x0,
    0x8a, 0x0, 0x0, 0x15, 0x4, 0x99, 0xff, 0xb9,
    0x50, 0x34, 0x0, 0x0, 0x2, 0xa6, 0x5, 0x71,
    0xa0, 0x4a, 0x40, 0x0, 0x0, 0x3a, 0x10, 0x29,
    0x2, 0x37, 0x0, 0x86, 0x0, 0x1, 0xb0, 0x30,
    0x91, 0x3d, 0x9, 0x11, 0x18, 0x30, 0x8, 0x33,
    0xe1, 0x80, 0x27, 0x4, 0x69, 0x90, 0xa0, 0xa,
    0x1, 0x56, 0x41, 0x34, 0x20, 0x93, 0x30, 0x82,
    0xd, 0xa9, 0x9b, 0xa9, 0x6f, 0x8a, 0xd8, 0x9a,
    0xc4, 0x3, 0x0, 0x1c, 0x30, 0xa, 0x1, 0xd2,
    0x0, 0x12, 0x0, 0x0, 0x0, 0x0, 0xa, 0x0,
    0x0, 0x0, 0x0, 0x0, 0x0, 0x0, 0x0, 0xa,
    0x0, 0x0, 0x0, 0x0, 0x0, 0x0, 0x0, 0x0,
    0x3e, 0x10, 0x0, 0x0, 0x0, 0x0, 0x0, 0x0,
    0x42, 0x95, 0x20, 0x0, 0x0, 0x0, 0x0, 0x0,
    0x0, 0x88, 0xa5, 0x20, 0x0, 0x0, 0x0, 0x0,
    0x0, 0x0, 0x91, 0x27, 0x0, 0x0, 0x0, 0x0,
    0x0, 0x0, 0x0, 0x17, 0x73, 0x0, 0x0, 0x0,
    0x0,

    /* U+2615 "☕" */
    0x0, 0x0, 0x0, 0x0, 0x1, 0x60, 0x0, 0x0,
    0x0, 0x0, 0x0, 0x0, 0x5, 0xa9, 0x0, 0x0,
    0x0, 0x0, 0x0, 0x5, 0xb7, 0xa, 0x0, 0x0,
    0x0, 0x0, 0x0, 0x77, 0x5, 0xa3, 0x0, 0x0,
    0x0, 0x0, 0x0, 0xa2, 0x93, 0x0, 0x0, 0x0,
    0x0, 0x0, 0x59, 0xde, 0xea, 0x94, 0x0, 0x0,
    0x0, 0x9, 0x40, 0x0, 0x20, 0x5, 0x80, 0x0,
    0x0, 0xd, 0x59, 0xdf, 0xfd, 0x94, 0xfb, 0x70,
    0x0, 0xa, 0x7d, 0xff, 0xff, 0xc6, 0xa0, 0x5a,
    0x0, 0xa, 0x0, 0x0, 0x0, 0x0, 0xa0, 0x59,
    0x0, 0xa, 0x6, 0x0, 0x0, 0x1, 0xfc, 0x80,
    0x0, 0x1d, 0x47, 0x0, 0x0, 0x6, 0xc0, 0x0,
    0x6, 0x93, 0xa1, 0x0, 0x0, 0xb, 0x3a, 0x30,
    0xa, 0x0, 0x59, 0x10, 0x1, 0xa4, 0x70, 0xa0,
    0xa, 0x20, 0x3, 0x9a, 0xa9, 0x21, 0x26, 0x60,
    0x0, 0x8a, 0x62, 0x10, 0x1, 0x37, 0xa5, 0x0,
    0x0, 0x0, 0x47, 0x89, 0x98, 0x63, 0x0, 0x0,

    /* U+265F "♟" */
    0x0, 0x1, 0x78, 0x30, 0x0, 0x0, 0x0, 0xdf,
    0xff, 0x40, 0x0, 0x0, 0x5f, 0x5e, 0xfa, 0x0,
    0x0, 0x5, 0xfe, 0xff, 0xa0, 0x0, 0x0, 0x1f,
    0xff, 0xf6, 0x0, 0x0, 0x9, 0xac, 0xda, 0xd0,
    0x0, 0x0, 0x6d, 0xa9, 0xca, 0x0, 0x0, 0x0,
    0x8f, 0xfd, 0x0, 0x0, 0x0, 0xa, 0xff, 0xf0,
    0x0, 0x0, 0x1, 0xff, 0xff, 0x50, 0x0, 0x0,
    0xa9, 0xbb, 0xaa, 0x30, 0x0, 0x9f, 0xdb, 0xbc,
    0xfd, 0x10, 0x4b, 0xbf, 0xff, 0xfd, 0x98, 0x6,
    0xf9, 0x55, 0x55, 0x7e, 0xb0, 0xdd, 0xcf, 0xff,
    0xff, 0xff, 0x29, 0xf9, 0x56, 0xff, 0xff, 0xd0,
    0x4, 0x9c, 0xdd, 0xca, 0x60, 0x0,

    /* U+2665 "♥" */
    0x0, 0x6, 0x88, 0x40, 0x0, 0x2, 0x79, 0x72,
    0x0, 0x3, 0xef, 0xff, 0xfb, 0x0, 0x7f, 0xff,
    0xff, 0x60, 0xe, 0xff, 0xff, 0xff, 0xb6, 0xff,
    0xff, 0xff, 0xf3, 0x5f, 0xff, 0xff, 0xff, 0xff,
    0xff, 0xff, 0xff, 0xfa, 0x8f, 0xff, 0xff, 0xff,
    0xff, 0xff, 0xff, 0xff, 0xfd, 0x8f, 0xff, 0xff,
    0xff, 0xff, 0xff, 0xff, 0xff, 0xfd, 0x6f, 0xff,
    0xff, 0xff, 0xff, 0xff, 0xff, 0xff, 0xfb, 0x1f,
    0xff, 0xff, 0xff, 0xff, 0xff, 0xff, 0xff, 0xf5,
    0xa, 0xff, 0xff, 0xff, 0xff, 0xff, 0xff, 0xff,
    0xe0, 0x2, 0xff, 0xff, 0xff, 0xff, 0xff, 0xff,
    0xff, 0x60, 0x0, 0x6f, 0xff, 0xff, 0xff, 0xff,
    0xff, 0xfa, 0x0, 0x0, 0x9, 0xff, 0xff, 0xff,
    0xff, 0xff, 0xc0, 0x0, 0x0, 0x0, 0xaf, 0xff,
    0xff, 0xff, 0xfd, 0x10, 0x0, 0x0, 0x0, 0x9,
    0xff, 0xff, 0xff, 0xd1, 0x0, 0x0, 0x0, 0x0,
    0x0, 0x7f, 0xff, 0xfb, 0x0, 0x0, 0x0, 0x0,
    0x0, 0x0, 0x5, 0xff, 0x90, 0x0, 0x0, 0x0,
    0x0, 0x0, 0x0, 0x0, 0x25, 0x0, 0x0, 0x0,
    0x0,

    /* U+267B "♻" */
    0x0, 0x0, 0x1, 0x7b, 0x99, 0x98, 0x10, 0x0,
    0x0, 0x0, 0x0, 0x9, 0x23, 0xa0, 0x2, 0xa4,
    0xa0, 0x0, 0x0, 0x0, 0x36, 0x0, 0xe8, 0x0,
    0x4a, 0x70, 0x0, 0x0, 0x0, 0x90, 0x5, 0x67,
    0x40, 0x7, 0x30, 0x0, 0x0, 0x0, 0xb3, 0xb,
    0xc, 0x91, 0xa, 0x0, 0x0, 0x0, 0x0, 0x7,
    0xb7, 0x5, 0x78, 0xa8, 0x0, 0x0, 0x1, 0x47,
    0xa0, 0x0, 0x0, 0x0, 0x0, 0x4b, 0x60, 0x6f,
    0x62, 0x45, 0x0, 0x0, 0x0, 0x1a, 0x70, 0xa0,
    0x7, 0x60, 0x9, 0x0, 0x0, 0x0, 0xb, 0x0,
    0x38, 0xa, 0x0, 0x3c, 0x0, 0x0, 0x0, 0x5,
    0x50, 0xa, 0xa, 0x0, 0xaa, 0x30, 0x0, 0x2,
    0xe0, 0xb0, 0x9, 0x7, 0x35, 0x50, 0x0, 0x0,
    0x1b, 0xc8, 0xce, 0xf4, 0x1, 0xad, 0xaa, 0xad,
    0x0, 0xa1, 0x12, 0x23, 0x80, 0x0, 0x8c, 0x0,
    0xa, 0x6, 0x60, 0x0, 0xa, 0x0, 0x0, 0x1c,
    0x0, 0xa, 0x0, 0xa2, 0x57, 0xa3, 0x0, 0x0,
    0x3, 0xaa, 0xaa, 0x0, 0xa, 0xc1, 0x0, 0x0,
    0x0, 0x0, 0x0, 0x0, 0x0, 0x0, 0x90, 0x0,
    0x0,

    /* U+2699 "⚙" */
    0x0, 0x0, 0x0, 0x2a, 0xa7, 0x0, 0x0, 0x0,
    0x0, 0x0, 0x10, 0x5, 0x50, 0xa0, 0x0, 0x0,
    0x0, 0x0, 0x6b, 0x60, 0x63, 0xa, 0x2, 0xa9,
    0x0, 0x0, 0x58, 0x5, 0xb9, 0x10, 0x4a, 0xa0,
    0x48, 0x0, 0x0, 0xb1, 0x0, 0x27, 0x74, 0x0,
    0x9, 0x20, 0x0, 0x2, 0xa0, 0x58, 0x10, 0x49,
    0x5, 0x60, 0x0, 0x0, 0x37, 0x27, 0x7, 0x94,
    0x18, 0x27, 0x0, 0xc, 0x98, 0x18, 0x9, 0x20,
    0x73, 0x80, 0x79, 0xc1, 0xa0, 0x0, 0x80, 0x90,
    0x1, 0x86, 0x10, 0x8, 0x1c, 0x97, 0x18, 0x9,
    0x10, 0x74, 0x80, 0x68, 0xc1, 0x1, 0x47, 0x27,
    0x8, 0x94, 0x17, 0x28, 0x10, 0x0, 0x2, 0xa0,
    0x58, 0x10, 0x49, 0x5, 0x60, 0x0, 0x0, 0xb1,
    0x0, 0x27, 0x84, 0x0, 0x9, 0x20, 0x0, 0x58,
    0x5, 0xb9, 0x10, 0x4a, 0xa0, 0x48, 0x0, 0x0,
    0x6b, 0x60, 0x63, 0xa, 0x2, 0xa9, 0x0, 0x0,
    0x0, 0x10, 0x5, 0x50, 0xa0, 0x0, 0x0, 0x0,
    0x0, 0x0, 0x0, 0x2a, 0xa8, 0x0, 0x0, 0x0,
    0x0,

    /* U+26A0 "⚠" */
    0x0, 0x0, 0x0, 0x6, 0x70, 0x0, 0x0, 0x0,
    0x0, 0x0, 0x0, 0x56, 0x46, 0x0, 0x0, 0x0,
    0x0, 0x0, 0x0, 0xa0, 0xa, 0x0, 0x0, 0x0,
    0x0, 0x0, 0x4, 0x60, 0x4, 0x60, 0x0, 0x0,
    0x0, 0x0, 0xa, 0x0, 0x10, 0xa0, 0x0, 0x0,
    0x0, 0x0, 0x46, 0xa, 0xf0, 0x46, 0x0, 0x0,
    0x0, 0x0, 0xa0, 0xa, 0xf0, 0xa, 0x0, 0x0,
    0x0, 0x4, 0x60, 0x9, 0xe0, 0x5, 0x50, 0x0,
    0x0, 0xa, 0x0, 0x8, 0xd0, 0x0, 0xa0, 0x0,
    0x0, 0x37, 0x0, 0x6, 0xb0, 0x0, 0x55, 0x0,
    0x0, 0xa0, 0x0, 0x5, 0xa0, 0x0, 0xa, 0x0,
    0x3, 0x70, 0x0, 0x4, 0x90, 0x0, 0x5, 0x50,
    0xa, 0x10, 0x0, 0x0, 0x10, 0x0, 0x0, 0xa0,
    0x28, 0x0, 0x0, 0x5, 0xa0, 0x0, 0x0, 0x64,
    0x91, 0x0, 0x0, 0x1, 0x30, 0x0, 0x0, 0xa,
    0xa0, 0x0, 0x0, 0x0, 0x0, 0x0, 0x0, 0xa,
    0x49, 0xaa, 0xaa, 0xaa, 0xaa, 0xaa, 0xaa, 0xa5,

    /* U+26A1 "⚡" */
    0x0, 0x0, 0x0, 0x0, 0x0, 0x4, 0x10, 0x0,
    0x0, 0x0, 0x0, 0x0, 0x8d, 0x30, 0x0, 0x0,
    0x0, 0x0, 0x1a, 0x59, 0x0, 0x0, 0x0, 0x0,
    0x3, 0xa1, 0x91, 0x0, 0x0, 0x0, 0x0, 0x68,
    0x4, 0x60, 0x0, 0x0, 0x0, 0x9, 0x50, 0xa,
    0x0, 0x0, 0x0, 0x2, 0xa2, 0x0, 0x73, 0x0,
    0x0, 0x0, 0x49, 0x0, 0x0, 0x9a, 0xaa, 0xb7,
    0x7, 0x60, 0x0, 0x0, 0x0, 0x2, 0x91, 0x3d,
    0xaa, 0xaa, 0x80, 0x0, 0x49, 0x0, 0x0, 0x0,
    0x5, 0x50, 0x7, 0x70, 0x0, 0x0, 0x0, 0x9,
    0x0, 0x94, 0x0, 0x0, 0x0, 0x0, 0x82, 0x1a,
    0x20, 0x0, 0x0, 0x0, 0x3, 0x72, 0xa1, 0x0,
    0x0, 0x0, 0x0, 0xa, 0x59, 0x0, 0x0, 0x0,
    0x0, 0x0, 0x5c, 0x70, 0x0, 0x0, 0x0, 0x0,
    0x0, 0x33, 0x0, 0x0, 0x0, 0x0, 0x0,

    /* U+26BD "⚽" */
    0x0, 0x0, 0x2, 0x68, 0xa8, 0x30, 0x0, 0x0,
    0x0, 0x0, 0x2e, 0x83, 0x10, 0x9f, 0xf5, 0x0,
    0x0, 0x0, 0x6f, 0xb0, 0x0, 0x0, 0xc3, 0x88,
    0x0, 0x0, 0x4f, 0xfe, 0x20, 0x0, 0x6a, 0x0,
    0x57, 0x0, 0xf, 0xf9, 0x38, 0xbd, 0xff, 0xe1,
    0x0, 0x82, 0x5, 0xf9, 0x0, 0x4, 0xff, 0xff,
    0xb0, 0x1, 0xc0, 0xa9, 0x10, 0x0, 0x3f, 0xff,
    0xff, 0xfa, 0xaf, 0xa, 0x81, 0x0, 0x2, 0xff,
    0xff, 0xe1, 0x8, 0xf2, 0xa8, 0x10, 0x0, 0x89,
    0xdf, 0xf4, 0x0, 0x1f, 0x4a, 0xaa, 0x21, 0x81,
    0x0, 0x2c, 0x0, 0x0, 0xf2, 0xab, 0xff, 0xf0,
    0x0, 0x0, 0x72, 0x0, 0x3f, 0x5, 0xff, 0xfd,
    0x0, 0x0, 0x4, 0x50, 0x1b, 0xa0, 0xf, 0xff,
    0xf1, 0x0, 0x0, 0x9f, 0xce, 0x93, 0x0, 0x4f,
    0xfb, 0xb8, 0x30, 0x9f, 0xff, 0xb8, 0x0, 0x0,
    0x6a, 0x0, 0x16, 0xef, 0xff, 0xfb, 0x0, 0x0,
    0x0, 0x2a, 0x72, 0x0, 0xdf, 0xf6, 0x0, 0x0,
    0x0, 0x0, 0x2, 0x79, 0x98, 0x40, 0x0, 0x0,
    0x0,

    /* U+26BE "⚾" */
    0x0, 0x0, 0x2, 0x99, 0x97, 0x30, 0x0, 0x0,
    0x0, 0x0, 0x2a, 0x78, 0x90, 0x27, 0xa3, 0x0,
    0x0, 0x0, 0x59, 0x0, 0xb, 0xf2, 0x0, 0x86,
    0x0, 0x0, 0x39, 0x0, 0x0, 0x45, 0xb8, 0x0,
    0x84, 0x0, 0xa, 0x0, 0x0, 0x0, 0xe, 0xb0,
    0x0, 0xa0, 0x5, 0x45, 0x20, 0x0, 0x0, 0x22,
    0xec, 0x3, 0x70, 0xb9, 0xfe, 0x89, 0x0, 0x0,
    0xa, 0xa6, 0x4a, 0xf, 0x14, 0x9, 0xf2, 0x30,
    0x0, 0x10, 0xfc, 0xa0, 0xa0, 0x0, 0x12, 0xf8,
    0x0, 0x0, 0x3, 0x2f, 0xa, 0x0, 0x0, 0x25,
    0xa0, 0x0, 0x0, 0x0, 0xa0, 0xa0, 0x0, 0x0,
    0x1d, 0xf3, 0x0, 0x0, 0xa, 0x6, 0x40, 0x0,
    0x0, 0x4b, 0x0, 0x0, 0x3, 0x70, 0xa, 0x0,
    0x0, 0x2, 0xe5, 0x0, 0x0, 0xa0, 0x0, 0x39,
    0x0, 0x0, 0x1f, 0x0, 0x0, 0x75, 0x0, 0x0,
    0x59, 0x0, 0x2, 0xf6, 0x0, 0x86, 0x0, 0x0,
    0x0, 0x3a, 0x72, 0xc, 0x26, 0xa3, 0x0, 0x0,
    0x0, 0x0, 0x3, 0x79, 0xb7, 0x30, 0x0, 0x0,
    0x0,

    /* U+26C4 "⛄" */
    0x0, 0x0, 0x3, 0x88, 0x61, 0x0, 0x0, 0x0,
    0x0, 0x7, 0xff, 0xf5, 0x0, 0x0, 0x0, 0x0,
    0x7, 0xff, 0xf3, 0x0, 0x0, 0x0, 0x0, 0x8c,
    0xff, 0xf8, 0x20, 0x0, 0x0, 0x0, 0xc6, 0x66,
    0x6f, 0x30, 0x0, 0x0, 0x6, 0x40, 0x0, 0x0,
    0x90, 0x0, 0x0, 0xa, 0x7, 0x2, 0x60, 0x90,
    0x0, 0x0, 0x9, 0x0, 0x3, 0x0, 0x90, 0x0,
    0x1, 0x34, 0x60, 0x57, 0x1, 0x82, 0x11, 0xa,
    0xa3, 0xb0, 0x0, 0x7, 0x87, 0xc2, 0x0, 0xac,
    0x0, 0x0, 0x0, 0x7f, 0x10, 0x0, 0x91, 0x0,
    0x0, 0x0, 0xa, 0x0, 0x0, 0xa0, 0x0, 0x0,
    0x0, 0xa, 0x0, 0x0, 0x91, 0x0, 0x0, 0x0,
    0xa, 0x0, 0x0, 0x29, 0x0, 0x0, 0x0, 0x65,
    0x0, 0x0, 0x4, 0x93, 0x0, 0x28, 0x60, 0x0,
    0x0, 0x0, 0x6, 0x99, 0x71, 0x0, 0x0,

    /* U+26C5 "⛅" */
    0x0, 0x0, 0x0, 0x0, 0x56, 0x0, 0x0, 0x0,
    0x0, 0x0, 0x0, 0x2, 0xa1, 0x1, 0x99, 0x0,
    0x0, 0x0, 0x0, 0x0, 0x0, 0x2, 0x9a, 0x48,
    0x29, 0x0, 0x0, 0x0, 0x0, 0x0, 0x0, 0x0,
    0xa0, 0xde, 0x9c, 0x69, 0xac, 0x0, 0x0, 0x0,
    0x0, 0x0, 0xaa, 0x40, 0x5, 0xc1, 0xba, 0x20,
    0x0, 0x0, 0x8, 0x99, 0xd2, 0x0, 0x0, 0xb9,
    0x55, 0x99, 0x0, 0x0, 0x7, 0x81, 0xa0, 0x0,
    0x7, 0x30, 0x0, 0x2, 0xb0, 0x0, 0x0, 0x19,
    0xc0, 0x5, 0x88, 0x0, 0x0, 0x0, 0x65, 0x0,
    0x0, 0x7, 0xd1, 0x94, 0x19, 0x50, 0x0, 0x0,
    0x19, 0x0, 0x0, 0x39, 0x2e, 0x60, 0x0, 0xa0,
    0x0, 0x0, 0x9, 0x0, 0x0, 0xb7, 0xff, 0x20,
    0x0, 0x30, 0x0, 0x0, 0x29, 0x90, 0x0, 0x4c,
    0x60, 0x0, 0x0, 0x0, 0x0, 0x0, 0x0, 0x56,
    0x0, 0xa, 0x0, 0x0, 0x0, 0x0, 0x0, 0x0,
    0x0, 0x9, 0x0, 0xa, 0x0, 0x0, 0x0, 0x0,
    0x0, 0x0, 0x0, 0x65, 0x0, 0x2, 0x99, 0xaa,
    0xaa, 0xaa, 0xaa, 0xaa, 0xaa, 0x70,

    /* U+26D4 "⛔" */
    0x0, 0x0, 0x3, 0x8a, 0xb9, 0x50, 0x0, 0x0,
    0x0, 0x0, 0x3c, 0xff, 0xff, 0xff, 0xe7, 0x0,
    0x0, 0x0, 0x6f, 0xff, 0xff, 0xff, 0xff, 0xfa,
    0x0, 0x0, 0x4f, 0xff, 0xff, 0xff, 0xff, 0xff,
    0xfa, 0x0, 0xe, 0xff, 0xff, 0xff, 0xff, 0xff,
    0xff, 0xf4, 0x7, 0xff, 0xff, 0xff, 0xff, 0xff,
    0xff, 0xff, 0xc0, 0xcf, 0xff, 0xff, 0xff, 0xff,
    0xff, 0xff, 0xff, 0x1e, 0xf9, 0x33, 0x33, 0x33,
    0x33, 0x33, 0x5f, 0xf3, 0xef, 0x70, 0x0, 0x0,
    0x0, 0x0, 0x2, 0xff, 0x3d, 0xfc, 0x99, 0x99,
    0x99, 0x99, 0x99, 0xaf, 0xf2, 0x8f, 0xff, 0xff,
    0xff, 0xff, 0xff, 0xff, 0xfd, 0x2, 0xff, 0xff,
    0xff, 0xff, 0xff, 0xff, 0xff, 0x70, 0x8, 0xff,
    0xff, 0xff, 0xff, 0xff, 0xff, 0xd0, 0x0, 0xb,
    0xff, 0xff, 0xff, 0xff, 0xff, 0xe2, 0x0, 0x0,
    0x8, 0xff, 0xff, 0xff, 0xff, 0xc1, 0x0, 0x0,
    0x0, 0x2, 0x9d, 0xff, 0xea, 0x40, 0x0, 0x0,
    0x0, 0x0, 0x0, 0x0, 0x0, 0x0, 0x0, 0x0,
    0x0,

    /* U+26F0 "⛰" */
    0x0, 0x0, 0x0, 0x0, 0x0, 0x10, 0x0, 0x0,
    0x0, 0x0, 0x0, 0x0, 0x0, 0x0, 0x7, 0xf3,
    0x0, 0x0, 0x0, 0x0, 0x0, 0x0, 0x0, 0x0,
    0x29, 0xdf, 0x0, 0x0, 0x0, 0x0, 0x0, 0x0,
    0x0, 0x2, 0xf1, 0xff, 0x60, 0x0, 0x0, 0x0,
    0x0, 0x0, 0x0, 0xf, 0xd0, 0xae, 0xa1, 0x0,
    0x0, 0x0, 0x0, 0x0, 0x0, 0x5b, 0xe0, 0xd,
    0x28, 0x0, 0x0, 0x0, 0x0, 0x0, 0x0, 0xa2,
    0xf1, 0x2d, 0xc, 0x80, 0x0, 0x0, 0x0, 0x0,
    0x2, 0x82, 0xe0, 0x3e, 0x3b, 0xa5, 0x0, 0x0,
    0x0, 0x0, 0xa, 0x19, 0x80, 0xcf, 0xf8, 0x6e,
    0x0, 0x0, 0x0, 0x0, 0x37, 0xe, 0x57, 0xff,
    0x70, 0x2f, 0x90, 0x0, 0x0, 0x7, 0xf5, 0xa,
    0xff, 0xf2, 0x2, 0x6f, 0xf5, 0x20, 0x0, 0x66,
    0x7f, 0x89, 0xff, 0x2, 0x9f, 0xff, 0xfe, 0xd0,
    0x3, 0x80, 0x5f, 0xff, 0xc0, 0x2e, 0xdf, 0xfd,
    0xbf, 0xf2, 0xa, 0x1, 0x8e, 0x51, 0x48, 0xdc,
    0x4f, 0xfa, 0x6f, 0xf8, 0x1d, 0xff, 0xfd, 0xef,
    0xff, 0xf9, 0xf, 0xfb, 0x8f, 0xf6, 0x0, 0x48,
    0xce, 0xff, 0xff, 0xff, 0xef, 0xfd, 0xa6, 0x10,
    0x0, 0x0, 0x0, 0x2, 0x33, 0x43, 0x21, 0x0,
    0x0, 0x0,

    /* U+26F1 "⛱" */
    0x0, 0x0, 0x0, 0x0, 0x0, 0x50, 0x0, 0x0,
    0x0, 0x0, 0x0, 0x0, 0x59, 0xaa, 0x9f, 0x0,
    0x0, 0x0, 0x0, 0x0, 0x6, 0xa5, 0x10, 0x5f,
    0xfc, 0x70, 0x0, 0x0, 0x0, 0x8, 0x60, 0x0,
    0x8f, 0xff, 0x74, 0xb1, 0x0, 0x0, 0x6, 0x50,
    0x0, 0x6f, 0xff, 0xfd, 0x1, 0xb1, 0x0, 0x0,
    0xa0, 0x0, 0x2f, 0xff, 0xff, 0xf1, 0x2, 0x90,
    0x0, 0x2a, 0xaa, 0x2b, 0xff, 0xff, 0xff, 0x40,
    0x8, 0x20, 0x0, 0x0, 0xa, 0xfc, 0xaf, 0xff,
    0xf5, 0x0, 0x37, 0x0, 0x0, 0x0, 0x13, 0x0,
    0xb2, 0xbf, 0x30, 0x0, 0x90, 0x0, 0x0, 0x0,
    0x0, 0x29, 0x0, 0xdb, 0x9a, 0x69, 0x0, 0x0,
    0x0, 0x0, 0x6, 0x50, 0x1, 0x0, 0x6, 0x50,
    0x0, 0x2, 0x56, 0x88, 0xf7, 0x31, 0x0, 0x0,
    0x0, 0x0, 0x89, 0x74, 0x21, 0x1e, 0x46, 0x9a,
    0xaa, 0x99, 0xab, 0x1a, 0x0, 0x8, 0x73, 0x80,
    0x0, 0x0, 0x0, 0x0, 0x81, 0xa0, 0x0, 0x69,
    0xeb, 0x75, 0x0, 0x0, 0x0, 0x8, 0x1a, 0x0,
    0x0, 0x1, 0x12, 0x20, 0x0, 0x0, 0x0, 0x81,
    0x7a, 0xaa, 0xaa, 0xaa, 0xaa, 0xaa, 0xaa, 0xaa,
    0xaa, 0x0,

    /* U+26F3 "⛳" */
    0x0, 0x0, 0x0, 0x0, 0x70, 0x0, 0x0, 0x0,
    0x0, 0x0, 0x0, 0x0, 0xd8, 0x83, 0x0, 0x0,
    0x0, 0x0, 0x0, 0x0, 0xa0, 0x5, 0x89, 0xb0,
    0x0, 0x0, 0x0, 0x0, 0xa0, 0x0, 0x39, 0x20,
    0x0, 0x0, 0x0, 0x0, 0xa0, 0x58, 0x50, 0x0,
    0x0, 0x0, 0x0, 0x0, 0xc9, 0x30, 0x0, 0x0,
    0x0, 0x0, 0x0, 0x0, 0xf0, 0x0, 0x0, 0x0,
    0x0, 0x0, 0x0, 0x0, 0xa0, 0x0, 0x0, 0x0,
    0x2, 0x79, 0xa9, 0x99, 0xf6, 0x30, 0x0, 0x0,
    0x68, 0x20, 0x0, 0x0, 0xb3, 0x6a, 0x82, 0x0,
    0xa0, 0x0, 0x0, 0x3, 0xf2, 0x0, 0x19, 0x60,
    0x2a, 0x50, 0x0, 0x4, 0xa3, 0x0, 0x0, 0x66,
    0x0, 0x5a, 0x0, 0x0, 0x0, 0x0, 0x0, 0xa,
    0x0, 0x2, 0x90, 0x0, 0x0, 0x0, 0x0, 0xa,
    0x0, 0x0, 0x57, 0x0, 0x0, 0x0, 0x0, 0x58,
    0x0, 0x0, 0x6, 0x93, 0x0, 0x1, 0x5a, 0x70,
    0x0, 0x0, 0x0, 0x16, 0x9a, 0x97, 0x50, 0x0,

    /* U+26F5 "⛵" */
    0x0, 0x0, 0x0, 0x0, 0xa0, 0x0, 0x0, 0x0,
    0x0, 0x0, 0x0, 0x7f, 0x30, 0x0, 0x0, 0x0,
    0x0, 0x0, 0x6d, 0xd9, 0x0, 0x0, 0x0, 0x0,
    0x0, 0x57, 0xaa, 0xa0, 0x0, 0x0, 0x0, 0x0,
    0x48, 0xa, 0xa4, 0x60, 0x0, 0x0, 0x0, 0x1a,
    0x0, 0xaa, 0xa, 0x0, 0x0, 0x0, 0x9, 0x10,
    0xa, 0x90, 0x73, 0x0, 0x0, 0x5, 0x60, 0x0,
    0xa8, 0x1, 0x90, 0x0, 0x0, 0xb0, 0x0, 0x1b,
    0x70, 0xa, 0x0, 0x0, 0x46, 0x0, 0x0, 0xc6,
    0x0, 0x46, 0x0, 0x9, 0x10, 0x0, 0xe, 0x50,
    0x0, 0xa0, 0x0, 0xa3, 0x79, 0xaa, 0xfd, 0x99,
    0x9d, 0x20, 0x1a, 0x52, 0x0, 0x6, 0x40, 0x0,
    0x0, 0x5, 0x43, 0x4f, 0xfb, 0xb7, 0x64, 0x0,
    0x0, 0xb7, 0x8c, 0xff, 0xff, 0xff, 0xf6, 0x53,
    0x15, 0x60, 0x0, 0x0, 0x0, 0x12, 0x45, 0xa5,
    0x6, 0x9a, 0xaa, 0xaa, 0xaa, 0xaa, 0xa8, 0x0,

    /* U+2705 "✅" */
    0x16, 0x66, 0x66, 0x66, 0x66, 0x66, 0x66, 0x63,
    0xd, 0xff, 0xff, 0xff, 0xff, 0xff, 0xff, 0xff,
    0xf2, 0xff, 0xff, 0xff, 0xff, 0xff, 0xff, 0xff,
    0xff, 0x4f, 0xff, 0xff, 0xff, 0xff, 0xff, 0xd1,
    0x4f, 0xf4, 0xff, 0xff, 0xff, 0xff, 0xff, 0xe2,
    0x4, 0xff, 0x4f, 0xff, 0xff, 0xff, 0xff, 0xf4,
    0x1, 0xef, 0xf4, 0xff, 0xe9, 0xef, 0xff, 0xf6,
    0x0, 0xcf, 0xff, 0x4f, 0xf7, 0x6, 0xff, 0xf9,
    0x0, 0x9f, 0xff, 0xf4, 0xff, 0xa0, 0xf, 0xfc,
    0x0, 0x7f, 0xff, 0xff, 0x4f, 0xff, 0x0, 0xae,
    0x10, 0x4f, 0xff, 0xff, 0xf4, 0xff, 0xf6, 0x4,
    0x30, 0x2f, 0xff, 0xff, 0xff, 0x4f, 0xff, 0xb0,
    0x0, 0x1d, 0xff, 0xff, 0xff, 0xf4, 0xff, 0xff,
    0x10, 0xb, 0xff, 0xff, 0xff, 0xff, 0x4f, 0xff,
    0xf8, 0x9, 0xff, 0xff, 0xff, 0xff, 0xf4, 0xff,
    0xff, 0xff, 0xff, 0xff, 0xff, 0xff, 0xff, 0x4d,
    0xff, 0xff, 0xff, 0xff, 0xff, 0xff, 0xff, 0xf2,
    0x26, 0x66, 0x66, 0x66, 0x66, 0x66, 0x66, 0x64,
    0x0,

    /* U+2708 "✈" */
    0x0, 0x0, 0x0, 0x0, 0x0, 0x0, 0x1, 0x77,
    0x1, 0xba, 0x72, 0x0, 0x9, 0x90, 0xc, 0xf6,
    0x74, 0x69, 0x12, 0x7a, 0x98, 0xfa, 0x1a, 0x40,
    0x5b, 0x20, 0x2e, 0x81, 0x1, 0x5e, 0xcc, 0x20,
    0x2, 0xf0, 0x0, 0x12, 0xe7, 0x0, 0x1b, 0x10,
    0x0, 0xb2, 0x0, 0x0, 0x2, 0x3f, 0x2a, 0x10,
    0x4, 0xa4, 0x0, 0x0, 0x0, 0x0, 0x3f, 0x20,
    0x4, 0xc8, 0x30, 0x0, 0x0, 0x0, 0x8, 0x40,
    0x3, 0x8a, 0xef, 0x90, 0x0, 0x0, 0x4, 0x70,
    0x3, 0xb5, 0xf, 0xd1, 0x0, 0x0, 0x1, 0xa0,
    0x1, 0xee, 0x10, 0x91, 0x0, 0x9f, 0xb8, 0xd1,
    0x3, 0xa2, 0x8b, 0x5, 0x50, 0x2, 0xbf, 0xf7,
    0x7, 0x90, 0x0, 0x64, 0x9, 0x0, 0x0, 0x7f,
    0x2f, 0x70, 0x0, 0x6, 0xa0, 0xa0, 0x0, 0xa,
    0x8f, 0xf5, 0x0, 0x0, 0x6, 0x56, 0x40, 0x0,
    0xb5, 0x6f, 0x80, 0x0, 0x0, 0x6b, 0x19, 0x0,
    0x0, 0x0, 0xdc, 0x0, 0x0, 0x0, 0x4b, 0x60,
    0x0, 0x0, 0x3, 0x30, 0x0, 0x0, 0x0, 0x30,
    0x0,

    /* U+270A "✊" */
    0x0, 0x0, 0x1, 0x0, 0x78, 0x10, 0x20, 0x0,
    0x0, 0x0, 0x79, 0xaa, 0x41, 0xaa, 0x7a, 0x30,
    0x8, 0xa8, 0x90, 0xb, 0x0, 0x82, 0x0, 0xa0,
    0x83, 0x4, 0x80, 0xa, 0x0, 0x81, 0x0, 0xa0,
    0xa0, 0x0, 0x90, 0xa, 0x0, 0x81, 0x0, 0xa0,
    0x90, 0x0, 0xa0, 0x4c, 0x79, 0xb8, 0x20, 0xf0,
    0x90, 0x0, 0xc5, 0x72, 0x10, 0x0, 0x6a, 0xd2,
    0xb8, 0x5, 0xae, 0x10, 0x0, 0x0, 0x1, 0x36,
    0x77, 0x96, 0x1, 0xa9, 0x89, 0x60, 0x0, 0x19,
    0x63, 0x0, 0x0, 0x1, 0x10, 0x49, 0x0, 0x9,
    0x45, 0x0, 0x0, 0x0, 0x0, 0x7, 0x30, 0x27,
    0x9, 0x0, 0x0, 0x0, 0x0, 0x0, 0x0, 0x72,
    0x9, 0x20, 0x0, 0x0, 0x0, 0x0, 0x0, 0xa0,
    0x1, 0xa0, 0x0, 0x0, 0x0, 0x0, 0x9, 0x20,
    0x0, 0x3a, 0x10, 0x0, 0x0, 0x0, 0x94, 0x0,
    0x0, 0x2, 0xa7, 0x20, 0x2, 0x7a, 0x30, 0x0,
    0x0, 0x0, 0x2, 0x79, 0x97, 0x30, 0x0, 0x0,

    /* U+270B "✋" */
    0x0, 0x0, 0x4, 0x92, 0x0, 0x0, 0x0, 0x0,
    0x0, 0x1b, 0x1a, 0x0, 0x0, 0x0, 0x0, 0xa,
    0x9a, 0xd, 0x97, 0x0, 0x0, 0x5, 0x8a, 0xa,
    0xa, 0xa, 0x0, 0x0, 0x19, 0x2a, 0xa, 0xa,
    0xa, 0x0, 0x0, 0x27, 0xa, 0xa, 0xa, 0xa,
    0x0, 0x0, 0x18, 0xa, 0xa, 0xa, 0xa, 0x0,
    0x0, 0x18, 0xa, 0xa, 0xa, 0xa, 0x2a, 0xa5,
    0x9, 0x1, 0x1, 0x1, 0xb, 0xa0, 0x29, 0x9,
    0x0, 0x0, 0x0, 0x6c, 0x11, 0xa0, 0xa, 0x0,
    0x0, 0xa, 0x40, 0xa, 0x10, 0xa, 0x0, 0x0,
    0x55, 0x0, 0x27, 0x0, 0xa, 0x0, 0x0, 0xa0,
    0x0, 0x91, 0x0, 0xa, 0x0, 0x0, 0x10, 0x1,
    0x90, 0x0, 0x8, 0x20, 0x0, 0x0, 0x9, 0x20,
    0x0, 0x1, 0xb4, 0x0, 0x3, 0xa4, 0x0, 0x0,
    0x0, 0x5, 0x99, 0x96, 0x10, 0x0, 0x0,

    /* U+270C "✌" */
    0x0, 0x0, 0x15, 0x10, 0x0, 0x0, 0x0, 0x0,
    0xb4, 0xa0, 0x9, 0xa5, 0x0, 0x0, 0x90, 0x81,
    0x27, 0xa, 0x0, 0x0, 0xa0, 0x44, 0x63, 0xa,
    0x0, 0x0, 0x90, 0x18, 0x90, 0x9, 0x0, 0x0,
    0x63, 0x9, 0xa0, 0x27, 0x0, 0x1, 0xcc, 0x49,
    0x90, 0x45, 0x9, 0x9d, 0x40, 0x93, 0x30, 0x73,
    0x18, 0x6, 0x50, 0x90, 0x0, 0x90, 0x18, 0x4,
    0x99, 0xd9, 0x9a, 0xf0, 0xf, 0x5a, 0xf0, 0x0,
    0x0, 0x48, 0xa, 0x31, 0x4a, 0x98, 0x30, 0xa,
    0x9, 0x0, 0x0, 0x5, 0xf4, 0x9, 0x5, 0x40,
    0x0, 0x9, 0x0, 0x9, 0x0, 0xa0, 0x0, 0x1,
    0x0, 0x93, 0x0, 0x3b, 0x40, 0x0, 0x4a, 0x50,
    0x0, 0x0, 0x59, 0x99, 0x50, 0x0,

    /* U+270D "✍" */
    0x0, 0x0, 0x0, 0x0, 0x13, 0x0, 0x0, 0x0,
    0x0, 0x0, 0x0, 0x0, 0x9f, 0x40, 0x0, 0x0,
    0x0, 0x0, 0x0, 0x3, 0xfd, 0x0, 0x0, 0x0,
    0x0, 0x0, 0x0, 0xd, 0xf4, 0x0, 0x0, 0x0,
    0x0, 0x0, 0x0, 0x7f, 0xa0, 0x0, 0x0, 0x0,
    0x0, 0x0, 0x6, 0xff, 0x10, 0x0, 0x0, 0x0,
    0x0, 0x28, 0xaf, 0xfa, 0xa4, 0x0, 0x0, 0x0,
    0x4, 0x91, 0x4f, 0xc0, 0x6, 0xa4, 0x0, 0x0,
    0xa, 0x0, 0xef, 0x30, 0x0, 0x6, 0xa4, 0x0,
    0xa, 0x8, 0xff, 0xaa, 0xa0, 0x0, 0x6, 0x95,
    0x27, 0x2f, 0xe3, 0x0, 0x0, 0x0, 0x0, 0xa,
    0x54, 0xec, 0x10, 0x0, 0x0, 0x0, 0x0, 0xa,
    0x3f, 0xf2, 0x1b, 0xaa, 0x40, 0x0, 0x0, 0x9,
    0x1e, 0xff, 0xa5, 0xf4, 0xf6, 0x0, 0x0, 0x9,
    0x6f, 0x71, 0x9a, 0x66, 0x24, 0x99, 0x99, 0x92,
    0xa7, 0x0, 0x0, 0x0, 0x0, 0x0, 0x0, 0x0,
    0x20, 0x0, 0x0, 0x0, 0x0, 0x0, 0x0, 0x0,

    /* U+270F "✏" */
    0x0, 0x4, 0x83, 0x0, 0x0, 0x0, 0x0, 0x0,
    0x0, 0x0, 0x87, 0xb9, 0x61, 0x0, 0x0, 0x0,
    0x0, 0x0, 0x9, 0x49, 0x30, 0xbc, 0x10, 0x0,
    0x0, 0x0, 0x0, 0x2a, 0xa3, 0x2, 0x91, 0xb0,
    0x0, 0x0, 0x0, 0x0, 0x1d, 0x10, 0x2a, 0x0,
    0xc7, 0x0, 0x0, 0x0, 0x0, 0x3, 0xa7, 0x90,
    0x8, 0x66, 0x70, 0x0, 0x0, 0x0, 0x0, 0x97,
    0x0, 0x86, 0xa3, 0x67, 0x0, 0x0, 0x0, 0x0,
    0x9, 0x7a, 0xb3, 0xa, 0x36, 0x70, 0x0, 0x0,
    0x0, 0x0, 0x5a, 0x1a, 0x30, 0xa3, 0x67, 0x0,
    0x0, 0x0, 0x0, 0x3, 0xa0, 0xa2, 0xa, 0x36,
    0x70, 0x0, 0x0, 0x0, 0x0, 0x3a, 0xa, 0x20,
    0xa3, 0x76, 0x0, 0x0, 0x0, 0x0, 0x3, 0xa0,
    0xa2, 0xa, 0x9f, 0x0, 0x0, 0x0, 0x0, 0x0,
    0x39, 0xa, 0x23, 0x65, 0x50, 0x0, 0x0, 0x0,
    0x0, 0x3, 0x91, 0xd9, 0x0, 0xa0, 0x0, 0x0,
    0x0, 0x0, 0x0, 0x3f, 0x90, 0x0, 0xc1, 0x0,
    0x0, 0x0, 0x0, 0x0, 0x0, 0x59, 0xaa, 0xf7,
    0x0, 0x0, 0x0, 0x0, 0x0, 0x0, 0x0, 0x5,
    0x92,

    /* U+2714 "✔" */
    0x0, 0x0, 0x0, 0x0, 0x0, 0x0, 0x0, 0x38,
    0x30, 0x0, 0x0, 0x0, 0x0, 0x0, 0x0, 0x3,
    0xff, 0xf2, 0x0, 0x0, 0x0, 0x0, 0x0, 0x0,
    0x1e, 0xff, 0xf4, 0x0, 0x0, 0x0, 0x0, 0x0,
    0x0, 0xcf, 0xff, 0xc0, 0x0, 0x0, 0x0, 0x0,
    0x0, 0x9, 0xff, 0xfe, 0x10, 0x1, 0x75, 0x0,
    0x0, 0x0, 0x6f, 0xff, 0xf3, 0x0, 0xc, 0xff,
    0x50, 0x0, 0x4, 0xff, 0xff, 0x60, 0x0, 0xf,
    0xff, 0xb0, 0x0, 0x2e, 0xff, 0xf9, 0x0, 0x0,
    0xb, 0xff, 0xf1, 0x0, 0xdf, 0xff, 0xc0, 0x0,
    0x0, 0x6, 0xff, 0xf6, 0xa, 0xff, 0xfe, 0x10,
    0x0, 0x0, 0x1, 0xff, 0xfb, 0x7f, 0xff, 0xf3,
    0x0, 0x0, 0x0, 0x0, 0xbf, 0xff, 0xff, 0xff,
    0x50, 0x0, 0x0, 0x0, 0x0, 0x6f, 0xff, 0xff,
    0xf8, 0x0, 0x0, 0x0, 0x0, 0x0, 0x1f, 0xff,
    0xff, 0xb0, 0x0, 0x0, 0x0, 0x0, 0x0, 0xb,
    0xff, 0xfd, 0x0, 0x0, 0x0, 0x0, 0x0, 0x0,
    0x6, 0xff, 0xf2, 0x0, 0x0, 0x0, 0x0, 0x0,
    0x0, 0x0, 0x69, 0x20, 0x0, 0x0, 0x0, 0x0,
    0x0,

    /* U+2716 "✖" */
    0x0, 0x0, 0x0, 0x0, 0x0, 0x0, 0x0, 0x0,
    0x0, 0x4c, 0x10, 0x0, 0x0, 0x0, 0x89, 0x0,
    0x4, 0xff, 0xd1, 0x0, 0x0, 0x8, 0xff, 0x90,
    0x2f, 0xff, 0xfd, 0x10, 0x0, 0x8f, 0xff, 0xf7,
    0x8, 0xff, 0xff, 0xc1, 0x8, 0xff, 0xff, 0xc0,
    0x0, 0x8f, 0xff, 0xfc, 0x8f, 0xff, 0xfc, 0x0,
    0x0, 0x8, 0xff, 0xff, 0xff, 0xff, 0xc1, 0x0,
    0x0, 0x0, 0x8f, 0xff, 0xff, 0xfd, 0x10, 0x0,
    0x0, 0x0, 0xc, 0xff, 0xff, 0xf2, 0x0, 0x0,
    0x0, 0x0, 0x8f, 0xff, 0xff, 0xfc, 0x0, 0x0,
    0x0, 0x8, 0xff, 0xff, 0xff, 0xff, 0xc0, 0x0,
    0x0, 0x7f, 0xff, 0xfd, 0x9f, 0xff, 0xfc, 0x0,
    0x7, 0xff, 0xff, 0xd1, 0x9, 0xff, 0xff, 0xb0,
    0x2f, 0xff, 0xfd, 0x10, 0x0, 0x9f, 0xff, 0xf7,
    0x5, 0xff, 0xd1, 0x0, 0x0, 0x9, 0xff, 0xa0,
    0x0, 0x5d, 0x10, 0x0, 0x0, 0x0, 0xaa, 0x0,
    0x0, 0x0, 0x0, 0x0, 0x0, 0x0, 0x0, 0x0,

    /* U+2728 "✨" */
    0x0, 0x0, 0x4, 0x0, 0x0, 0x0, 0x22, 0x0,
    0x0, 0x0, 0x0, 0x0, 0xd, 0x30, 0x0, 0x0,
    0x88, 0x0, 0x0, 0x0, 0x0, 0x0, 0x38, 0x80,
    0x0, 0x0, 0x9a, 0x0, 0x0, 0x0, 0x0, 0x18,
    0x80, 0x69, 0x40, 0x0, 0xaa, 0x0, 0x0, 0x0,
    0x0, 0x17, 0x90, 0x78, 0x30, 0x0, 0x99, 0x0,
    0x0, 0x0, 0x0, 0x0, 0x29, 0x70, 0x0, 0x4,
    0x66, 0x40, 0x0, 0x0, 0x0, 0x0, 0xd, 0x20,
    0x0, 0xb, 0x0, 0xb0, 0x0, 0x0, 0x0, 0x0,
    0x3, 0x0, 0x15, 0xb3, 0x0, 0x3b, 0x51, 0x0,
    0x0, 0x0, 0x90, 0x6d, 0xa4, 0x0, 0x0, 0x0,
    0x4a, 0xd6, 0x0, 0x3, 0xe0, 0x15, 0x8a, 0x60,
    0x0, 0x6, 0xa8, 0x51, 0x0, 0x7, 0x84, 0x0,
    0x0, 0x59, 0x0, 0x95, 0x0, 0x0, 0x0, 0x4a,
    0xb, 0x20, 0x0, 0x7, 0x33, 0x70, 0x0, 0x0,
    0x1e, 0x90, 0x1, 0xbc, 0x0, 0x1, 0x88, 0x10,
    0x0, 0x0, 0x2, 0x77, 0xa, 0x61, 0x0, 0x0,
    0xaa, 0x0, 0x0, 0x0, 0x0, 0x8, 0x65, 0x0,
    0x0, 0x0, 0xaa, 0x0, 0x0, 0x0, 0x0, 0x4,
    0xd1, 0x0, 0x0, 0x0, 0x99, 0x0, 0x0, 0x0,
    0x0, 0x1, 0xc0, 0x0, 0x0, 0x0, 0x66, 0x0,
    0x0, 0x0,

    /* U+2744 "❄" */
    0x0, 0x0, 0x0, 0x2, 0x50, 0x0, 0x0, 0x0,
    0x0, 0x0, 0x0, 0x1a, 0x74, 0x0, 0x0, 0x0,
    0x0, 0x0, 0x6, 0xab, 0x6b, 0xa0, 0x0, 0x0,
    0x0, 0xb, 0x63, 0x80, 0x4, 0x73, 0xb3, 0x0,
    0xa, 0xb9, 0x90, 0x3a, 0x58, 0x9, 0x4d, 0xa4,
    0xa, 0x31, 0x85, 0xa, 0x63, 0x2b, 0x3, 0x83,
    0x9, 0x81, 0x26, 0xab, 0x6b, 0x91, 0x24, 0xd0,
    0xa, 0x99, 0x97, 0x11, 0x11, 0x4a, 0x8a, 0xb1,
    0x0, 0x0, 0x7, 0x76, 0xc2, 0xc0, 0x0, 0x0,
    0x9, 0xa9, 0x97, 0x1, 0x11, 0x4a, 0x8a, 0xb1,
    0x9, 0x82, 0x26, 0xab, 0x6b, 0x81, 0x34, 0xc0,
    0xa, 0x31, 0x85, 0xa, 0x63, 0x2b, 0x3, 0x83,
    0xb, 0xa9, 0x90, 0x2b, 0x67, 0x9, 0x4c, 0x94,
    0x0, 0xc, 0x82, 0x91, 0x6, 0x74, 0xc4, 0x0,
    0x0, 0x0, 0x6, 0x99, 0x5a, 0xa0, 0x0, 0x0,
    0x0, 0x0, 0x1, 0x4a, 0x66, 0x30, 0x0, 0x0,
    0x0, 0x0, 0x0, 0x3, 0x70, 0x0, 0x0, 0x0,

    /* U+274C "❌" */
    0x2, 0x0, 0x0, 0x0, 0x0, 0x0, 0x0, 0x20,
    0x6, 0xfe, 0x30, 0x0, 0x0, 0x0, 0x0, 0xcf,
    0xb0, 0xaf, 0xff, 0x30, 0x0, 0x0, 0x1, 0xcf,
    0xff, 0x3, 0xff, 0xff, 0x40, 0x0, 0x1, 0xdf,
    0xff, 0x70, 0x3, 0xef, 0xff, 0x40, 0x1, 0xdf,
    0xff, 0x70, 0x0, 0x3, 0xef, 0xff, 0x41, 0xdf,
    0xff, 0x60, 0x0, 0x0, 0x2, 0xef, 0xff, 0xef,
    0xff, 0x60, 0x0, 0x0, 0x0, 0x2, 0xef, 0xff,
    0xff, 0x60, 0x0, 0x0, 0x0, 0x0, 0x3, 0xff,
    0xff, 0x90, 0x0, 0x0, 0x0, 0x0, 0x1, 0xdf,
    0xff, 0xff, 0x50, 0x0, 0x0, 0x0, 0x2, 0xef,
    0xff, 0xef, 0xff, 0x50, 0x0, 0x0, 0x2, 0xef,
    0xff, 0x52, 0xef, 0xff, 0x50, 0x0, 0x2, 0xef,
    0xff, 0x50, 0x1, 0xdf, 0xff, 0x60, 0x2, 0xef,
    0xff, 0x40, 0x0, 0x1, 0xdf, 0xff, 0x60, 0xaf,
    0xff, 0x40, 0x0, 0x0, 0x1, 0xdf, 0xff, 0x7,
    0xff, 0x40, 0x0, 0x0, 0x0, 0x1, 0xcf, 0xc0,
    0x3, 0x10, 0x0, 0x0, 0x0, 0x0, 0x0, 0x30,
    0x0,

    /* U+274E "❎" */
    0x15, 0x66, 0x66, 0x66, 0x66, 0x66, 0x66, 0x53,
    0xd, 0xff, 0xff, 0xff, 0xff, 0xff, 0xff, 0xff,
    0xf2, 0xff, 0xff, 0xff, 0xff, 0xff, 0xff, 0xff,
    0xff, 0x3f, 0xf7, 0x9, 0xff, 0xff, 0xff, 0xc1,
    0x2f, 0xf3, 0xff, 0x70, 0x9, 0xff, 0xff, 0xc1,
    0x3, 0xff, 0x3f, 0xff, 0x50, 0x9, 0xff, 0xd1,
    0x2, 0xef, 0xf3, 0xff, 0xff, 0x50, 0x9, 0xd1,
    0x2, 0xef, 0xff, 0x3f, 0xff, 0xff, 0x50, 0x0,
    0x2, 0xef, 0xff, 0xf3, 0xff, 0xff, 0xff, 0x50,
    0x1, 0xef, 0xff, 0xff, 0x3f, 0xff, 0xff, 0xd1,
    0x0, 0x8, 0xff, 0xff, 0xf3, 0xff, 0xff, 0xd1,
    0x1, 0x50, 0x8, 0xff, 0xff, 0x3f, 0xff, 0xd1,
    0x1, 0xdf, 0x60, 0x8, 0xff, 0xf3, 0xff, 0xe1,
    0x1, 0xdf, 0xff, 0x60, 0x8, 0xff, 0x3f, 0xf6,
    0x1, 0xdf, 0xff, 0xff, 0x60, 0xf, 0xf3, 0xff,
    0xc5, 0xdf, 0xff, 0xff, 0xff, 0x88, 0xff, 0x3f,
    0xff, 0xff, 0xff, 0xff, 0xff, 0xff, 0xff, 0xf3,
    0x7d, 0xee, 0xee, 0xee, 0xee, 0xee, 0xee, 0xdb,
    0x0,

    /* U+2753 "❓" */
    0x0, 0x18, 0xbc, 0xa5, 0x0, 0x4, 0xff, 0xff,
    0xff, 0xa0, 0xe, 0xfd, 0x53, 0x9f, 0xf5, 0x5f,
    0xf1, 0x0, 0xc, 0xfa, 0x14, 0x30, 0x0, 0xa,
    0xfb, 0x0, 0x0, 0x0, 0xd, 0xf9, 0x0, 0x0,
    0x0, 0x9f, 0xf2, 0x0, 0x0, 0xa, 0xff, 0x40,
    0x0, 0x0, 0x7f, 0xf4, 0x0, 0x0, 0x0, 0xef,
    0x60, 0x0, 0x0, 0x1, 0xff, 0x10, 0x0, 0x0,
    0x0, 0x0, 0x0, 0x0, 0x0, 0x0, 0x0, 0x0,
    0x0, 0x0, 0x3, 0xcb, 0x10, 0x0, 0x0, 0xb,
    0xff, 0x90, 0x0, 0x0, 0xa, 0xff, 0x80, 0x0,
    0x0, 0x1, 0x87, 0x0, 0x0,

    /* U+2754 "❔" */
    0x0, 0x5, 0x89, 0x73, 0x0, 0x3, 0xa4, 0x0,
    0x28, 0x80, 0x1a, 0x7, 0xa9, 0x90, 0x56, 0x63,
    0x56, 0x0, 0x28, 0xa, 0x5a, 0xa0, 0x0, 0x9,
    0xa, 0x0, 0x0, 0x0, 0x9, 0xa, 0x0, 0x0,
    0x0, 0x93, 0x47, 0x0, 0x0, 0x9, 0x52, 0xa0,
    0x0, 0x0, 0x75, 0x2a, 0x0, 0x0, 0x0, 0x90,
    0xa0, 0x0, 0x0, 0x4, 0x55, 0x40, 0x0, 0x0,
    0x3, 0xaa, 0x10, 0x0, 0x0, 0x0, 0x0, 0x0,
    0x0, 0x0, 0x5, 0xaa, 0x20, 0x0, 0x0, 0xa,
    0x0, 0x90, 0x0, 0x0, 0xa, 0x13, 0x80, 0x0,
    0x0, 0x1, 0x87, 0x0, 0x0,

    /* U+2755 "❕" */
    0x3a, 0xa7, 0x4, 0x50, 0xa0, 0x46, 0xa, 0x4,
    0x60, 0xa0, 0x36, 0xa, 0x3, 0x70, 0xa0, 0x27,
    0x9, 0x2, 0x80, 0x90, 0x28, 0x19, 0x1, 0x81,
    0x80, 0x1c, 0x98, 0x0, 0x11, 0x0, 0x0, 0x0,
    0x2, 0xa9, 0x60, 0x90, 0x9, 0x18, 0x30, 0xa0,
    0x7, 0x92, 0x0,

    /* U+2757 "❗" */
    0x2c, 0xc6, 0x2f, 0xf8, 0x2f, 0xf7, 0x2f, 0xf7,
    0x1f, 0xf7, 0x1f, 0xf6, 0xf, 0xf6, 0xf, 0xf6,
    0xf, 0xf5, 0xf, 0xf5, 0xf, 0xf4, 0x0, 0x0,
    0x0, 0x0, 0x1b, 0xc4, 0x8f, 0xfd, 0x6f, 0xfc,
    0x7, 0x81,

    /* U+2764 "❤" */
    0x0, 0x6, 0xc8, 0x50, 0x0, 0x1, 0x7c, 0x82,
    0x0, 0x2, 0xf4, 0xa1, 0xcb, 0x20, 0x7f, 0x2a,
    0x2f, 0x70, 0xa, 0xa0, 0x90, 0x81, 0xb7, 0x69,
    0x9, 0x9, 0x74, 0x64, 0x90, 0x90, 0x80, 0x1f,
    0x9, 0x9, 0x9, 0xa, 0x90, 0x90, 0x90, 0x80,
    0xa, 0x9, 0x9, 0x9, 0xa, 0x90, 0x90, 0x90,
    0x80, 0x9, 0x9, 0x9, 0x9, 0xa, 0x72, 0x90,
    0x90, 0x80, 0x9, 0x9, 0x9, 0x9, 0xa, 0x28,
    0x90, 0x90, 0x80, 0x9, 0x9, 0x9, 0x9, 0x37,
    0xa, 0xb0, 0x90, 0x80, 0x9, 0x9, 0x9, 0x9,
    0xa1, 0x2, 0xf0, 0x90, 0x80, 0x9, 0x9, 0x9,
    0xc, 0x70, 0x0, 0x66, 0x90, 0x80, 0x9, 0x9,
    0x9, 0x2a, 0x0, 0x0, 0x9, 0xe0, 0x80, 0x9,
    0x9, 0xb, 0xa1, 0x0, 0x0, 0x0, 0xc4, 0x80,
    0x9, 0x9, 0x1e, 0x10, 0x0, 0x0, 0x0, 0x8,
    0xe0, 0x9, 0xb, 0xa1, 0x0, 0x0, 0x0, 0x0,
    0x0, 0xa7, 0x9, 0x3d, 0x0, 0x0, 0x0, 0x0,
    0x0, 0x0, 0x5, 0x9f, 0x80, 0x0, 0x0, 0x0,
    0x0, 0x0, 0x0, 0x0, 0x26, 0x0, 0x0, 0x0,
    0x0,

    /* U+2795 "➕" */
    0x0, 0x0, 0x0, 0x13, 0x33, 0x0, 0x0, 0x0,
    0x0, 0x0, 0x0, 0x9f, 0xff, 0x0, 0x0, 0x0,
    0x0, 0x0, 0x0, 0x9f, 0xff, 0x0, 0x0, 0x0,
    0x0, 0x0, 0x0, 0x9f, 0xff, 0x0, 0x0, 0x0,
    0x0, 0x0, 0x0, 0x9f, 0xff, 0x0, 0x0, 0x0,
    0x0, 0x0, 0x0, 0x9f, 0xff, 0x0, 0x0, 0x0,
    0x4, 0x44, 0x44, 0xaf, 0xff, 0x44, 0x44, 0x42,
    0x1f, 0xff, 0xff, 0xff, 0xff, 0xff, 0xff, 0xf9,
    0x1f, 0xff, 0xff, 0xff, 0xff, 0xff, 0xff, 0xf9,
    0x1f, 0xff, 0xff, 0xff, 0xff, 0xff, 0xff, 0xf9,
    0x5, 0x55, 0x55, 0xbf, 0xff, 0x55, 0x55, 0x53,
    0x0, 0x0, 0x0, 0x9f, 0xff, 0x0, 0x0, 0x0,
    0x0, 0x0, 0x0, 0x9f, 0xff, 0x0, 0x0, 0x0,
    0x0, 0x0, 0x0, 0x9f, 0xff, 0x0, 0x0, 0x0,
    0x0, 0x0, 0x0, 0x9f, 0xff, 0x0, 0x0, 0x0,
    0x0, 0x0, 0x0, 0x9f, 0xff, 0x0, 0x0, 0x0,
    0x0, 0x0, 0x0, 0x24, 0x44, 0x0, 0x0, 0x0,

    /* U+2796 "➖" */
    0x3, 0x33, 0x33, 0x33, 0x33, 0x33, 0x33, 0x31,
    0x1f, 0xff, 0xff, 0xff, 0xff, 0xff, 0xff, 0xf9,
    0x1f, 0xff, 0xff, 0xff, 0xff, 0xff, 0xff, 0xf9,
    0x1f, 0xff, 0xff, 0xff, 0xff, 0xff, 0xff, 0xf9,
    0xb, 0xbb, 0xbb, 0xbb, 0xbb, 0xbb, 0xbb, 0xb6,

    /* U+2797 "➗" */
    0x0, 0x0, 0x0, 0x6, 0x83, 0x0, 0x0, 0x0,
    0x0, 0x0, 0x0, 0xaf, 0xff, 0x30, 0x0, 0x0,
    0x0, 0x0, 0x1, 0xff, 0xff, 0x90, 0x0, 0x0,
    0x0, 0x0, 0x0, 0xff, 0xff, 0x70, 0x0, 0x0,
    0x0, 0x0, 0x0, 0x4f, 0xfb, 0x0, 0x0, 0x0,
    0x0, 0x0, 0x0, 0x0, 0x10, 0x0, 0x0, 0x0,
    0x3, 0x33, 0x33, 0x33, 0x33, 0x33, 0x33, 0x31,
    0x1f, 0xff, 0xff, 0xff, 0xff, 0xff, 0xff, 0xf9,
    0x1f, 0xff, 0xff, 0xff, 0xff, 0xff, 0xff, 0xf9,
    0x1f, 0xff, 0xff, 0xff, 0xff, 0xff, 0xff, 0xf9,
    0xb, 0xbb, 0xbb, 0xbb, 0xbb, 0xbb, 0xbb, 0xb6,
    0x0, 0x0, 0x0, 0x0, 0x0, 0x0, 0x0, 0x0,
    0x0, 0x0, 0x0, 0x3e, 0xfa, 0x0, 0x0, 0x0,
    0x0, 0x0, 0x0, 0xef, 0xff, 0x70, 0x0, 0x0,
    0x0, 0x0, 0x1, 0xff, 0xff, 0x90, 0x0, 0x0,
    0x0, 0x0, 0x0, 0xbf, 0xff, 0x40, 0x0, 0x0,
    0x0, 0x0, 0x0, 0x7, 0x94, 0x0, 0x0, 0x0,

    /* U+2B50 "⭐" */
    0x0, 0x0, 0x0, 0x0, 0x56, 0x0, 0x0, 0x0,
    0x0, 0x0, 0x0, 0x0, 0x1, 0x99, 0x20, 0x0,
    0x0, 0x0, 0x0, 0x0, 0x0, 0x8, 0x21, 0x90,
    0x0, 0x0, 0x0, 0x0, 0x0, 0x0, 0xa, 0x0,
    0x91, 0x0, 0x0, 0x0, 0x0, 0x0, 0x0, 0x73,
    0x0, 0x28, 0x0, 0x0, 0x0, 0x1, 0x35, 0x79,
    0xa0, 0x0, 0x9, 0x97, 0x53, 0x10, 0x69, 0x64,
    0x20, 0x0, 0x0, 0x0, 0x2, 0x46, 0x87, 0x3a,
    0x0, 0x0, 0x0, 0x0, 0x0, 0x0, 0x0, 0x94,
    0x3, 0xa0, 0x0, 0x0, 0x0, 0x0, 0x0, 0xa,
    0x30, 0x0, 0x2a, 0x10, 0x0, 0x0, 0x0, 0x1,
    0xa3, 0x0, 0x0, 0x1, 0xb0, 0x0, 0x0, 0x0,
    0xb, 0x20, 0x0, 0x0, 0x0, 0xa0, 0x0, 0x0,
    0x0, 0xa, 0x0, 0x0, 0x0, 0x0, 0xa0, 0x0,
    0x0, 0x0, 0x9, 0x0, 0x0, 0x0, 0x2, 0x70,
    0x0, 0x45, 0x0, 0x6, 0x40, 0x0, 0x0, 0x5,
    0x40, 0x2a, 0x76, 0xa3, 0x3, 0x70, 0x0, 0x0,
    0x8, 0x39, 0x81, 0x0, 0x8, 0x92, 0x90, 0x0,
    0x0, 0x3, 0x92, 0x0, 0x0, 0x0, 0x18, 0x40,
    0x0,

    /* U+1F308 "🌈" */
    0x0, 0x0, 0x0, 0x0, 0x0, 0x0, 0x0, 0x37,
    0x86, 0x0, 0x0, 0x0, 0x0, 0x0, 0x2, 0x9a,
    0x63, 0x10, 0x0, 0x0, 0x0, 0x0, 0x1, 0x98,
    0x10, 0x0, 0x0, 0x0, 0x0, 0x0, 0x0, 0x3a,
    0x20, 0x3, 0x8a, 0xa6, 0x0, 0x0, 0x0, 0x5,
    0x90, 0x3, 0xa7, 0x10, 0x0, 0x0, 0x0, 0x0,
    0x39, 0x0, 0x88, 0x0, 0x38, 0xa6, 0x0, 0x0,
    0x1, 0xa0, 0x9, 0x40, 0x3b, 0x72, 0x0, 0x0,
    0x0, 0x9, 0x20, 0x74, 0x7, 0x80, 0x1, 0x54,
    0x0, 0x0, 0x28, 0x3, 0x80, 0x76, 0x2, 0xa8,
    0x42, 0x0, 0x5, 0xdb, 0xae, 0x3, 0x90, 0x59,
    0x0, 0x0, 0x0, 0x58, 0x0, 0x4, 0x8a, 0x3,
    0x80, 0x0, 0x0, 0x0, 0xa0, 0x0, 0x1, 0xef,
    0x5a, 0x0, 0x0, 0x0, 0x0, 0xa0, 0x0, 0xa,
    0x30, 0x8b, 0x0, 0x0, 0x0, 0x19, 0x80, 0x0,
    0x6, 0x0, 0xd, 0x60, 0x0, 0x0, 0x82, 0x0,
    0x0, 0x0, 0x0, 0x0, 0x57, 0x0, 0x0, 0x73,
    0x0, 0x0, 0x0, 0x0, 0x0, 0x28, 0x0, 0x0,
    0x7, 0x9a, 0xaa, 0xaa, 0xaa, 0xa9, 0x81, 0x0,
    0x0,

    /* U+1F30A "🌊" */
    0x0, 0x0, 0x0, 0x5, 0x79, 0x86, 0x20, 0x0,
    0x0, 0x0, 0x0, 0x19, 0x94, 0x10, 0x13, 0x8a,
    0x10, 0x0, 0x0, 0x4, 0xb2, 0x0, 0x0, 0x2,
    0x2, 0x80, 0x0, 0x0, 0x4a, 0x0, 0x0, 0x0,
    0x5, 0x99, 0x40, 0x0, 0x1, 0xb0, 0x0, 0x9b,
    0xc6, 0x0, 0x9, 0x30, 0x0, 0x8, 0x30, 0x0,
    0x0, 0x9f, 0xc2, 0x0, 0xa0, 0x0, 0xb, 0x0,
    0x4, 0x69, 0xea, 0x19, 0x60, 0xa0, 0x0, 0x36,
    0x0, 0x78, 0x9e, 0xf3, 0x0, 0x49, 0x40, 0x0,
    0x63, 0x0, 0x0, 0x2, 0xf4, 0x0, 0x0, 0x0,
    0x0, 0x81, 0x0, 0x0, 0x1, 0xfa, 0x0, 0x0,
    0x0, 0x0, 0x81, 0x4, 0xcf, 0xef, 0xff, 0x40,
    0x0, 0x0, 0x0, 0x63, 0x1f, 0xff, 0xff, 0xff,
    0xe3, 0x0, 0x0, 0x0, 0x36, 0x6f, 0xff, 0xff,
    0xff, 0xfe, 0x40, 0x0, 0x0, 0xa, 0x9f, 0xff,
    0xff, 0xff, 0xff, 0xfa, 0x10, 0x0, 0x8, 0xdf,
    0xff, 0xff, 0xff, 0xff, 0xff, 0xfa, 0x40, 0x1,
    0xa4, 0x11, 0x48, 0xdf, 0xff, 0xff, 0xff, 0xe4,
    0x0, 0x0, 0x0, 0x0, 0x2, 0x79, 0xbc, 0xa6,
    0x0,

    /* U+1F30B "🌋" */
    0x0, 0x0, 0x0, 0x80, 0x0, 0x55, 0x0, 0x0,
    0x0, 0x0, 0x0, 0x49, 0x8, 0x50, 0x0, 0x0,
    0x0, 0x0, 0x7a, 0x53, 0x3, 0x6c, 0x80, 0x0,
    0x0, 0x0, 0x95, 0x95, 0x7, 0x93, 0x93, 0x0,
    0x0, 0x42, 0x0, 0xb, 0xc, 0x3, 0x20, 0x30,
    0x3, 0x82, 0xbb, 0x79, 0x37, 0xa9, 0xc6, 0x74,
    0x0, 0x8, 0x20, 0x43, 0x13, 0x10, 0x4, 0x0,
    0x0, 0x1, 0x1, 0xca, 0x5b, 0xa0, 0x2, 0x0,
    0x0, 0x8, 0xf, 0xd3, 0x45, 0xfb, 0x6, 0x30,
    0x0, 0x3, 0xff, 0xfe, 0xcd, 0xef, 0x42, 0x10,
    0x0, 0x8, 0xf5, 0xc7, 0xb5, 0x97, 0xf0, 0x0,
    0x0, 0xb, 0x17, 0xb0, 0x10, 0x2d, 0x56, 0x0,
    0x0, 0x93, 0x3c, 0x10, 0x0, 0x9, 0x59, 0x20,
    0x4, 0x70, 0x0, 0x0, 0x0, 0x0, 0x10, 0xa0,
    0xc, 0x10, 0x0, 0x0, 0x0, 0x0, 0x0, 0x67,
    0x2, 0x98, 0x52, 0x10, 0x0, 0x13, 0x69, 0x70,
    0x0, 0x1, 0x47, 0x89, 0x99, 0x86, 0x30, 0x0,

    /* U+1F30C "🌌" */
    0x4a, 0xaa, 0xaa, 0xaa, 0xaa, 0xaa, 0xaa, 0xa5,
    0xe, 0xfe, 0xa8, 0x63, 0x39, 0xff, 0xff, 0x82,
    0xc0, 0xe5, 0x37, 0xab, 0xff, 0xaa, 0xde, 0x48,
    0x9f, 0x1b, 0xcf, 0xde, 0xff, 0xf2, 0x1f, 0x88,
    0xf9, 0xc1, 0xff, 0xfb, 0xcf, 0xbf, 0xbb, 0xe3,
    0xd3, 0x5c, 0x1f, 0xf9, 0xff, 0xff, 0xcf, 0xf4,
    0xb2, 0xbf, 0xf1, 0xfb, 0x6, 0xf7, 0x4f, 0xf6,
    0x77, 0x8e, 0xbf, 0x1f, 0xf5, 0xaf, 0x98, 0xc4,
    0x7c, 0x3e, 0xcf, 0xf1, 0xff, 0xd9, 0x75, 0x24,
    0xbe, 0x2d, 0x41, 0xef, 0x1d, 0x43, 0x78, 0x6f,
    0xfc, 0x2a, 0xf5, 0x4f, 0xf1, 0xb5, 0xfe, 0xb6,
    0x73, 0x2b, 0xcf, 0xff, 0xff, 0x1f, 0xc5, 0x12,
    0x57, 0xcf, 0xff, 0xff, 0xff, 0xf1, 0xb2, 0xaf,
    0xfe, 0x8f, 0xcc, 0xfc, 0xf1, 0x9f, 0x1d, 0xfe,
    0xff, 0xff, 0xd0, 0x6f, 0xdf, 0x6c, 0xf1, 0xff,
    0xff, 0xff, 0xfe, 0x6c, 0xff, 0xff, 0xff, 0x1f,
    0xff, 0xff, 0xdf, 0xff, 0xff, 0xff, 0xff, 0xf0,
    0x7d, 0xee, 0xee, 0xee, 0xee, 0xee, 0xee, 0xd8,
    0x0,

    /* U+1F30D "🌍" */
    0x0, 0x0, 0x3, 0x8a, 0xa9, 0x50, 0x0, 0x0,
    0x0, 0x0, 0x3a, 0x67, 0x89, 0x14, 0xa6, 0x0,
    0x0, 0x0, 0x5f, 0xdd, 0x74, 0x0, 0x0, 0x69,
    0x0, 0x0, 0x4f, 0xfc, 0x31, 0x0, 0x2, 0x0,
    0x58, 0x0, 0xe, 0xff, 0x47, 0x52, 0x53, 0x91,
    0x0, 0x83, 0x6, 0xff, 0xa3, 0x6f, 0xcb, 0x0,
    0x0, 0x1, 0xb0, 0xbf, 0xc0, 0x0, 0x0, 0x11,
    0x5, 0x63, 0x2f, 0xe, 0xf5, 0x0, 0x0, 0x0,
    0x50, 0xa, 0xf3, 0xf3, 0xff, 0x20, 0x0, 0x0,
    0x0, 0x57, 0xff, 0xdf, 0x4d, 0xf6, 0x0, 0x0,
    0x0, 0x0, 0x5f, 0xff, 0xf2, 0xaf, 0xfa, 0xa2,
    0x0, 0x0, 0x1e, 0xff, 0xff, 0x5, 0xff, 0xff,
    0x80, 0x0, 0x28, 0xff, 0xff, 0xa0, 0xd, 0xff,
    0xff, 0x10, 0x0, 0x9a, 0xff, 0xf2, 0x0, 0x3f,
    0xff, 0xf2, 0x0, 0x29, 0xcf, 0xf7, 0x0, 0x0,
    0x4e, 0xff, 0xd1, 0xb, 0xff, 0xf8, 0x0, 0x0,
    0x0, 0x2a, 0xff, 0xfe, 0xff, 0xd4, 0x0, 0x0,
    0x0, 0x0, 0x1, 0x58, 0x86, 0x30, 0x0, 0x0,
    0x0,

    /* U+1F30E "🌎" */
    0x0, 0x0, 0x2, 0x68, 0x97, 0x30, 0x0, 0x0,
    0x0, 0x0, 0x2a, 0x93, 0x0, 0xbf, 0xd5, 0x0,
    0x0, 0x0, 0x4b, 0x10, 0x0, 0x7, 0xdf, 0xf8,
    0x0, 0x0, 0x3a, 0x0, 0x0, 0x6, 0xdf, 0xff,
    0xf7, 0x0, 0xd, 0x20, 0x0, 0x7, 0xff, 0xff,
    0xff, 0xf2, 0x5, 0xf6, 0x4, 0x96, 0xff, 0xff,
    0xff, 0xff, 0xa0, 0xaf, 0xc0, 0xbb, 0x9b, 0xef,
    0xff, 0xff, 0xff, 0xd, 0xff, 0x83, 0x4e, 0xc8,
    0xff, 0xff, 0xff, 0xf2, 0xff, 0xff, 0xf7, 0x9d,
    0x89, 0xef, 0xff, 0xff, 0x4e, 0xff, 0xff, 0xfa,
    0x20, 0x1, 0x6f, 0xff, 0xf3, 0xbf, 0xff, 0xff,
    0xc0, 0x0, 0x0, 0x5b, 0xff, 0x6, 0xff, 0xff,
    0xfc, 0x0, 0x0, 0x0, 0x4f, 0xb0, 0xe, 0xff,
    0xff, 0xf7, 0x0, 0x0, 0xc, 0xf3, 0x0, 0x4f,
    0xff, 0xff, 0xf2, 0x0, 0x7, 0xf9, 0x0, 0x0,
    0x6f, 0xff, 0xff, 0x20, 0x7, 0xfa, 0x0, 0x0,
    0x0, 0x3c, 0xff, 0xf1, 0x19, 0xe7, 0x0, 0x0,
    0x0, 0x0, 0x3, 0x8a, 0xa9, 0x50, 0x0, 0x0,
    0x0,

    /* U+1F30F "🌏" */
    0x0, 0x0, 0x3, 0x8a, 0xa9, 0x40, 0x0, 0x0,
    0x0, 0x0, 0x3a, 0x61, 0x32, 0x4, 0xe5, 0x0,
    0x0, 0x0, 0x59, 0x0, 0x0, 0x5, 0x4f, 0xf9,
    0x0, 0x0, 0x39, 0x0, 0x5, 0x0, 0xac, 0xff,
    0xf7, 0x0, 0xb, 0x0, 0x0, 0x0, 0x6, 0xef,
    0xff, 0xf2, 0x5, 0x50, 0x0, 0x0, 0x24, 0xda,
    0xff, 0xff, 0x90, 0xa2, 0x0, 0x0, 0x6, 0xb5,
    0xef, 0xff, 0xfe, 0xd, 0x50, 0x10, 0x0, 0x8f,
    0xff, 0xff, 0xff, 0xf1, 0xf8, 0xcb, 0x4, 0xea,
    0xff, 0xff, 0xff, 0xff, 0x3e, 0xff, 0xf5, 0xa7,
    0x7b, 0xca, 0xff, 0xff, 0xf2, 0xbf, 0xff, 0x47,
    0x49, 0xa7, 0x4a, 0xff, 0xff, 0x6, 0xff, 0xff,
    0xba, 0x61, 0xa, 0x8f, 0xff, 0xa0, 0xe, 0xff,
    0xff, 0xf1, 0x0, 0x3, 0xff, 0xf3, 0x0, 0x5f,
    0xff, 0xff, 0x20, 0x0, 0x1f, 0xf9, 0x0, 0x0,
    0x7f, 0xff, 0xfb, 0xa8, 0x29, 0xbb, 0x0, 0x0,
    0x0, 0x5e, 0xff, 0xff, 0xfd, 0xc8, 0x0, 0x0,
    0x0, 0x0, 0x6, 0xac, 0xdb, 0x71, 0x0, 0x0,
    0x0,

    /* U+1F319 "🌙" */
    0x0, 0x0, 0x0, 0x0, 0x0, 0x0, 0x43, 0x0,
    0x0, 0x0, 0x0, 0x0, 0x0, 0x0, 0x0, 0x3b,
    0x70, 0x0, 0x0, 0x0, 0x0, 0x0, 0x0, 0x0,
    0x9, 0x48, 0x0, 0x0, 0x0, 0x0, 0x0, 0x0,
    0x0, 0xa, 0x7, 0x40, 0x0, 0x0, 0x0, 0x0,
    0x0, 0x0, 0xa, 0x0, 0xb0, 0x0, 0x0, 0x0,
    0x0, 0x0, 0x0, 0xa, 0x0, 0x72, 0x0, 0x0,
    0x0, 0x0, 0x0, 0x0, 0xa, 0x0, 0x36, 0x0,
    0x0, 0x0, 0x0, 0x0, 0x0, 0x9, 0x0, 0x18,
    0x0, 0x0, 0x0, 0x0, 0x0, 0x0, 0x64, 0x0,
    0x27, 0x0, 0x0, 0x0, 0x0, 0x0, 0x1, 0xa0,
    0x0, 0x46, 0x0, 0x0, 0x0, 0x0, 0x0, 0x1b,
    0x10, 0x0, 0x81, 0xb, 0x40, 0x0, 0x0, 0x7,
    0xa1, 0x0, 0x0, 0xa0, 0x8, 0x89, 0x99, 0x9a,
    0x94, 0x0, 0x0, 0x8, 0x30, 0x0, 0xb2, 0x0,
    0x0, 0x0, 0x0, 0x0, 0x57, 0x0, 0x0, 0x1b,
    0x40, 0x0, 0x0, 0x0, 0x7, 0x70, 0x0, 0x0,
    0x0, 0x8a, 0x51, 0x0, 0x27, 0xa4, 0x0, 0x0,
    0x0, 0x0, 0x0, 0x58, 0x99, 0x73, 0x0, 0x0,
    0x0,

    /* U+1F31A "🌚" */
    0x0, 0x0, 0x2, 0x79, 0x97, 0x30, 0x0, 0x0,
    0x0, 0x2, 0xa8, 0x30, 0x2, 0x7a, 0x30, 0x0,
    0x0, 0x49, 0x10, 0x0, 0x0, 0x0, 0x86, 0x0,
    0x2, 0x90, 0x0, 0x0, 0x0, 0x0, 0x8, 0x40,
    0xa, 0x0, 0x0, 0x0, 0x0, 0x0, 0x0, 0xa0,
    0x46, 0x0, 0x0, 0x0, 0x10, 0x0, 0x0, 0x46,
    0x91, 0x0, 0x4c, 0x73, 0x60, 0xac, 0x10, 0xa,
    0xa0, 0x0, 0x79, 0xa2, 0x84, 0x5e, 0x20, 0x9,
    0xa0, 0x0, 0x0, 0x0, 0xa0, 0x0, 0x0, 0x9,
    0xa0, 0x0, 0x0, 0x4, 0xa0, 0x0, 0x0, 0xa,
    0x91, 0x0, 0x0, 0x72, 0x17, 0x10, 0x0, 0xa,
    0x46, 0x0, 0x0, 0x28, 0x95, 0x0, 0x0, 0x36,
    0xa, 0x0, 0x0, 0x0, 0xa1, 0x0, 0x0, 0xa0,
    0x3, 0x90, 0x0, 0x0, 0x0, 0x0, 0x7, 0x50,
    0x0, 0x49, 0x0, 0x0, 0x0, 0x0, 0x86, 0x0,
    0x0, 0x2, 0xa7, 0x20, 0x2, 0x6a, 0x40, 0x0,
    0x0, 0x0, 0x3, 0x79, 0x98, 0x30, 0x0, 0x0,

    /* U+1F31B "🌛" */
    0x0, 0x0, 0x0, 0x0, 0x69, 0x50, 0x0, 0x0,
    0x0, 0x0, 0x0, 0x0, 0x83, 0x4a, 0x50, 0x0,
    0x0, 0x0, 0x0, 0x0, 0xa, 0x0, 0x77, 0x0,
    0x0, 0x0, 0x0, 0x0, 0x6, 0x30, 0x8, 0x40,
    0x0, 0x0, 0x0, 0x0, 0x1, 0x80, 0x0, 0xb0,
    0x0, 0x0, 0x0, 0x0, 0x0, 0x90, 0x0, 0x55,
    0x0, 0x0, 0x0, 0x0, 0x2, 0x80, 0x0, 0x9,
    0x0, 0x0, 0x0, 0x0, 0xa, 0x16, 0x90, 0xa,
    0x0, 0x0, 0x0, 0x7, 0xa3, 0x8, 0x71, 0xa,
    0x0, 0x0, 0x0, 0xa, 0x0, 0x0, 0x0, 0xa,
    0x0, 0x0, 0x0, 0x7, 0x50, 0x0, 0x0, 0xa,
    0x3, 0x0, 0x0, 0x4f, 0x68, 0x0, 0x0, 0x28,
    0x1c, 0x9a, 0x99, 0x61, 0x42, 0x0, 0x0, 0x91,
    0x7, 0x40, 0x0, 0x0, 0x0, 0x0, 0x4, 0x70,
    0x0, 0x86, 0x0, 0x0, 0x0, 0x0, 0x59, 0x0,
    0x0, 0x5, 0xa6, 0x20, 0x1, 0x5a, 0x60, 0x0,
    0x0, 0x0, 0x4, 0x79, 0x98, 0x50, 0x0, 0x0,

    /* U+1F31C "🌜" */
    0x0, 0x0, 0x3, 0x89, 0x0, 0x0, 0x0, 0x0,
    0x0, 0x2, 0xa6, 0x2b, 0x0, 0x0, 0x0, 0x0,
    0x0, 0x2b, 0x10, 0x74, 0x0, 0x0, 0x0, 0x0,
    0x0, 0xb0, 0x0, 0xa0, 0x0, 0x0, 0x0, 0x0,
    0x7, 0x30, 0x2, 0x70, 0x0, 0x0, 0x0, 0x0,
    0xa, 0x0, 0x4, 0x60, 0x0, 0x0, 0x0, 0x0,
    0x46, 0x0, 0x2, 0x80, 0x0, 0x0, 0x0, 0x0,
    0x72, 0x3, 0x60, 0xa3, 0x0, 0x0, 0x0, 0x0,
    0x81, 0x8, 0xf1, 0x8, 0xa2, 0x0, 0x0, 0x0,
    0x81, 0x0, 0x0, 0x0, 0x36, 0x0, 0x0, 0x0,
    0x64, 0x0, 0x0, 0x0, 0xc1, 0x0, 0x0, 0x0,
    0x18, 0x0, 0x0, 0x55, 0xbc, 0x10, 0x0, 0x21,
    0xa, 0x10, 0x0, 0x4, 0x23, 0x8a, 0xaa, 0x98,
    0x2, 0xa0, 0x0, 0x0, 0x0, 0x0, 0x0, 0xb0,
    0x0, 0x4a, 0x0, 0x0, 0x0, 0x0, 0x2b, 0x20,
    0x0, 0x2, 0xa7, 0x20, 0x1, 0x49, 0x91, 0x0,
    0x0, 0x0, 0x2, 0x79, 0x98, 0x61, 0x0, 0x0,

    /* U+1F31D "🌝" */
    0x0, 0x0, 0x2, 0x79, 0x97, 0x30, 0x0, 0x0,
    0x0, 0x2, 0xa8, 0x30, 0x2, 0x7a, 0x30, 0x0,
    0x0, 0x49, 0x10, 0x0, 0x0, 0x0, 0x86, 0x0,
    0x2, 0x90, 0x0, 0x0, 0x0, 0x0, 0x8, 0x40,
    0xa, 0x0, 0x0, 0x0, 0x0, 0x0, 0x0, 0xa0,
    0x46, 0x0, 0x0, 0x0, 0x10, 0x0, 0x0, 0x46,
    0x91, 0x0, 0x8c, 0x40, 0x91, 0xc8, 0x0, 0xa,
    0xa0, 0x0, 0xc7, 0x70, 0xa3, 0xe6, 0x10, 0x9,
    0xa0, 0x0, 0x0, 0x0, 0x72, 0x0, 0x0, 0x9,
    0xa0, 0x0, 0x0, 0x2, 0xb1, 0x0, 0x0, 0xa,
    0x91, 0x0, 0x0, 0x72, 0x5, 0x30, 0x0, 0xa,
    0x46, 0x0, 0x0, 0x28, 0x95, 0x0, 0x0, 0x46,
    0xa, 0x0, 0x0, 0x0, 0x74, 0x0, 0x0, 0xa0,
    0x3, 0x90, 0x0, 0x0, 0x0, 0x0, 0x7, 0x50,
    0x0, 0x49, 0x0, 0x0, 0x0, 0x0, 0x86, 0x0,
    0x0, 0x2, 0xa7, 0x20, 0x2, 0x6a, 0x40, 0x0,
    0x0, 0x0, 0x3, 0x79, 0x98, 0x30, 0x0, 0x0,

    /* U+1F31E "🌞" */
    0x0, 0x0, 0x0, 0x11, 0x0, 0x2, 0x0, 0x0,
    0x0, 0x0, 0x0, 0x0, 0x5b, 0x0, 0xc7, 0x0,
    0x0, 0x0, 0x0, 0x3, 0x0, 0x8f, 0x8c, 0xfa,
    0x0, 0x30, 0x0, 0x0, 0x9, 0xe9, 0xb7, 0x44,
    0x7b, 0x9e, 0xa0, 0x0, 0x0, 0x4, 0xf9, 0x0,
    0x0, 0x0, 0x8f, 0x50, 0x0, 0x0, 0x3, 0xb0,
    0x0, 0x0, 0x0, 0xa, 0x30, 0x0, 0x9, 0xff,
    0x20, 0x41, 0x52, 0x14, 0x1, 0xff, 0xa0, 0x0,
    0xbd, 0x0, 0xa4, 0x64, 0x3b, 0x0, 0xcc, 0x10,
    0x0, 0xa, 0x0, 0x0, 0xa, 0x0, 0x0, 0x91,
    0x0, 0x0, 0xbd, 0x0, 0x0, 0x53, 0x0, 0x0,
    0xcc, 0x10, 0x8, 0xff, 0x20, 0x6, 0x99, 0x70,
    0x1, 0xff, 0xa0, 0x0, 0x2, 0xb0, 0x0, 0x0,
    0x0, 0xa, 0x30, 0x0, 0x0, 0x4, 0xfa, 0x0,
    0x0, 0x0, 0x8f, 0x50, 0x0, 0x0, 0x9, 0xe9,
    0xb7, 0x44, 0x7b, 0x9e, 0xa0, 0x0, 0x0, 0x3,
    0x0, 0x9f, 0x8c, 0xfa, 0x0, 0x30, 0x0, 0x0,
    0x0, 0x0, 0x6b, 0x0, 0xc7, 0x0, 0x0, 0x0,
    0x0, 0x0, 0x0, 0x10, 0x0, 0x2, 0x0, 0x0,
    0x0,

    /* U+1F31F "🌟" */
    0x0, 0x0, 0x0, 0x4, 0x60, 0x0, 0x0, 0x0,
    0x0, 0x0, 0x0, 0xa, 0x82, 0x0, 0x0, 0x0,
    0x0, 0xb, 0x40, 0x64, 0x19, 0x1, 0xd2, 0x0,
    0x0, 0x9, 0xb0, 0xa0, 0x9, 0x17, 0xb0, 0x0,
    0x0, 0x0, 0x36, 0x50, 0x2, 0x93, 0x0, 0x0,
    0x39, 0x99, 0x96, 0x0, 0x0, 0x58, 0x99, 0x95,
    0x65, 0x0, 0x0, 0x0, 0x0, 0x0, 0x0, 0x29,
    0x7, 0x60, 0x0, 0x0, 0x0, 0x0, 0x3, 0x90,
    0x0, 0x67, 0x0, 0x0, 0x0, 0x0, 0x49, 0x0,
    0x0, 0x5, 0x60, 0x0, 0x0, 0x3, 0x90, 0x0,
    0x7d, 0x84, 0x60, 0x0, 0x0, 0x2, 0x75, 0xd9,
    0x36, 0x7, 0x20, 0x0, 0x0, 0x0, 0x90, 0x46,
    0x0, 0x9, 0x0, 0x19, 0xa2, 0x0, 0x90, 0x0,
    0x0, 0x9, 0x8, 0x91, 0x7, 0x91, 0x81, 0x0,
    0x0, 0xa, 0xa3, 0x2, 0x70, 0x19, 0xb1, 0x0,
    0x0, 0x0, 0x0, 0x7, 0xc0, 0x0, 0x0, 0x0,
    0x0, 0x0, 0x0, 0x4, 0x60, 0x0, 0x0, 0x0,

    /* U+1F32D "🌭" */
    0x0, 0xbf, 0x80, 0x0, 0x0, 0x0, 0x0, 0x0,
    0x0, 0x0, 0x7f, 0xaf, 0xfa, 0x80, 0x0, 0x0,
    0x0, 0x0, 0x0, 0xc, 0xfc, 0x5a, 0x34, 0x90,
    0x0, 0x0, 0x0, 0x0, 0x5, 0x78, 0xff, 0x5e,
    0x14, 0x90, 0x0, 0x0, 0x0, 0x0, 0x90, 0x5,
    0xf7, 0xfb, 0x4, 0x90, 0x0, 0x0, 0x0, 0x9,
    0x0, 0xc, 0xeb, 0xfa, 0x2, 0xa5, 0x0, 0x0,
    0x0, 0x90, 0x0, 0xf, 0x96, 0x9b, 0x10, 0x5a,
    0x70, 0x0, 0x5, 0x40, 0x0, 0x2f, 0xfb, 0x5f,
    0x71, 0x3, 0xa5, 0x0, 0xa, 0x0, 0x0, 0x2f,
    0xfa, 0xaf, 0xfa, 0x50, 0x82, 0x0, 0x56, 0x0,
    0x0, 0xb, 0xfb, 0x65, 0x6f, 0xfc, 0xc0, 0x0,
    0x93, 0x0, 0x0, 0x0, 0x9f, 0xfe, 0x5f, 0xff,
    0x10, 0x0, 0xa3, 0x0, 0x0, 0x0, 0x3, 0xff,
    0xef, 0xf1, 0x0, 0x0, 0x87, 0x0, 0x0, 0x0,
    0x0, 0xff, 0xd6, 0x0, 0x0, 0x0, 0x4a, 0x60,
    0x0, 0x0, 0x38, 0x0, 0x0, 0x0, 0x0, 0x0,
    0x4, 0x99, 0x99, 0xa8, 0x0, 0x0, 0x0, 0x0,
    0x0, 0x0, 0x0, 0x0, 0x0, 0x0, 0x0, 0x0,

    /* U+1F32E "🌮" */
    0x0, 0x0, 0x1, 0x78, 0x88, 0x89, 0x30, 0x0,
    0x0, 0x0, 0x0, 0x6, 0x81, 0x0, 0x42, 0x2c,
    0x88, 0x95, 0x0, 0x0, 0x8, 0x40, 0x0, 0xaf,
    0xf8, 0x0, 0x0, 0x58, 0x0, 0x8, 0x30, 0x9d,
    0xf1, 0xfc, 0x0, 0x0, 0x0, 0x73, 0x4, 0x70,
    0xbf, 0x58, 0xff, 0x10, 0x0, 0x0, 0x1, 0x80,
    0xa0, 0x3f, 0xf2, 0x9f, 0x70, 0x0, 0x0, 0x0,
    0x9, 0x36, 0xd, 0x99, 0xff, 0xf0, 0x30, 0x0,
    0x0, 0x4, 0x68, 0x18, 0xd0, 0x5f, 0xf8, 0x0,
    0x3, 0x0, 0x2, 0xa0, 0x90, 0xb8, 0x8, 0xff,
    0x13, 0x0, 0x0, 0x6, 0x90, 0x9, 0x9, 0xd7,
    0xef, 0xb0, 0x1, 0x0, 0x5a, 0x40, 0x0, 0x90,
    0xdf, 0xff, 0xf2, 0x0, 0x13, 0xa5, 0x0, 0x0,
    0x9, 0xb, 0x62, 0xfe, 0x4, 0x8, 0x60, 0x0,
    0x0, 0x0, 0x90, 0xba, 0x8f, 0x30, 0x2a, 0x20,
    0x0, 0x0, 0x0, 0x4, 0x8a, 0xff, 0xb0, 0x79,
    0x0, 0x0, 0x0, 0x0, 0x0, 0x5, 0xcf, 0xf9,
    0x72, 0x0, 0x0, 0x0, 0x0, 0x0, 0x0, 0x0,
    0x10, 0x0, 0x0, 0x0, 0x0, 0x0, 0x0, 0x0,

    /* U+1F32F "🌯" */
    0x0, 0x4, 0x89, 0x84, 0x0, 0x0, 0x0, 0x0,
    0x2, 0xb6, 0x10, 0x16, 0x50, 0x0, 0x0, 0x0,
    0x1b, 0x0, 0x8d, 0xdb, 0xf2, 0x0, 0x0, 0x0,
    0x73, 0x8, 0xfd, 0xef, 0xf9, 0x0, 0x0, 0x0,
    0xa0, 0xbe, 0x77, 0xdf, 0xf1, 0x90, 0x0, 0x0,
    0x90, 0xff, 0xbe, 0xd7, 0xe0, 0x46, 0x0, 0x0,
    0x90, 0xd7, 0xb7, 0xee, 0xf0, 0xa, 0x30, 0x0,
    0x37, 0xaf, 0xff, 0xff, 0xf0, 0x9, 0xa1, 0x0,
    0x7, 0xff, 0xfe, 0xef, 0xf7, 0x19, 0x1a, 0x0,
    0x0, 0x68, 0x0, 0x0, 0x5, 0xf2, 0x4, 0x70,
    0x0, 0x4, 0xa0, 0x0, 0x4d, 0x50, 0x0, 0x84,
    0x0, 0x0, 0x3b, 0xdf, 0x51, 0xa0, 0x0, 0xa,
    0x0, 0x0, 0x2, 0xff, 0x60, 0x28, 0x0, 0x9,
    0x0, 0x0, 0x0, 0x1f, 0xf1, 0x8, 0x40, 0xa,
    0x0, 0x0, 0x0, 0x0, 0xef, 0x20, 0x83, 0x65,
    0x0, 0x0, 0x0, 0x0, 0xd, 0xf1, 0x1f, 0x70,
    0x0, 0x0, 0x0, 0x0, 0x0, 0x8b, 0x82, 0x0,

    /* U+1F337 "🌷" */
    0x0, 0x0, 0x17, 0x34, 0x70, 0x0, 0x0, 0x8a,
    0xf2, 0xba, 0x39, 0x0, 0x3, 0x70, 0x84, 0xb0,
    0x8, 0x20, 0x7, 0x20, 0xd, 0x80, 0x2, 0x70,
    0x9, 0x0, 0x2, 0x80, 0x0, 0x90, 0x9, 0x0,
    0x0, 0x90, 0x0, 0xa0, 0x7, 0x20, 0x0, 0x44,
    0x0, 0x90, 0x2, 0x70, 0x0, 0x0, 0x0, 0x90,
    0x0, 0xa1, 0x0, 0x0, 0x6, 0x40, 0x10, 0x1a,
    0x20, 0x0, 0x49, 0x1, 0xa9, 0x93, 0x89, 0xe9,
    0x66, 0x99, 0x82, 0x18, 0x80, 0x91, 0xa4, 0x18,
    0x1a, 0x0, 0x3c, 0xda, 0x10, 0x83, 0x2, 0xa1,
    0x5, 0xf0, 0x3, 0xa0, 0x0, 0x1a, 0x7a, 0x0,
    0x1b, 0x10, 0x0, 0x0, 0xc3, 0x16, 0xa1, 0x0,
    0x0, 0x0, 0x28, 0x84, 0x0, 0x0,

    /* U+1F339 "🌹" */
    0x0, 0x0, 0x35, 0x42, 0x0, 0x0, 0x0, 0x5d,
    0x74, 0x36, 0xe9, 0x80, 0x6, 0x8b, 0x25, 0xc9,
    0x70, 0x96, 0x9, 0x91, 0xaf, 0xf2, 0x0, 0x99,
    0xa, 0x58, 0x5, 0xc8, 0x78, 0x2a, 0x5, 0x75,
    0xa2, 0xa, 0x10, 0x66, 0x0, 0xa0, 0x19, 0x92,
    0x0, 0xb0, 0x0, 0xb0, 0x0, 0x59, 0x0, 0xa0,
    0x0, 0xb0, 0x0, 0x5, 0x50, 0xa0, 0x0, 0xb1,
    0x0, 0x0, 0x92, 0x90, 0x0, 0x3c, 0x30, 0x0,
    0xbc, 0x30, 0x0, 0x8, 0xfd, 0xcf, 0xf6, 0x0,
    0x0, 0xc, 0xef, 0xff, 0xf3, 0x0, 0x0, 0xd,
    0x6d, 0xab, 0xc4, 0x0, 0x0, 0x3a, 0x37, 0xab,
    0x59, 0x0, 0x0, 0x0, 0x20, 0xaa, 0x50, 0x0,
    0x0, 0x0, 0x0, 0x85, 0x0, 0x0,

    /* U+1F33A "🌺" */
    0x0, 0x8, 0xa7, 0x51, 0x99, 0x99, 0x70, 0x0,
    0x0, 0x0, 0x19, 0x49, 0xfb, 0x10, 0x0, 0x48,
    0x0, 0x0, 0x0, 0xd, 0xed, 0xc1, 0x1, 0x0,
    0x5, 0x80, 0x0, 0x0, 0x2b, 0x3a, 0xa0, 0x7,
    0x27, 0x0, 0xa0, 0x0, 0x0, 0xa7, 0x99, 0xfb,
    0x9, 0xd9, 0x30, 0x90, 0x0, 0x0, 0xb0, 0x0,
    0xc, 0x66, 0xb3, 0x0, 0x7a, 0x0, 0x4, 0xb4,
    0x0, 0x5, 0xe0, 0x0, 0x11, 0x4, 0x70, 0x2a,
    0x0, 0x79, 0x61, 0xf2, 0x3e, 0xa2, 0x0, 0x92,
    0x38, 0x0, 0x3a, 0xe0, 0x0, 0x1e, 0x82, 0x0,
    0x18, 0x73, 0x0, 0x17, 0x50, 0x64, 0x3, 0x60,
    0x0, 0x28, 0x82, 0x0, 0x2, 0x2, 0xec, 0x40,
    0x0, 0x3, 0xb1, 0x1a, 0x20, 0x1, 0x6, 0x73,
    0x70, 0x20, 0xe, 0x10, 0x1, 0xa4, 0x8f, 0x0,
    0x10, 0x0, 0xfe, 0xff, 0x50, 0x0, 0x7f, 0xef,
    0x10, 0x0, 0x0, 0xfe, 0x7f, 0x80, 0x0, 0xeb,
    0x9f, 0x60, 0x0, 0x0, 0xff, 0xff, 0xb0, 0x2,
    0xff, 0xff, 0xc8, 0x0, 0x79, 0x5b, 0x9b, 0xe2,
    0x4, 0xa8, 0x55, 0x1, 0x89, 0x30, 0x0, 0x0,
    0x0,

    /* U+1F33B "🌻" */
    0x0, 0x0, 0x0, 0x25, 0x0, 0x0, 0x0, 0x0,
    0x4, 0x52, 0xa7, 0x64, 0x50, 0x0, 0x0, 0x9,
    0x4b, 0x10, 0x95, 0xa0, 0x0, 0x3, 0x8b, 0x3,
    0x89, 0x40, 0x99, 0x40, 0xa, 0x10, 0x58, 0x10,
    0x68, 0x0, 0xb0, 0x3, 0x80, 0xa2, 0xde, 0x67,
    0x35, 0x60, 0x1a, 0x24, 0x5a, 0xff, 0xf2, 0x71,
    0xa2, 0x1a, 0x13, 0x68, 0xff, 0xd2, 0x70, 0x93,
    0x3, 0x90, 0xa0, 0x8a, 0x28, 0x25, 0x60, 0x7,
    0x31, 0x4a, 0x32, 0x86, 0x10, 0xa0, 0x3, 0x9b,
    0x1, 0x67, 0x20, 0x99, 0x50, 0x0, 0xa, 0x6b,
    0x10, 0x97, 0xa0, 0x0, 0x0, 0x2, 0x21, 0xad,
    0x31, 0x30, 0x0, 0x0, 0xb, 0x9a, 0x5c, 0x99,
    0x70, 0x0, 0x0, 0x9, 0x40, 0xff, 0x10, 0xb1,
    0x0, 0x0, 0x0, 0x69, 0xf7, 0x99, 0x20, 0x0,
    0x0, 0x0, 0x0, 0x50, 0x0, 0x0, 0x0,

    /* U+1F33C "🌼" */
    0x0, 0x0, 0x0, 0x37, 0x0, 0x48, 0x10, 0x0,
    0x0, 0x0, 0x0, 0x4a, 0x92, 0xa5, 0x92, 0xaa,
    0x30, 0x0, 0x0, 0x0, 0x90, 0x10, 0x39, 0x1,
    0x1, 0x90, 0x0, 0x0, 0x58, 0xb2, 0x34, 0x0,
    0x8, 0x3, 0xb8, 0x30, 0x4, 0x72, 0x43, 0x9,
    0x3, 0x26, 0x4, 0x32, 0xb0, 0x5, 0x60, 0x0,
    0x35, 0xac, 0xc2, 0x20, 0x0, 0xb0, 0xa, 0x4,
    0x73, 0x2e, 0x55, 0x7e, 0x4, 0x72, 0x29, 0xa,
    0x20, 0x6, 0xd4, 0x65, 0x7, 0xb4, 0x0, 0x66,
    0x2, 0xd4, 0x4, 0xe3, 0x44, 0x3, 0xc2, 0x6,
    0xa0, 0xb, 0x20, 0x28, 0xd3, 0x50, 0x7, 0xb7,
    0x10, 0x57, 0xa, 0x4, 0x50, 0x3f, 0x41, 0x6f,
    0x1, 0x62, 0x19, 0x6, 0x60, 0x0, 0x35, 0xbd,
    0xc2, 0x20, 0x0, 0xb1, 0x4, 0x71, 0x32, 0x9,
    0x4, 0x36, 0x3, 0x21, 0xb0, 0x0, 0x69, 0xc2,
    0x35, 0x0, 0x8, 0x4, 0xc9, 0x40, 0x0, 0x0,
    0x90, 0x10, 0x28, 0x1, 0x0, 0x90, 0x0, 0x0,
    0x0, 0x5a, 0x81, 0xa7, 0x71, 0x9a, 0x40, 0x0,
    0x0, 0x0, 0x0, 0x48, 0x10, 0x59, 0x20, 0x0,
    0x0,

    /* U+1F33E "🌾" */
    0x0, 0x0, 0x0, 0x0, 0x2, 0x75, 0x0, 0x0,
    0x0, 0x0, 0x0, 0x0, 0x0, 0x8, 0xbc, 0x10,
    0x0, 0x0, 0x0, 0x0, 0x0, 0x0, 0x7, 0x6b,
    0x20, 0x2, 0x16, 0x0, 0x7, 0x83, 0x0, 0x4,
    0x78, 0x41, 0xb7, 0xb7, 0x87, 0xd1, 0xa6, 0x78,
    0x0, 0xa1, 0xa6, 0xa9, 0x86, 0xb7, 0xa1, 0x0,
    0xa2, 0x57, 0x37, 0x54, 0xdc, 0x89, 0x50, 0x6,
    0x10, 0x0, 0xa0, 0x99, 0x38, 0x69, 0x42, 0x60,
    0x0, 0x0, 0x0, 0x6, 0x42, 0xf1, 0xad, 0x0,
    0x8a, 0xaa, 0x0, 0x0, 0x0, 0xa, 0xf, 0x1c,
    0x87, 0xad, 0xbd, 0xcc, 0x0, 0x0, 0x0, 0x82,
    0x57, 0xdd, 0x60, 0x6a, 0xad, 0x71, 0x0, 0x0,
    0x1, 0x90, 0xae, 0xa5, 0x98, 0x20, 0x87, 0xa0,
    0x0, 0x0, 0x9, 0x16, 0xfd, 0x40, 0x2a, 0x30,
    0x1, 0x0, 0x0, 0x0, 0x28, 0xf, 0x44, 0xaa,
    0x39, 0x0, 0x0, 0x0, 0x0, 0x0, 0x92, 0x20,
    0xa0, 0x9, 0xa0, 0x0, 0x0, 0x0, 0x0, 0x1,
    0xa0, 0xa, 0x0, 0x0, 0x0, 0x0, 0x0, 0x0,
    0x0, 0x4, 0x90, 0xa0, 0x0, 0x0, 0x0, 0x0,
    0x0, 0x0, 0x0, 0x3, 0x94, 0x0, 0x0, 0x0,
    0x0, 0x0,

    /* U+1F33F "🌿" */
    0x0, 0x0, 0x0, 0x1, 0x10, 0x0, 0x0, 0x48,
    0x95, 0x0, 0x0, 0x0, 0xa, 0xa0, 0x0, 0x1a,
    0x61, 0x8, 0x0, 0x0, 0x0, 0x54, 0x28, 0x0,
    0xa3, 0x70, 0x36, 0x25, 0x10, 0x0, 0x84, 0xa,
    0x7, 0x37, 0x0, 0x91, 0x66, 0x89, 0x10, 0x87,
    0x9, 0xa, 0x0, 0x6, 0x60, 0x81, 0x1, 0xa2,
    0x74, 0xa, 0x9, 0x13, 0x97, 0x0, 0x81, 0x70,
    0xb, 0x28, 0x37, 0x6e, 0x86, 0x10, 0x0, 0x54,
    0x60, 0x6, 0x46, 0xe4, 0x83, 0xaa, 0xa8, 0x20,
    0xa, 0x18, 0x1, 0x80, 0x8b, 0x6b, 0x47, 0x41,
    0xb1, 0x4, 0x82, 0x10, 0x90, 0xff, 0xf1, 0x0,
    0x5, 0x80, 0x0, 0x4a, 0x42, 0x80, 0xf1, 0x4b,
    0xa9, 0x96, 0x0, 0x0, 0x0, 0x6b, 0x75, 0x50,
    0x38, 0xa8, 0x30, 0x0, 0x0, 0x0, 0x0, 0x9a,
    0x1a, 0x62, 0x33, 0x79, 0x0, 0x0, 0x0, 0x0,
    0xfc, 0xf1, 0x6, 0x41, 0x2, 0xb0, 0x0, 0x0,
    0x4, 0x80, 0x48, 0x10, 0x0, 0x19, 0x30, 0x0,
    0x1, 0x78, 0x0, 0x1, 0x89, 0x9a, 0x81, 0x0,
    0x0, 0x8, 0x30, 0x0, 0x0, 0x0, 0x0, 0x0,
    0x0,

    /* U+1F340 "🍀" */
    0x0, 0x4, 0x93, 0x0, 0x68, 0x20, 0x0, 0x0,
    0x28, 0x8, 0x28, 0x41, 0xa1, 0x0, 0x8, 0xa1,
    0x0, 0xb5, 0x0, 0x3a, 0x80, 0x73, 0x0, 0x0,
    0xa1, 0x0, 0x0, 0x37, 0x81, 0x0, 0x0, 0x90,
    0x0, 0x0, 0x18, 0x29, 0x0, 0x0, 0x50, 0x0,
    0x0, 0x92, 0x3, 0xda, 0xa5, 0x0, 0x9a, 0xbd,
    0x20, 0x1a, 0x41, 0x0, 0x0, 0x0, 0x14, 0xa1,
    0x81, 0x0, 0x0, 0x70, 0x0, 0x0, 0x18, 0x73,
    0x0, 0x0, 0xf3, 0x0, 0x0, 0x37, 0x9, 0x70,
    0x1, 0xf9, 0x0, 0x7, 0x90, 0x0, 0xa0, 0x9,
    0xb9, 0x40, 0xa, 0x0, 0x0, 0x4a, 0xa3, 0x92,
    0x7a, 0xa3, 0x0, 0x0, 0x0, 0x0, 0x73, 0x0,
    0x0, 0x0, 0x0, 0x0, 0x0, 0x38, 0x0, 0x0,
    0x0, 0x0, 0x0, 0x0, 0xa, 0x30, 0x0, 0x0,
    0x0, 0x0, 0x0, 0x0, 0x50, 0x0, 0x0,

    /* U+1F341 "🍁" */
    0x0, 0x0, 0x0, 0x3, 0x70, 0x0, 0x0, 0x0,
    0x0, 0x0, 0x0, 0x5a, 0x88, 0x0, 0x0, 0x0,
    0x0, 0x0, 0x1, 0xa3, 0x9, 0x40, 0x0, 0x0,
    0x0, 0x0, 0xd, 0x70, 0x52, 0xe4, 0x0, 0x0,
    0x0, 0x0, 0x9, 0x11, 0x60, 0x55, 0x0, 0x0,
    0x3b, 0x84, 0x6a, 0x1, 0x70, 0x57, 0x56, 0xa8,
    0x18, 0x29, 0x9d, 0x1, 0x70, 0x99, 0xb4, 0x36,
    0xa, 0x1, 0x3, 0x1, 0x70, 0x40, 0x10, 0x81,
    0x8, 0x64, 0x80, 0x1, 0x70, 0x5, 0x82, 0xc1,
    0xb, 0x40, 0x29, 0x11, 0x70, 0x85, 0x1, 0xc2,
    0x0, 0xc5, 0x0, 0x86, 0x99, 0x20, 0x2c, 0x30,
    0xc, 0x60, 0x48, 0x8c, 0xe9, 0x87, 0x3, 0xc2,
    0x2, 0x98, 0x53, 0x7, 0xf0, 0x24, 0x79, 0x50,
    0x0, 0x1, 0x4b, 0xa8, 0xaa, 0xc5, 0x20, 0x0,
    0x0, 0x0, 0x0, 0x2, 0x70, 0x0, 0x0, 0x0,
    0x0, 0x0, 0x0, 0x3, 0x80, 0x0, 0x0, 0x0,
    0x0, 0x0, 0x0, 0x1, 0x30, 0x0, 0x0, 0x0,

    /* U+1F342 "🍂" */
    0x0, 0x0, 0x0, 0x0, 0x3, 0x10, 0x0, 0x0,
    0x0, 0x0, 0x0, 0x0, 0x0, 0x0, 0xa0, 0x0,
    0x0, 0x0, 0x0, 0x0, 0x0, 0x0, 0x0, 0x45,
    0x0, 0x56, 0xaa, 0x70, 0x0, 0x0, 0x0, 0x8a,
    0x9f, 0x60, 0x0, 0xea, 0x97, 0x70, 0x0, 0x0,
    0xa3, 0x1, 0x76, 0x60, 0xa, 0xf, 0x49, 0x10,
    0x0, 0x74, 0x1, 0xf1, 0x9, 0x10, 0x86, 0x0,
    0x55, 0x0, 0x48, 0x39, 0x9f, 0x40, 0x36, 0x0,
    0x49, 0xab, 0x60, 0x8, 0x11, 0x7, 0x5a, 0x0,
    0x90, 0x2, 0x0, 0x0, 0x0, 0x90, 0x18, 0xf0,
    0x34, 0x9, 0x0, 0xc0, 0x0, 0x0, 0x46, 0x48,
    0xbd, 0x0, 0x3, 0x61, 0xaf, 0x98, 0x0, 0x2,
    0x80, 0x58, 0x73, 0xa, 0xb1, 0x91, 0xd6, 0x65,
    0x0, 0xa1, 0x4a, 0x0, 0x8, 0x40, 0x9, 0x4b,
    0x91, 0x90, 0x91, 0x4, 0x5, 0x87, 0x80, 0x0,
    0xa3, 0x19, 0xa, 0x7, 0xaa, 0x9a, 0x62, 0x40,
    0x0, 0x4, 0xa0, 0x20, 0x90, 0x0, 0x0, 0x0,
    0x0, 0x0, 0x0, 0xb, 0x20, 0xa, 0x0, 0x0,
    0x0, 0x0, 0x0, 0x0, 0x0, 0x1a, 0x71, 0x92,
    0x0, 0x0, 0x0, 0x0, 0x0, 0x0, 0x0, 0x3,
    0x89, 0x20,

    /* U+1F343 "🍃" */
    0x0, 0x0, 0x17, 0x30, 0x0, 0x0, 0x0, 0x5,
    0x92, 0x0, 0x0, 0x0, 0x0, 0x19, 0x0, 0x0,
    0x0, 0x0, 0x0, 0x36, 0x0, 0x0, 0x0, 0x0,
    0x0, 0xa, 0x4a, 0x9a, 0xa6, 0x0, 0x0, 0x8,
    0xf1, 0x0, 0x5, 0x80, 0x0, 0xa, 0x29, 0x83,
    0x0, 0xb0, 0x0, 0x9, 0x0, 0x16, 0x99, 0x40,
    0x0, 0x4, 0x0, 0x0, 0x0, 0x0, 0x0, 0x0,
    0x1, 0x32, 0x11, 0x71, 0x0, 0x2, 0xa8, 0x67,
    0x99, 0x75, 0x0, 0x1a, 0x0, 0x0, 0x0, 0x54,
    0x0, 0x81, 0x0, 0x6a, 0x30, 0x81, 0x0, 0x90,
    0x6a, 0x40, 0x0, 0xa0, 0xa, 0xfd, 0x40, 0x0,
    0x9, 0x30, 0x0, 0xa, 0x50, 0x3, 0xa4, 0x0,
    0x0, 0x0, 0x59, 0x96, 0x10, 0x0,

    /* U+1F345 "🍅" */
    0x0, 0x0, 0x0, 0x0, 0x5, 0x0, 0x0, 0x0,
    0x0, 0x0, 0x0, 0x0, 0x0, 0x58, 0x0, 0x0,
    0x0, 0x0, 0x0, 0x0, 0x5, 0x60, 0x94, 0x68,
    0x0, 0x0, 0x0, 0x0, 0x0, 0x49, 0xff, 0xfc,
    0xfa, 0x85, 0x0, 0x0, 0x0, 0x2a, 0x51, 0x7f,
    0xff, 0xf8, 0x13, 0x94, 0x0, 0x1, 0xa0, 0x2e,
    0xff, 0xff, 0xcb, 0xb0, 0x8, 0x40, 0xa, 0x0,
    0x0, 0x11, 0x6f, 0xa0, 0x0, 0x0, 0xa1, 0x36,
    0x4, 0x0, 0x0, 0x4, 0xa1, 0x0, 0x0, 0x27,
    0x81, 0xa, 0x0, 0x0, 0x0, 0x0, 0x0, 0x0,
    0xa, 0x90, 0xa, 0x0, 0x0, 0x0, 0x0, 0x0,
    0x0, 0x9, 0x82, 0xa, 0x0, 0x0, 0x0, 0x0,
    0x0, 0x0, 0xa, 0x36, 0x5, 0x50, 0x0, 0x0,
    0x0, 0x0, 0x0, 0x27, 0xa, 0x10, 0x0, 0x0,
    0x0, 0x0, 0x0, 0x0, 0xa1, 0x2, 0xa0, 0x0,
    0x0, 0x0, 0x0, 0x0, 0x8, 0x50, 0x0, 0x2b,
    0x30, 0x0, 0x0, 0x0, 0x1, 0xa5, 0x0, 0x0,
    0x0, 0x8a, 0x51, 0x0, 0x14, 0x99, 0x20, 0x0,
    0x0, 0x0, 0x0, 0x48, 0x99, 0x85, 0x10, 0x0,
    0x0,

    /* U+1F346 "🍆" */
    0x1, 0x20, 0x0, 0x0, 0x0, 0x0, 0x0, 0x0,
    0x0, 0x7, 0xd0, 0x0, 0x0, 0x0, 0x0, 0x0,
    0x0, 0x0, 0x3, 0xfc, 0x93, 0x0, 0x0, 0x0,
    0x0, 0x0, 0x0, 0x6, 0xff, 0xff, 0xd8, 0x0,
    0x0, 0x0, 0x0, 0x0, 0xc, 0xff, 0xfc, 0xf9,
    0x0, 0x0, 0x0, 0x0, 0x0, 0xe, 0xff, 0xf1,
    0xa, 0x30, 0x0, 0x0, 0x0, 0x0, 0xf, 0xf6,
    0xb0, 0x0, 0x96, 0x0, 0x0, 0x0, 0x0, 0x3d,
    0xa0, 0x0, 0x0, 0x6, 0x91, 0x0, 0x0, 0x0,
    0x0, 0x91, 0x0, 0x0, 0x0, 0x19, 0x93, 0x0,
    0x0, 0x0, 0x28, 0x0, 0x0, 0x0, 0x0, 0x17,
    0xa5, 0x0, 0x0, 0x8, 0x30, 0x0, 0x0, 0x0,
    0x0, 0x6, 0xa0, 0x0, 0x0, 0xa2, 0x0, 0x0,
    0x0, 0x0, 0x0, 0x56, 0x0, 0x0, 0xa, 0x20,
    0x0, 0x0, 0x0, 0x0, 0xa, 0x0, 0x0, 0x1,
    0xa4, 0x0, 0x0, 0x0, 0x0, 0x9, 0x0, 0x0,
    0x0, 0x7, 0x80, 0x0, 0x0, 0x0, 0x83, 0x0,
    0x0, 0x0, 0x0, 0x3a, 0x83, 0x0, 0x29, 0x60,
    0x0, 0x0, 0x0, 0x0, 0x0, 0x27, 0x99, 0x71,
    0x0,

    /* U+1F34C "🍌" */
    0x0, 0x0, 0x8, 0x81, 0x0, 0x0, 0x0, 0x0,
    0x0, 0x7, 0x32, 0xa1, 0x0, 0x0, 0x0, 0x0,
    0x0, 0x90, 0x2, 0x80, 0x0, 0x0, 0x0, 0x0,
    0x9, 0x0, 0x9, 0x10, 0x0, 0x0, 0x0, 0x0,
    0x72, 0x0, 0x46, 0x0, 0x0, 0x0, 0x0, 0x4,
    0x50, 0x0, 0x90, 0x0, 0x0, 0x0, 0x0, 0x27,
    0x0, 0x9, 0x0, 0x0, 0x0, 0x1, 0x31, 0x90,
    0x0, 0xc9, 0x60, 0x0, 0x6, 0x96, 0x8e, 0x10,
    0x8f, 0xff, 0xa0, 0x2, 0x90, 0x9, 0xfd, 0xac,
    0x60, 0x8f, 0x20, 0x72, 0x9, 0x39, 0x4e, 0x9,
    0x0, 0xf7, 0x9, 0x3, 0x75, 0x56, 0x30, 0xf0,
    0xf, 0xe1, 0xa0, 0xa1, 0xa0, 0xa0, 0x2e, 0x40,
    0x86, 0x1a, 0x84, 0xa3, 0xa2, 0xa, 0x2a, 0x4,
    0x50, 0x64, 0x98, 0xa3, 0x8, 0x60, 0x48, 0x39,
    0x0, 0xdf, 0x71, 0x3a, 0x50, 0x0, 0x25, 0x10,
    0x2, 0x89, 0x96, 0x10, 0x0, 0x0, 0x0, 0x0,

    /* U+1F34E "🍎" */
    0x0, 0x0, 0x0, 0x0, 0x0, 0x58, 0x40, 0x0,
    0x0, 0x0, 0x0, 0x0, 0x1c, 0xff, 0x20, 0x0,
    0x0, 0x0, 0x0, 0x5, 0x9f, 0xf8, 0x0, 0x0,
    0x0, 0x0, 0x0, 0x6, 0xfc, 0x50, 0x0, 0x0,
    0x0, 0x18, 0xcc, 0x97, 0x77, 0xbd, 0xa3, 0x0,
    0x1, 0xdf, 0xff, 0xff, 0xff, 0xff, 0xff, 0x50,
    0xa, 0xff, 0xff, 0xff, 0xff, 0xff, 0xff, 0xf1,
    0x1f, 0xff, 0xff, 0xff, 0xff, 0xff, 0xff, 0xf7,
    0x4f, 0xff, 0xff, 0xff, 0xff, 0xff, 0xff, 0xfa,
    0x5f, 0xff, 0xff, 0xff, 0xff, 0xff, 0xff, 0xfb,
    0x5f, 0xff, 0xff, 0xff, 0xff, 0xff, 0xff, 0xfb,
    0x2f, 0xff, 0xff, 0xff, 0xff, 0xff, 0xff, 0xf8,
    0xd, 0xff, 0xff, 0xff, 0xff, 0xff, 0xff, 0xf3,
    0x6, 0xff, 0xff, 0xff, 0xff, 0xff, 0xff, 0xb0,
    0x0, 0xbf, 0xff, 0xff, 0xff, 0xff, 0xff, 0x20,
    0x0, 0xb, 0xff, 0xff, 0xff, 0xff, 0xe3, 0x0,
    0x0, 0x0, 0x48, 0x83, 0x16, 0x86, 0x0, 0x0,

    /* U+1F34F "🍏" */
    0x0, 0x0, 0x0, 0x0, 0x1, 0x67, 0x0, 0x0,
    0x0, 0x0, 0x0, 0x0, 0x4f, 0xf9, 0x0, 0x0,
    0x0, 0x0, 0x0, 0x5, 0xff, 0xf2, 0x0, 0x0,
    0x0, 0x0, 0x0, 0xf, 0xea, 0x20, 0x0, 0x0,
    0x0, 0x18, 0x99, 0x6a, 0x38, 0x99, 0x50, 0x0,
    0x3, 0xa1, 0x0, 0x3f, 0x70, 0x0, 0x59, 0x0,
    0xa, 0x0, 0x0, 0x7e, 0x65, 0x0, 0x5, 0x50,
    0x45, 0x0, 0x0, 0x24, 0x30, 0x0, 0x0, 0xa0,
    0x81, 0x0, 0x0, 0x0, 0x0, 0x0, 0x0, 0x90,
    0x90, 0x0, 0x0, 0x0, 0x0, 0x0, 0x0, 0x81,
    0x81, 0x0, 0x0, 0x0, 0x0, 0x0, 0x0, 0x90,
    0x63, 0x0, 0x0, 0x0, 0x0, 0x0, 0x0, 0xa0,
    0x19, 0x0, 0x0, 0x0, 0x0, 0x0, 0x1, 0x90,
    0xa, 0x20, 0x0, 0x0, 0x0, 0x0, 0x8, 0x20,
    0x1, 0xa0, 0x0, 0x0, 0x0, 0x0, 0x48, 0x0,
    0x0, 0x3a, 0x30, 0x18, 0x40, 0x17, 0x90, 0x0,
    0x0, 0x1, 0x79, 0x72, 0x59, 0x83, 0x0, 0x0,

    /* U+1F351 "🍑" */
    0x0, 0x3, 0x78, 0x61, 0x0, 0x2, 0x78, 0x61,
    0x0, 0x0, 0x8, 0xff, 0xff, 0x70, 0x9f, 0xff,
    0xf4, 0x0, 0x0, 0x1, 0xff, 0xef, 0xff, 0xff,
    0xef, 0xe0, 0x0, 0x0, 0x3a, 0x20, 0x0, 0xd,
    0x20, 0x0, 0x3a, 0x10, 0x1, 0xa0, 0x0, 0x0,
    0x1, 0xa0, 0x0, 0x1, 0xa0, 0x9, 0x10, 0x0,
    0x0, 0x0, 0x82, 0x0, 0x0, 0x55, 0xa, 0x0,
    0x0, 0x0, 0x0, 0x27, 0x0, 0x0, 0x9, 0x9,
    0x0, 0x0, 0x0, 0x0, 0xa, 0x0, 0x0, 0x9,
    0x9, 0x0, 0x0, 0x0, 0x0, 0xa, 0x0, 0x0,
    0x9, 0xa, 0x0, 0x0, 0x0, 0x0, 0xa, 0x0,
    0x0, 0x18, 0x8, 0x20, 0x0, 0x0, 0x0, 0xa,
    0x0, 0x0, 0x64, 0x1, 0x90, 0x0, 0x0, 0x0,
    0x18, 0x0, 0x0, 0xa0, 0x0, 0x65, 0x0, 0x0,
    0x0, 0x54, 0x0, 0x9, 0x30, 0x0, 0x8, 0x50,
    0x0, 0x0, 0xa0, 0x0, 0x85, 0x0, 0x0, 0x0,
    0x78, 0x0, 0x0, 0x30, 0x1a, 0x40, 0x0, 0x0,
    0x0, 0x2, 0xa8, 0x20, 0x49, 0x91, 0x0, 0x0,
    0x0, 0x0, 0x0, 0x2, 0x79, 0x61, 0x0, 0x0,
    0x0,

    /* U+1F352 "🍒" */
    0x0, 0x0, 0x48, 0x98, 0x74, 0x0, 0x0, 0x5,
    0xa5, 0x10, 0x13, 0x9b, 0x0, 0x49, 0x60, 0x0,
    0x0, 0x39, 0x0, 0xa, 0xfd, 0x52, 0x14, 0x98,
    0x0, 0x0, 0x8, 0x6d, 0xfb, 0x61, 0x0, 0x0,
    0x0, 0xa, 0x0, 0x88, 0x0, 0x0, 0x0, 0x0,
    0x54, 0x0, 0x3a, 0x0, 0x0, 0x0, 0x0, 0x80,
    0x0, 0x29, 0x0, 0x0, 0x0, 0x9, 0x0, 0x0,
    0xa7, 0x0, 0x0, 0x18, 0xfa, 0x53, 0xa7, 0xd9,
    0x50, 0x2a, 0x29, 0x5, 0xf0, 0x7c, 0x28, 0x2a,
    0x14, 0xd9, 0x6, 0x41, 0x52, 0x19, 0xa0, 0x0,
    0x0, 0x9, 0x0, 0x0, 0x9a, 0x0, 0x0, 0x1,
    0x80, 0x0, 0x37, 0x92, 0x0, 0x0, 0xa9, 0x0,
    0x2a, 0x1, 0xa4, 0x1, 0x78, 0x6a, 0x98, 0x10,
    0x0, 0x69, 0x93, 0x0, 0x0, 0x0, 0x0,

    /* U+1F353 "🍓" */
    0x0, 0x70, 0x0, 0x0, 0x0, 0x0, 0x0, 0x0,
    0x2, 0xf0, 0x0, 0x25, 0x54, 0x0, 0x0, 0x0,
    0x1, 0xf3, 0x3c, 0xff, 0xff, 0x93, 0x0, 0x0,
    0x0, 0xaf, 0xff, 0xff, 0x80, 0x18, 0x80, 0x0,
    0x0, 0x5f, 0xff, 0xff, 0xf5, 0x14, 0x49, 0x0,
    0x1, 0xef, 0xff, 0xff, 0xfc, 0x3, 0x7, 0x30,
    0x7, 0xff, 0xff, 0xfd, 0x0, 0x0, 0x1, 0x90,
    0xe, 0xff, 0xff, 0xff, 0x4, 0x10, 0x10, 0xa0,
    0x2f, 0xff, 0xf9, 0xbc, 0x2, 0x20, 0x80, 0x90,
    0x1f, 0x1c, 0xf1, 0x11, 0x0, 0x0, 0x0, 0xa0,
    0x7, 0x22, 0x50, 0x15, 0x1, 0x20, 0x0, 0xa0,
    0x3, 0x70, 0x70, 0x0, 0x0, 0x40, 0x61, 0x90,
    0x0, 0xa1, 0x20, 0x60, 0x0, 0x0, 0x10, 0x72,
    0x0, 0x1b, 0x20, 0x42, 0x0, 0x0, 0x0, 0x63,
    0x0, 0x1, 0x98, 0x30, 0x0, 0x72, 0x0, 0x90,
    0x0, 0x0, 0x2, 0x7a, 0xa7, 0x30, 0x17, 0x70,
    0x0, 0x0, 0x0, 0x0, 0x3, 0x79, 0x83, 0x0,

    /* U+1F354 "🍔" */
    0x0, 0x0, 0x4, 0x79, 0x98, 0x40, 0x0, 0x0,
    0x0, 0x7, 0xa5, 0x20, 0x1, 0x5a, 0x80, 0x0,
    0x0, 0xa4, 0x0, 0x13, 0x4, 0x0, 0x3a, 0x10,
    0x7, 0x30, 0x40, 0x0, 0x0, 0x4, 0x2, 0x90,
    0xa, 0x0, 0x0, 0x40, 0x30, 0x0, 0x0, 0x90,
    0x9, 0x0, 0x0, 0x0, 0x0, 0x0, 0x0, 0x81,
    0xb, 0x10, 0x0, 0x0, 0x0, 0x0, 0x0, 0xf9,
    0x85, 0xa7, 0x20, 0x0, 0x0, 0x1, 0x6a, 0x5a,
    0x78, 0x12, 0x79, 0x99, 0x99, 0x97, 0x30, 0x63,
    0xc, 0xf4, 0x11, 0x0, 0x2, 0x0, 0x7f, 0xf0,
    0x68, 0x6f, 0xff, 0xff, 0xff, 0xff, 0xf3, 0xe1,
    0xf, 0xf8, 0x25, 0x78, 0x87, 0x51, 0xaf, 0xf0,
    0xf, 0xff, 0xfa, 0x0, 0x0, 0x7f, 0xff, 0xf0,
    0x9, 0x39, 0xff, 0xfa, 0x4f, 0xff, 0xa2, 0xa0,
    0x2, 0xa1, 0x4, 0x6a, 0xf7, 0x40, 0x9, 0x30,
    0x0, 0x19, 0x84, 0x10, 0x1, 0x37, 0xa3, 0x0,
    0x0, 0x0, 0x15, 0x89, 0x98, 0x62, 0x0, 0x0,

    /* U+1F355 "🍕" */
    0x0, 0x0, 0x0, 0x3, 0x79, 0x97, 0x10, 0x0,
    0x0, 0x18, 0xa6, 0x30, 0x2, 0xa0, 0x0, 0x5,
    0xa2, 0x0, 0x0, 0x0, 0x72, 0x0, 0x86, 0x0,
    0x2, 0x58, 0xab, 0xd0, 0x7, 0x60, 0x0, 0x86,
    0x21, 0x88, 0x80, 0x19, 0x0, 0x8, 0x40, 0x5,
    0xff, 0xc0, 0x72, 0x4, 0xa3, 0x0, 0x1, 0xca,
    0x90, 0x90, 0x2a, 0xb, 0xa0, 0x6b, 0x20, 0x90,
    0x73, 0x89, 0x9f, 0xf2, 0xcf, 0x55, 0xf3, 0x8,
    0xd7, 0x6d, 0x60, 0x25, 0xb, 0xf7, 0x0, 0x5,
    0x84, 0x85, 0x90, 0x3, 0xbb, 0x0, 0x0, 0x49,
    0x4d, 0xa0, 0x9, 0x29, 0x0, 0x0, 0x3, 0xaa,
    0x0, 0x1f, 0x69, 0x0, 0x0, 0x0, 0x1f, 0xb,
    0x82, 0x9, 0x0, 0x0, 0x0, 0x9, 0xd, 0x38,
    0x8b, 0x0, 0x0, 0x0, 0x9, 0x2a, 0x98, 0x3b,
    0x0, 0x0, 0x0, 0x3, 0x91, 0x2, 0x85,

    /* U+1F356 "🍖" */
    0x0, 0x99, 0x10, 0x0, 0x0, 0x0, 0x0, 0x0,
    0x19, 0x64, 0x50, 0x0, 0x0, 0x0, 0x0, 0x0,
    0x91, 0x2, 0x90, 0x36, 0x40, 0x0, 0x0, 0x0,
    0x69, 0x30, 0xbe, 0xff, 0xfc, 0x10, 0x0, 0x0,
    0x1, 0x9a, 0xff, 0xff, 0xff, 0xa0, 0x0, 0x0,
    0x0, 0x4f, 0xff, 0xff, 0xff, 0xf7, 0x0, 0x0,
    0x0, 0xbf, 0xff, 0xff, 0xff, 0xff, 0xe4, 0x0,
    0x0, 0xff, 0xff, 0xff, 0xd6, 0x21, 0x4c, 0x40,
    0x1, 0xff, 0xff, 0xfa, 0x18, 0xb4, 0xe4, 0xb0,
    0x0, 0xef, 0xff, 0xc2, 0xdf, 0xf8, 0xfb, 0x90,
    0x0, 0x4f, 0xff, 0x3d, 0xff, 0xff, 0xf9, 0xa0,
    0x0, 0x3, 0xec, 0x1a, 0xbf, 0x4, 0x80, 0xa0,
    0x0, 0x0, 0x59, 0x3c, 0xdf, 0x70, 0x5c, 0x90,
    0x0, 0x0, 0xa, 0x3e, 0xff, 0xc2, 0x0, 0x73,
    0x0, 0x0, 0x4, 0x71, 0x55, 0x1b, 0x4, 0xa1,
    0x0, 0x0, 0x0, 0x3a, 0xaa, 0xae, 0xa, 0x20,
    0x0, 0x0, 0x0, 0x0, 0x0, 0x4, 0x93, 0x0,

    /* U+1F357 "🍗" */
    0x0, 0x66, 0x0, 0x0, 0x0, 0x0, 0x0, 0x0,
    0x1, 0x96, 0x40, 0x0, 0x0, 0x0, 0x0, 0x0,
    0x2a, 0x20, 0xa0, 0x0, 0x0, 0x0, 0x0, 0x0,
    0x91, 0x0, 0x73, 0x0, 0x0, 0x0, 0x0, 0x0,
    0x3a, 0x30, 0x2d, 0x0, 0x0, 0x0, 0x0, 0x0,
    0x0, 0x7a, 0xcf, 0xc3, 0x0, 0x0, 0x0, 0x0,
    0x0, 0x1, 0xcf, 0xff, 0xb4, 0x0, 0x0, 0x0,
    0x0, 0x0, 0x1f, 0xff, 0xff, 0xe9, 0x30, 0x0,
    0x0, 0x0, 0xa, 0xfb, 0xff, 0xff, 0xfa, 0x0,
    0x0, 0x0, 0x5, 0xf8, 0xff, 0xff, 0xff, 0xc0,
    0x0, 0x0, 0x2, 0xff, 0xff, 0xff, 0xff, 0xf7,
    0x0, 0x0, 0x0, 0xff, 0xcf, 0xff, 0xff, 0xfd,
    0x0, 0x0, 0x0, 0xaf, 0x7f, 0xff, 0xff, 0xff,
    0x0, 0x0, 0x0, 0x4f, 0xff, 0xef, 0xff, 0xfe,
    0x0, 0x0, 0x0, 0xa, 0xff, 0x6f, 0xff, 0xf8,
    0x0, 0x0, 0x0, 0x0, 0xaf, 0xff, 0xff, 0xb0,
    0x0, 0x0, 0x0, 0x0, 0x3, 0x79, 0x84, 0x0,

    /* U+1F35F "🍟" */
    0x0, 0x0, 0x8, 0x76, 0x0, 0x0, 0x0, 0x0,
    0x18, 0x87, 0x9, 0x9b, 0x74, 0x0, 0x3, 0x37,
    0x5a, 0x8, 0x67, 0xb, 0x96, 0x47, 0x87, 0xb,
    0x25, 0x7a, 0xf, 0x16, 0x7, 0x68, 0xaa, 0xa8,
    0x99, 0x9f, 0x52, 0x7, 0x1f, 0x19, 0x80, 0xa4,
    0x88, 0x70, 0x2, 0x5f, 0x7, 0x72, 0xc0, 0xb4,
    0x70, 0x0, 0xaa, 0x29, 0x54, 0x93, 0xa4, 0x80,
    0x0, 0xff, 0xaa, 0x46, 0x77, 0xef, 0x50, 0x0,
    0x6f, 0xff, 0x7c, 0x8f, 0xff, 0x20, 0x0, 0x3f,
    0xff, 0xff, 0xff, 0x7f, 0x0, 0x0, 0xf, 0xff,
    0xff, 0xff, 0x6c, 0x0, 0x0, 0xd, 0xff, 0xff,
    0xff, 0x69, 0x0, 0x0, 0xa, 0xff, 0xff, 0xfe,
    0x86, 0x0, 0x0, 0x7, 0xff, 0xff, 0xfc, 0xa3,
    0x0, 0x0, 0x4, 0xff, 0xff, 0xb6, 0xf0, 0x0,
    0x0, 0x0, 0x7c, 0xdd, 0xdb, 0x50, 0x0,

    /* U+1F363 "🍣" */
    0x0, 0x0, 0x4, 0x9d, 0x87, 0x30, 0x0, 0x0,
    0x0, 0x5, 0xa8, 0xb2, 0x18, 0xff, 0x70, 0x0,
    0x0, 0x48, 0x28, 0x2, 0xa4, 0x0, 0x4a, 0x10,
    0x0, 0xa0, 0x91, 0x1a, 0x0, 0x18, 0xab, 0xe0,
    0x0, 0xac, 0xc7, 0x8b, 0x73, 0xa2, 0x0, 0x47,
    0x0, 0x2d, 0x4, 0x12, 0x3a, 0x60, 0x29, 0xaf,
    0x0, 0x2f, 0xaa, 0x96, 0x30, 0x4b, 0xa0, 0xa,
    0x2c, 0x9f, 0xff, 0xff, 0xfa, 0x21, 0x96, 0xa,
    0xcd, 0x4e, 0xff, 0xff, 0xff, 0xf8, 0x8, 0xd3,
    0xbf, 0xb5, 0x5f, 0xff, 0xff, 0xff, 0xfa, 0x0,
    0x56, 0x7c, 0xff, 0xff, 0xff, 0xff, 0xfa, 0x0,
    0x36, 0x40, 0x5b, 0xff, 0xff, 0xff, 0xfe, 0x0,
    0xa, 0x40, 0x21, 0x4c, 0xff, 0xff, 0xa8, 0x0,
    0x0, 0x79, 0x12, 0x0, 0x48, 0x72, 0x9, 0x0,
    0x0, 0x1, 0x97, 0x0, 0x0, 0x0, 0x84, 0x0,
    0x0, 0x0, 0x3, 0x98, 0x20, 0x3a, 0x40, 0x0,
    0x0, 0x0, 0x0, 0x1, 0x79, 0x71, 0x0, 0x0,

    /* U+1F364 "🍤" */
    0x0, 0x0, 0x0, 0x0, 0x1, 0x88, 0xa8, 0x51,
    0x0, 0x0, 0x0, 0x0, 0x0, 0x0, 0x4b, 0x22,
    0x2, 0x4a, 0x0, 0x0, 0x0, 0x0, 0x0, 0x0,
    0xa0, 0x0, 0x0, 0x4, 0xb2, 0x0, 0x0, 0x4a,
    0x56, 0x3, 0x60, 0x0, 0x0, 0x0, 0x18, 0x0,
    0x4, 0xdd, 0xff, 0x48, 0x10, 0x0, 0x0, 0x9,
    0x8, 0x60, 0x2f, 0xf7, 0xf8, 0x53, 0x60, 0x0,
    0x0, 0x2, 0x0, 0xb0, 0x1f, 0x8d, 0xa8, 0x41,
    0x80, 0x0, 0x0, 0x0, 0x0, 0x95, 0x8, 0xca,
    0xfc, 0x30, 0x79, 0x40, 0x0, 0x0, 0x40, 0xa,
    0x0, 0xaf, 0xff, 0x30, 0x0, 0x69, 0x90, 0x0,
    0x81, 0x37, 0x0, 0xa, 0xff, 0xe3, 0x0, 0x0,
    0x73, 0x0, 0x0, 0x18, 0x0, 0x4, 0xff, 0xff,
    0x67, 0x3a, 0xe0, 0x0, 0x0, 0x84, 0x0, 0x0,
    0xef, 0xff, 0x63, 0x72, 0x0, 0x0, 0x0, 0xb0,
    0x0, 0x0, 0x6f, 0xff, 0x40, 0x0, 0x1, 0x0,
    0x18, 0x80, 0x0, 0x0, 0xa, 0xff, 0x10, 0x0,
    0x73, 0x0, 0x93, 0x0, 0x0, 0x0, 0x0, 0x97,
    0x3, 0x70, 0x0, 0x25, 0xa0, 0x0, 0x0, 0x0,
    0x0, 0xa, 0x82, 0x21, 0x35, 0xa4, 0x0, 0x0,
    0x0, 0x0, 0x0, 0x0, 0x17, 0x78, 0x55, 0x0,
    0x0, 0x0,

    /* U+1F36B "🍫" */
    0x0, 0x0, 0x7, 0x10, 0x0, 0x0, 0x0, 0x0,
    0x0, 0x0, 0x9, 0xfd, 0x10, 0x0, 0x0, 0x0,
    0x0, 0x0, 0x9, 0xff, 0xdd, 0x10, 0x0, 0x0,
    0x0, 0x0, 0x8, 0xfb, 0x4d, 0xfd, 0x10, 0x0,
    0x0, 0x0, 0x8, 0xff, 0xfe, 0xfc, 0xed, 0x41,
    0x0, 0x0, 0x8, 0xfc, 0x7f, 0xf9, 0x6f, 0xf9,
    0xa0, 0x0, 0x0, 0x9f, 0x8d, 0xff, 0xff, 0xe5,
    0x6, 0x30, 0x0, 0x0, 0x9f, 0xf8, 0x8f, 0xd4,
    0x1, 0xaf, 0x10, 0x0, 0x0, 0x9f, 0xaf, 0xf0,
    0x5, 0x92, 0x1b, 0x10, 0x0, 0x0, 0x9f, 0xf8,
    0x0, 0x90, 0x0, 0x1b, 0x10, 0x0, 0x0, 0xa7,
    0x15, 0x8b, 0x0, 0x0, 0x1b, 0x0, 0x0, 0x1,
    0xee, 0x41, 0x0, 0x0, 0x1, 0xb0, 0x0, 0x0,
    0x3, 0x85, 0x0, 0x0, 0x1, 0xa1, 0x0, 0x0,
    0x0, 0x0, 0x85, 0x0, 0x1, 0xa1, 0x0, 0x0,
    0x0, 0x0, 0x0, 0x95, 0x1, 0xa1, 0x0, 0x0,
    0x0, 0x0, 0x0, 0x0, 0x96, 0xa2, 0x0, 0x0,
    0x0, 0x0, 0x0, 0x0, 0x0, 0x72, 0x0, 0x0,
    0x0,

    /* U+1F36D "🍭" */
    0x0, 0x0, 0x58, 0x97, 0x20, 0x0, 0x0, 0x0,
    0x0, 0x5, 0xa4, 0x10, 0x28, 0x90, 0x0, 0x0,
    0x0, 0x6, 0x70, 0x28, 0x95, 0x3, 0xb0, 0x0,
    0x0, 0x2, 0x90, 0x78, 0x10, 0x5a, 0x5, 0x80,
    0x0, 0x0, 0x91, 0x37, 0x0, 0x0, 0x47, 0xe,
    0x0, 0x0, 0xa, 0x9, 0x3, 0xaa, 0x50, 0xa0,
    0xc4, 0x0, 0x0, 0x90, 0xa0, 0xa0, 0x5a, 0xa,
    0xd, 0x60, 0x0, 0xa, 0xa, 0xa, 0x1c, 0x52,
    0x81, 0xf5, 0x0, 0x0, 0xa0, 0x73, 0x76, 0x13,
    0xb1, 0xad, 0x20, 0x0, 0x5, 0x50, 0xa2, 0x48,
    0x61, 0x98, 0xa0, 0x0, 0x0, 0xa, 0x20, 0x89,
    0x9a, 0xa3, 0xf7, 0x0, 0x0, 0x0, 0xa, 0x50,
    0x0, 0x2, 0xaf, 0xf4, 0x0, 0x0, 0x0, 0x5,
    0xa9, 0x99, 0x81, 0xb, 0xf4, 0x0, 0x0, 0x0,
    0x0, 0x0, 0x0, 0x0, 0xb, 0xf5, 0x0, 0x0,
    0x0, 0x0, 0x0, 0x0, 0x0, 0xc, 0xf5, 0x0,
    0x0, 0x0, 0x0, 0x0, 0x0, 0x0, 0xc, 0xf2,
    0x0, 0x0, 0x0, 0x0, 0x0, 0x0, 0x0, 0x5,
    0x0,

    /* U+1F36E "🍮" */
    0x0, 0x0, 0x0, 0x0, 0x22, 0x0, 0x0, 0x0,
    0x0, 0x0, 0x0, 0x0, 0x6c, 0xff, 0xff, 0xd8,
    0x10, 0x0, 0x0, 0x0, 0x0, 0xbf, 0xff, 0xff,
    0xfe, 0x6d, 0x10, 0x0, 0x0, 0x0, 0x1f, 0xff,
    0xff, 0xff, 0xf8, 0xe6, 0x0, 0x0, 0x0, 0x4,
    0xff, 0xff, 0xff, 0xfb, 0x7f, 0x90, 0x0, 0x0,
    0x7, 0xf4, 0x7c, 0xff, 0xff, 0xe8, 0x1f, 0x90,
    0x0, 0x9, 0x39, 0x0, 0x0, 0x22, 0x10, 0x0,
    0x92, 0xa0, 0x5, 0x50, 0xa0, 0x70, 0x0, 0x0,
    0x0, 0x9, 0x3, 0x70, 0xa0, 0x9, 0x36, 0x0,
    0x0, 0x0, 0x0, 0x63, 0xa, 0x9, 0x2, 0x73,
    0x90, 0x0, 0x0, 0x0, 0x3, 0x50, 0x90, 0x90,
    0xa, 0x3, 0x20, 0x0, 0x0, 0x0, 0x92, 0x9,
    0x9, 0x0, 0x2a, 0x51, 0x0, 0x0, 0x4, 0xa5,
    0x0, 0xa0, 0x38, 0x0, 0x5, 0x9a, 0xaa, 0xa9,
    0x60, 0x0, 0x64, 0x0, 0x77, 0x0, 0x0, 0x0,
    0x0, 0x0, 0x0, 0x68, 0x0, 0x0, 0x5b, 0x50,
    0x0, 0x0, 0x0, 0x4, 0xa6, 0x0, 0x0, 0x0,
    0x5, 0x9a, 0xa9, 0x9a, 0xaa, 0x50, 0x0, 0x0,
    0x0, 0x0, 0x0, 0x0, 0x0, 0x0, 0x0, 0x0,
    0x0, 0x0,

    /* U+1F36F "🍯" */
    0x0, 0x0, 0x0, 0x0, 0x1, 0x82, 0x0, 0x0,
    0x0, 0x0, 0x0, 0x82, 0xa1, 0x0, 0x0, 0x0,
    0x0, 0x2a, 0x19, 0x20, 0x4, 0x8a, 0xbb, 0xcc,
    0x6b, 0x30, 0xd, 0xf8, 0x42, 0x4c, 0x6f, 0xf2,
    0x0, 0xd8, 0x3, 0x5b, 0x7f, 0xfe, 0x10, 0x3f,
    0xa0, 0xff, 0xff, 0xff, 0xf4, 0xb, 0xfd, 0xf,
    0xff, 0xff, 0xff, 0xc0, 0xff, 0xb0, 0xef, 0xff,
    0xff, 0xff, 0xf, 0xfb, 0xd, 0xff, 0xff, 0xff,
    0xf0, 0xff, 0xe2, 0xff, 0xff, 0xff, 0xff, 0x8,
    0x9a, 0xde, 0xff, 0xed, 0xa9, 0x80, 0x2f, 0x51,
    0x0, 0x0, 0x14, 0xf2, 0x0, 0xff, 0xff, 0xee,
    0xff, 0xff, 0x0, 0x2, 0x84, 0x67, 0x76, 0x49,
    0x30, 0x0, 0x9, 0x64, 0x22, 0x46, 0x90, 0x0,
    0x0, 0x7, 0xbd, 0xdb, 0x70, 0x0, 0x0,

    /* U+1F370 "🍰" */
    0x0, 0x0, 0x0, 0x3, 0x50, 0x0, 0x0, 0x0,
    0x0, 0x0, 0x0, 0x4f, 0xfb, 0x0, 0x0, 0x0,
    0x0, 0x0, 0x0, 0xdb, 0xec, 0xd4, 0x0, 0x0,
    0x0, 0x0, 0x6, 0xff, 0xbf, 0x98, 0xb2, 0x0,
    0x0, 0x0, 0x2c, 0xee, 0xfc, 0xf3, 0x27, 0x90,
    0x0, 0x1, 0xa0, 0x7d, 0xeb, 0x38, 0xa1, 0x54,
    0x0, 0xa, 0x10, 0x0, 0x0, 0x0, 0x6f, 0xf1,
    0x0, 0x92, 0x0, 0x0, 0x15, 0x9b, 0x82, 0xa0,
    0x6, 0x52, 0x47, 0x88, 0x84, 0x13, 0x40, 0xa0,
    0x1e, 0x86, 0x42, 0x25, 0x89, 0x97, 0xc0, 0xa0,
    0x1e, 0x99, 0x99, 0x63, 0x11, 0x58, 0xf0, 0xa0,
    0x19, 0x0, 0x25, 0x8b, 0xf9, 0x43, 0x91, 0xa0,
    0xf, 0x99, 0x75, 0xdf, 0xb0, 0xff, 0xf1, 0x55,
    0x9, 0x1b, 0xe8, 0x47, 0x9b, 0xc4, 0x82, 0x65,
    0xf, 0xef, 0xfc, 0x52, 0x0, 0x37, 0xeb, 0x60,
    0x9, 0x1, 0x24, 0x79, 0xa9, 0x62, 0x0, 0x0,
    0x8, 0x98, 0x75, 0x30, 0x0, 0x0, 0x0, 0x0,

    /* U+1F371 "🍱" */
    0x5a, 0xaa, 0xaa, 0xaa, 0xaa, 0xaa, 0xaa, 0xaa,
    0xa5, 0x62, 0x56, 0x66, 0x52, 0xae, 0xb2, 0x46,
    0x65, 0x37, 0x72, 0xba, 0x99, 0xc7, 0x76, 0x78,
    0x63, 0x87, 0x27, 0x81, 0x80, 0x0, 0x97, 0x99,
    0xa8, 0x67, 0xe8, 0x18, 0x90, 0xa0, 0x0, 0xa7,
    0xbc, 0xc7, 0x6a, 0x99, 0x9, 0x90, 0x93, 0xe0,
    0x85, 0x87, 0xb5, 0x7b, 0xba, 0x9, 0x90, 0xa0,
    0x40, 0xa2, 0xa8, 0x74, 0x69, 0x98, 0x1a, 0xa1,
    0xb0, 0x0, 0x87, 0x9a, 0x97, 0xda, 0x9f, 0x2a,
    0x91, 0xd3, 0x33, 0xb8, 0x67, 0x49, 0xeb, 0x8f,
    0x3a, 0x92, 0xdd, 0xdd, 0xb5, 0xbc, 0xd5, 0xaa,
    0xaf, 0x3a, 0xe8, 0x88, 0x88, 0x88, 0x88, 0x88,
    0x88, 0x88, 0x8d, 0xa1, 0x11, 0x11, 0x11, 0x11,
    0x11, 0x11, 0x11, 0x1a, 0x81, 0x0, 0x0, 0x0,
    0x0, 0x0, 0x0, 0x0, 0x8, 0x63, 0x0, 0x0,
    0x0, 0x0, 0x0, 0x0, 0x0, 0x36, 0x3b, 0xaa,
    0xaa, 0xaa, 0xaa, 0xaa, 0xaa, 0xaa, 0xb3,

    /* U+1F372 "🍲" */
    0x0, 0x0, 0x0, 0x0, 0x0, 0x2, 0x60, 0x0,
    0x0, 0x0, 0x0, 0x0, 0x0, 0x0, 0x0, 0x29,
    0x87, 0x0, 0x0, 0x0, 0x0, 0x0, 0x0, 0x0,
    0x19, 0x81, 0x28, 0x0, 0x0, 0x0, 0x0, 0x0,
    0x0, 0x0, 0xa1, 0x17, 0x90, 0x0, 0x0, 0x0,
    0x0, 0x0, 0x0, 0x37, 0xf6, 0xfc, 0x74, 0x0,
    0x0, 0x0, 0x0, 0x0, 0x7a, 0x62, 0x6e, 0x32,
    0x35, 0x99, 0x10, 0x0, 0xa, 0xaa, 0x33, 0x9a,
    0x87, 0x67, 0x9b, 0x72, 0x9a, 0xb2, 0x73, 0x0,
    0x77, 0x1, 0x56, 0x76, 0x30, 0x3a, 0x20, 0x19,
    0x91, 0x0, 0xa4, 0xcb, 0xff, 0xdf, 0xfe, 0x93,
    0x70, 0xa, 0x2a, 0x60, 0x7f, 0xf5, 0x7e, 0x7f,
    0x4c, 0xfd, 0x14, 0xa3, 0x0, 0x83, 0x3, 0x9d,
    0xff, 0xff, 0xfc, 0x70, 0x1a, 0x0, 0x0, 0x27,
    0x0, 0x0, 0x1, 0x10, 0x0, 0x0, 0x54, 0x0,
    0x0, 0xa, 0x0, 0x0, 0x0, 0x0, 0x0, 0x0,
    0x90, 0x0, 0x0, 0x9, 0x10, 0x0, 0x0, 0x0,
    0x0, 0x0, 0xa0, 0x0, 0x0, 0x2, 0x90, 0x0,
    0x0, 0x0, 0x0, 0x7, 0x40, 0x0, 0x0, 0x0,
    0x4a, 0x52, 0x0, 0x0, 0x15, 0xa6, 0x0, 0x0,
    0x0, 0x0, 0x0, 0x47, 0x99, 0x99, 0x74, 0x0,
    0x0, 0x0,

    /* U+1F373 "🍳" */
    0x0, 0x0, 0x59, 0xa9, 0x40, 0x0, 0x0, 0x0,
    0x3e, 0xff, 0xff, 0xfc, 0x20, 0x0, 0x3, 0xff,
    0xfc, 0x34, 0xcf, 0xe1, 0x0, 0xd, 0xff, 0xe1,
    0x0, 0x1d, 0xfa, 0x0, 0x4f, 0xff, 0x71, 0x74,
    0x5, 0xff, 0x10, 0x8f, 0xfd, 0x9, 0xaf, 0x20,
    0xff, 0x50, 0x9f, 0xf3, 0xa, 0xff, 0x30, 0xef,
    0x60, 0x7f, 0xd0, 0x3, 0xa6, 0x0, 0xff, 0x40,
    0x3f, 0xe0, 0x0, 0x0, 0x6, 0xff, 0x0, 0xb,
    0xf8, 0x12, 0x0, 0x3f, 0xf8, 0x0, 0x1, 0xdf,
    0xff, 0xfe, 0xff, 0xf0, 0x0, 0x0, 0x1a, 0xff,
    0xff, 0xff, 0xf1, 0x0, 0x0, 0x0, 0x15, 0x64,
    0x6, 0xfb, 0x0, 0x0, 0x0, 0x0, 0x0, 0x0,
    0xbf, 0x60, 0x0, 0x0, 0x0, 0x0, 0x0, 0x1d,
    0xa2, 0x0, 0x0, 0x0, 0x0, 0x0, 0x4, 0xca,
    0x0, 0x0, 0x0, 0x0, 0x0, 0x0, 0x61,

    /* U+1F377 "🍷" */
    0x0, 0x69, 0x97, 0x20, 0x0, 0x99, 0x10, 0x5d,
    0x0, 0xa, 0x68, 0x97, 0x75, 0x4, 0x50, 0x0,
    0x0, 0x90, 0x81, 0x0, 0x0, 0xa, 0xa, 0x0,
    0x0, 0x0, 0x90, 0x95, 0x10, 0x9, 0xe8, 0x1a,
    0x7e, 0xad, 0xfc, 0x90, 0x66, 0xdf, 0xff, 0x59,
    0x0, 0x96, 0x66, 0x5a, 0x10, 0x0, 0x4a, 0xf6,
    0x0, 0x0, 0x0, 0x2e, 0x0, 0x0, 0x0, 0x2,
    0xe0, 0x0, 0x0, 0x16, 0xff, 0x92, 0x0, 0x1c,
    0x44, 0x63, 0x94, 0x1, 0xc3, 0x0, 0x19, 0x50,
    0x1, 0x69, 0x97, 0x30, 0x0,

    /* U+1F378 "🍸" */
    0x0, 0x0, 0x0, 0x0, 0x0, 0x0, 0x1, 0x4,
    0x99, 0x99, 0x88, 0x99, 0x9b, 0xe0, 0xc6, 0x14,
    0x68, 0x88, 0x87, 0x6c, 0x4f, 0x6f, 0xfa, 0x51,
    0x0, 0x16, 0xff, 0xfd, 0x3, 0xb4, 0x67, 0x89,
    0x9f, 0x58, 0x70, 0x0, 0x3a, 0x0, 0x4f, 0xf0,
    0x67, 0x0, 0x0, 0x3, 0xa0, 0xaf, 0xb6, 0x70,
    0x0, 0x0, 0x0, 0x39, 0x58, 0x77, 0x0, 0x0,
    0x0, 0x0, 0x4, 0x83, 0x90, 0x0, 0x0, 0x0,
    0x0, 0x0, 0x9a, 0x0, 0x0, 0x0, 0x0, 0x0,
    0x0, 0x7c, 0x0, 0x0, 0x0, 0x0, 0x0, 0x0,
    0x7d, 0x0, 0x0, 0x0, 0x0, 0x0, 0x0, 0x7c,
    0x0, 0x0, 0x0, 0x0, 0x0, 0x0, 0xa9, 0x20,
    0x0, 0x0, 0x0, 0x2, 0x89, 0x20, 0x89, 0x40,
    0x0, 0x0, 0x8, 0x61, 0x0, 0x3, 0xb0, 0x0,
    0x0, 0x0, 0x58, 0x99, 0x96, 0x10, 0x0,

    /* U+1F379 "🍹" */
    0x40, 0x0, 0x0, 0x0, 0x0, 0xb, 0xf6, 0x50,
    0x0, 0x0, 0x0, 0x1f, 0x6b, 0xa0, 0x4, 0xba,
    0x16, 0x8c, 0xf8, 0x22, 0xb0, 0x0, 0x48, 0xff,
    0xdd, 0xff, 0x10, 0x0, 0x9a, 0x10, 0xb, 0x54,
    0x0, 0x0, 0xa0, 0x3, 0x81, 0x80, 0x0, 0x18,
    0xcf, 0xff, 0x8a, 0x0, 0x5, 0x5a, 0xef, 0xfd,
    0x81, 0x0, 0x76, 0x7f, 0xff, 0xf6, 0x30, 0x5,
    0x6c, 0xbf, 0xfb, 0x91, 0x0, 0xa, 0x5b, 0xda,
    0x68, 0x0, 0x0, 0x8, 0xbe, 0xa6, 0x0, 0x0,
    0x0, 0x4, 0xf0, 0x0, 0x0, 0x0, 0x3, 0xdf,
    0x91, 0x0, 0x0, 0x5, 0xa4, 0x44, 0xc1, 0x0,
    0x0, 0x6, 0x9a, 0x95, 0x0, 0x0,

    /* U+1F37A "🍺" */
    0x0, 0x0, 0x28, 0x83, 0x0, 0x0, 0x0, 0x0,
    0x16, 0xa2, 0x5, 0x50, 0x0, 0x0, 0x1, 0xa4,
    0x0, 0x0, 0x74, 0x0, 0x0, 0x7, 0x40, 0x0,
    0x0, 0x5, 0x90, 0x0, 0xa, 0x0, 0x0, 0x0,
    0x0, 0xa0, 0x0, 0xf, 0x90, 0x4, 0x67, 0xac,
    0x70, 0x0, 0xa, 0x4b, 0xaf, 0xff, 0xd3, 0xfa,
    0x30, 0xa, 0xf, 0xff, 0xfa, 0xd3, 0xe3, 0xa2,
    0xa, 0xd, 0xff, 0x9f, 0xd3, 0x7b, 0x37, 0xa,
    0xd, 0xbe, 0x5f, 0xd2, 0x6b, 0x27, 0xa, 0xc,
    0x7f, 0xf8, 0xd2, 0xf5, 0x64, 0xa, 0xc, 0x7f,
    0xfb, 0xd2, 0x94, 0x90, 0xa, 0xc, 0x7f, 0xff,
    0xd2, 0xf7, 0x0, 0x9, 0xd, 0x6f, 0xff, 0xc1,
    0x80, 0x0, 0x9, 0x4, 0xac, 0xca, 0x30, 0x90,
    0x0, 0xa, 0x83, 0x10, 0x1, 0x4a, 0x70, 0x0,
    0x0, 0x26, 0x89, 0x98, 0x51, 0x0, 0x0,

    /* U+1F37B "🍻" */
    0x0, 0x0, 0x0, 0x30, 0x23, 0x0, 0x0, 0x0,
    0x0, 0x0, 0x0, 0x0, 0x1, 0x85, 0x20, 0x55,
    0x10, 0x0, 0x0, 0x0, 0x0, 0x5, 0x75, 0x17,
    0xb4, 0x59, 0x80, 0x0, 0x0, 0x0, 0x0, 0x4,
    0x5c, 0x30, 0x0, 0xa, 0x0, 0x0, 0x0, 0x7,
    0x99, 0x56, 0xd3, 0x0, 0x26, 0xf5, 0x60, 0x0,
    0x0, 0xa0, 0x0, 0x0, 0xaa, 0x9f, 0xdb, 0x43,
    0x80, 0x3, 0x6f, 0xb9, 0x91, 0x0, 0x2f, 0xfd,
    0x5d, 0x95, 0x32, 0x75, 0xc1, 0x15, 0x62, 0x78,
    0xfd, 0xc2, 0x83, 0x57, 0x76, 0x5c, 0x6f, 0xf3,
    0xe4, 0xff, 0xff, 0x78, 0x27, 0x88, 0x72, 0x79,
    0xcf, 0xf, 0x49, 0xfe, 0xeb, 0x4c, 0x45, 0x87,
    0x54, 0xcf, 0xe5, 0xca, 0x3e, 0xed, 0xe1, 0xf7,
    0x9, 0x5f, 0x1f, 0xdf, 0xf6, 0xb6, 0x9f, 0xff,
    0x34, 0x70, 0x28, 0xf2, 0xfc, 0xff, 0x29, 0x84,
    0xfb, 0x40, 0xa, 0x0, 0x39, 0x17, 0x9c, 0xe2,
    0x78, 0x0, 0x0, 0x9, 0x40, 0x9, 0x42, 0x10,
    0x0, 0x45, 0x81, 0x13, 0x8a, 0x30, 0x0, 0x2c,
    0xff, 0xeb, 0x63, 0x71, 0x89, 0x72, 0x0, 0x0,
    0x0, 0x1, 0x58, 0x9a, 0x71, 0x0, 0x0, 0x0,
    0x0, 0x0,

    /* U+1F37C "🍼" */
    0x0, 0x0, 0x0, 0x0, 0x0, 0x0, 0x0, 0x67,
    0x0, 0x0, 0x0, 0x0, 0x0, 0x0, 0x39, 0x97,
    0x91, 0x0, 0x0, 0x0, 0x0, 0xa, 0xeb, 0x1,
    0x58, 0x0, 0x0, 0x0, 0x0, 0x9, 0xa8, 0xc0,
    0x8, 0x10, 0x0, 0x0, 0x0, 0x8a, 0xf7, 0xbb,
    0xa0, 0x91, 0x0, 0x0, 0x0, 0x94, 0x4, 0xf6,
    0xab, 0xe8, 0x0, 0x0, 0x0, 0x94, 0x36, 0x8,
    0xf5, 0xc8, 0x70, 0x0, 0x1, 0xa4, 0x1b, 0x0,
    0x8, 0xf6, 0xe2, 0x0, 0x6, 0x91, 0x2, 0x10,
    0x0, 0x4, 0xf4, 0x0, 0x6, 0x70, 0x0, 0x0,
    0x0, 0x0, 0xa, 0x0, 0x0, 0xa0, 0x0, 0x0,
    0x0, 0x0, 0x7, 0x50, 0x0, 0xa, 0x0, 0x0,
    0x0, 0x0, 0x8, 0x60, 0x0, 0x0, 0x82, 0x0,
    0x0, 0x0, 0x8, 0x40, 0x0, 0x0, 0x1, 0xa0,
    0x0, 0x0, 0x5, 0x50, 0x0, 0x0, 0x0, 0x3,
    0x90, 0x0, 0x1, 0x90, 0x0, 0x0, 0x0, 0x0,
    0x3, 0xa4, 0x2, 0xa1, 0x0, 0x0, 0x0, 0x0,
    0x0, 0x0, 0x69, 0x71, 0x0, 0x0, 0x0, 0x0,
    0x0,

    /* U+1F37E "🍾" */
    0x3, 0x40, 0x70, 0x10, 0x0, 0x0, 0x0, 0x0,
    0x2f, 0xe0, 0x20, 0x40, 0x0, 0x0, 0x0, 0x0,
    0x19, 0xd0, 0x78, 0x0, 0x0, 0x0, 0x0, 0x0,
    0x0, 0x4, 0x67, 0x0, 0x0, 0x0, 0x0, 0x0,
    0x61, 0x35, 0x8, 0x0, 0x0, 0x0, 0x0, 0x0,
    0x0, 0x67, 0xaf, 0xb0, 0x0, 0x0, 0x0, 0x0,
    0x0, 0x0, 0x2e, 0xf9, 0x0, 0x0, 0x0, 0x0,
    0x0, 0x0, 0x2, 0x90, 0x75, 0x0, 0x0, 0x0,
    0x0, 0x0, 0x0, 0x52, 0x2, 0xc7, 0x0, 0x0,
    0x0, 0x0, 0x0, 0x8, 0x3, 0xaf, 0x90, 0x0,
    0x0, 0x0, 0x0, 0x8, 0xff, 0xff, 0x67, 0x0,
    0x0, 0x0, 0x0, 0x3, 0xff, 0xf7, 0x4, 0x60,
    0x0, 0x0, 0x0, 0x0, 0xaf, 0xb0, 0x0, 0x45,
    0x0, 0x0, 0x0, 0x0, 0xc, 0xf7, 0x0, 0xc,
    0x0, 0x0, 0x0, 0x0, 0x1, 0xdf, 0x50, 0x89,
    0x0, 0x0, 0x0, 0x0, 0x0, 0x2e, 0xfb, 0xb0,
    0x0, 0x0, 0x0, 0x0, 0x0, 0x3, 0x95, 0x0,

    /* U+1F381 "🎁" */
    0x0, 0x16, 0x50, 0x0, 0x0, 0x5, 0x60, 0x0,
    0x0, 0x94, 0x5a, 0x20, 0x4, 0xb4, 0x49, 0x0,
    0x0, 0x90, 0x0, 0xda, 0xbe, 0x0, 0x9, 0x0,
    0x0, 0x90, 0x0, 0x80, 0x9, 0x0, 0x9, 0x0,
    0x5c, 0xb0, 0x37, 0xd0, 0xf, 0x73, 0xb, 0xd2,
    0xb8, 0xf0, 0x39, 0xff, 0xff, 0x82, 0x1f, 0xa6,
    0xa0, 0x3f, 0xcf, 0x60, 0x9, 0xfd, 0xf2, 0x36,
    0x99, 0x29, 0xb, 0x7b, 0xc8, 0xa1, 0x83, 0xd5,
    0x3b, 0xaf, 0x2a, 0x9, 0x0, 0x96, 0xf9, 0xc0,
    0x37, 0xb, 0x7f, 0x49, 0x27, 0xf6, 0xa0, 0xa0,
    0x37, 0xa, 0x9, 0x5f, 0xa3, 0xa0, 0xa0, 0xa0,
    0x37, 0xa, 0x8, 0x9, 0x0, 0xa0, 0xa0, 0xa0,
    0x37, 0xa, 0x8, 0x9, 0x0, 0xa0, 0xa0, 0xa0,
    0x19, 0x9c, 0x8, 0x9, 0x0, 0xa0, 0xea, 0x80,
    0x0, 0x19, 0x9b, 0x9, 0x0, 0xfb, 0x80, 0x0,
    0x0, 0x0, 0x18, 0x9c, 0x7b, 0x60, 0x0, 0x0,
    0x0, 0x0, 0x0, 0x8, 0x50, 0x0, 0x0, 0x0,

    /* U+1F382 "🎂" */
    0x0, 0x0, 0x0, 0x0, 0x0, 0x0, 0x0, 0x0,
    0x0, 0x70, 0x1, 0x8, 0x0, 0x0, 0x0, 0x0,
    0xc4, 0x28, 0xe, 0x10, 0x0, 0x0, 0x0, 0x30,
    0x49, 0x4, 0x0, 0x0, 0x0, 0x0, 0xc3, 0x36,
    0xe, 0x10, 0x0, 0x0, 0x0, 0xd8, 0xbf, 0x4f,
    0x10, 0x0, 0x0, 0x79, 0xf7, 0x7d, 0x3f, 0xb7,
    0x0, 0xb, 0x30, 0x82, 0x5a, 0x9, 0x3, 0xb0,
    0x74, 0x3d, 0x30, 0x12, 0x0, 0xa3, 0x47, 0x90,
    0x7d, 0x80, 0x7a, 0x4, 0xe6, 0x9, 0x90, 0x38,
    0x30, 0xbd, 0x20, 0x72, 0x9, 0x94, 0x0, 0x0,
    0x57, 0x0, 0x0, 0x49, 0x8f, 0x10, 0x67, 0x0,
    0x66, 0x0, 0xe8, 0x5f, 0xc8, 0xff, 0x22, 0xff,
    0x8c, 0xf5, 0xd, 0xff, 0xff, 0xff, 0xff, 0xff,
    0xd0, 0x1, 0xaf, 0xff, 0xff, 0xff, 0xfa, 0x10,
    0x0, 0x0, 0x46, 0x77, 0x64, 0x0, 0x0,

    /* U+1F388 "🎈" */
    0x0, 0x6, 0x98, 0x50, 0x0, 0x0, 0x3a, 0x40,
    0x15, 0xa2, 0x0, 0x1a, 0x0, 0x9, 0x1, 0xa0,
    0x9, 0x10, 0x0, 0x3, 0x34, 0x60, 0xa0, 0x0,
    0x0, 0xb, 0xa, 0x9, 0x0, 0x0, 0x0, 0x80,
    0x90, 0xa0, 0x0, 0x0, 0x0, 0xa, 0xa, 0x0,
    0x0, 0x0, 0x0, 0xa0, 0x56, 0x0, 0x0, 0x0,
    0xa, 0x0, 0xa1, 0x0, 0x0, 0x3, 0x60, 0x1,
    0xa0, 0x0, 0x0, 0xa1, 0x0, 0x2, 0xa4, 0x0,
    0x76, 0x0, 0x0, 0x0, 0x6d, 0xea, 0x0, 0x0,
    0x0, 0x0, 0xa6, 0xb0, 0x0, 0x0, 0x0, 0x3,
    0xe1, 0x0, 0x0, 0x0, 0x0, 0xa, 0x29, 0xa0,
    0x0, 0x0, 0x0, 0x57, 0x3, 0x20,

    /* U+1F389 "🎉" */
    0x0, 0x0, 0x0, 0x0, 0x0, 0x0, 0x30, 0x0,
    0x0, 0x30, 0x0, 0x9a, 0x0, 0x3, 0x40, 0x40,
    0x0, 0x70, 0x9, 0x30, 0x3, 0x70, 0x0, 0x73,
    0x33, 0x0, 0xb, 0x29, 0x60, 0x0, 0x0, 0x18,
    0x3, 0x0, 0xb, 0xc0, 0xa0, 0x6a, 0x70, 0x9,
    0x0, 0x29, 0x2, 0xfa, 0x80, 0xa0, 0x4a, 0xa3,
    0x0, 0x0, 0x59, 0xf4, 0x0, 0x91, 0x2, 0x0,
    0x0, 0x7, 0x80, 0xa7, 0x91, 0xa2, 0x7, 0x0,
    0x0, 0xf, 0x10, 0x90, 0xdf, 0x30, 0x0, 0x28,
    0x0, 0x3f, 0x17, 0x37, 0x28, 0x33, 0x60, 0xa1,
    0x0, 0xa6, 0x60, 0x2, 0x3, 0xa0, 0x4, 0x50,
    0x1, 0xf1, 0xb2, 0x9, 0xa8, 0xf9, 0x9, 0x0,
    0x7, 0x69, 0x1b, 0x61, 0x6, 0x64, 0xa6, 0x0,
    0xf, 0x34, 0xa2, 0x5f, 0xf7, 0x0, 0x0, 0x9,
    0x46, 0xa3, 0x5f, 0xd3, 0x0, 0x1, 0x80, 0x0,
    0x91, 0x6f, 0x81, 0x0, 0x0, 0x0, 0x10, 0x29,
    0x49, 0x40, 0x0, 0x0, 0x0, 0x0, 0x0, 0x0,

    /* U+1F38A "🎊" */
    0x0, 0x28, 0x96, 0x0, 0x0, 0x27, 0x96, 0x0,
    0x5, 0x81, 0x30, 0xc3, 0x6, 0x82, 0x84, 0xb1,
    0x9, 0x0, 0x3, 0xae, 0x1d, 0x60, 0x0, 0x28,
    0x45, 0x1, 0xbf, 0xf9, 0xd, 0xfe, 0x50, 0xa,
    0x37, 0x1d, 0xff, 0xa0, 0x91, 0xdf, 0xf7, 0xa,
    0xb, 0x9f, 0xf7, 0x51, 0x0, 0x6a, 0xff, 0x68,
    0x4, 0xd9, 0x23, 0x3d, 0x10, 0xb1, 0x5b, 0xb0,
    0x0, 0x1b, 0x1a, 0xa, 0x50, 0xba, 0x30, 0x0,
    0x3, 0xb3, 0x29, 0xc, 0x32, 0x2f, 0x10, 0x72,
    0x4, 0x70, 0x47, 0x59, 0x7, 0xe, 0xc2, 0x0,
    0x0, 0xb0, 0x83, 0x92, 0x0, 0xb, 0x2c, 0x10,
    0xa, 0x40, 0xc0, 0x75, 0x2, 0x6a, 0x13, 0x90,
    0x3, 0x8, 0x67, 0xb, 0x12, 0x16, 0x60, 0x90,
    0x90, 0x3b, 0x1, 0x3, 0x90, 0x1, 0xb0, 0x0,
    0x3, 0xc1, 0x33, 0x3, 0x90, 0x0, 0x77, 0x0,
    0x3c, 0x10, 0x14, 0x7, 0x16, 0x10, 0x9, 0x30,
    0x0, 0x0, 0x0, 0x0, 0x3, 0x10, 0x0, 0x0,

    /* U+1F396 "🎖" */
    0x5, 0x9a, 0xdd, 0xda, 0x93, 0x0, 0xa0, 0x4f,
    0xff, 0x0, 0xa0, 0xa, 0x4, 0xff, 0xf0, 0xa,
    0x0, 0xa0, 0x4f, 0xff, 0x0, 0xa0, 0xa, 0x4,
    0xff, 0xf0, 0xa, 0x0, 0x76, 0x4f, 0xff, 0x9,
    0x30, 0x0, 0x7b, 0xff, 0xf9, 0x30, 0x0, 0x0,
    0x7f, 0xfd, 0x30, 0x0, 0x0, 0x0, 0x9c, 0x30,
    0x0, 0x0, 0x0, 0x54, 0x69, 0x0, 0x0, 0x6b,
    0x97, 0x6, 0x49, 0x9b, 0x7, 0x86, 0x40, 0x20,
    0x57, 0xd0, 0x8, 0x41, 0x3d, 0x22, 0xa1, 0x0,
    0x9, 0x3, 0x12, 0x81, 0x0, 0x0, 0x84, 0x30,
    0x68, 0x20, 0x0, 0xa, 0x99, 0x96, 0xb5, 0x0,
    0x0, 0xd6, 0x0, 0x4b, 0x50, 0x0,

    /* U+1F3A0 "🎠" */
    0x0, 0x0, 0x0, 0x9, 0xa0, 0x0, 0x0, 0x0,
    0x3, 0x70, 0x0, 0x0, 0xaf, 0x10, 0x0, 0x0,
    0x0, 0x57, 0xfe, 0xb3, 0xd, 0x91, 0x0, 0x0,
    0x0, 0x9, 0xa9, 0x5f, 0x80, 0xae, 0x10, 0x0,
    0x0, 0x0, 0x95, 0x60, 0x7f, 0x2d, 0xa1, 0x0,
    0x0, 0x0, 0x8, 0x6, 0x50, 0xd6, 0xaf, 0x10,
    0x0, 0x0, 0x0, 0x81, 0xac, 0x15, 0x7c, 0x81,
    0x0, 0x0, 0x0, 0x9, 0xba, 0x80, 0x1f, 0xff,
    0xfe, 0x76, 0x40, 0x0, 0x13, 0x8, 0x3d, 0xff,
    0xff, 0xc2, 0x9f, 0x80, 0x0, 0x2, 0xee, 0x49,
    0xdf, 0x98, 0x33, 0xfa, 0x0, 0x0, 0x1c, 0x0,
    0x95, 0x36, 0x90, 0x5c, 0x87, 0x0, 0x7f, 0xd0,
    0x8, 0x6a, 0x97, 0x6, 0x5c, 0xd1, 0xf, 0x38,
    0x88, 0x7f, 0xf9, 0xf6, 0x7, 0x30, 0x7, 0x99,
    0x0, 0x0, 0xab, 0x12, 0xff, 0x68, 0x0, 0x5b,
    0xb0, 0x0, 0xe, 0xc1, 0x0, 0xfe, 0x58, 0x1,
    0xf3, 0x0, 0x0, 0xad, 0x10, 0x2, 0xfa, 0xa0,
    0x1, 0x0, 0x0, 0x7, 0x90, 0x0, 0x0, 0x44,
    0x0,

    /* U+1F3A2 "🎢" */
    0x0, 0x0, 0x0, 0x0, 0x0, 0x0, 0x1, 0x0,
    0x41, 0x0, 0x0, 0x0, 0x0, 0x0, 0x0, 0x3d,
    0x35, 0xe7, 0x0, 0x0, 0x0, 0x0, 0x8, 0x4,
    0x99, 0xc5, 0x68, 0x0, 0x0, 0x0, 0x0, 0xd,
    0xc9, 0x59, 0xf7, 0x9a, 0x0, 0x0, 0x0, 0x92,
    0x86, 0x5f, 0x89, 0xdf, 0x7a, 0x0, 0x0, 0x0,
    0xbd, 0x89, 0x8d, 0x71, 0xd, 0x7a, 0x0, 0x0,
    0x4, 0x95, 0xfc, 0xa0, 0x18, 0xf8, 0xd2, 0x0,
    0x0, 0x8, 0x77, 0xb4, 0xb8, 0xd2, 0xa0, 0xa0,
    0x0, 0x0, 0xf, 0xda, 0x12, 0xc9, 0x50, 0x74,
    0x80, 0x0, 0x0, 0x2, 0xb1, 0x2f, 0x78, 0x10,
    0x74, 0x80, 0x0, 0x0, 0xf, 0x43, 0xb2, 0x8a,
    0x0, 0x74, 0x80, 0x0, 0x0, 0xa3, 0xcf, 0x11,
    0x8a, 0x0, 0x74, 0x80, 0x0, 0x7, 0x40, 0xab,
    0x1, 0x8a, 0x0, 0x74, 0x80, 0x0, 0x3c, 0x9,
    0x3a, 0x1, 0x8a, 0x0, 0x74, 0x80, 0x0, 0xa8,
    0xcf, 0x37, 0x1, 0x8a, 0x0, 0x74, 0x80, 0x7,
    0x30, 0xba, 0x45, 0x1, 0x8a, 0x0, 0x74, 0x80,
    0x9, 0xaa, 0x46, 0x93, 0x0, 0x98, 0x0, 0x49,
    0x50,

    /* U+1F3A3 "🎣" */
    0x0, 0x0, 0x0, 0x0, 0x0, 0x57, 0x75, 0x0,
    0x0, 0x0, 0x0, 0x0, 0x4, 0x75, 0x65, 0x48,
    0x0, 0x0, 0x0, 0x0, 0x0, 0xe8, 0x40, 0x18,
    0x36, 0x0, 0x0, 0x0, 0x0, 0x71, 0x0, 0x0,
    0x7, 0x70, 0x0, 0x0, 0x0, 0x8, 0x0, 0x0,
    0x0, 0x77, 0x0, 0x0, 0x0, 0x0, 0x70, 0x0,
    0x0, 0x7, 0x70, 0x0, 0x0, 0x0, 0x18, 0x0,
    0x0, 0x0, 0x77, 0x0, 0x0, 0x7a, 0x9f, 0x70,
    0x0, 0x0, 0x34, 0x70, 0x5, 0xa5, 0x33, 0xac,
    0x0, 0x0, 0x7, 0x34, 0x0, 0xa0, 0x1, 0x10,
    0xa0, 0x0, 0x5, 0xcd, 0x0, 0x8, 0x10, 0x91,
    0x28, 0x0, 0x4, 0xb0, 0xa0, 0x0, 0x28, 0x9,
    0xa, 0x20, 0xa, 0xff, 0x27, 0x0, 0x5, 0x90,
    0x2b, 0x61, 0xa9, 0xff, 0x98, 0x20, 0x9, 0x70,
    0xab, 0x30, 0x4, 0x1f, 0xf2, 0xa0, 0x0, 0x39,
    0xaa, 0x0, 0x0, 0x1, 0xf2, 0x54, 0x0, 0x0,
    0x4, 0x50, 0x0, 0x0, 0xa, 0xa, 0x0, 0x0,
    0x0, 0x0, 0x0, 0x0, 0x0, 0x39, 0x30, 0x0,
    0x0,

    /* U+1F3A5 "🎥" */
    0x0, 0x0, 0x15, 0x62, 0x0, 0x0, 0x0, 0x0,
    0x0, 0x0, 0x99, 0x44, 0x7a, 0x10, 0x0, 0x0,
    0x0, 0x0, 0x84, 0x77, 0x78, 0x2b, 0x0, 0x0,
    0x0, 0x0, 0x29, 0x75, 0xaa, 0x58, 0x55, 0x79,
    0x97, 0x0, 0x5, 0x47, 0xa0, 0xb, 0x52, 0xf5,
    0x77, 0x48, 0x0, 0x54, 0x7a, 0x32, 0xc6, 0x3f,
    0x82, 0x37, 0x90, 0x1, 0x96, 0x49, 0x93, 0x87,
    0xe8, 0x0, 0x98, 0x10, 0x8, 0x56, 0x77, 0x73,
    0xaa, 0x3a, 0xa3, 0xb0, 0x16, 0x57, 0x95, 0x8c,
    0xd5, 0x7f, 0x98, 0xb3, 0xb, 0x3f, 0x41, 0xdb,
    0x75, 0x55, 0x6a, 0xc8, 0x3, 0xa0, 0xaa, 0x5a,
    0x0, 0x0, 0x0, 0x0, 0xfa, 0xaa, 0xa, 0x59,
    0xd0, 0x0, 0x0, 0x0, 0xc, 0x3a, 0xa0, 0xa4,
    0x5d, 0x16, 0xaf, 0xff, 0xc0, 0xc7, 0x9a, 0xa,
    0x45, 0xd1, 0x6b, 0xff, 0xfd, 0xa, 0x0, 0xa0,
    0xa9, 0xbc, 0x1, 0x2, 0x22, 0x10, 0xa0, 0xa,
    0xe, 0x70, 0x80, 0x0, 0x0, 0x0, 0x19, 0x0,
    0x6a, 0xd0, 0x3, 0x9a, 0xaa, 0xaa, 0xa9, 0x10,
    0x0,

    /* U+1F3A7 "🎧" */
    0x0, 0x0, 0x16, 0x89, 0x85, 0x0, 0x0, 0x0,
    0x1, 0x98, 0x31, 0x1, 0x59, 0x70, 0x0, 0x1,
    0xa1, 0x3, 0x78, 0x62, 0x4, 0xa0, 0x0, 0xa1,
    0x1a, 0x72, 0x13, 0x88, 0x3, 0x80, 0x65, 0xa,
    0x10, 0x0, 0x0, 0x38, 0x8, 0x2a, 0x5, 0x40,
    0x0, 0x0, 0x0, 0x82, 0x27, 0x90, 0x90, 0x0,
    0x0, 0x0, 0x2, 0x70, 0x9a, 0x9, 0x0, 0x0,
    0x0, 0x0, 0x9, 0xa, 0x9d, 0x30, 0x0, 0x0,
    0x0, 0x0, 0x6f, 0x52, 0x6b, 0xbf, 0x10, 0x0,
    0xbe, 0xd5, 0x90, 0x2f, 0xe0, 0xdb, 0x0, 0x1f,
    0x86, 0xcd, 0x1, 0xf9, 0xb, 0xf0, 0x8, 0xf7,
    0x63, 0xf0, 0x99, 0x72, 0xaf, 0x0, 0xef, 0x58,
    0x1f, 0x2e, 0xb4, 0x57, 0xf2, 0xf, 0xf2, 0xa0,
    0xf6, 0x5e, 0x9, 0x3f, 0x30, 0xfd, 0x19, 0x2f,
    0x10, 0x49, 0x92, 0xf2, 0xf, 0x78, 0x6a, 0x0,
    0x0, 0x28, 0xc6, 0x0, 0x39, 0xd6, 0x0, 0x0,

    /* U+1F3AC "🎬" */
    0x0, 0x0, 0x0, 0x0, 0x0, 0x0, 0x35, 0x81,
    0x0, 0x0, 0x2, 0x47, 0x9f, 0xaa, 0xf7, 0x64,
    0x59, 0x9b, 0xf7, 0x9c, 0x12, 0xa3, 0x1c, 0xb6,
    0xaa, 0x70, 0x4b, 0x47, 0xf9, 0x9c, 0x75, 0x20,
    0xa9, 0xff, 0xbc, 0x96, 0x32, 0x22, 0x22, 0x21,
    0xa9, 0xbe, 0x6d, 0xa7, 0xf8, 0x9f, 0x7b, 0xd9,
    0x86, 0xb1, 0x79, 0x1b, 0x42, 0xc2, 0x5b, 0x19,
    0x4f, 0xff, 0xff, 0xff, 0xff, 0xff, 0xff, 0xf6,
    0xe, 0xff, 0xff, 0xff, 0xff, 0xff, 0xff, 0xf1,
    0xe, 0xd5, 0x55, 0x55, 0x55, 0x55, 0x5b, 0xf1,
    0xe, 0xff, 0xff, 0xff, 0xff, 0xff, 0xff, 0xf1,
    0xe, 0xff, 0xff, 0xff, 0xff, 0xff, 0xff, 0xf1,
    0xe, 0xe5, 0x55, 0x55, 0x55, 0x45, 0x5b, 0xf1,
    0xe, 0xff, 0xfa, 0xef, 0xff, 0x7f, 0xff, 0xf1,
    0xe, 0xff, 0xfa, 0xef, 0xff, 0x7f, 0xff, 0xf1,
    0xe, 0xff, 0xff, 0xff, 0xff, 0xff, 0xff, 0xf1,
    0x8, 0x99, 0x99, 0x99, 0x99, 0x99, 0x99, 0x90,

    /* U+1F3AE "🎮" */
    0x0, 0x2, 0x87, 0x0, 0x0, 0x0, 0x69, 0x20,
    0x0, 0x0, 0xd, 0xff, 0x99, 0xaa, 0xa9, 0xef,
    0xe0, 0x0, 0x0, 0x69, 0x20, 0x0, 0x0, 0x0,
    0x2, 0x97, 0x0, 0x3, 0x80, 0x34, 0x0, 0x0,
    0x0, 0x48, 0x8, 0x30, 0x9, 0x11, 0xee, 0x30,
    0x0, 0x6, 0x52, 0x81, 0x90, 0xa, 0x0, 0x46,
    0x2, 0x0, 0x20, 0x47, 0x0, 0xa0, 0x18, 0x0,
    0x0, 0x59, 0x88, 0x87, 0x0, 0x0, 0x82, 0x45,
    0x0, 0x0, 0x4b, 0x66, 0xb5, 0x0, 0x0, 0x55,
    0x72, 0x0, 0x0, 0x0, 0x0, 0x0, 0x0, 0x0,
    0x27, 0x90, 0x90, 0xa, 0x99, 0x99, 0x99, 0xa0,
    0x70, 0x9, 0x90, 0x90, 0x46, 0x0, 0x0, 0x0,
    0x64, 0x81, 0x9, 0x72, 0x0, 0xb0, 0x0, 0x0,
    0x0, 0xb, 0x10, 0x27, 0x1a, 0x9a, 0x30, 0x0,
    0x0, 0x0, 0x3, 0xa9, 0xa1,

    /* U+1F3AF "🎯" */
    0x0, 0x0, 0x0, 0x48, 0x98, 0x40, 0x0, 0x0,
    0x0, 0x0, 0x0, 0x6a, 0x51, 0x1, 0x59, 0x60,
    0x0, 0x0, 0x0, 0x9, 0x40, 0x48, 0x96, 0x10,
    0x4a, 0x0, 0x0, 0x0, 0xa2, 0x2a, 0x51, 0x3,
    0x97, 0x2, 0xfd, 0x50, 0x7, 0x32, 0xa0, 0x0,
    0x0, 0x5, 0x89, 0xff, 0xc5, 0x9, 0xa, 0x1,
    0x9a, 0x9a, 0x40, 0x9f, 0xff, 0xf2, 0x45, 0x46,
    0xa, 0x10, 0x0, 0x86, 0xcf, 0xff, 0xf3, 0x72,
    0x81, 0x73, 0x4, 0x95, 0x9f, 0x2a, 0x36, 0x90,
    0x81, 0x90, 0x90, 0xc, 0xff, 0x19, 0x9, 0x0,
    0x90, 0x72, 0x81, 0x73, 0x6, 0xc4, 0xa, 0xa,
    0x1, 0x80, 0x45, 0x46, 0x1a, 0x10, 0x0, 0x75,
    0xa, 0x5, 0x40, 0x9, 0xa, 0x2, 0xa9, 0x9a,
    0x50, 0x74, 0x9, 0x0, 0x7, 0x33, 0xa0, 0x0,
    0x0, 0x4, 0x80, 0x37, 0x0, 0x0, 0xa2, 0x3a,
    0x51, 0x3, 0x98, 0x1, 0xa0, 0x0, 0x0, 0xa,
    0x30, 0x59, 0x97, 0x20, 0x3a, 0x0, 0x0, 0x0,
    0x0, 0x79, 0x41, 0x0, 0x49, 0x70, 0x0, 0x0,
    0x0, 0x0, 0x0, 0x58, 0x98, 0x50, 0x0, 0x0,
    0x0,

    /* U+1F3B0 "🎰" */
    0x0, 0x0, 0x0, 0x7, 0x81, 0x0, 0x0, 0x0,
    0x0, 0x0, 0x0, 0x0, 0x7f, 0xfa, 0x0, 0x0,
    0x0, 0x0, 0x0, 0x0, 0x7a, 0x86, 0x68, 0xa8,
    0x10, 0x0, 0x0, 0x0, 0x2a, 0x33, 0x8a, 0xe9,
    0x32, 0xa5, 0x0, 0x0, 0x1, 0xa1, 0xc9, 0x20,
    0x91, 0x8d, 0x9, 0x30, 0x0, 0x8, 0x29, 0x6a,
    0x30, 0x90, 0xa7, 0x90, 0xb0, 0x0, 0x9, 0x38,
    0x0, 0x97, 0xba, 0x20, 0x64, 0x81, 0x0, 0x9,
    0xaa, 0xaa, 0xcf, 0xfd, 0xaa, 0xac, 0x63, 0x20,
    0x9, 0xa0, 0x0, 0x50, 0x5, 0x0, 0xa, 0x64,
    0xf6, 0x9, 0xa5, 0xd7, 0x5b, 0xe8, 0x6d, 0x7a,
    0x63, 0xc0, 0x9, 0xa0, 0x93, 0x50, 0xb5, 0xa,
    0x2a, 0x63, 0xa0, 0x9, 0xa0, 0x60, 0x50, 0x55,
    0x6, 0xa, 0x66, 0xa0, 0x9, 0xa7, 0x77, 0xc7,
    0x7c, 0x77, 0x7a, 0x69, 0x40, 0x37, 0x13, 0x33,
    0x33, 0x33, 0x33, 0x32, 0x46, 0x0, 0xca, 0xaa,
    0xaa, 0xaa, 0xaa, 0xaa, 0xaa, 0xae, 0x0, 0xa0,
    0x0, 0x0, 0x0, 0x0, 0x0, 0x0, 0x8, 0x0,
    0x6a, 0xaa, 0xaa, 0xaa, 0xaa, 0xaa, 0xaa, 0xa8,
    0x0,

    /* U+1F3B1 "🎱" */
    0x0, 0x0, 0x4, 0x9b, 0xba, 0x60, 0x0, 0x0,
    0x0, 0x0, 0x3d, 0xff, 0xff, 0xff, 0xf6, 0x0,
    0x0, 0x0, 0x5f, 0xd6, 0x46, 0xdf, 0xff, 0xfa,
    0x0, 0x0, 0x4f, 0xb0, 0x4a, 0x30, 0xdf, 0xff,
    0xf8, 0x0, 0xd, 0xf1, 0xb, 0x4c, 0x6, 0xff,
    0xff, 0xf3, 0x6, 0xfd, 0x0, 0xbe, 0x30, 0x4f,
    0xff, 0xff, 0xa0, 0xbf, 0xd0, 0x67, 0x84, 0x6,
    0xff, 0xff, 0xff, 0xe, 0xff, 0x21, 0xaa, 0x10,
    0xdf, 0xff, 0xff, 0xf3, 0xff, 0xfd, 0x30, 0x1,
    0xbf, 0xff, 0xff, 0xff, 0x4e, 0xff, 0xff, 0xed,
    0xff, 0xff, 0xff, 0xfd, 0xf3, 0xbf, 0xff, 0xff,
    0xff, 0xff, 0xff, 0xf6, 0xbf, 0x6, 0xff, 0xff,
    0xff, 0xff, 0xff, 0xfb, 0x5f, 0xb0, 0xe, 0xff,
    0xff, 0xff, 0xff, 0xf9, 0x5f, 0xf3, 0x0, 0x4f,
    0xff, 0xff, 0xff, 0xb4, 0x7f, 0xf9, 0x0, 0x0,
    0x6f, 0xff, 0xf6, 0x58, 0xef, 0xfa, 0x0, 0x0,
    0x0, 0x4d, 0xff, 0xff, 0xff, 0xf7, 0x0, 0x0,
    0x0, 0x0, 0x5, 0x9b, 0xca, 0x61, 0x0, 0x0,
    0x0,

    /* U+1F3B2 "🎲" */
    0x0, 0x0, 0x0, 0x27, 0x82, 0x0, 0x0, 0x0,
    0x0, 0x0, 0x29, 0x82, 0x17, 0xa3, 0x0, 0x0,
    0x0, 0x3a, 0x81, 0x0, 0x0, 0x7, 0xa4, 0x0,
    0x9, 0x70, 0x0, 0x4e, 0xf6, 0x0, 0x6, 0xb0,
    0x5f, 0x30, 0x0, 0x7f, 0xf9, 0x0, 0x2, 0xe7,
    0x93, 0x88, 0x10, 0x4, 0x50, 0x0, 0x79, 0x3a,
    0xa0, 0x22, 0xa6, 0x0, 0x0, 0x5a, 0x32, 0xa,
    0xa0, 0xf8, 0x5, 0xa4, 0x3a, 0x60, 0x6f, 0x1a,
    0xa0, 0x66, 0x0, 0xb, 0xc1, 0x0, 0x47, 0xa,
    0xa0, 0x0, 0x0, 0x4, 0x60, 0x3, 0x50, 0xa,
    0xa0, 0x0, 0x0, 0x4, 0x60, 0xf, 0xa0, 0xa,
    0x90, 0x0, 0x0, 0x4, 0x60, 0x5, 0x10, 0xa,
    0x56, 0x0, 0x9, 0x34, 0x61, 0xa1, 0x0, 0x47,
    0x6, 0x91, 0xb, 0xa4, 0x68, 0xe1, 0x9, 0x80,
    0x0, 0x1a, 0x60, 0x14, 0x60, 0x15, 0xa2, 0x0,
    0x0, 0x0, 0x5a, 0x49, 0xb3, 0xa6, 0x0, 0x0,
    0x0, 0x0, 0x0, 0x69, 0x97, 0x10, 0x0, 0x0,

    /* U+1F3B5 "🎵" */
    0x0, 0x0, 0x0, 0x0, 0x0, 0x0, 0x34, 0x0,
    0x0, 0x13, 0x68, 0xac, 0xef, 0xfe, 0x0, 0xe,
    0xff, 0xff, 0xff, 0xff, 0xfe, 0x0, 0xe, 0xff,
    0xff, 0xff, 0xff, 0xfe, 0x0, 0xe, 0xff, 0xec,
    0xa8, 0x64, 0x6e, 0x0, 0xe, 0x70, 0x0, 0x0,
    0x0, 0x5e, 0x0, 0xe, 0x50, 0x0, 0x0, 0x0,
    0x5e, 0x0, 0xe, 0x50, 0x0, 0x0, 0x0, 0x5e,
    0x0, 0xe, 0x50, 0x0, 0x0, 0x0, 0x5e, 0x0,
    0xe, 0x50, 0x0, 0x0, 0x0, 0x5e, 0x0, 0xe,
    0x50, 0x0, 0x0, 0x0, 0x5e, 0x0, 0xe, 0x50,
    0x0, 0x0, 0x17, 0xce, 0x1, 0x6f, 0x50, 0x0,
    0x0, 0xdf, 0xfe, 0x4f, 0xff, 0x50, 0x0, 0x5,
    0xff, 0xfc, 0xdf, 0xff, 0x30, 0x0, 0x3, 0xff,
    0xf5, 0xef, 0xfe, 0x0, 0x0, 0x0, 0x58, 0x40,
    0x5c, 0xb2, 0x0, 0x0, 0x0, 0x0, 0x0,

    /* U+1F3B6 "🎶" */
    0x0, 0x8, 0x0, 0x0, 0x0, 0x0, 0x0, 0x0,
    0x0, 0x0, 0x0, 0xf9, 0x0, 0x0, 0x0, 0x0,
    0x4, 0x20, 0x0, 0x0, 0xe, 0xdc, 0x0, 0x0,
    0x0, 0x0, 0x5d, 0x30, 0x0, 0x0, 0xe1, 0x84,
    0x0, 0x0, 0x0, 0x4, 0xff, 0x50, 0x0, 0xe,
    0x20, 0x50, 0x70, 0x0, 0x0, 0x4c, 0x1b, 0x0,
    0x0, 0xd2, 0x0, 0xf, 0x70, 0x0, 0x3, 0xd0,
    0x40, 0x0, 0x4e, 0x30, 0x0, 0xfe, 0x80, 0x0,
    0x2e, 0x0, 0x2, 0xdf, 0xf3, 0x0, 0x1e, 0xc,
    0x10, 0x3, 0xe0, 0x0, 0xbf, 0xff, 0x20, 0x1,
    0xe0, 0x42, 0x2c, 0xff, 0x0, 0xf, 0xff, 0xd0,
    0x0, 0x2d, 0x0, 0xd, 0xff, 0xf0, 0x0, 0x8e,
    0xb1, 0x0, 0x16, 0xd0, 0x2, 0xff, 0xfb, 0x0,
    0x0, 0x0, 0x0, 0x9f, 0xfc, 0x0, 0xc, 0xfc,
    0x10, 0x0, 0x0, 0x0, 0x8f, 0xff, 0xb0, 0x0,
    0x1, 0x0, 0x0, 0x0, 0x0, 0xb, 0xff, 0xf4,
    0x0, 0x0, 0x0, 0x0, 0x0, 0x0, 0x0, 0x4d,
    0xc4, 0x0, 0x0, 0x0, 0x0, 0x0, 0x0,

    /* U+1F3B8 "🎸" */
    0x0, 0x0, 0x0, 0x0, 0x0, 0x0, 0x0, 0x3,
    0x10, 0x0, 0x0, 0x0, 0x0, 0x0, 0x0, 0x16,
    0xbb, 0x95, 0x0, 0x0, 0x0, 0x0, 0x0, 0x0,
    0x59, 0x22, 0x75, 0x0, 0x0, 0x0, 0x0, 0x0,
    0x1, 0xa0, 0x18, 0x0, 0x0, 0x0, 0x0, 0x6,
    0x40, 0x19, 0x9, 0x81, 0x0, 0x0, 0x0, 0x0,
    0xaf, 0x31, 0x91, 0x82, 0x0, 0x0, 0x0, 0x0,
    0x4, 0xf9, 0x9, 0x17, 0x30, 0x0, 0x0, 0x0,
    0x0, 0xa, 0xff, 0xf1, 0x74, 0x0, 0x0, 0x0,
    0x0, 0x0, 0x4f, 0x8e, 0x48, 0x50, 0x0, 0x0,
    0x0, 0x0, 0x3b, 0xe7, 0x27, 0xcf, 0x3, 0x30,
    0x0, 0x0, 0x6, 0xff, 0xa3, 0x65, 0x4, 0xce,
    0x30, 0x0, 0x0, 0xe, 0xfe, 0xd7, 0x50, 0x6f,
    0xd4, 0x0, 0x0, 0x0, 0xe, 0xf7, 0x1c, 0x57,
    0xf6, 0x0, 0x0, 0x0, 0x0, 0x7, 0xff, 0x68,
    0xa7, 0xe0, 0x0, 0x0, 0x0, 0x0, 0x0, 0x9f,
    0xff, 0xfd, 0x90, 0x0, 0x0, 0x0, 0x0, 0x0,
    0x8, 0xff, 0xff, 0x20, 0x0, 0x0, 0x0, 0x0,
    0x0, 0x0, 0x28, 0x82, 0x0, 0x0, 0x0, 0x0,
    0x0,

    /* U+1F3B9 "🎹" */
    0x7a, 0xaa, 0xaa, 0xaa, 0xaa, 0xaa, 0xaa, 0xa8,
    0xef, 0xff, 0xff, 0xff, 0xff, 0xff, 0xff, 0xff,
    0xb5, 0x55, 0x55, 0x55, 0x55, 0x55, 0x55, 0x5c,
    0xa3, 0x3c, 0xf5, 0x3b, 0xf6, 0x3b, 0xf7, 0x3b,
    0xa0, 0xb, 0xf3, 0xa, 0xf4, 0xa, 0xf5, 0xa,
    0xa0, 0xb, 0xf3, 0xa, 0xf4, 0xa, 0xf5, 0xa,
    0xa0, 0xb, 0xf3, 0xa, 0xf4, 0xa, 0xf5, 0xa,
    0xa0, 0xb, 0xf3, 0xa, 0xf4, 0xa, 0xf5, 0xa,
    0xa0, 0xb, 0xf3, 0xa, 0xf4, 0xa, 0xf5, 0xa,
    0xa0, 0xb, 0xf3, 0xa, 0xf4, 0xa, 0xf5, 0xa,
    0xa0, 0x9, 0xf2, 0x8, 0xf3, 0x8, 0xf4, 0xa,
    0xa0, 0x0, 0xa0, 0x0, 0xa0, 0x0, 0x90, 0xa,
    0xa0, 0x0, 0xa0, 0x0, 0xa0, 0x0, 0x90, 0xa,
    0xa0, 0x0, 0xa0, 0x0, 0xa0, 0x0, 0x90, 0xa,
    0xa0, 0x0, 0xa0, 0x0, 0xa0, 0x0, 0x90, 0xa,
    0xa0, 0x0, 0xa0, 0x0, 0xa0, 0x1, 0xa0, 0xa,
    0x58, 0x78, 0xa7, 0x78, 0xa8, 0x78, 0xa7, 0x76,

    /* U+1F3BA "🎺" */
    0x0, 0x0, 0x0, 0x0, 0x0, 0x0, 0x0, 0x6,
    0x30, 0x0, 0x0, 0x0, 0x0, 0x0, 0x0, 0x0,
    0xf, 0xf3, 0x0, 0x0, 0x0, 0x0, 0x0, 0x0,
    0x1, 0xa6, 0xf6, 0x0, 0x0, 0x0, 0x0, 0x0,
    0x15, 0x1a, 0x59, 0x0, 0x0, 0x0, 0x0, 0x0,
    0x0, 0x3f, 0xc1, 0x89, 0x0, 0x0, 0x0, 0x0,
    0x0, 0xd, 0x8b, 0xfb, 0x92, 0x80, 0x0, 0x0,
    0x0, 0x4, 0xa4, 0xf8, 0x9a, 0xb0, 0x90, 0x0,
    0x0, 0x0, 0x2, 0xed, 0x5f, 0x28, 0xf6, 0x50,
    0x0, 0x0, 0x0, 0x7, 0x7e, 0xb0, 0xf9, 0x7f,
    0x0, 0xf, 0x99, 0x99, 0x93, 0xa, 0xa9, 0x8f,
    0x92, 0x10, 0xf, 0xb0, 0x0, 0x2, 0x4a, 0xaf,
    0x97, 0x80, 0x0, 0xb, 0xfb, 0x0, 0x9, 0xb2,
    0x29, 0xf1, 0x0, 0x0, 0x1, 0xff, 0x90, 0xa,
    0x28, 0x72, 0x0, 0x0, 0x0, 0x0, 0x4f, 0xf6,
    0x9, 0x0, 0x0, 0x0, 0x0, 0x0, 0x0, 0x7,
    0xff, 0x2a, 0x0, 0x0, 0x0, 0x0, 0x0, 0x0,
    0x0, 0x6f, 0xdb, 0x0, 0x0, 0x0, 0x0, 0x0,
    0x0, 0x0, 0x2, 0xc5, 0x0, 0x0, 0x0, 0x0,
    0x0,

    /* U+1F3BB "🎻" */
    0x0, 0x0, 0x0, 0x0, 0x0, 0x0, 0x0, 0x37,
    0x70, 0x0, 0x0, 0x0, 0x0, 0x0, 0x0, 0x6,
    0xa3, 0x81, 0x0, 0x0, 0x0, 0x0, 0x0, 0x0,
    0x68, 0x79, 0xb0, 0x0, 0x0, 0x0, 0x0, 0x0,
    0x0, 0x75, 0x99, 0x10, 0x0, 0x0, 0x0, 0x0,
    0x0, 0x8, 0x39, 0x82, 0x0, 0x0, 0x0, 0x0,
    0x4, 0x84, 0x82, 0x91, 0x0, 0xa2, 0x0, 0x0,
    0x1, 0x95, 0x4c, 0x19, 0x0, 0x6, 0x56, 0x0,
    0x0, 0x8, 0x14, 0x71, 0xa9, 0x0, 0x34, 0x90,
    0x0, 0x6, 0x88, 0x1, 0x99, 0x9, 0x0, 0x68,
    0x10, 0x4, 0xa5, 0x46, 0x40, 0x10, 0x47, 0x7,
    0x55, 0x0, 0xf, 0xe0, 0x33, 0x8, 0x27, 0xa0,
    0x44, 0x90, 0x0, 0x3f, 0xd1, 0x59, 0x54, 0xa1,
    0x10, 0x69, 0x10, 0x0, 0xf, 0x7c, 0xe0, 0x51,
    0x90, 0x7, 0x65, 0x0, 0x0, 0xc, 0xfd, 0x10,
    0x0, 0x92, 0x44, 0x90, 0x0, 0x0, 0x0, 0xca,
    0x0, 0x6, 0x51, 0x69, 0x10, 0x0, 0x0, 0x0,
    0x2, 0x99, 0x97, 0x6, 0x84, 0x0, 0x0, 0x0,
    0x0, 0x0, 0x0, 0x0, 0x0, 0x60, 0x0, 0x0,
    0x0,

    /* U+1F3BE "🎾" */
    0x1, 0x66, 0x10, 0x0, 0x0, 0x0, 0x0, 0x0,
    0x2f, 0x43, 0xf2, 0x0, 0x5, 0xaf, 0xfa, 0x40,
    0x93, 0x74, 0x59, 0x0, 0x9c, 0x79, 0xb3, 0xf4,
    0xa1, 0x85, 0x3a, 0x9, 0xd0, 0xf8, 0x1f, 0x4b,
    0x6d, 0x31, 0xe6, 0x49, 0x2f, 0x26, 0xf1, 0xcf,
    0x8, 0xaa, 0x90, 0xaa, 0xb4, 0xaa, 0x79, 0x9f,
    0x0, 0x0, 0x0, 0xda, 0xb2, 0xcb, 0x3e, 0x7a,
    0x0, 0x0, 0x4, 0xf8, 0x1f, 0x35, 0xf0, 0xc4,
    0x0, 0x0, 0x6, 0xf7, 0xf2, 0xca, 0x2d, 0x90,
    0x0, 0x0, 0x8, 0x8f, 0x88, 0x9a, 0x99, 0x0,
    0x0, 0x0, 0xa, 0x8, 0xff, 0xbb, 0x40, 0x0,
    0x0, 0x1, 0xab, 0x98, 0x64, 0x0, 0x0, 0x0,
    0x0, 0x1a, 0xfa, 0x0, 0x0, 0x0, 0x0, 0x0,
    0x1, 0xa2, 0xa1, 0x0, 0x0, 0x0, 0x0, 0x0,
    0x6a, 0x2a, 0x10, 0x0, 0x0, 0x0, 0x0, 0x0,
    0x66, 0x91, 0x0, 0x0, 0x0, 0x0, 0x0, 0x0,
    0x5, 0x60, 0x0, 0x0, 0x0, 0x0, 0x0, 0x0,

    /* U+1F3C0 "🏀" */
    0x0, 0x0, 0x2, 0x89, 0x97, 0x30, 0x0, 0x0,
    0x0, 0x0, 0x2a, 0xf6, 0x0, 0x27, 0xa3, 0x0,
    0x0, 0x0, 0x59, 0x38, 0x0, 0x1, 0x8a, 0xb6,
    0x0, 0x0, 0x39, 0x8, 0x20, 0x5, 0xa2, 0x0,
    0x84, 0x0, 0xf, 0x50, 0xb0, 0x8, 0x60, 0x0,
    0x0, 0xa0, 0x5, 0x5a, 0x86, 0x8, 0x50, 0x0,
    0x0, 0x3, 0x70, 0xa0, 0x2f, 0x17, 0x60, 0x0,
    0x0, 0x0, 0xa, 0xa, 0x1b, 0x3e, 0xa0, 0x29,
    0x99, 0x99, 0x99, 0xf0, 0xfa, 0x10, 0xcb, 0xa8,
    0x10, 0x0, 0x0, 0x9, 0xc, 0x0, 0x73, 0x3f,
    0x60, 0x0, 0x0, 0x0, 0xa0, 0xa0, 0x9, 0x8,
    0x16, 0xa1, 0x0, 0x0, 0xa, 0x6, 0x45, 0x40,
    0x81, 0x1, 0x97, 0x0, 0x3, 0x70, 0xa, 0xa0,
    0x6, 0x40, 0x0, 0x4a, 0x70, 0xa0, 0x0, 0x3f,
    0x0, 0x1a, 0x0, 0x0, 0x4, 0xf8, 0x0, 0x0,
    0x59, 0x0, 0x83, 0x0, 0x0, 0x86, 0x0, 0x0,
    0x0, 0x3a, 0x73, 0xb1, 0x26, 0xa4, 0x0, 0x0,
    0x0, 0x0, 0x3, 0x7b, 0xa8, 0x30, 0x0, 0x0,
    0x0,

    /* U+1F3C1 "🏁" */
    0x0, 0x0, 0x0, 0x0, 0x0, 0x0, 0x1, 0x0,
    0x4, 0x7, 0xff, 0xe8, 0x20, 0x0, 0x4, 0xf3,
    0x0, 0xcb, 0x3c, 0xfc, 0x29, 0xfd, 0x9a, 0xfe,
    0x70, 0xa, 0x34, 0x73, 0x39, 0x6b, 0xe3, 0x47,
    0xa, 0x0, 0x7f, 0xfa, 0x55, 0xdf, 0x20, 0xbf,
    0x78, 0xf0, 0x5, 0xf5, 0x4f, 0xf4, 0x19, 0xb8,
    0x46, 0xff, 0x30, 0x39, 0x6, 0x53, 0x78, 0x9d,
    0xa1, 0x65, 0x27, 0x1, 0xed, 0xf1, 0x27, 0xfb,
    0x1, 0xff, 0x6, 0xe0, 0xf, 0xe6, 0xcf, 0xc0,
    0x39, 0x79, 0x6b, 0xff, 0x0, 0xe1, 0x1f, 0xff,
    0xaa, 0xff, 0x50, 0xcf, 0x70, 0xb, 0x7a, 0x20,
    0x0, 0x4, 0xbc, 0x86, 0x0, 0x0, 0xa9, 0x0,
    0x0, 0x0, 0x0, 0x0, 0x0, 0x0, 0x7, 0x50,
    0x0, 0x0, 0x0, 0x0, 0x0, 0x0, 0x0, 0x47,
    0x0, 0x0, 0x0, 0x0, 0x0, 0x0, 0x0, 0x2,
    0x90, 0x0, 0x0, 0x0, 0x0, 0x0, 0x0, 0x0,
    0xb, 0x0, 0x0, 0x0, 0x0, 0x0, 0x0, 0x0,
    0x0, 0x60, 0x0, 0x0, 0x0, 0x0, 0x0, 0x0,
    0x0,

    /* U+1F3C2 "🏂" */
    0x0, 0x5, 0xca, 0x10, 0x0, 0x0, 0x0, 0x0,
    0x4, 0xff, 0xfb, 0x0, 0x0, 0x0, 0x0, 0x0,
    0x72, 0x22, 0xe0, 0x0, 0x0, 0x0, 0x0, 0x6,
    0x27, 0x2d, 0x0, 0x0, 0x0, 0x0, 0x0, 0x5f,
    0xff, 0xd2, 0x0, 0x0, 0x0, 0x0, 0x8f, 0xff,
    0xff, 0xfd, 0xef, 0x70, 0x0, 0x1f, 0xcc, 0xff,
    0xf4, 0x85, 0x84, 0x51, 0x3, 0xf2, 0xcf, 0xff,
    0x50, 0x1, 0x82, 0x20, 0x9f, 0xb, 0xff, 0xff,
    0xa0, 0x94, 0x0, 0x6, 0x70, 0x5f, 0xf7, 0xcf,
    0x52, 0x0, 0x0, 0x0, 0x0, 0xaf, 0x20, 0xff,
    0x89, 0x20, 0x0, 0x0, 0x5, 0xf5, 0x8f, 0xe3,
    0x8, 0x0, 0x0, 0x0, 0xaf, 0x81, 0x4a, 0x35,
    0x50, 0x0, 0x18, 0x8f, 0xf1, 0x17, 0x88, 0x40,
    0x80, 0x9, 0x0, 0x26, 0x87, 0x11, 0x35, 0x73,
    0x0, 0x90, 0x5, 0x91, 0x3, 0x64, 0x10, 0x0,
    0x5, 0x88, 0x50, 0x0, 0x0, 0x0, 0x0, 0x0,

    /* U+1F3C4 "🏄" */
    0x0, 0x0, 0x2, 0xbc, 0x40, 0x0, 0x0, 0x0,
    0x8, 0x10, 0xe, 0xff, 0xf2, 0x0, 0x0, 0x0,
    0x4f, 0x80, 0x3f, 0xff, 0xf6, 0x37, 0x0, 0x0,
    0x1f, 0xf9, 0x4f, 0xff, 0xf4, 0xce, 0x0, 0x0,
    0x3, 0xdf, 0xff, 0xff, 0xff, 0xe4, 0x0, 0x0,
    0x0, 0x8, 0xff, 0xff, 0xe7, 0x0, 0x0, 0x0,
    0x0, 0x4, 0xff, 0xfe, 0x10, 0x20, 0x30, 0x0,
    0x0, 0x5, 0xff, 0xfd, 0x0, 0x62, 0x70, 0x0,
    0x0, 0x4, 0xff, 0xff, 0xa1, 0x17, 0x69, 0x20,
    0x0, 0x0, 0xef, 0xf6, 0xfa, 0x42, 0x4, 0x81,
    0x0, 0x0, 0x2d, 0xfd, 0xff, 0x88, 0xa1, 0x92,
    0x0, 0x0, 0x7e, 0xf7, 0xf8, 0x0, 0x34, 0x27,
    0x0, 0x3b, 0x47, 0xf1, 0x75, 0x0, 0x81, 0x90,
    0x4, 0x90, 0x5, 0xd2, 0x0, 0x28, 0x57, 0x70,
    0xa, 0x0, 0x0, 0x0, 0x18, 0x73, 0x90, 0x0,
    0xa, 0x20, 0x2, 0x69, 0x71, 0x31, 0x0, 0x0,
    0x1, 0x79, 0x86, 0x20, 0x0, 0x22, 0x0, 0x0,

    /* U+1F3C5 "🏅" */
    0x8a, 0xaa, 0x80, 0x6a, 0xaa, 0x16, 0x50, 0x7,
    0x4f, 0xff, 0xa0, 0xa, 0x0, 0x1f, 0xff, 0xf2,
    0x0, 0x46, 0x0, 0xcf, 0xf9, 0x0, 0x0, 0xa0,
    0x2, 0xff, 0x10, 0x0, 0x8, 0xe8, 0x8f, 0xf5,
    0x0, 0x0, 0x93, 0x11, 0x13, 0x90, 0x0, 0x2,
    0x9f, 0xdf, 0x92, 0x0, 0x0, 0x6, 0xeb, 0xe6,
    0x0, 0x0, 0x9, 0x40, 0x10, 0x3a, 0x0, 0x7,
    0x30, 0xd, 0x0, 0x37, 0x0, 0xa0, 0x7c, 0xfc,
    0x70, 0xa0, 0xa, 0x1, 0xef, 0xe1, 0xa, 0x0,
    0xa0, 0xe, 0xbd, 0x0, 0xa0, 0x5, 0x70, 0x10,
    0x20, 0x75, 0x0, 0x7, 0x82, 0x2, 0x87, 0x0,
    0x0, 0x2, 0x8a, 0x82, 0x0, 0x0,

    /* U+1F3C6 "🏆" */
    0x0, 0x0, 0x0, 0x26, 0x89, 0x74, 0x0, 0x0,
    0x0, 0x0, 0x56, 0x3a, 0x83, 0x10, 0x26, 0xa7,
    0x47, 0x30, 0x9, 0x55, 0xf2, 0x79, 0x99, 0x98,
    0x3f, 0xf2, 0x84, 0xa, 0x0, 0xe2, 0x10, 0x0,
    0x0, 0x39, 0x60, 0x9, 0x9, 0x0, 0xa0, 0x20,
    0x0, 0x0, 0x9, 0x10, 0x9, 0x8, 0x40, 0x80,
    0x90, 0x0, 0x0, 0xa, 0x0, 0x84, 0x0, 0x87,
    0x45, 0x80, 0x0, 0x0, 0xa, 0x1a, 0x40, 0x0,
    0x4, 0xaa, 0x27, 0x0, 0x0, 0x4c, 0xa1, 0x0,
    0x0, 0x0, 0x1f, 0x51, 0x0, 0x0, 0xf8, 0x0,
    0x0, 0x0, 0x5, 0x3a, 0x77, 0x55, 0x5a, 0xc2,
    0x80, 0x0, 0x0, 0x1, 0x85, 0x2, 0xd3, 0xe1,
    0x19, 0x40, 0x0, 0x0, 0x0, 0x0, 0x3, 0x60,
    0x90, 0x0, 0x0, 0x0, 0x0, 0x0, 0x0, 0x9,
    0x10, 0x45, 0x0, 0x0, 0x0, 0x0, 0x0, 0x2,
    0xff, 0xff, 0xff, 0x90, 0x0, 0x0, 0x0, 0x0,
    0x4, 0xff, 0x41, 0x6f, 0xb0, 0x0, 0x0, 0x0,
    0x0, 0x4f, 0xff, 0xff, 0xff, 0xf9, 0x0, 0x0,
    0x0, 0x0, 0x29, 0x99, 0x99, 0x99, 0x95, 0x0,
    0x0,

    /* U+1F3C7 "🏇" */
    0x0, 0x0, 0x0, 0x26, 0x40, 0x0, 0x0, 0x0,
    0x0, 0x0, 0x0, 0x5, 0x40, 0x52, 0x0, 0x0,
    0x0, 0x0, 0x0, 0x0, 0x7, 0xdf, 0xf6, 0x10,
    0x0, 0x0, 0x0, 0x0, 0x0, 0x53, 0x3a, 0xff,
    0xf8, 0x0, 0x0, 0x0, 0x0, 0x5f, 0x7f, 0x60,
    0xfd, 0xff, 0xa2, 0x50, 0x0, 0x0, 0xfd, 0xab,
    0xff, 0xf0, 0xdf, 0xd1, 0xe7, 0x0, 0x9, 0x43,
    0x95, 0xff, 0xff, 0xf9, 0x30, 0x4e, 0xd1, 0x65,
    0x87, 0xf6, 0x39, 0xff, 0xc8, 0xba, 0x95, 0xca,
    0x49, 0xcd, 0xe0, 0x0, 0x2f, 0x30, 0x17, 0xa,
    0x88, 0x0, 0x0, 0x53, 0x0, 0xe, 0x50, 0x37,
    0x5, 0x90, 0x0, 0x0, 0x18, 0x0, 0x6f, 0xde,
    0x60, 0x8, 0x20, 0x0, 0x1, 0x7f, 0x20, 0xa3,
    0x7, 0xf1, 0x18, 0x0, 0x0, 0x5, 0xf9, 0x91,
    0xe8, 0x84, 0xa5, 0x98, 0x0, 0x0, 0x0, 0x9c,
    0x87, 0x10, 0x7, 0xfb, 0xf3, 0x0, 0x0, 0x0,
    0x8, 0xe6, 0x43, 0x6, 0xcc, 0x20, 0x0, 0x0,
    0x0, 0x0, 0x48, 0xaf, 0x42, 0xd0, 0x0, 0x0,
    0x0, 0x0, 0x0, 0x1, 0x75, 0x12, 0x40, 0x0,
    0x0,

    /* U+1F3C8 "🏈" */
    0x0, 0x0, 0x0, 0x0, 0x4a, 0xc9, 0x97, 0x10,
    0x0, 0x0, 0x0, 0x7a, 0x8a, 0xfc, 0x69, 0xf4,
    0x0, 0x0, 0x2b, 0x40, 0x44, 0x9f, 0xf9, 0x1a,
    0x0, 0x3, 0xa0, 0x4a, 0xad, 0x90, 0xaf, 0x69,
    0x0, 0x2a, 0x6, 0xd7, 0x3f, 0x60, 0xb, 0xfe,
    0x0, 0xa1, 0x5f, 0x36, 0xe8, 0x0, 0x0, 0xdf,
    0x5, 0x53, 0xe3, 0x9b, 0x90, 0x0, 0x0, 0x2f,
    0xa, 0xb, 0x68, 0x9a, 0x0, 0x0, 0x0, 0x9,
    0x18, 0xe, 0x59, 0xb0, 0x0, 0x0, 0x0, 0x46,
    0x7d, 0x2f, 0xea, 0x0, 0x0, 0x0, 0x0, 0x90,
    0xcf, 0xf8, 0x0, 0x0, 0x0, 0x0, 0x2, 0x80,
    0xa7, 0xff, 0x70, 0x0, 0x0, 0x0, 0xa, 0x10,
    0x97, 0x6e, 0xf7, 0x0, 0x0, 0x0, 0x84, 0x0,
    0x9a, 0x2, 0xef, 0x60, 0x0, 0x9, 0x50, 0x0,
    0x9b, 0x0, 0x2f, 0xf3, 0x3, 0xa4, 0x0, 0x0,
    0x1c, 0x30, 0x6, 0xff, 0xa7, 0x0, 0x0, 0x0,
    0x1, 0x69, 0x99, 0x93, 0x0, 0x0, 0x0, 0x0,

    /* U+1F3CA "🏊" */
    0x0, 0x0, 0x0, 0x0, 0x0, 0x0, 0x3, 0x79,
    0x71, 0x0, 0x0, 0x0, 0x0, 0x0, 0x2, 0xcf,
    0xff, 0xfb, 0x0, 0x0, 0x0, 0x0, 0x0, 0x3f,
    0xff, 0xff, 0xf8, 0x0, 0x0, 0x0, 0x0, 0x0,
    0xef, 0xf8, 0x32, 0x10, 0x0, 0x0, 0x0, 0x0,
    0x6, 0xff, 0x80, 0x0, 0x0, 0x0, 0x1, 0x8b,
    0x81, 0xb, 0xff, 0x20, 0x0, 0x0, 0x0, 0x2e,
    0xff, 0xdc, 0x1e, 0xff, 0x10, 0x0, 0x0, 0x0,
    0xaf, 0xf8, 0x6f, 0xaf, 0xff, 0x50, 0x0, 0x0,
    0x0, 0xdf, 0xd0, 0xbf, 0xff, 0xff, 0xf7, 0x0,
    0x0, 0x0, 0xcb, 0x2d, 0xff, 0xff, 0xff, 0xff,
    0x70, 0x0, 0x0, 0x56, 0x4f, 0xff, 0xff, 0xff,
    0xff, 0xf3, 0x0, 0x0, 0x6, 0xef, 0xff, 0xff,
    0xff, 0xff, 0xfd, 0x0, 0x39, 0x11, 0x8b, 0x8b,
    0xff, 0xff, 0x96, 0x8e, 0x92, 0x2, 0x88, 0x20,
    0x0, 0x38, 0x71, 0x0, 0x0, 0x31, 0x0, 0x0,
    0x0, 0x0, 0x0, 0x0, 0x0, 0x0, 0x0, 0x3,
    0x40, 0x49, 0x9a, 0x60, 0x5, 0xa9, 0xa9, 0x70,
    0x0, 0x79, 0x60, 0x0, 0x49, 0x94, 0x0, 0x0,
    0x0,

    /* U+1F3CB "🏋" */
    0x0, 0x44, 0x0, 0x0, 0x0, 0x0, 0x0, 0x6,
    0x20, 0x1, 0x9a, 0xb0, 0x10, 0x0, 0x0, 0x0,
    0x10, 0xf7, 0xa0, 0x7f, 0xff, 0xaf, 0x55, 0x55,
    0x55, 0x8f, 0x6f, 0xef, 0x21, 0x9a, 0xb5, 0xf1,
    0x1c, 0xf7, 0x5, 0xf1, 0xf7, 0xa0, 0x0, 0x44,
    0x3f, 0x48, 0xff, 0xf2, 0x8f, 0x6, 0x20, 0x0,
    0x0, 0x0, 0xdb, 0x7f, 0xff, 0x3f, 0x80, 0x0,
    0x0, 0x0, 0x0, 0x3, 0xfa, 0xef, 0xbd, 0xd0,
    0x0, 0x0, 0x0, 0x0, 0x0, 0x6, 0xff, 0xff,
    0xe2, 0x0, 0x0, 0x0, 0x0, 0x0, 0x0, 0x8,
    0xff, 0xf3, 0x0, 0x0, 0x0, 0x0, 0x0, 0x0,
    0x0, 0x7f, 0xff, 0x20, 0x0, 0x0, 0x0, 0x0,
    0x0, 0x0, 0xa, 0xff, 0xf4, 0x0, 0x0, 0x0,
    0x0, 0x0, 0x0, 0x0, 0xcf, 0xff, 0x60, 0x0,
    0x0, 0x0, 0x0, 0x0, 0x0, 0xe, 0xe9, 0xf8,
    0x0, 0x0, 0x0, 0x0, 0x0, 0x0, 0x0, 0xe6,
    0xc, 0x80, 0x0, 0x0, 0x0, 0x0, 0x0, 0x0,
    0xf, 0x20, 0x89, 0x0, 0x0, 0x0, 0x0, 0x0,
    0x0, 0x2, 0xf1, 0x8, 0xc0, 0x0, 0x0, 0x0,
    0x0, 0x0, 0x0, 0x49, 0x0, 0x39, 0x10, 0x0,
    0x0, 0x0,

    /* U+1F3CC "🏌" */
    0x0, 0x0, 0x0, 0x58, 0x40, 0x0, 0x0, 0x0,
    0x0, 0x7, 0xff, 0xf4, 0x0, 0x0, 0x7, 0x50,
    0xe, 0xff, 0xfb, 0x0, 0x0, 0xf, 0xfc, 0x9d,
    0xff, 0xf9, 0x0, 0x0, 0xf, 0x99, 0xf9, 0xff,
    0xe2, 0x0, 0x0, 0xc, 0xff, 0xff, 0xff, 0xa0,
    0x0, 0x0, 0x1, 0x79, 0xff, 0xff, 0xc6, 0x63,
    0x0, 0x0, 0x0, 0xbf, 0xff, 0xa0, 0x2, 0xc2,
    0x0, 0x0, 0xcf, 0xff, 0x60, 0x0, 0xb5, 0x0,
    0x0, 0xff, 0xff, 0x50, 0x0, 0x20, 0x0, 0x1,
    0xff, 0xff, 0x50, 0x0, 0x0, 0x0, 0x0, 0xff,
    0xff, 0x50, 0x0, 0x0, 0x0, 0x0, 0xff, 0xbf,
    0x70, 0x0, 0x0, 0x0, 0x0, 0xcf, 0x3f, 0xc0,
    0x0, 0x0, 0x0, 0x0, 0xaf, 0x39, 0xff, 0x90,
    0x0, 0x0, 0x0, 0x9f, 0x50, 0x5e, 0xd0, 0x0,
    0x0, 0x0, 0x4c, 0x20, 0x3, 0x50, 0x0,

    /* U+1F3CD "🏍" */
    0x0, 0x0, 0x28, 0xa8, 0x0, 0x0, 0x0, 0x0,
    0x0, 0x0, 0x0, 0x3, 0x81, 0x90, 0x0, 0x0,
    0x0, 0x0, 0x0, 0x0, 0x0, 0xff, 0xad, 0x5b,
    0x85, 0x0, 0x0, 0x0, 0x0, 0x0, 0x6, 0xf3,
    0x94, 0xfa, 0x85, 0xa8, 0x10, 0x6, 0x9d, 0xa0,
    0xa, 0xb4, 0xff, 0xf0, 0x0, 0x5d, 0xa1, 0x99,
    0x6c, 0x60, 0xb, 0x73, 0x57, 0x9a, 0x8f, 0xff,
    0xfb, 0xa9, 0x9b, 0x50, 0x9, 0xa6, 0x0, 0x0,
    0x7f, 0xff, 0xfe, 0xe5, 0x0, 0x0, 0x6, 0xdd,
    0x90, 0x0, 0x2a, 0xbf, 0xe5, 0xf9, 0x94, 0x30,
    0x2e, 0xc6, 0xf7, 0x2, 0xe2, 0x5f, 0xff, 0xfb,
    0xcf, 0x88, 0xa8, 0x75, 0x6f, 0x10, 0x89, 0xdf,
    0xff, 0xfa, 0x73, 0xe8, 0xb6, 0x9a, 0x2f, 0x60,
    0x0, 0x3, 0xff, 0x84, 0xa9, 0xf0, 0x6d, 0x32,
    0xb9, 0xa9, 0x99, 0x99, 0xfd, 0xfa, 0x1a, 0xa0,
    0x8, 0xff, 0xa0, 0x0, 0x0, 0x0, 0x0, 0x7f,
    0xfb, 0x10, 0x0, 0x0, 0x0, 0x0, 0x0, 0x0,
    0x0, 0x0, 0x0, 0x0,

    /* U+1F40D "🐍" */
    0x0, 0x0, 0x4, 0x88, 0x50, 0x0, 0x0, 0x0,
    0x0, 0x0, 0x0, 0xa5, 0x10, 0x5a, 0x10, 0x0,
    0x0, 0x0, 0x0, 0x9, 0x20, 0x49, 0x2, 0x90,
    0x0, 0x0, 0x0, 0x0, 0xa, 0x0, 0x11, 0x0,
    0xa0, 0x0, 0x0, 0x0, 0x0, 0x2f, 0x20, 0x0,
    0x0, 0x90, 0x0, 0x0, 0x0, 0x4, 0xcb, 0xa7,
    0x0, 0x0, 0xa0, 0x0, 0x0, 0x0, 0x1, 0x30,
    0xa, 0x0, 0x5, 0x50, 0x0, 0x0, 0x0, 0x0,
    0x0, 0x37, 0x3, 0x9b, 0x0, 0x0, 0x0, 0x0,
    0x0, 0x0, 0xa0, 0x0, 0xc7, 0x42, 0x0, 0x0,
    0x0, 0x0, 0x3, 0x70, 0x6b, 0xd5, 0x47, 0xa2,
    0x0, 0x0, 0x0, 0x7, 0x10, 0xa, 0x0, 0x0,
    0xa, 0x0, 0x0, 0x0, 0x9, 0x0, 0x7c, 0x8,
    0x90, 0x4, 0x60, 0x32, 0x0, 0x9, 0x0, 0x2b,
    0x2b, 0xe0, 0x0, 0xd7, 0x98, 0x0, 0x4, 0x50,
    0x1, 0x88, 0x20, 0x1, 0x92, 0x54, 0x0, 0x0,
    0x92, 0x0, 0x0, 0x0, 0x9, 0x46, 0x80, 0x0,
    0x0, 0x8, 0x83, 0x0, 0x4, 0xac, 0x83, 0x0,
    0x0, 0x0, 0x0, 0x16, 0x89, 0x85, 0x0, 0x0,
    0x0,

    /* U+1F40E "🐎" */
    0x0, 0x6, 0x0, 0x0, 0x0, 0x0, 0x0, 0x0,
    0x0, 0x0, 0x8a, 0x69, 0xd9, 0x0, 0x0, 0x0,
    0x0, 0x0, 0x0, 0xc, 0xf2, 0x9f, 0xc9, 0x10,
    0x0, 0x0, 0x0, 0x0, 0x2, 0xfe, 0x1, 0x2f,
    0xf1, 0x0, 0x0, 0x0, 0x0, 0x0, 0x9b, 0x40,
    0x53, 0xf, 0xf0, 0x0, 0x0, 0x0, 0x0, 0x9,
    0x10, 0x8, 0x10, 0x1f, 0x99, 0x98, 0x94, 0x0,
    0x0, 0xa1, 0x3e, 0xd0, 0x0, 0x0, 0x0, 0x0,
    0x83, 0x0, 0xa, 0x2a, 0x1b, 0x0, 0x0, 0x0,
    0x0, 0x0, 0xb0, 0x0, 0x29, 0x42, 0x70, 0x0,
    0x0, 0x0, 0x40, 0xf, 0x40, 0x0, 0x3a, 0xea,
    0x0, 0x0, 0x0, 0xb4, 0x0, 0xfb, 0x33, 0xb,
    0xeb, 0xf4, 0x0, 0x6, 0xff, 0x10, 0x3f, 0xff,
    0x52, 0xf1, 0x19, 0x1, 0x99, 0xaf, 0xf0, 0x29,
    0x15, 0x30, 0x6f, 0x39, 0x14, 0x72, 0xfe, 0x87,
    0x8, 0x0, 0x0, 0x1, 0xd6, 0x81, 0xa5, 0x8e,
    0x27, 0x4, 0x30, 0x0, 0x0, 0x1, 0x13, 0x70,
    0xd4, 0x1a, 0x24, 0x60, 0x0, 0x0, 0x0, 0x0,
    0x5, 0x89, 0x3d, 0xa6, 0x40, 0x0, 0x0, 0x0,
    0x0, 0x0, 0x0, 0x0, 0x67, 0x30, 0x0, 0x0,
    0x0, 0x0,

    /* U+1F412 "🐒" */
    0x0, 0x0, 0x0, 0x0, 0x0, 0x0, 0x59, 0x50,
    0x0, 0x0, 0x1, 0x20, 0x0, 0x0, 0x75, 0x5,
    0x80, 0x0, 0x2a, 0x97, 0x99, 0x10, 0x9, 0x5b,
    0x39, 0x0, 0x1a, 0x0, 0x0, 0x2b, 0x0, 0x88,
    0x19, 0x90, 0x8, 0x11, 0x3, 0x88, 0x4a, 0x69,
    0x64, 0x0, 0x0, 0x95, 0x66, 0x55, 0x33, 0x69,
    0x81, 0x90, 0x0, 0x47, 0x73, 0x50, 0x72, 0x63,
    0xb4, 0x59, 0x10, 0xa, 0x42, 0x62, 0x64, 0x28,
    0x83, 0x9, 0x37, 0x0, 0x86, 0x16, 0x8f, 0xc3,
    0xab, 0x0, 0xa0, 0xa0, 0x0, 0x5a, 0x92, 0x25,
    0xef, 0xc0, 0x9, 0xa, 0x0, 0x0, 0x29, 0xff,
    0xff, 0x7, 0x40, 0x81, 0xa0, 0x0, 0x0, 0xad,
    0x4c, 0x81, 0x29, 0x9, 0xa, 0x0, 0x0, 0xe,
    0x76, 0x51, 0xa2, 0xb2, 0x90, 0xa0, 0x0, 0x0,
    0xbc, 0x90, 0x1, 0x39, 0x80, 0x65, 0x0, 0x0,
    0x1b, 0xf4, 0x0, 0x0, 0x13, 0x97, 0x0, 0x0,
    0xe, 0xe3, 0xa8, 0xb6, 0x7a, 0x61, 0x0, 0x0,
    0x0, 0x38, 0x9a, 0x60, 0x43, 0x0, 0x0, 0x0,
    0x0,

    /* U+1F414 "🐔" */
    0x0, 0x0, 0x0, 0x21, 0x4, 0x83, 0x0, 0x0,
    0x0, 0x0, 0x0, 0x7f, 0xfc, 0xff, 0xf0, 0x0,
    0x0, 0x0, 0x0, 0x4e, 0xff, 0xff, 0xff, 0x10,
    0x0, 0x0, 0x4, 0xff, 0xff, 0xff, 0xff, 0xa0,
    0x0, 0x0, 0x0, 0x8f, 0xff, 0xf8, 0x47, 0xd3,
    0x0, 0x0, 0x0, 0x2, 0xfe, 0x52, 0x84, 0x0,
    0x85, 0x0, 0x0, 0x4, 0x9a, 0x94, 0x80, 0x90,
    0x0, 0x74, 0x0, 0x4, 0x80, 0x9, 0x12, 0x27,
    0x35, 0x0, 0xa1, 0x0, 0xa2, 0x22, 0x92, 0x67,
    0x0, 0x60, 0x2, 0x80, 0x6, 0x7d, 0xff, 0xf1,
    0x0, 0x0, 0x22, 0x9, 0x0, 0x0, 0xaf, 0xfd,
    0x8, 0x10, 0x0, 0x80, 0x45, 0x0, 0x6, 0xff,
    0x60, 0x21, 0x18, 0x0, 0x0, 0x90, 0x0, 0x8,
    0x30, 0x0, 0x0, 0x30, 0x0, 0x9, 0x0, 0x0,
    0x71, 0x0, 0x0, 0x0, 0x0, 0x0, 0x81, 0x0,
    0x6, 0x3b, 0x30, 0x20, 0x2, 0x22, 0xbc, 0x30,
    0x0, 0x2b, 0x19, 0x59, 0xa2, 0x98, 0xb0, 0x0,
    0x0, 0x0, 0x0, 0x6, 0x0, 0x82, 0x1, 0x0,
    0x0,

    /* U+1F41F "🐟" */
    0x0, 0x0, 0x0, 0x0, 0x1, 0x0, 0x0, 0x0,
    0x0, 0x0, 0x0, 0x0, 0x0, 0x0, 0xaf, 0x80,
    0x0, 0x0, 0x0, 0x0, 0x0, 0x0, 0x0, 0x5,
    0xff, 0xfc, 0x10, 0x0, 0x0, 0x0, 0x0, 0x0,
    0x6, 0xab, 0xbd, 0xff, 0xd1, 0x0, 0x0, 0x0,
    0x0, 0x5, 0xa4, 0x0, 0x0, 0x5, 0xdc, 0x0,
    0x0, 0x0, 0x0, 0x68, 0x0, 0x0, 0x0, 0x0,
    0x9, 0xa0, 0x0, 0x14, 0x3, 0x90, 0x0, 0x0,
    0x0, 0x0, 0x0, 0x96, 0x1, 0xd7, 0xa, 0x0,
    0x94, 0x11, 0x49, 0x86, 0x30, 0xb, 0x2d, 0xf1,
    0x6d, 0x10, 0x20, 0x54, 0x0, 0x14, 0x6a, 0xaa,
    0xff, 0x60, 0x5, 0xa0, 0x0, 0xa1, 0x6a, 0x50,
    0x0, 0x4, 0xfe, 0x30, 0xd, 0x30, 0x0, 0x30,
    0x1b, 0xfd, 0x20, 0xa, 0x3d, 0xe1, 0x1, 0xb3,
    0x0, 0x0, 0x0, 0x24, 0x11, 0xa3, 0x1, 0xc7,
    0x0, 0x9, 0x95, 0x10, 0x0, 0x3, 0x8b, 0x10,
    0x0, 0x1, 0x0, 0x0, 0x5, 0x89, 0x9a, 0xbf,
    0xff, 0x20, 0x0, 0x0, 0x0, 0x0, 0x0, 0x0,
    0x0, 0x0, 0x11, 0x0, 0x0, 0x0,

    /* U+1F420 "🐠" */
    0x0, 0x0, 0x0, 0x0, 0x4, 0x89, 0x99, 0x99,
    0x30, 0x0, 0x0, 0x0, 0x28, 0x95, 0x10, 0x5,
    0x98, 0x20, 0x0, 0x0, 0x7, 0x81, 0x40, 0x0,
    0xa, 0x0, 0x0, 0x0, 0x0, 0xb5, 0x10, 0x96,
    0x1, 0x5, 0x52, 0xa0, 0x0, 0x9, 0xf1, 0xc0,
    0x2e, 0x9, 0x31, 0x98, 0x46, 0x0, 0x3f, 0xf0,
    0x87, 0xd, 0x53, 0xa1, 0xe3, 0x18, 0x0, 0xac,
    0xf2, 0x2e, 0x9, 0x91, 0xd0, 0x0, 0x9, 0x2,
    0x8a, 0xf6, 0xe, 0x27, 0xb0, 0xd0, 0x0, 0x9,
    0x1b, 0x17, 0x5a, 0xc, 0x47, 0xb2, 0xb0, 0x44,
    0x9, 0x1d, 0x2, 0xeb, 0xc, 0x28, 0x85, 0x70,
    0x3b, 0x87, 0xa, 0x0, 0x41, 0xd, 0xc, 0x29,
    0x10, 0x9, 0x41, 0x2, 0xa1, 0x0, 0x18, 0x28,
    0x2, 0x0, 0x27, 0x0, 0x0, 0x1a, 0x50, 0x0,
    0x20, 0x0, 0x0, 0x92, 0x0, 0x0, 0x0, 0x5a,
    0x61, 0x5, 0x77, 0x8a, 0x40, 0x0, 0x0, 0x0,
    0x0, 0x38, 0xab, 0x32, 0x10, 0x0, 0x0,

    /* U+1F422 "🐢" */
    0x0, 0x0, 0x0, 0x2, 0x68, 0x86, 0x20, 0x0,
    0x0, 0x0, 0x0, 0x0, 0x1a, 0x83, 0x11, 0x28,
    0xc2, 0x0, 0x0, 0x0, 0x0, 0x1f, 0x40, 0x0,
    0x0, 0x85, 0xa4, 0x0, 0x0, 0x0, 0xb, 0x5e,
    0x95, 0x26, 0xa9, 0x90, 0xa1, 0x0, 0x0, 0x2a,
    0xee, 0x21, 0x5c, 0x70, 0xa, 0x33, 0x60, 0x0,
    0x78, 0x21, 0x4a, 0x20, 0x65, 0x0, 0x1c, 0x4f,
    0x50, 0x56, 0x0, 0x0, 0xa, 0x3, 0x70, 0x0,
    0x6f, 0xfa, 0x3a, 0xc, 0x43, 0xd0, 0x45, 0x1a,
    0x0, 0x1a, 0x68, 0xa0, 0xa0, 0x51, 0x15, 0x0,
    0xe4, 0xf4, 0x99, 0x2a, 0xb1, 0xa, 0x0, 0x87,
    0x0, 0x9, 0x77, 0x51, 0x3a, 0x2a, 0x0, 0x82,
    0x0, 0x0, 0x0, 0x9, 0x99, 0x96, 0x0, 0x90,
    0x1, 0xa1, 0x0, 0x0, 0x0, 0x0, 0x0, 0x50,
    0xa, 0x0, 0x1, 0xb0, 0x0, 0x0, 0x0, 0x5,
    0xa7, 0xaa, 0x60, 0x0, 0xa, 0x0, 0xd9, 0x9b,
    0x0, 0xa0, 0x0, 0x0, 0x0, 0x0, 0xa6, 0x67,
    0x0, 0x90, 0x9, 0x0, 0x0, 0x0, 0x0, 0x0,
    0x32, 0x0, 0x4, 0xa9, 0x80, 0x0, 0x0, 0x0,
    0x0, 0x0, 0x0, 0x0, 0x0, 0x0, 0x0, 0x0,
    0x0, 0x0,

    /* U+1F425 "🐥" */
    0x0, 0x0, 0x0, 0x6, 0x99, 0x60, 0x0, 0x0,
    0x0, 0x0, 0x0, 0x2, 0xb4, 0x0, 0x4b, 0x30,
    0x0, 0x0, 0x0, 0x0, 0xa, 0x0, 0x0, 0x0,
    0xa0, 0x0, 0x0, 0x0, 0x0, 0x72, 0x0, 0x0,
    0x0, 0x27, 0x0, 0x0, 0x0, 0x0, 0x90, 0xb2,
    0x0, 0x2b, 0xa, 0x0, 0x0, 0x0, 0x0, 0x90,
    0x31, 0xaa, 0x13, 0x9, 0x0, 0x0, 0x0, 0x0,
    0x90, 0x0, 0xdd, 0x0, 0x9, 0x10, 0x0, 0x0,
    0xa, 0x20, 0x0, 0x0, 0x0, 0x2, 0xa0, 0x0,
    0x1, 0xa3, 0x0, 0x0, 0x0, 0x0, 0x0, 0x3a,
    0x10, 0x2a, 0x10, 0x8, 0x0, 0x0, 0x0, 0xa0,
    0x1, 0xa2, 0x91, 0x0, 0x65, 0x0, 0x0, 0x0,
    0x57, 0x0, 0x19, 0x2a, 0x9b, 0xb0, 0x0, 0x0,
    0x0, 0xb, 0xc9, 0xa2, 0x0, 0x0, 0x92, 0x0,
    0x0, 0x0, 0x39, 0x0, 0x0, 0x0, 0x0, 0x9,
    0x60, 0x0, 0x6, 0x90, 0x0, 0x0, 0x0, 0x0,
    0x0, 0x4f, 0x99, 0xf4, 0x0, 0x0, 0x0, 0x0,
    0x0, 0x1, 0x6d, 0x0, 0xd6, 0x10, 0x0, 0x0,
    0x0, 0x0, 0x2, 0x95, 0x0, 0x49, 0x30, 0x0,
    0x0,

    /* U+1F426 "🐦" */
    0x0, 0x1, 0x79, 0x71, 0x0, 0x0, 0x0, 0x0,
    0x0, 0x0, 0x0, 0x49, 0x20, 0x2b, 0x30, 0x0,
    0x0, 0x0, 0x0, 0x0, 0x0, 0xa0, 0x0, 0x0,
    0xa0, 0x0, 0x0, 0x0, 0x0, 0x0, 0x5, 0x40,
    0x4, 0x0, 0x37, 0x0, 0x1b, 0x99, 0x82, 0x0,
    0xc, 0xe0, 0x2c, 0x0, 0xa, 0x10, 0x92, 0x0,
    0x7, 0x60, 0x2f, 0xf2, 0x0, 0x0, 0x1, 0xaa,
    0x40, 0x0, 0x1, 0xc1, 0x1, 0xb0, 0x0, 0x0,
    0x0, 0x0, 0x0, 0x0, 0x4a, 0x20, 0x0, 0xa0,
    0x0, 0x0, 0x0, 0x0, 0x0, 0x8, 0x70, 0x0,
    0x0, 0x91, 0x0, 0x32, 0x0, 0x0, 0x2, 0xa3,
    0x0, 0x0, 0x0, 0x55, 0x0, 0xa, 0x0, 0x0,
    0x1, 0xa0, 0x0, 0x0, 0x0, 0xb, 0x0, 0x3,
    0x80, 0x0, 0x4, 0x90, 0x0, 0x0, 0x0, 0x3,
    0xb2, 0x0, 0x48, 0x10, 0x87, 0x0, 0x0, 0x0,
    0x0, 0x0, 0x18, 0xac, 0xbc, 0xd9, 0x30, 0x0,
    0x0, 0x0, 0x0, 0x0, 0x0, 0x3, 0x83, 0x60,
    0x0, 0x0, 0x0, 0x0, 0x0, 0x0, 0x0, 0x38,
    0x74, 0x80, 0x0, 0x0, 0x0, 0x0, 0x0, 0x0,
    0x0, 0x65, 0x2c, 0x30, 0x0, 0x0, 0x0, 0x0,
    0x0, 0x0, 0x0, 0x0, 0x53, 0x0, 0x0, 0x0,
    0x0, 0x0,

    /* U+1F427 "🐧" */
    0x0, 0x0, 0x28, 0x84, 0x0, 0x0, 0x2, 0x9b,
    0xff, 0xff, 0x80, 0x0, 0xc, 0x51, 0xf8, 0x9f,
    0xf1, 0x0, 0x2, 0x4f, 0xff, 0xe4, 0x85, 0x0,
    0x0, 0x3e, 0xff, 0x90, 0x7, 0x0, 0x0, 0xa1,
    0x44, 0x0, 0x5c, 0x0, 0x0, 0xa0, 0x0, 0x2f,
    0xff, 0x40, 0x3, 0x80, 0x0, 0x5f, 0xff, 0xa0,
    0x6, 0x70, 0x0, 0x7f, 0xff, 0xf0, 0x6, 0x80,
    0x0, 0x6f, 0xff, 0xf2, 0x6, 0xb0, 0x0, 0x3f,
    0xff, 0xf4, 0x4, 0xf1, 0x0, 0xe, 0xff, 0xf6,
    0x0, 0xc9, 0x0, 0x5, 0xaf, 0xf7, 0x0, 0x6,
    0x90, 0x0, 0xb, 0xf8, 0x0, 0x0, 0x6f, 0xa9,
    0xba, 0x86, 0x0, 0x3, 0xfc, 0x4e, 0xe0, 0x0,
    0x0, 0x0, 0x0, 0x15, 0x20, 0x0,

    /* U+1F42B "🐫" */
    0x0, 0x17, 0x87, 0x60, 0x0, 0x0, 0x0, 0x0,
    0x0, 0x0, 0x8f, 0xff, 0xea, 0x52, 0xfc, 0x4f,
    0x60, 0x0, 0x7, 0xbf, 0xf4, 0x0, 0xaf, 0xff,
    0xff, 0xf2, 0x0, 0x78, 0x10, 0x39, 0x9, 0x4f,
    0xff, 0xff, 0xf9, 0x0, 0x93, 0x0, 0x0, 0xa,
    0x28, 0x97, 0xd6, 0x4a, 0x0, 0x3b, 0xbf, 0x30,
    0x46, 0x26, 0x0, 0x40, 0xa, 0x0, 0x0, 0xf,
    0xf0, 0x63, 0xa3, 0x0, 0x0, 0x6, 0x70, 0x0,
    0x4f, 0xf0, 0x2b, 0x90, 0x0, 0x0, 0x0, 0xa0,
    0x0, 0x9f, 0xf0, 0x0, 0x0, 0x0, 0x0, 0x0,
    0x63, 0x0, 0x6f, 0xf0, 0x0, 0x0, 0x0, 0x0,
    0x0, 0x45, 0x0, 0xc, 0xff, 0x0, 0x0, 0x0,
    0x0, 0xb, 0x17, 0x0, 0x7, 0xff, 0xff, 0xf9,
    0x3, 0x59, 0x2a, 0x79, 0x0, 0x0, 0x59, 0xef,
    0xfa, 0x49, 0xfb, 0x96, 0x78, 0x0, 0x0, 0x0,
    0xf, 0xa9, 0x37, 0xb8, 0xa5, 0x40, 0x0, 0x0,
    0x0, 0x2f, 0x69, 0x65, 0xf5, 0x98, 0x10, 0x0,
    0x0, 0x0, 0x8f, 0x36, 0xa2, 0x88, 0x5a, 0x0,
    0x0, 0x0, 0x0, 0x1, 0x18, 0x70, 0x2, 0x61,
    0x0,

    /* U+1F42D "🐭" */
    0x1, 0x9a, 0xaa, 0x30, 0x0, 0x1, 0x9a, 0x9a,
    0x30, 0xa, 0x10, 0x0, 0xa2, 0x0, 0xa, 0x10,
    0x0, 0x93, 0x63, 0xa, 0xd4, 0x18, 0x0, 0x63,
    0xa, 0xd4, 0xa, 0x90, 0x3f, 0xfa, 0xb, 0xaa,
    0xc0, 0x2f, 0xfb, 0xa, 0x82, 0xc, 0xf5, 0x2,
    0x0, 0x20, 0xc, 0xf5, 0xa, 0x29, 0x0, 0x0,
    0x0, 0x0, 0x0, 0x0, 0x0, 0x56, 0x4, 0xa7,
    0x0, 0x0, 0x0, 0x0, 0x0, 0x49, 0x80, 0x0,
    0x9, 0x0, 0x0, 0x0, 0x0, 0x0, 0x55, 0x0,
    0x0, 0x17, 0x0, 0xa0, 0x0, 0x9, 0x40, 0x19,
    0x0, 0x3, 0xcf, 0x40, 0xd0, 0x58, 0xb, 0x61,
    0x9f, 0x70, 0x3, 0xaf, 0x30, 0x0, 0x6b, 0x0,
    0x1, 0x8f, 0x60, 0x0, 0x1d, 0x50, 0x4, 0xdb,
    0x80, 0x2, 0xa7, 0x10, 0x0, 0x8e, 0xa0, 0x0,
    0x85, 0x30, 0x3, 0xfa, 0x20, 0x0, 0x0, 0x68,
    0x10, 0x57, 0x0, 0x5a, 0x10, 0x0, 0x0, 0x0,
    0x2, 0x8a, 0x99, 0xaa, 0x50, 0x0, 0x0, 0x0,
    0x0, 0x0, 0x0, 0x0, 0x0, 0x0, 0x0, 0x0,

    /* U+1F430 "🐰" */
    0x0, 0x4, 0x93, 0x0, 0x8, 0x70, 0x0, 0x0,
    0x39, 0x1a, 0x0, 0x92, 0x48, 0x0, 0x0, 0x91,
    0xb6, 0x30, 0xa8, 0x4a, 0x0, 0x0, 0xa2, 0xf5,
    0x50, 0x9b, 0x7a, 0x0, 0x0, 0x92, 0xf4, 0x61,
    0x7c, 0x6a, 0x0, 0x0, 0x63, 0xe4, 0x94, 0x5e,
    0x3a, 0x0, 0x0, 0x18, 0x97, 0xa8, 0x4e, 0x46,
    0x0, 0x0, 0xa, 0x13, 0x58, 0x13, 0x91, 0x0,
    0x0, 0x8, 0x20, 0x0, 0x0, 0xa0, 0x0, 0x0,
    0xa, 0x7, 0x0, 0x43, 0x82, 0x0, 0x0, 0x64,
    0x1b, 0x0, 0x75, 0x1a, 0x0, 0x3, 0xb0, 0x0,
    0x67, 0x0, 0x7, 0x60, 0x7, 0xe3, 0x0, 0x49,
    0x0, 0xa, 0xd1, 0xb, 0xe4, 0xb, 0xb7, 0xf0,
    0x9, 0xf2, 0x1, 0xf3, 0x1, 0x97, 0x60, 0xf,
    0x60, 0x0, 0x3a, 0x51, 0x12, 0x4, 0x95, 0x10,
    0x0, 0x0, 0x48, 0x99, 0x85, 0x0, 0x0,

    /* U+1F431 "🐱" */
    0x1, 0xaa, 0x40, 0x0, 0x0, 0x0, 0x7, 0xa8,
    0x0, 0x6, 0x33, 0x86, 0x0, 0x0, 0x0, 0xa4,
    0x29, 0x10, 0x9, 0xf, 0x48, 0x9c, 0xcc, 0xba,
    0x38, 0xa6, 0x30, 0x9, 0xf, 0xd0, 0x6f, 0x9b,
    0xf3, 0x2f, 0xa5, 0x30, 0x7, 0x1b, 0x30, 0xc,
    0x68, 0x90, 0x6, 0x87, 0x20, 0x4, 0x50, 0x0,
    0x0, 0x0, 0x0, 0x0, 0x9, 0x0, 0x1, 0x90,
    0x0, 0x0, 0x0, 0x0, 0x0, 0xa, 0x0, 0x3,
    0x60, 0x3c, 0x10, 0x0, 0x4, 0xc1, 0xa, 0x0,
    0x5b, 0x70, 0x8f, 0x40, 0x0, 0x8, 0xf3, 0xd,
    0x64, 0x28, 0xe1, 0x16, 0x1, 0xa9, 0x1, 0x60,
    0x4f, 0x41, 0x5a, 0xf2, 0x0, 0x0, 0xc9, 0x0,
    0x0, 0x5f, 0x94, 0x0, 0xf8, 0x0, 0x4a, 0xaa,
    0xa2, 0x0, 0xe8, 0x0, 0xa, 0x7b, 0x0, 0x0,
    0x0, 0x0, 0x3, 0xb7, 0x80, 0x0, 0x2, 0xb4,
    0x0, 0x0, 0x1, 0x79, 0x0, 0x0, 0x0, 0x0,
    0x6, 0xaa, 0x9a, 0xa9, 0x30, 0x0, 0x0, 0x0,
    0x0, 0x0, 0x0, 0x0, 0x0, 0x0, 0x0, 0x0,

    /* U+1F433 "🐳" */
    0x0, 0x0, 0x5, 0x23, 0x0, 0x32, 0x20, 0x0,
    0x0, 0x0, 0x0, 0x0, 0x3, 0xc, 0xca, 0xe2,
    0x0, 0x0, 0x8, 0xa1, 0x0, 0x0, 0x0, 0x4,
    0xcd, 0x50, 0x0, 0x23, 0xc4, 0x73, 0x0, 0x0,
    0x0, 0x30, 0x9b, 0x0, 0x3c, 0xb9, 0x60, 0xa0,
    0x0, 0x0, 0x0, 0x0, 0x36, 0x0, 0x67, 0x10,
    0x3, 0x60, 0x0, 0x13, 0x31, 0x3, 0x46, 0x84,
    0x2, 0x68, 0x74, 0x50, 0x6, 0x96, 0x68, 0x96,
    0x54, 0x16, 0xa4, 0x0, 0x90, 0x90, 0xf, 0x84,
    0x0, 0x0, 0x0, 0x0, 0x6, 0x99, 0x80, 0xa0,
    0x18, 0x15, 0xa7, 0x10, 0x39, 0x0, 0x0, 0x0,
    0x0, 0x90, 0xc, 0x30, 0x2, 0x8a, 0x41, 0x0,
    0x0, 0x0, 0x0, 0x90, 0x4, 0xf9, 0x95, 0x20,
    0x0, 0x0, 0x0, 0x0, 0x1, 0xb0, 0x0, 0x59,
    0x14, 0x79, 0x99, 0x91, 0x29, 0x99, 0x9f, 0x50,
    0x0, 0x2, 0xb6, 0x8, 0x24, 0x37, 0xc, 0x11,
    0x97, 0x0, 0x0, 0x0, 0x5, 0xae, 0xca, 0x4a,
    0x4, 0xfa, 0x30, 0x0, 0x0, 0x0, 0x0, 0x6,
    0xff, 0xec, 0x70, 0xb0, 0x0, 0x0, 0x0, 0x0,
    0x0, 0x1, 0xff, 0x20, 0x85, 0xa0, 0x0, 0x0,
    0x0, 0x0, 0x0, 0x0, 0x6a, 0x0, 0x5, 0x60,
    0x0, 0x0,

    /* U+1F434 "🐴" */
    0x0, 0x0, 0x0, 0x0, 0x80, 0x0, 0x0, 0x0,
    0x0, 0x0, 0x0, 0x6, 0x47, 0x0, 0x0, 0x0,
    0x0, 0x0, 0x0, 0x5e, 0xa, 0x0, 0x0, 0x0,
    0x0, 0x3, 0x6a, 0xfc, 0xe, 0xfa, 0x71, 0x0,
    0x0, 0x1, 0xdf, 0xfd, 0x0, 0xff, 0xfa, 0x0,
    0x0, 0x0, 0x7c, 0x61, 0x0, 0xf, 0xf7, 0x0,
    0x0, 0x7, 0x70, 0x2, 0x0, 0x6, 0xf6, 0x0,
    0x0, 0x58, 0x0, 0x4a, 0x0, 0x0, 0xff, 0xa0,
    0x6, 0x80, 0x0, 0x0, 0x2, 0x0, 0x7f, 0xf2,
    0x47, 0x34, 0x0, 0x0, 0xb, 0x0, 0xf, 0xd0,
    0x90, 0x1, 0x11, 0x25, 0xb4, 0x0, 0xe, 0xb0,
    0x65, 0x5, 0xc9, 0x9c, 0x10, 0x0, 0x7, 0xf8,
    0x6, 0x96, 0x0, 0x9, 0x0, 0x0, 0x2, 0xf8,
    0x0, 0x0, 0x0, 0x8, 0x0, 0x0, 0x0, 0xf2,
    0x0, 0x0, 0x0, 0x36, 0x0, 0x0, 0x0, 0xf3,
    0x0, 0x0, 0x0, 0x47, 0x10, 0x0, 0x2, 0xf1,
    0x0, 0x0, 0x0, 0x5, 0x89, 0xa9, 0x97, 0x20,

    /* U+1F436 "🐶" */
    0x0, 0x28, 0xbb, 0x79, 0x99, 0x99, 0x95, 0xab,
    0x94, 0x0, 0x7, 0xff, 0xff, 0xd0, 0x0, 0x0,
    0x7, 0xff, 0xff, 0x90, 0x1f, 0xff, 0xff, 0x0,
    0x0, 0x0, 0x0, 0xdf, 0xff, 0xf3, 0x2f, 0xff,
    0xfc, 0x0, 0x0, 0x0, 0x0, 0x8f, 0xff, 0xf4,
    0x1f, 0xff, 0xf9, 0x0, 0x0, 0x0, 0x37, 0x7f,
    0xff, 0xf3, 0xf, 0xff, 0xf6, 0x0, 0x0, 0x6,
    0xff, 0xff, 0xff, 0xf2, 0xd, 0xff, 0xf1, 0x12,
    0x0, 0xc, 0x86, 0xdf, 0xff, 0xf0, 0x9, 0xff,
    0xb0, 0xce, 0x0, 0xb, 0x9f, 0x8f, 0xff, 0xc0,
    0x2, 0xef, 0x20, 0xad, 0x0, 0x9, 0x8e, 0x9a,
    0xff, 0x40, 0x0, 0x9, 0x10, 0x0, 0xa, 0xb4,
    0xbb, 0xb1, 0xa0, 0x0, 0x0, 0x4, 0x60, 0x0,
    0x7, 0xc0, 0x0, 0x4, 0x60, 0x0, 0x0, 0x0,
    0xb0, 0x3, 0xaf, 0xfb, 0x70, 0xb, 0x0, 0x0,
    0x0, 0x0, 0x39, 0x0, 0xe, 0xf3, 0x0, 0x75,
    0x0, 0x0, 0x0, 0x0, 0x4, 0xa2, 0x6, 0xa0,
    0x19, 0x60, 0x0, 0x0, 0x0, 0x0, 0x0, 0x18,
    0xaa, 0x9a, 0x92, 0x0, 0x0, 0x0, 0x0, 0x0,
    0x0, 0x0, 0x0, 0x0, 0x0, 0x0, 0x0, 0x0,

    /* U+1F438 "🐸" */
    0x0, 0x5a, 0xaa, 0x50, 0x0, 0x3, 0xaa, 0xa7,
    0x0, 0x3, 0x90, 0x0, 0x67, 0x11, 0x58, 0x0,
    0x5, 0x60, 0x9, 0x0, 0x74, 0x5, 0x77, 0x60,
    0x18, 0x10, 0x90, 0x9, 0x2, 0xfd, 0x0, 0x0,
    0x0, 0x8f, 0x70, 0x90, 0x8, 0x10, 0xc8, 0x0,
    0x0, 0x0, 0x4d, 0x30, 0x90, 0xa, 0x0, 0x0,
    0x0, 0x0, 0x0, 0x0, 0x0, 0x73, 0x73, 0x0,
    0x0, 0x58, 0x0, 0x2a, 0x0, 0x0, 0x19, 0xa0,
    0x4, 0x40, 0x0, 0x0, 0x0, 0x3, 0x50, 0xa,
    0xa0, 0x1f, 0xf9, 0x99, 0x99, 0x99, 0x9d, 0xf6,
    0xa, 0xa0, 0xa, 0xa0, 0x0, 0x0, 0x0, 0x6,
    0xe1, 0xa, 0x55, 0x0, 0x6b, 0x72, 0x0, 0x25,
    0xb8, 0x10, 0x28, 0xa, 0x10, 0x0, 0x37, 0x99,
    0x74, 0x0, 0x0, 0xa1, 0x1, 0xa2, 0x0, 0x0,
    0x0, 0x0, 0x0, 0x1a, 0x30, 0x0, 0x8, 0x82,
    0x0, 0x0, 0x0, 0x17, 0x91, 0x0, 0x0, 0x0,
    0x17, 0xaa, 0x99, 0x9a, 0x82, 0x0, 0x0, 0x0,
    0x0, 0x0, 0x0, 0x0, 0x0, 0x0, 0x0, 0x0,

    /* U+1F439 "🐹" */
    0x0, 0x1, 0x20, 0x0, 0x0, 0x0, 0x1, 0x20,
    0x0, 0x0, 0x98, 0x7a, 0x20, 0x0, 0x0, 0x98,
    0x7a, 0x10, 0x7, 0x52, 0x40, 0xa4, 0x99, 0x68,
    0x32, 0x41, 0xa0, 0xa, 0xc, 0xf6, 0xc7, 0x10,
    0x4c, 0x3d, 0xf2, 0x81, 0xa, 0x8, 0xfd, 0x10,
    0x0, 0x0, 0x8e, 0xd1, 0x90, 0x3, 0x91, 0xc1,
    0x2, 0xaa, 0x40, 0x9, 0x45, 0x70, 0x0, 0x3f,
    0x30, 0x8, 0x10, 0xa0, 0x0, 0xe8, 0x0, 0x0,
    0x47, 0x0, 0x9, 0x0, 0xa0, 0x0, 0x19, 0x0,
    0x0, 0xa0, 0x4, 0xaa, 0x0, 0xa5, 0xb0, 0x8,
    0x10, 0x2, 0x90, 0x1, 0x4a, 0x0, 0xb2, 0x50,
    0x3, 0x70, 0x5, 0x50, 0x0, 0x96, 0x0, 0x3a,
    0x30, 0x0, 0xa0, 0x5, 0x40, 0x9, 0x20, 0xce,
    0x30, 0xa2, 0x0, 0x90, 0x2, 0xca, 0x18, 0x21,
    0xaf, 0x13, 0x28, 0x5b, 0x80, 0x9, 0xf0, 0x27,
    0x1b, 0xa5, 0xf3, 0x18, 0xc, 0xd1, 0x1, 0x7f,
    0xb, 0x2, 0x51, 0x80, 0x64, 0xce, 0x0, 0x0,
    0x51, 0x5a, 0xc9, 0xdc, 0xaa, 0xe9, 0x33, 0x20,
    0x0, 0x0, 0x0, 0x0, 0x0, 0x0, 0x0, 0x0,
    0x0,

    /* U+1F43B "🐻" */
    0x0, 0x2, 0x10, 0x0, 0x0, 0x0, 0x1, 0x20,
    0x0, 0x0, 0xad, 0xe9, 0x5a, 0xcd, 0xb6, 0x7e,
    0xcc, 0x10, 0x7, 0x90, 0x4f, 0xff, 0xff, 0xff,
    0xf7, 0x6, 0xa0, 0xa, 0x55, 0xff, 0xff, 0xff,
    0xff, 0xff, 0x82, 0xd0, 0x6, 0xff, 0xff, 0xff,
    0xff, 0xff, 0xff, 0xfe, 0x90, 0x0, 0xff, 0xff,
    0xff, 0xff, 0xff, 0xff, 0xff, 0x20, 0x5, 0xff,
    0xff, 0xff, 0xff, 0xff, 0xef, 0xff, 0x80, 0xb,
    0xff, 0xf1, 0x8f, 0xff, 0xfb, 0xe, 0xff, 0xd0,
    0xe, 0xff, 0xf7, 0xb9, 0x21, 0x7d, 0x5f, 0xff,
    0xf1, 0xf, 0xff, 0xff, 0x90, 0xbc, 0x25, 0xff,
    0xff, 0xf3, 0xf, 0xff, 0xff, 0x1, 0xff, 0x40,
    0xcf, 0xff, 0xf2, 0xd, 0xff, 0xfd, 0x0, 0x12,
    0x0, 0xaf, 0xff, 0xf0, 0x7, 0xff, 0xff, 0x6,
    0xa9, 0x80, 0xcf, 0xff, 0xa0, 0x1, 0xdf, 0xff,
    0xa1, 0x1, 0x8, 0xff, 0xfe, 0x20, 0x0, 0x1c,
    0xff, 0xff, 0xed, 0xff, 0xff, 0xd3, 0x0, 0x0,
    0x0, 0x5a, 0xef, 0xff, 0xff, 0xb6, 0x0, 0x0,
    0x0, 0x0, 0x0, 0x0, 0x11, 0x0, 0x0, 0x0,
    0x0,

    /* U+1F43C "🐼" */
    0x0, 0x1, 0x0, 0x0, 0x1, 0x0, 0x0, 0x10,
    0x0, 0x1, 0xcf, 0xf7, 0x8a, 0x98, 0xa9, 0x5e,
    0xfe, 0x30, 0xa, 0xff, 0xff, 0x20, 0x0, 0x1,
    0xbf, 0xff, 0xd0, 0xd, 0xff, 0x80, 0x0, 0x0,
    0x0, 0x4, 0xff, 0xf1, 0xa, 0xf7, 0x0, 0x0,
    0x0, 0x0, 0x0, 0x3f, 0xe0, 0x5, 0xa0, 0x0,
    0x20, 0x0, 0x1, 0x0, 0x6, 0xa0, 0xa, 0x0,
    0x1c, 0xfc, 0x0, 0x9f, 0xe3, 0x0, 0xa1, 0x46,
    0x0, 0xa7, 0x9f, 0x10, 0xdb, 0x7b, 0x10, 0x37,
    0x91, 0x8, 0xad, 0x7b, 0x0, 0x77, 0xf7, 0xc0,
    0xa, 0xa0, 0xf, 0xe7, 0x82, 0x0, 0x8, 0x7c,
    0xf5, 0xa, 0xa0, 0xe, 0xff, 0x61, 0x88, 0x33,
    0xff, 0xf4, 0xa, 0x91, 0x4, 0xb8, 0x5, 0xff,
    0x80, 0x5b, 0x80, 0xa, 0x29, 0x0, 0x0, 0x11,
    0xae, 0x12, 0x0, 0x0, 0x65, 0x6, 0x80, 0x0,
    0x18, 0x76, 0x92, 0x0, 0x5, 0x90, 0x0, 0x4a,
    0x50, 0x0, 0x0, 0x0, 0x4, 0xa7, 0x0, 0x0,
    0x0, 0x59, 0xa9, 0x99, 0x9a, 0x96, 0x0, 0x0,
    0x0, 0x0, 0x0, 0x0, 0x0, 0x0, 0x0, 0x0,
    0x0,

    /* U+1F44A "👊" */
    0x0, 0x0, 0x0, 0x0, 0x2a, 0x92, 0x0, 0x0,
    0x0, 0x0, 0x0, 0x7, 0xba, 0xb1, 0x8, 0xbb,
    0xb2, 0x0, 0x0, 0x3b, 0x95, 0x1, 0x0, 0x0,
    0x0, 0xb, 0x0, 0x0, 0xb0, 0x0, 0x0, 0x0,
    0x0, 0x0, 0x6, 0x40, 0x5, 0x60, 0x0, 0x0,
    0x0, 0x2, 0x0, 0x1, 0x90, 0xa, 0x0, 0x40,
    0x5, 0x10, 0x8, 0x10, 0x0, 0xa0, 0xa, 0x0,
    0x90, 0x9, 0x0, 0x5, 0x40, 0x0, 0x63, 0x9,
    0x0, 0x90, 0x9, 0x0, 0x3, 0x60, 0x3, 0x38,
    0x9, 0x0, 0x90, 0x9, 0x0, 0x1, 0x80, 0x3,
    0x6a, 0xa, 0x0, 0x90, 0x9, 0x0, 0x0, 0x90,
    0x0, 0x8a, 0x4, 0xa9, 0xf0, 0xe, 0x10, 0x0,
    0xf0, 0x0, 0x9a, 0x0, 0x0, 0x5b, 0xba, 0x90,
    0x3, 0xf5, 0x29, 0x4a, 0x0, 0x0, 0x0, 0x0,
    0xfb, 0xa9, 0x6, 0x73, 0x19, 0x0, 0x0, 0x0,
    0x0, 0x92, 0x0, 0x45, 0x31, 0xa1, 0x0, 0x0,
    0x0, 0x0, 0x9, 0xaa, 0x64, 0x79, 0x20,

    /* U+1F44B "👋" */
    0x0, 0x0, 0x0, 0x0, 0x5, 0x50, 0x0, 0x0,
    0x0, 0x0, 0x0, 0x0, 0x1, 0x67, 0x0, 0x0,
    0x0, 0x1, 0x41, 0x97, 0xa, 0x41, 0x0, 0x0,
    0x0, 0xb, 0x7d, 0x35, 0x90, 0x10, 0x8a, 0x0,
    0x0, 0xb, 0x4, 0x90, 0x58, 0x4, 0x58, 0x10,
    0x0, 0x1c, 0xa0, 0x49, 0x5, 0x87, 0x28, 0x0,
    0x0, 0x73, 0x3a, 0x4, 0x90, 0x5d, 0x35, 0x40,
    0x0, 0x2b, 0x3, 0xa0, 0x46, 0x8, 0x41, 0x90,
    0x0, 0x88, 0xa0, 0x3a, 0x0, 0x9, 0x0, 0x91,
    0x0, 0xa0, 0x2a, 0x2, 0x0, 0x9, 0x0, 0x27,
    0x0, 0x3a, 0x2, 0x60, 0x0, 0x9, 0x0, 0xa,
    0x4, 0x53, 0xa0, 0x0, 0x0, 0x8, 0x10, 0x9,
    0x91, 0x70, 0x2a, 0x0, 0x0, 0x1, 0x10, 0xa,
    0x1a, 0x20, 0x2, 0xa0, 0x0, 0x0, 0x0, 0x19,
    0x0, 0x0, 0x0, 0x2a, 0x10, 0x0, 0x0, 0x92,
    0x0, 0x0, 0x0, 0x1, 0xa7, 0x10, 0x2a, 0x50,
    0x0, 0x0, 0x0, 0x0, 0x3, 0x89, 0x71, 0x0,

    /* U+1F44C "👌" */
    0x0, 0x1, 0x85, 0x0, 0x0, 0x0, 0x0, 0x8,
    0x26, 0x90, 0x0, 0x0, 0x0, 0x9, 0xb0, 0x3a,
    0x20, 0x0, 0x0, 0xa, 0x78, 0x1, 0xa4, 0x0,
    0x0, 0xa, 0x5, 0xa0, 0xa, 0x10, 0x0, 0x4,
    0x90, 0x47, 0x2, 0x80, 0x0, 0x18, 0xe9, 0xaf,
    0x40, 0x91, 0x6, 0x92, 0x0, 0x0, 0x76, 0x46,
    0x38, 0x2, 0xaa, 0xa1, 0xa, 0x19, 0x1b, 0xa8,
    0x10, 0x19, 0x2, 0x4a, 0x4a, 0xb1, 0x0, 0xa,
    0x0, 0xa, 0x90, 0x2a, 0x0, 0x29, 0x0, 0xa,
    0x72, 0x4, 0xba, 0xa0, 0x0, 0x27, 0x29, 0x0,
    0x0, 0x0, 0x0, 0x82, 0x7, 0x60, 0x0, 0x0,
    0x2, 0x90, 0x0, 0x79, 0x30, 0x2, 0x7a, 0x0,
    0x0, 0x1, 0x69, 0x97, 0x30, 0x0,

    /* U+1F44D "👍" */
    0x0, 0x0, 0x0, 0x4, 0x81, 0x0, 0x0, 0x0,
    0x0, 0x0, 0x0, 0xa2, 0xb0, 0x0, 0x0, 0x0,
    0x0, 0x0, 0x9, 0xa, 0x0, 0x0, 0x0, 0x0,
    0x0, 0x0, 0xa0, 0xa1, 0x0, 0x0, 0x0, 0x0,
    0x0, 0x75, 0xb, 0x0, 0x0, 0x0, 0x0, 0x0,
    0x87, 0x0, 0xa1, 0x33, 0x0, 0x0, 0x1, 0xa3,
    0x0, 0x5f, 0x97, 0x77, 0x0, 0x1, 0xa1, 0x0,
    0xb, 0x20, 0x0, 0xa0, 0xd9, 0x85, 0x0, 0x0,
    0xbd, 0xcf, 0xfd, 0xa, 0x0, 0x0, 0x0, 0xa,
    0xe7, 0x30, 0x55, 0xa0, 0x0, 0x0, 0x7, 0x78,
    0x0, 0x4, 0x6a, 0x0, 0x0, 0x6, 0x50, 0xcf,
    0xff, 0xf0, 0xa0, 0x0, 0x0, 0x0, 0xa, 0x0,
    0x6, 0x3a, 0x0, 0x0, 0x0, 0x0, 0xb8, 0x31,
    0x92, 0xba, 0xa9, 0x20, 0x0, 0x1a, 0x86, 0xf5,
    0x0, 0x0, 0x8, 0x83, 0x1, 0xb2, 0xb, 0x0,
    0x0, 0x0, 0x1, 0x79, 0x9b, 0x89, 0x40, 0x0,

    /* U+1F44E "👎" */
    0x0, 0x0, 0x1, 0x69, 0x9a, 0x78, 0x30, 0x0,
    0x0, 0x7, 0xa3, 0x0, 0xc6, 0x4b, 0x0, 0x99,
    0x9c, 0x50, 0x0, 0x18, 0x45, 0xf4, 0xa, 0x22,
    0x0, 0x0, 0x0, 0xec, 0x44, 0x92, 0xa0, 0x0,
    0x0, 0x0, 0xa, 0x0, 0x6, 0x3a, 0x0, 0x0,
    0x6, 0x40, 0xcf, 0xff, 0xf0, 0xa0, 0x0, 0x0,
    0x8, 0x69, 0x0, 0x5, 0x5a, 0x0, 0x0, 0x0,
    0xa, 0xc5, 0x10, 0x46, 0xd9, 0x84, 0x0, 0x0,
    0xaf, 0xef, 0xfd, 0x0, 0x2, 0xa1, 0x0, 0xb,
    0x10, 0x0, 0xa0, 0x0, 0x2, 0xa3, 0x0, 0x6f,
    0x86, 0x68, 0x0, 0x0, 0x0, 0x86, 0x0, 0xa2,
    0x44, 0x0, 0x0, 0x0, 0x0, 0x74, 0xb, 0x0,
    0x0, 0x0, 0x0, 0x0, 0x0, 0xa0, 0xa1, 0x0,
    0x0, 0x0, 0x0, 0x0, 0x9, 0xa, 0x0, 0x0,
    0x0, 0x0, 0x0, 0x0, 0xa1, 0xb0, 0x0, 0x0,
    0x0, 0x0, 0x0, 0x4, 0x92, 0x0, 0x0, 0x0,

    /* U+1F44F "👏" */
    0x0, 0x0, 0x0, 0x0, 0x0, 0x60, 0x5, 0x0,
    0x0, 0x0, 0x2, 0x20, 0x0, 0x80, 0x64, 0x0,
    0x0, 0x0, 0x8c, 0xa7, 0xa5, 0x20, 0x20, 0x11,
    0x7, 0x9e, 0x7a, 0x4f, 0xa, 0x97, 0x5, 0x92,
    0xa, 0xc, 0x70, 0x9c, 0x29, 0x79, 0x1, 0x30,
    0xb, 0xf0, 0x66, 0xa, 0xc9, 0x9, 0x1a, 0x78,
    0x37, 0x49, 0x7, 0x60, 0xeb, 0x66, 0xa2, 0x45,
    0x1a, 0x3, 0xa0, 0x75, 0x8, 0x62, 0xf0, 0x80,
    0x4e, 0xe0, 0x3a, 0x0, 0x0, 0x0, 0xe0, 0x80,
    0x82, 0x3a, 0x3, 0x0, 0x0, 0x0, 0x55, 0x80,
    0x1a, 0x13, 0x70, 0x0, 0x0, 0x0, 0x9, 0x80,
    0x1, 0xa2, 0x0, 0x0, 0x0, 0x0, 0xa, 0x80,
    0x0, 0xa, 0x20, 0x0, 0x0, 0x0, 0x28, 0x90,
    0x0, 0x0, 0xa2, 0x0, 0x0, 0x0, 0x94, 0x70,
    0x0, 0x0, 0xa, 0x30, 0x0, 0x7, 0x8a, 0x0,
    0x0, 0x0, 0x0, 0x96, 0x1, 0xbe, 0x90, 0x0,
    0x0, 0x0, 0x0, 0x5, 0xcf, 0x82, 0x0, 0x0,

    /* U+1F450 "👐" */
    0x0, 0x2, 0x0, 0x0, 0x0, 0x0, 0x0, 0x0,
    0x20, 0x0, 0x0, 0x99, 0xda, 0x10, 0x0, 0x0,
    0x1, 0xad, 0x98, 0x0, 0x4, 0xf6, 0xf3, 0x70,
    0x0, 0x0, 0x8, 0x2f, 0x7f, 0x40, 0x8, 0x3a,
    0x55, 0xa0, 0x8f, 0xb7, 0xa, 0x55, 0xb3, 0x80,
    0x2d, 0xd7, 0x4a, 0x37, 0xaf, 0x2a, 0x73, 0xa4,
    0x6e, 0xd2, 0x36, 0x92, 0xa7, 0x4b, 0x8f, 0x28,
    0xa4, 0x6a, 0x28, 0x73, 0xa, 0x29, 0xaa, 0x78,
    0xf, 0x20, 0x87, 0xaa, 0x92, 0xa0, 0x4, 0x6a,
    0x40, 0x62, 0xf, 0x20, 0x26, 0x5, 0x97, 0x40,
    0x0, 0xa0, 0x0, 0x50, 0xf, 0x20, 0x5, 0x0,
    0xa, 0x0, 0x0, 0x55, 0x0, 0x0, 0xf, 0x50,
    0x0, 0x0, 0x74, 0x0, 0x0, 0xa, 0x0, 0x1,
    0xa3, 0x96, 0x0, 0x1, 0xa0, 0x0, 0x0, 0x2,
    0xa9, 0xa9, 0x20, 0x4, 0xaa, 0x9a, 0x10, 0x0,
    0x0, 0x0, 0x1, 0x0, 0x0, 0x0, 0x0, 0x10,
    0x0, 0x0,

    /* U+1F451 "👑" */
    0x0, 0x0, 0x28, 0x20, 0x0, 0x0, 0x75, 0x0,
    0x0, 0x1, 0x61, 0xc, 0xfb, 0x0, 0x0, 0x6f,
    0xf1, 0x6, 0x40, 0x70, 0x70, 0x7f, 0x70, 0x77,
    0x22, 0xfc, 0x7, 0x14, 0x47, 0x7, 0x0, 0xf4,
    0x52, 0x7, 0xe, 0x40, 0x80, 0x15, 0x4d, 0xa0,
    0x2f, 0xb3, 0x62, 0x75, 0xf7, 0x6, 0xf9, 0x0,
    0xaa, 0xa, 0xff, 0x7d, 0xd5, 0xef, 0xe1, 0x9a,
    0x20, 0x9, 0x7f, 0xff, 0xff, 0xc3, 0xff, 0xff,
    0xfb, 0xa0, 0x0, 0x63, 0xff, 0xff, 0xf2, 0xf,
    0xff, 0xff, 0x2a, 0x0, 0x9, 0x61, 0xff, 0xf6,
    0x0, 0x1f, 0xff, 0x41, 0xf0, 0x0, 0xec, 0x0,
    0x0, 0x3, 0x50, 0x0, 0x0, 0x4f, 0x20, 0x9,
    0xf0, 0x4a, 0x1, 0xff, 0x50, 0x58, 0x8, 0xf0,
    0x0, 0xa, 0x2, 0xa0, 0x1f, 0xf5, 0x6, 0x60,
    0x90, 0x0, 0x0, 0xa7, 0x10, 0x0, 0x35, 0x0,
    0x1, 0x5d, 0x0, 0x0, 0x6, 0x99, 0xaa, 0xa9,
    0x9a, 0xaa, 0x95, 0xb0, 0x0, 0x0, 0x37, 0x0,
    0x0, 0x0, 0x0, 0x0, 0x28, 0x0, 0x0, 0x0,
    0xb7, 0x42, 0x10, 0x0, 0x13, 0x6a, 0x40, 0x0,
    0x0, 0x0, 0x25, 0x78, 0x99, 0x97, 0x63, 0x0,
    0x0, 0x0,

    /* U+1F47B "👻" */
    0x0, 0x0, 0x0, 0x2, 0x79, 0x85, 0x0, 0x0,
    0x0, 0x0, 0x1, 0x98, 0x20, 0x14, 0xa4, 0x0,
    0x0, 0x0, 0x1a, 0x20, 0x0, 0x0, 0x9, 0x30,
    0x0, 0x0, 0x92, 0x98, 0x0, 0x0, 0x0, 0xa0,
    0x0, 0x4, 0x60, 0xcc, 0x0, 0x0, 0x0, 0x63,
    0x0, 0x9, 0x0, 0x2, 0x2b, 0xa6, 0x0, 0x27,
    0x3, 0x99, 0x2, 0x90, 0x25, 0xa4, 0x0, 0x9,
    0x2a, 0x0, 0x7, 0xde, 0x96, 0x1, 0x0, 0x9,
    0x72, 0x11, 0x44, 0x48, 0xf6, 0x14, 0x0, 0x36,
    0x6a, 0xa7, 0x80, 0xa, 0x3, 0x94, 0x0, 0x81,
    0x0, 0x9, 0x38, 0x95, 0xa, 0x0, 0x0, 0xa0,
    0x0, 0x9, 0x2, 0x30, 0xa, 0x4b, 0x17, 0x30,
    0x0, 0x3, 0x70, 0x0, 0x7, 0x80, 0xa, 0x0,
    0x0, 0x0, 0x74, 0x0, 0x0, 0x0, 0xa, 0x0,
    0x0, 0x0, 0x8, 0x60, 0x0, 0x0, 0x8, 0x60,
    0x0, 0x0, 0x0, 0x5a, 0x62, 0x0, 0x27, 0x90,
    0x0, 0x0, 0x0, 0x0, 0x48, 0x99, 0x73, 0x0,

    /* U+1F47D "👽" */
    0x0, 0x0, 0x2, 0x79, 0x97, 0x20, 0x0, 0x0,
    0x0, 0x2, 0xa7, 0x30, 0x3, 0x7a, 0x20, 0x0,
    0x0, 0x49, 0x0, 0x0, 0x0, 0x0, 0x94, 0x0,
    0x3, 0x90, 0x0, 0x0, 0x0, 0x0, 0x9, 0x30,
    0xb, 0x0, 0x0, 0x0, 0x0, 0x0, 0x0, 0xb0,
    0x46, 0x0, 0x0, 0x0, 0x0, 0x0, 0x0, 0x64,
    0x81, 0x7a, 0x71, 0x0, 0x0, 0x18, 0xa6, 0x18,
    0x90, 0xff, 0xfd, 0x10, 0x2, 0xef, 0xfd, 0x9,
    0x82, 0xdf, 0xff, 0x90, 0xa, 0xff, 0xfb, 0x28,
    0x36, 0x6f, 0xff, 0xc0, 0xe, 0xff, 0xf4, 0x73,
    0xa, 0x7, 0xef, 0xb0, 0xc, 0xfe, 0x60, 0xb0,
    0x4, 0x60, 0x1, 0x0, 0x0, 0x10, 0x6, 0x50,
    0x0, 0x92, 0x2, 0x84, 0x48, 0x10, 0x29, 0x0,
    0x0, 0x1b, 0x10, 0x7c, 0xc6, 0x1, 0xb1, 0x0,
    0x0, 0x1, 0xa1, 0x0, 0x0, 0x1a, 0x10, 0x0,
    0x0, 0x0, 0x1a, 0x60, 0x6, 0xa1, 0x0, 0x0,
    0x0, 0x0, 0x0, 0x49, 0x94, 0x0, 0x0, 0x0,

    /* U+1F47E "👾" */
    0x0, 0x0, 0xa, 0xa6, 0x0, 0x0, 0x8, 0xa7,
    0x0, 0x0, 0x0, 0x0, 0xa, 0xa, 0x0, 0x0,
    0xa, 0xa, 0x0, 0x0, 0x0, 0x0, 0xd, 0xad,
    0xa6, 0x9, 0xad, 0xab, 0x0, 0x0, 0x0, 0x0,
    0x0, 0xa, 0xa, 0xa, 0xa, 0x0, 0x0, 0x0,
    0xb, 0xa7, 0xb, 0xa8, 0xb, 0xa9, 0xb, 0xa9,
    0x9, 0xa9, 0x18, 0xa, 0xa, 0x0, 0x0, 0x0,
    0x0, 0xa, 0xa, 0xa, 0x18, 0xa, 0xa, 0x4,
    0x61, 0x3, 0x62, 0xa, 0xa, 0xa, 0x18, 0xa,
    0xa, 0x9, 0xf4, 0x8, 0xf5, 0xa, 0xa, 0xa,
    0xb, 0xad, 0xa7, 0x4, 0x61, 0x3, 0x62, 0xa,
    0xad, 0xaa, 0x0, 0xa, 0x0, 0x0, 0x0, 0x0,
    0x0, 0x0, 0xa, 0x0, 0x0, 0xc, 0xa7, 0x0,
    0x0, 0x0, 0x0, 0xa, 0xaa, 0x0, 0x0, 0x0,
    0xa, 0x0, 0x0, 0x0, 0x0, 0xa, 0x0, 0x0,
    0x0, 0x0, 0xb, 0xa8, 0xb, 0xa8, 0xa, 0xa9,
    0x0, 0x0, 0x0, 0x0, 0x0, 0xa, 0xa, 0xa,
    0xa, 0x0, 0x0, 0x0, 0x0, 0x0, 0xd, 0xad,
    0xa6, 0x9, 0xad, 0xab, 0x0, 0x0, 0x0, 0x0,
    0xa, 0xa, 0x0, 0x0, 0xa, 0xa, 0x0, 0x0,
    0x0, 0x0, 0xa, 0xa6, 0x0, 0x0, 0x9, 0xa8,
    0x0, 0x0,

    /* U+1F480 "💀" */
    0x0, 0x0, 0x26, 0x99, 0x73, 0x0, 0x0, 0x0,
    0x9, 0x83, 0x0, 0x27, 0xa2, 0x0, 0x0, 0xa2,
    0x0, 0x0, 0x0, 0x1a, 0x20, 0x9, 0x20, 0x0,
    0x0, 0x0, 0x0, 0xb0, 0x19, 0x0, 0x0, 0x0,
    0x0, 0x0, 0x55, 0x63, 0x0, 0x0, 0x0, 0x0,
    0x0, 0x9, 0x81, 0x0, 0x0, 0x0, 0x0, 0x0,
    0x9, 0x90, 0xb, 0xf5, 0x0, 0xc, 0xf4, 0xa,
    0x91, 0x3f, 0xfb, 0x0, 0x3f, 0xfb, 0xa, 0x73,
    0x1e, 0xf5, 0x4, 0xd, 0xf7, 0xa, 0x82, 0x0,
    0x10, 0x6f, 0x10, 0x10, 0xa, 0x73, 0x0, 0x0,
    0x7c, 0x20, 0x0, 0xa, 0x1a, 0x40, 0x0, 0x0,
    0x0, 0x1, 0xa3, 0x0, 0x75, 0x1, 0x1, 0x1,
    0xb, 0x10, 0x0, 0x9, 0x27, 0x9, 0x9, 0x27,
    0x0, 0x0, 0x6, 0xca, 0xd, 0xf, 0xa1, 0x0,
    0x0, 0x0, 0x6, 0x97, 0x92, 0x0, 0x0,

    /* U+1F485 "💅" */
    0x0, 0x0, 0x0, 0x0, 0x0, 0x0, 0x3a, 0xaa,
    0xa3, 0x0, 0x0, 0x0, 0x0, 0x0, 0x0, 0xa0,
    0x0, 0x63, 0x0, 0x0, 0x0, 0x0, 0x0, 0x4,
    0x70, 0x0, 0x90, 0x0, 0x0, 0x0, 0x0, 0x0,
    0xa, 0x98, 0x20, 0xa0, 0x0, 0x4, 0x92, 0x0,
    0x0, 0x3, 0xee, 0xfa, 0xa0, 0x2, 0xff, 0xfc,
    0x0, 0x0, 0x0, 0x67, 0xca, 0x30, 0x9, 0xff,
    0xff, 0x3, 0x30, 0x0, 0x98, 0x0, 0x0, 0x0,
    0x47, 0x4b, 0xff, 0xf2, 0x8, 0xf5, 0x0, 0x0,
    0x0, 0x0, 0xfe, 0xff, 0xf9, 0x1c, 0x90, 0x0,
    0x0, 0x0, 0x5a, 0x30, 0x99, 0x4b, 0x20, 0x0,
    0x0, 0x0, 0xa, 0x60, 0x0, 0x1, 0xff, 0xf1,
    0x0, 0x0, 0x0, 0x0, 0x0, 0x0, 0x2e, 0xff,
    0xf3, 0x0, 0x0, 0x0, 0x0, 0x0, 0x5, 0x91,
    0x99, 0x91, 0x0, 0x0, 0x0, 0x0, 0x0, 0x87,
    0x0, 0x2, 0x90, 0x0, 0x0, 0x0, 0x0, 0xa,
    0x40, 0x0, 0x1a, 0x0, 0x0, 0x0, 0x0, 0x2,
    0xb2, 0x0, 0x1, 0xa1, 0x0, 0x0, 0x0, 0x0,
    0x9, 0x0, 0x0, 0x6, 0x10, 0x0, 0x0, 0x0,
    0x0,

    /* U+1F493 "💓" */
    0x0, 0x38, 0x0, 0x0, 0x0, 0x0, 0x0, 0x55,
    0x0, 0x9, 0x71, 0x0, 0x0, 0x0, 0x0, 0x0,
    0x4, 0xa2, 0x63, 0x3, 0xaa, 0x40, 0x0, 0x0,
    0xaa, 0x60, 0xa, 0x0, 0x87, 0x0, 0x0, 0x0,
    0x0, 0x0, 0x5a, 0x0, 0x5, 0x60, 0x8a, 0x98,
    0x0, 0x5a, 0xa9, 0x22, 0x90, 0x8, 0xa, 0x30,
    0x2, 0xa7, 0x60, 0x1, 0xa1, 0x80, 0x0, 0x37,
    0xb, 0x10, 0x27, 0x0, 0x0, 0x28, 0x0, 0x0,
    0x54, 0x74, 0x0, 0x0, 0x0, 0x0, 0xa, 0x0,
    0x0, 0x36, 0x10, 0x0, 0x0, 0x0, 0x0, 0x18,
    0x0, 0x0, 0xa, 0x0, 0x0, 0x0, 0x0, 0x0,
    0x64, 0x0, 0x0, 0x7, 0x40, 0x0, 0x0, 0x0,
    0x1, 0xa0, 0x0, 0x3, 0x40, 0xa1, 0x0, 0x0,
    0x0, 0xa, 0x21, 0x70, 0x0, 0xa1, 0x1b, 0x10,
    0x0, 0x0, 0x94, 0xa, 0x20, 0x25, 0x1a, 0x1,
    0xb1, 0x0, 0x9, 0x40, 0x84, 0x16, 0xa, 0x22,
    0xa1, 0x1a, 0x31, 0xa3, 0x8, 0x50, 0xa1, 0x0,
    0xb2, 0x16, 0x0, 0x9b, 0x20, 0x34, 0xa, 0x30,
    0x0, 0x15, 0x0, 0x0, 0x0, 0x0, 0x0, 0x23,
    0x0,

    /* U+1F494 "💔" */
    0x0, 0x16, 0x98, 0x40, 0x0, 0x2, 0x79, 0x82,
    0x0, 0x3, 0xa3, 0x1, 0x6a, 0x0, 0x69, 0x20,
    0x28, 0x70, 0x1a, 0x0, 0x0, 0x2, 0x90, 0xa0,
    0x0, 0x0, 0x74, 0x63, 0x0, 0x0, 0x5, 0x54,
    0x50, 0x0, 0x0, 0xa, 0x90, 0x0, 0x0, 0xa,
    0xa, 0x0, 0x0, 0x0, 0xa, 0x90, 0x0, 0x0,
    0x28, 0x18, 0x0, 0x0, 0x0, 0xa, 0x73, 0x0,
    0x0, 0x64, 0x37, 0x0, 0x0, 0x0, 0xa, 0x28,
    0x0, 0x0, 0xa, 0x9, 0x30, 0x0, 0x0, 0x37,
    0x9, 0x10, 0x0, 0x3, 0x80, 0xb0, 0x0, 0x0,
    0xa1, 0x2, 0x90, 0x0, 0x0, 0xb0, 0x83, 0x0,
    0x4, 0x60, 0x0, 0x66, 0x0, 0x5, 0x62, 0x90,
    0x0, 0x2a, 0x0, 0x0, 0x9, 0x40, 0xb, 0xa,
    0x10, 0x1, 0xb1, 0x0, 0x0, 0x0, 0x93, 0xa,
    0xa, 0x0, 0x1a, 0x10, 0x0, 0x0, 0x0, 0xa,
    0x47, 0x28, 0x11, 0xa2, 0x0, 0x0, 0x0, 0x0,
    0x0, 0x99, 0x64, 0x8a, 0x10, 0x0, 0x0, 0x0,
    0x0, 0x0, 0x7, 0xa0, 0xa0, 0x0, 0x0, 0x0,
    0x0, 0x0, 0x0, 0x0, 0x30, 0x0, 0x0, 0x0,
    0x0,

    /* U+1F495 "💕" */
    0x0, 0x0, 0x0, 0x0, 0x0, 0x0, 0x6, 0x82,
    0x0, 0x0, 0x0, 0x0, 0x0, 0x68, 0x59, 0x20,
    0x82, 0x0, 0x0, 0x0, 0x0, 0x63, 0x3, 0x40,
    0x1, 0x70, 0x0, 0x0, 0x0, 0x8, 0x0, 0x0,
    0x0, 0x26, 0x0, 0x59, 0x60, 0x0, 0x62, 0x0,
    0x0, 0x7, 0x10, 0x95, 0x4, 0x90, 0x0, 0x92,
    0x0, 0x1, 0x80, 0x46, 0x0, 0x3, 0x60, 0x0,
    0x76, 0x0, 0x81, 0x9, 0x0, 0x0, 0x9, 0x0,
    0x0, 0x28, 0x94, 0x0, 0x90, 0x0, 0x0, 0xaa,
    0xaa, 0x70, 0x1, 0x0, 0x9, 0x0, 0x0, 0x2,
    0x0, 0x5, 0x70, 0x0, 0x0, 0xa0, 0x0, 0x0,
    0x0, 0x0, 0xa, 0x0, 0x0, 0xa, 0x0, 0x0,
    0x0, 0x0, 0x0, 0xa0, 0x0, 0x0, 0x81, 0x0,
    0x0, 0x0, 0x0, 0xa, 0x0, 0x0, 0x4, 0x50,
    0x0, 0x0, 0x0, 0xa, 0x20, 0x0, 0x0, 0x9,
    0x0, 0x0, 0x0, 0x6a, 0x20, 0x0, 0x0, 0x0,
    0xa0, 0x2, 0x69, 0x94, 0x0, 0x0, 0x0, 0x0,
    0x4, 0xa9, 0x73, 0x0, 0x0, 0x0, 0x0, 0x0,
    0x0,

    /* U+1F496 "💖" */
    0x0, 0x16, 0x98, 0x30, 0x0, 0x2, 0x7a, 0x72,
    0x0, 0x3, 0xa3, 0x1, 0x79, 0x0, 0x88, 0x27,
    0x29, 0x60, 0xa, 0x0, 0x20, 0x3, 0x98, 0x40,
    0xc, 0x10, 0x83, 0x64, 0x6, 0x70, 0x0, 0x68,
    0x2, 0xbf, 0xc5, 0xa, 0x90, 0x8, 0x0, 0x0,
    0x0, 0x0, 0x3f, 0x80, 0xa, 0x90, 0x34, 0x0,
    0x0, 0x0, 0x52, 0x8, 0x0, 0xa, 0x72, 0x11,
    0x0, 0x50, 0x0, 0x31, 0x2, 0x0, 0xa, 0x28,
    0x0, 0x0, 0xc0, 0x0, 0x0, 0x0, 0x0, 0x37,
    0xa, 0x10, 0x3, 0xf2, 0x0, 0x0, 0x0, 0x0,
    0xa1, 0x2, 0x90, 0x5d, 0xfd, 0x40, 0x1, 0xc2,
    0x4, 0x70, 0x0, 0x67, 0x7f, 0xfe, 0x70, 0x0,
    0x60, 0x2a, 0x0, 0x0, 0x9, 0x44, 0xf3, 0x0,
    0x80, 0x1, 0xa1, 0x0, 0x0, 0x0, 0x94, 0xd0,
    0x0, 0x0, 0x1a, 0x10, 0x0, 0x0, 0x0, 0x8,
    0xb0, 0x0, 0x1, 0xa1, 0x0, 0x0, 0x0, 0x0,
    0x0, 0x77, 0x0, 0x3a, 0x0, 0x0, 0x0, 0x0,
    0x0, 0x0, 0x5, 0x96, 0x80, 0x0, 0x0, 0x0,
    0x0, 0x0, 0x0, 0x0, 0x25, 0x0, 0x0, 0x0,
    0x0,

    /* U+1F497 "💗" */
    0x0, 0x27, 0x86, 0x0, 0x0, 0x48, 0x85, 0x0,
    0x0, 0x77, 0x10, 0x39, 0x31, 0xa5, 0x0, 0x4a,
    0x10, 0x56, 0x0, 0x0, 0x8, 0xa1, 0x0, 0x0,
    0xa, 0x9, 0x2, 0x89, 0x95, 0x2, 0x28, 0x99,
    0x50, 0x63, 0x93, 0x90, 0x0, 0x59, 0x58, 0x0,
    0x5, 0x82, 0x69, 0x90, 0x0, 0x0, 0x27, 0x0,
    0x0, 0x6, 0x66, 0xa7, 0x4, 0x99, 0x92, 0x7,
    0x99, 0x70, 0xd, 0x49, 0x72, 0x90, 0x0, 0x99,
    0x20, 0x4, 0x70, 0xf0, 0x2a, 0x71, 0x0, 0x0,
    0x20, 0x0, 0x9, 0x3a, 0x0, 0x79, 0x0, 0x0,
    0x0, 0x0, 0x0, 0x99, 0x10, 0x0, 0xd5, 0x0,
    0x0, 0x0, 0x0, 0xe, 0x50, 0x0, 0x2, 0xf0,
    0x0, 0x0, 0x0, 0x9, 0xa0, 0x0, 0x0, 0x3,
    0x70, 0x0, 0x0, 0x3, 0xa0, 0x0, 0x0, 0x0,
    0x4, 0x60, 0x0, 0x2, 0x90, 0x0, 0x0, 0x0,
    0x0, 0x3, 0x70, 0x3, 0x90, 0x0, 0x0, 0x0,
    0x0, 0x0, 0x3, 0x85, 0x80, 0x0, 0x0, 0x0,
    0x0, 0x0, 0x0, 0x1, 0x60, 0x0, 0x0, 0x0,
    0x0,

    /* U+1F498 "💘" */
    0x53, 0x0, 0x0, 0x0, 0x0, 0x0, 0x0, 0x0,
    0xf, 0xfd, 0x0, 0x0, 0x0, 0x0, 0x0, 0x0,
    0x0, 0xbf, 0x80, 0x0, 0x0, 0x0, 0x0, 0x0,
    0x0, 0x3, 0x38, 0xaa, 0x9a, 0x50, 0x19, 0x9a,
    0x80, 0x0, 0x0, 0x3a, 0x1, 0x6, 0x7a, 0x10,
    0x3, 0x90, 0x0, 0x9, 0x6, 0x60, 0x8, 0x10,
    0x0, 0x8, 0x10, 0x0, 0xa0, 0x70, 0x0, 0x0,
    0x0, 0x0, 0x63, 0x0, 0x9, 0x0, 0x0, 0x0,
    0x0, 0x0, 0x8, 0x10, 0x0, 0x55, 0x0, 0x0,
    0x35, 0x0, 0x0, 0xa0, 0x0, 0x0, 0xa0, 0x0,
    0xf, 0x70, 0x0, 0x74, 0x0, 0x0, 0x2, 0x90,
    0x0, 0x6, 0x70, 0x38, 0x0, 0x0, 0x0, 0x4,
    0x80, 0x0, 0x6, 0xb9, 0x0, 0x0, 0x0, 0x0,
    0x4, 0x80, 0x0, 0x3f, 0xfd, 0xb3, 0x0, 0x0,
    0x0, 0x4, 0xa0, 0x59, 0xf, 0xff, 0xf1, 0x0,
    0x0, 0x0, 0x2, 0xb7, 0x0, 0xef, 0xf8, 0x10,
    0x0, 0x0, 0x0, 0x0, 0x0, 0x6, 0xf9, 0x70,
    0x0, 0x0, 0x0, 0x0, 0x0, 0x0, 0x5, 0x10,
    0x0,

    /* U+1F499 "💙" */
    0x0, 0x16, 0x98, 0x30, 0x0, 0x2, 0x79, 0x82,
    0x0, 0x3, 0xa3, 0x1, 0x6a, 0x0, 0x78, 0x20,
    0x29, 0x60, 0xe, 0xa9, 0x99, 0x9c, 0xb6, 0xe9,
    0x99, 0x99, 0xf4, 0x64, 0x0, 0x0, 0x0, 0x59,
    0x0, 0x0, 0x0, 0xa, 0xca, 0x99, 0x99, 0x99,
    0xab, 0x99, 0x99, 0x99, 0x9f, 0x90, 0x0, 0x0,
    0x0, 0x0, 0x0, 0x0, 0x0, 0xa, 0x9c, 0x99,
    0x99, 0x99, 0x99, 0x99, 0x99, 0x99, 0xaf, 0x28,
    0x0, 0x0, 0x0, 0x0, 0x0, 0x0, 0x0, 0x37,
    0xd, 0xb9, 0x99, 0x99, 0x99, 0x99, 0x99, 0x99,
    0xf1, 0x2, 0x90, 0x0, 0x0, 0x0, 0x0, 0x0,
    0x4, 0x70, 0x0, 0x6e, 0x99, 0x99, 0x99, 0x99,
    0x99, 0xcb, 0x0, 0x0, 0x9, 0x40, 0x0, 0x0,
    0x0, 0x1, 0xa1, 0x0, 0x0, 0x0, 0x9a, 0x99,
    0x99, 0x99, 0xaa, 0x10, 0x0, 0x0, 0x0, 0x9,
    0x50, 0x0, 0x2, 0xb1, 0x0, 0x0, 0x0, 0x0,
    0x0, 0x77, 0x0, 0x3a, 0x0, 0x0, 0x0, 0x0,
    0x0, 0x0, 0x8, 0xff, 0xe0, 0x0, 0x0, 0x0,
    0x0, 0x0, 0x0, 0x0, 0x25, 0x0, 0x0, 0x0,
    0x0,

    /* U+1F49A "💚" */
    0x0, 0x16, 0xaa, 0x40, 0x0, 0x2, 0x7c, 0x82,
    0x0, 0x3, 0xeb, 0xb, 0xba, 0x10, 0x7f, 0x36,
    0xa9, 0x60, 0xf, 0x15, 0x80, 0x87, 0xa9, 0x82,
    0xa1, 0x49, 0x84, 0x66, 0xa1, 0x49, 0x7, 0xba,
    0xa3, 0x1a, 0x23, 0xaa, 0xb4, 0x1a, 0x13, 0xa0,
    0x69, 0x9, 0x41, 0xa2, 0x3f, 0x99, 0x41, 0xa2,
    0x3a, 0x5, 0x80, 0x95, 0xa, 0x3a, 0x72, 0x85,
    0xa, 0x32, 0xa1, 0x49, 0x8, 0x60, 0x9e, 0x2d,
    0x7, 0x60, 0xa3, 0x1a, 0x13, 0xa0, 0x77, 0x39,
    0xe, 0xb0, 0x68, 0x9, 0x41, 0xa2, 0x2a, 0x6,
    0xf1, 0x2, 0xca, 0x5, 0x90, 0x85, 0xa, 0x32,
    0xa6, 0x70, 0x0, 0x68, 0xa1, 0x49, 0x7, 0x60,
    0x94, 0x3f, 0x0, 0x0, 0x9, 0x6a, 0x23, 0xa0,
    0x67, 0xa, 0xd1, 0x0, 0x0, 0x0, 0x95, 0xa2,
    0x2a, 0x15, 0xaa, 0x10, 0x0, 0x0, 0x0, 0x8,
    0x5a, 0x31, 0xa3, 0xe1, 0x0, 0x0, 0x0, 0x0,
    0x0, 0x77, 0x94, 0x4e, 0x0, 0x0, 0x0, 0x0,
    0x0, 0x0, 0x5, 0x9e, 0x90, 0x0, 0x0, 0x0,
    0x0, 0x0, 0x0, 0x0, 0x25, 0x0, 0x0, 0x0,
    0x0,

    /* U+1F49B "💛" */
    0x0, 0x6, 0x87, 0x20, 0x0, 0x1, 0x79, 0x72,
    0x0, 0x3, 0xb4, 0x1, 0x79, 0x0, 0x79, 0x30,
    0x29, 0x60, 0xb, 0x32, 0x32, 0x34, 0x96, 0x74,
    0x6, 0x5, 0x83, 0x60, 0x13, 0x21, 0x31, 0x17,
    0x31, 0x50, 0x50, 0x5a, 0x90, 0x0, 0x0, 0x0,
    0x1, 0x0, 0x0, 0x0, 0xa, 0xb4, 0x31, 0x50,
    0x50, 0x53, 0x15, 0x5, 0x5, 0xe, 0x72, 0x32,
    0x13, 0x3, 0x2, 0x30, 0x30, 0x31, 0x2a, 0x27,
    0x21, 0x12, 0x2, 0x1, 0x20, 0x20, 0x20, 0x17,
    0xa, 0x22, 0x50, 0x50, 0x53, 0x16, 0x5, 0x5,
    0x91, 0x3, 0x90, 0x0, 0x0, 0x0, 0x0, 0x10,
    0x4, 0x70, 0x0, 0x73, 0x24, 0x4, 0x3, 0x40,
    0x50, 0x2a, 0x0, 0x0, 0x9, 0x72, 0x40, 0x42,
    0x15, 0x5, 0xa1, 0x0, 0x0, 0x0, 0xa4, 0x10,
    0x10, 0x1, 0x1b, 0x10, 0x0, 0x0, 0x0, 0x9,
    0x45, 0x14, 0x51, 0xa1, 0x0, 0x0, 0x0, 0x0,
    0x0, 0x76, 0x1, 0x3a, 0x10, 0x0, 0x0, 0x0,
    0x0, 0x0, 0x5, 0x83, 0x80, 0x0, 0x0, 0x0,
    0x0, 0x0, 0x0, 0x0, 0x25, 0x0, 0x0, 0x0,
    0x0,

    /* U+1F49C "💜" */
    0x0, 0x16, 0xd8, 0x40, 0x0, 0x2, 0x9a, 0x82,
    0x0, 0x3, 0xa9, 0x81, 0xea, 0x10, 0x7b, 0xc1,
    0x6f, 0x60, 0xa, 0x66, 0x9, 0x33, 0xf6, 0x89,
    0x5, 0x70, 0xf4, 0x6b, 0x50, 0x92, 0x1a, 0x6d,
    0x80, 0x66, 0x8, 0x4a, 0xc5, 0x1a, 0x12, 0x90,
    0x49, 0x7, 0x50, 0x93, 0x1f, 0x92, 0xa1, 0x29,
    0x5, 0x70, 0x84, 0x9, 0x22, 0x9a, 0x7c, 0x3,
    0x90, 0x66, 0x9, 0x31, 0xa1, 0x39, 0xa, 0x28,
    0x48, 0x7, 0x50, 0x92, 0x1a, 0x14, 0x80, 0x99,
    0xb, 0x80, 0x84, 0x19, 0x22, 0x90, 0x57, 0x7,
    0xf1, 0x2, 0x99, 0x31, 0xa1, 0x39, 0x6, 0x60,
    0x89, 0x70, 0x0, 0x78, 0x29, 0x4, 0x80, 0x75,
    0x9, 0x5a, 0x0, 0x0, 0x9, 0xc0, 0x57, 0x8,
    0x40, 0x93, 0xa1, 0x0, 0x0, 0x0, 0x9a, 0x60,
    0x83, 0x19, 0x3a, 0x10, 0x0, 0x0, 0x0, 0xa,
    0x59, 0x31, 0xa3, 0xa1, 0x0, 0x0, 0x0, 0x0,
    0x0, 0x99, 0x29, 0x4a, 0x0, 0x0, 0x0, 0x0,
    0x0, 0x0, 0x5, 0xf6, 0x80, 0x0, 0x0, 0x0,
    0x0, 0x0, 0x0, 0x0, 0x25, 0x0, 0x0, 0x0,
    0x0,

    /* U+1F49D "💝" */
    0x0, 0x5, 0x99, 0x60, 0x0, 0x1, 0x79, 0x83,
    0x0, 0x2, 0xa4, 0x0, 0x4a, 0x40, 0x69, 0x30,
    0x18, 0x80, 0xa, 0x0, 0x0, 0x0, 0x87, 0x50,
    0x0, 0x0, 0x65, 0x45, 0x0, 0x2, 0xb5, 0x8,
    0x0, 0x0, 0x0, 0xa, 0x99, 0x10, 0x7, 0xcf,
    0x20, 0x0, 0x0, 0x0, 0xa, 0xec, 0xf6, 0x49,
    0xff, 0x90, 0x0, 0x0, 0x0, 0x9, 0xb9, 0xff,
    0xcc, 0xef, 0xfe, 0xee, 0xee, 0xee, 0xef, 0x99,
    0xff, 0xdf, 0xff, 0xff, 0xff, 0xff, 0xff, 0xf7,
    0x5f, 0xff, 0xff, 0xfa, 0x64, 0x44, 0x44, 0x44,
    0xd0, 0xa, 0xff, 0xdb, 0xfd, 0x50, 0x0, 0x0,
    0x5, 0x50, 0x0, 0x3f, 0xc0, 0xaf, 0x10, 0x0,
    0x0, 0x28, 0x0, 0x0, 0x5f, 0xf0, 0x6, 0x0,
    0x0, 0x1, 0x90, 0x0, 0x0, 0x2, 0x7a, 0x0,
    0x0, 0x0, 0x19, 0x0, 0x0, 0x0, 0x0, 0x4,
    0xa0, 0x0, 0x1, 0x80, 0x0, 0x0, 0x0, 0x0,
    0x0, 0x3b, 0x20, 0x38, 0x0, 0x0, 0x0, 0x0,
    0x0, 0x0, 0x1, 0xb8, 0x60, 0x0, 0x0, 0x0,
    0x0, 0x0, 0x0, 0x0, 0x3, 0x0, 0x0, 0x0,
    0x0,

    /* U+1F49E "💞" */
    0x0, 0x0, 0x0, 0x0, 0x4, 0x85, 0x6, 0x83,
    0x0, 0x0, 0x0, 0x56, 0x54, 0x70, 0x5b, 0x40,
    0x83, 0x0, 0x4, 0x61, 0x0, 0x80, 0x0, 0x10,
    0x2, 0x70, 0x5, 0x20, 0x35, 0x56, 0x30, 0x0,
    0x0, 0x54, 0x3, 0x56, 0x62, 0x0, 0x9, 0x0,
    0x0, 0x9, 0x0, 0x77, 0x0, 0x0, 0x0, 0x29,
    0x0, 0xa, 0x10, 0x6, 0x0, 0x0, 0x0, 0x0,
    0x39, 0x2a, 0x28, 0x0, 0x8a, 0x91, 0x18, 0xa9,
    0x10, 0x19, 0x12, 0x80, 0x93, 0x1, 0x9a, 0x10,
    0x2a, 0x0, 0x0, 0x75, 0xa, 0x0, 0x1, 0x20,
    0x0, 0x81, 0x0, 0x72, 0x40, 0x90, 0x0, 0x0,
    0x0, 0x9, 0x26, 0x60, 0x50, 0x9, 0x10, 0x0,
    0x0, 0x0, 0xa0, 0x0, 0x5, 0x0, 0x28, 0x0,
    0x0, 0x0, 0x74, 0x0, 0x7, 0x0, 0x0, 0x56,
    0x0, 0x0, 0x47, 0x0, 0x27, 0x0, 0x0, 0x0,
    0x66, 0x0, 0x48, 0x46, 0x64, 0x0, 0x0, 0x0,
    0x0, 0x57, 0x67, 0x0, 0x0, 0x0, 0x0, 0x0,
    0x0, 0x0, 0x34, 0x0, 0x0, 0x0, 0x0, 0x0,
    0x0,

    /* U+1F4A1 "💡" */
    0x0, 0x4, 0x89, 0x72, 0x0, 0x0, 0x3a, 0x51,
    0x2, 0x89, 0x0, 0x2a, 0x0, 0x0, 0x0, 0x3a,
    0x9, 0x10, 0x0, 0x0, 0x0, 0x64, 0xa0, 0x8,
    0x68, 0x65, 0x1, 0x8a, 0x0, 0x78, 0x66, 0x50,
    0x9, 0xa0, 0x8, 0x38, 0x71, 0x3, 0x75, 0x60,
    0x67, 0x88, 0x30, 0xa1, 0xa, 0x15, 0x0, 0x43,
    0x47, 0x0, 0x37, 0x6, 0x6, 0xa, 0x0, 0x0,
    0xa0, 0x60, 0x50, 0xa0, 0x0, 0xf, 0x8c, 0x5c,
    0xcc, 0x0, 0x0, 0x89, 0xbc, 0xbe, 0x20, 0x0,
    0x2, 0xa4, 0x67, 0xe0, 0x0, 0x0, 0xd, 0x34,
    0x6a, 0x0, 0x0, 0x0, 0x7e, 0xee, 0x20, 0x0,
    0x0, 0x0, 0x69, 0x20, 0x0, 0x0,

    /* U+1F4AA "💪" */
    0x0, 0x0, 0x0, 0x59, 0x60, 0x0, 0x0, 0x0,
    0x0, 0x0, 0x2, 0xa4, 0x7, 0x40, 0x0, 0x0,
    0x0, 0x0, 0x3, 0xa0, 0x39, 0xa, 0x0, 0x0,
    0x0, 0x0, 0x1, 0xa0, 0x8, 0x54, 0xb0, 0x0,
    0x0, 0x0, 0x0, 0x91, 0xa, 0x26, 0xf3, 0x0,
    0x0, 0x0, 0x0, 0x28, 0x0, 0xa8, 0x95, 0x0,
    0x0, 0x0, 0x0, 0x9, 0x10, 0x8, 0x0, 0x0,
    0x0, 0x0, 0x0, 0x0, 0x90, 0x1, 0x70, 0x0,
    0x0, 0x0, 0x0, 0x0, 0x54, 0x0, 0x8, 0x0,
    0x29, 0xaa, 0xa7, 0x0, 0x9, 0x0, 0x0, 0x80,
    0x69, 0x10, 0x0, 0x5a, 0x0, 0xa0, 0x0, 0x3d,
    0xa7, 0x0, 0x0, 0x0, 0x28, 0xa, 0x0, 0x9,
    0x30, 0x0, 0x0, 0x0, 0x0, 0xa0, 0x90, 0x0,
    0x90, 0x35, 0x0, 0x0, 0x0, 0x9, 0xa, 0x0,
    0x9, 0x0, 0xa3, 0x0, 0x2, 0x90, 0xa0, 0x92,
    0x0, 0x10, 0x0, 0x8a, 0x99, 0x80, 0x48, 0x1,
    0xb7, 0x31, 0x0, 0x0, 0x0, 0x3, 0x88, 0x0,
    0x0, 0x36, 0x89, 0x99, 0xaa, 0x99, 0x61, 0x0,
    0x0,

    /* U+1F4AF "💯" */
    0x0, 0x0, 0x6, 0x30, 0x0, 0x0, 0x1, 0x10,
    0x0, 0x0, 0x6, 0xef, 0x12, 0x93, 0x5b, 0xef,
    0xfe, 0x30, 0x6, 0xeb, 0xca, 0x1d, 0x47, 0xf5,
    0x3d, 0x37, 0xc0, 0x5, 0x10, 0xe4, 0xa7, 0x4,
    0xd0, 0xb5, 0x2, 0xe0, 0x0, 0x5, 0xd2, 0xe0,
    0x5, 0xb2, 0xf0, 0x3, 0xd0, 0x0, 0xb, 0x77,
    0xa0, 0x7, 0xa6, 0xb0, 0x5, 0xc0, 0x0, 0x1f,
    0x19, 0x70, 0xb, 0x68, 0x90, 0x9, 0x80, 0x0,
    0x6a, 0xa, 0x70, 0x1f, 0x18, 0x80, 0xe, 0x20,
    0x0, 0xb4, 0x7, 0xb1, 0xaa, 0x6, 0xc0, 0x9b,
    0x0, 0x0, 0xd0, 0x1, 0xce, 0x90, 0x0, 0xbf,
    0xb1, 0x0, 0x2, 0x80, 0x0, 0x0, 0x0, 0x0,
    0x2, 0x10, 0x0, 0x1, 0x10, 0x2, 0x57, 0x9b,
    0xcb, 0x96, 0x20, 0x0, 0x0, 0x1, 0xef, 0xc8,
    0x51, 0x0, 0x3, 0x68, 0x72, 0x0, 0x0, 0x30,
    0x0, 0x36, 0xab, 0x96, 0x20, 0x0, 0x0, 0x0,
    0x47, 0xbe, 0xa6, 0x10, 0x0, 0x0, 0x0, 0x7,
    0xbf, 0xd8, 0x40, 0x0, 0x0, 0x0, 0x0, 0x0,
    0x19, 0x61, 0x0, 0x0, 0x0, 0x0, 0x0, 0x0,
    0x0,

    /* U+1F4B0 "💰" */
    0x0, 0x0, 0x0, 0x0, 0x0, 0x57, 0x10, 0x0,
    0x0, 0x0, 0x0, 0x88, 0xd4, 0x2b, 0x0, 0x0,
    0x0, 0x0, 0x9, 0x18, 0x0, 0xa0, 0x0, 0x0,
    0x0, 0x0, 0x90, 0x10, 0x4, 0x50, 0x0, 0x0,
    0x0, 0xd, 0xec, 0x53, 0xa2, 0x0, 0x0, 0x5,
    0x88, 0x79, 0xcf, 0x61, 0x0, 0x0, 0x29, 0x40,
    0x1, 0x40, 0x67, 0x0, 0x0, 0x38, 0x0, 0x3b,
    0xdb, 0x0, 0x91, 0x0, 0xa, 0x0, 0xd, 0x40,
    0x96, 0x37, 0x50, 0x7, 0x20, 0x0, 0xb8, 0x0,
    0x0, 0x79, 0x0, 0xa0, 0x0, 0x0, 0x9c, 0x10,
    0x0, 0x37, 0x9, 0x0, 0x5, 0x0, 0x5a, 0x0,
    0x0, 0x81, 0xa0, 0x0, 0xa8, 0x5, 0xa0, 0x0,
    0x4, 0x5a, 0x0, 0x0, 0xff, 0xa1, 0x0, 0x0,
    0x63, 0x3a, 0x0, 0x8, 0x0, 0x0, 0x0, 0x3a,
    0x0, 0x3a, 0x72, 0x0, 0x0, 0x15, 0x98, 0x0,
    0x0, 0x2, 0x69, 0x99, 0x97, 0x40, 0x0, 0x0,

    /* U+1F4BA "💺" */
    0x1, 0x88, 0x89, 0x97, 0x0, 0x0, 0x0, 0x9,
    0x97, 0x0, 0x6, 0x40, 0x0, 0x0, 0x9, 0x28,
    0x0, 0x2, 0x70, 0x0, 0x0, 0x9, 0x28, 0x13,
    0x4b, 0x30, 0x0, 0x0, 0x9, 0xaf, 0x76, 0x4a,
    0x10, 0x0, 0x0, 0x9, 0x37, 0x0, 0x5, 0x50,
    0x0, 0x0, 0x9, 0x19, 0x0, 0x0, 0xb3, 0x21,
    0x0, 0x9, 0x9, 0x0, 0x0, 0x6f, 0xff, 0xf8,
    0xb, 0xdf, 0x85, 0x10, 0x5f, 0xb5, 0x20, 0x8,
    0xfe, 0xff, 0xf8, 0x53, 0x36, 0xa0, 0x5, 0xf9,
    0x86, 0x30, 0x0, 0x0, 0x90, 0x0, 0xfc, 0x77,
    0x57, 0x0, 0x2, 0xb0, 0x0, 0xaf, 0xff, 0xb8,
    0x38, 0xfa, 0x20, 0x0, 0x2, 0xfb, 0xde, 0x98,
    0xfc, 0x71, 0x0, 0x0, 0xa1, 0x0, 0x0, 0x3,
    0x52, 0x0, 0x6f, 0xfb, 0x40, 0x0, 0x0, 0x0,
    0x0, 0x0, 0x25, 0x80, 0x0, 0x0, 0x0,

    /* U+1F4BB "💻" */
    0x0, 0x89, 0x99, 0x99, 0x99, 0x99, 0x99, 0x99,
    0x0, 0x0, 0xa0, 0x0, 0x0, 0x0, 0x0, 0x0,
    0xa, 0x0, 0x0, 0xa1, 0xff, 0xff, 0xff, 0xff,
    0xff, 0x6a, 0x0, 0x0, 0xa1, 0xff, 0xff, 0xff,
    0xff, 0xff, 0x7a, 0x0, 0x0, 0xa1, 0xff, 0xff,
    0xff, 0xff, 0xff, 0x7a, 0x0, 0x0, 0xa1, 0xff,
    0xff, 0xff, 0xff, 0xff, 0x7a, 0x0, 0x0, 0xa1,
    0xff, 0xff, 0xff, 0xff, 0xff, 0x7a, 0x0, 0x0,
    0xa1, 0xff, 0xff, 0xff, 0xff, 0xff, 0x7a, 0x0,
    0x0, 0xa0, 0x22, 0x22, 0x22, 0x22, 0x22, 0x1a,
    0x0, 0x0, 0xd9, 0x99, 0x99, 0x99, 0x99, 0x99,
    0x9d, 0x10, 0x7, 0x16, 0x34, 0x54, 0x44, 0x54,
    0x34, 0x51, 0x90, 0x1a, 0x78, 0x56, 0x45, 0x64,
    0x75, 0x38, 0x68, 0x83, 0x98, 0x36, 0x36, 0x33,
    0x33, 0x33, 0x64, 0x63, 0x7b, 0xd4, 0x44, 0x44,
    0x44, 0x44, 0x44, 0x44, 0x44, 0x4d, 0x6a, 0xaa,
    0xaa, 0xaa, 0xaa, 0xaa, 0xaa, 0xaa, 0xa7,

    /* U+1F4C5 "📅" */
    0x46, 0x36, 0x66, 0x66, 0x66, 0x66, 0x63, 0x65,
    0xaf, 0x5b, 0xff, 0xff, 0xff, 0xff, 0xe3, 0xfd,
    0xaf, 0x5a, 0xf9, 0xff, 0xcb, 0xff, 0xd3, 0xed,
    0xaf, 0xff, 0xf8, 0x8a, 0xba, 0x99, 0xff, 0xfd,
    0xaf, 0xff, 0xa9, 0x87, 0xba, 0x8c, 0xff, 0xfd,
    0xaf, 0xff, 0xff, 0xff, 0xff, 0x9f, 0xff, 0xfd,
    0xaf, 0xff, 0xff, 0xff, 0xff, 0xff, 0xff, 0xfd,
    0xa0, 0x0, 0x0, 0x0, 0x0, 0x0, 0x0, 0xa,
    0xa0, 0x0, 0x28, 0x40, 0x3a, 0xaa, 0x30, 0xa,
    0xa0, 0x0, 0x5d, 0x60, 0x1, 0x2c, 0x0, 0xa,
    0xa0, 0x0, 0x8, 0x60, 0x0, 0x75, 0x0, 0xa,
    0xa0, 0x0, 0x8, 0x60, 0x0, 0xd0, 0x0, 0xa,
    0xa0, 0x0, 0x8, 0x60, 0x1, 0xc0, 0x0, 0xa,
    0xa0, 0x0, 0x8d, 0xc5, 0x3, 0xb0, 0x0, 0xa,
    0xa0, 0x0, 0x1, 0x10, 0x0, 0x0, 0x0, 0xa,
    0xa0, 0x0, 0x0, 0x0, 0x0, 0x0, 0x0, 0xa,
    0x6a, 0xaa, 0xaa, 0xaa, 0xaa, 0xaa, 0xaa, 0xa8,

    /* U+1F4C8 "📈" */
    0x76, 0x96, 0x69, 0x66, 0x96, 0x96, 0x69, 0x68,
    0x16, 0x6, 0x0, 0x60, 0x6, 0x6, 0x0, 0x60,
    0xf3, 0x60, 0x60, 0x6, 0x0, 0x60, 0x60, 0x6,
    0x88, 0x2b, 0x6d, 0x66, 0xd6, 0x6d, 0x6d, 0x66,
    0xff, 0xa2, 0x60, 0x60, 0x6, 0x0, 0x60, 0x60,
    0x1f, 0x3, 0x2b, 0x6d, 0x66, 0xd6, 0x6d, 0x6d,
    0x6f, 0xf6, 0xa2, 0x60, 0x60, 0x6, 0x0, 0x60,
    0x67, 0x56, 0x3, 0x26, 0x6, 0x0, 0x60, 0x6,
    0xa, 0x90, 0x60, 0x32, 0xb6, 0xd6, 0x6d, 0x66,
    0xd7, 0xf7, 0x6d, 0x6a, 0x26, 0x6, 0x71, 0x60,
    0x6, 0xa9, 0x0, 0x60, 0x32, 0x60, 0x9b, 0xb8,
    0x0, 0xd6, 0x60, 0x6, 0x3, 0x2c, 0x6f, 0x98,
    0xf8, 0x9f, 0x6d, 0x66, 0xd6, 0xa2, 0x62, 0xf0,
    0x8, 0xbb, 0x70, 0x60, 0x6, 0x3, 0x2c, 0xff,
    0x66, 0xd7, 0x9d, 0x6d, 0x66, 0xd6, 0xa2, 0x99,
    0x60, 0x6, 0x0, 0x60, 0x60, 0x6, 0x3, 0x2f,
    0x16, 0x0, 0x60, 0x6, 0x6, 0x0, 0x60, 0x32,
    0xa6, 0x96, 0x69, 0x66, 0x96, 0x96, 0x69, 0x67,
    0x10,

    /* U+1F4C9 "📉" */
    0x96, 0x96, 0x69, 0x66, 0x96, 0x96, 0x69, 0x67,
    0x1f, 0x16, 0x0, 0x60, 0x6, 0x6, 0x0, 0x60,
    0x32, 0xa8, 0x60, 0x6, 0x0, 0x60, 0x60, 0x6,
    0x3, 0x2b, 0xfe, 0x66, 0xd7, 0x8d, 0x6d, 0x66,
    0xd6, 0xa2, 0x63, 0xf0, 0x7, 0xbb, 0x70, 0x60,
    0x6, 0x3, 0x2b, 0x6f, 0x87, 0xf9, 0xaf, 0x6d,
    0x66, 0xd6, 0xa2, 0x60, 0x9a, 0xc9, 0x0, 0xe5,
    0x60, 0x6, 0x3, 0x26, 0x6, 0x82, 0x60, 0x6,
    0xa8, 0x0, 0x60, 0x32, 0xb6, 0xd6, 0x6d, 0x66,
    0xd8, 0xf6, 0x6d, 0x6a, 0x26, 0x6, 0x0, 0x60,
    0x6, 0xb, 0x80, 0x60, 0x32, 0x60, 0x60, 0x6,
    0x0, 0x60, 0x68, 0x46, 0x3, 0x2c, 0x6d, 0x66,
    0xd6, 0x6d, 0x6d, 0x7f, 0xf6, 0xa2, 0x60, 0x60,
    0x6, 0x0, 0x60, 0x60, 0x2f, 0x3, 0x2c, 0x6d,
    0x66, 0xd6, 0x6d, 0x6d, 0x66, 0xfe, 0xa2, 0x60,
    0x60, 0x6, 0x0, 0x60, 0x60, 0x6, 0x97, 0x26,
    0x6, 0x0, 0x60, 0x6, 0x6, 0x0, 0x60, 0xf3,
    0x76, 0x96, 0x69, 0x66, 0x96, 0x96, 0x69, 0x69,
    0x10,

    /* U+1F4CA "📊" */
    0x76, 0x66, 0x66, 0x66, 0x66, 0x66, 0x66, 0x67,
    0x16, 0x0, 0x0, 0x0, 0x0, 0x0, 0x0, 0x0,
    0x32, 0x60, 0x0, 0x0, 0x0, 0x0, 0x0, 0x0,
    0x3, 0x2b, 0x66, 0x66, 0x66, 0x66, 0x66, 0xbf,
    0xf6, 0xa2, 0x60, 0x0, 0x0, 0x0, 0x0, 0x6,
    0xfe, 0x3, 0x2b, 0x66, 0x66, 0x66, 0x66, 0x66,
    0xcf, 0xf6, 0xa2, 0x60, 0x0, 0x0, 0x0, 0x0,
    0x6, 0xfe, 0x3, 0x26, 0x4, 0xba, 0x0, 0x0,
    0x0, 0x6f, 0xe0, 0x32, 0xb6, 0xcf, 0xf6, 0x66,
    0x66, 0x6c, 0xff, 0x6a, 0x26, 0x6, 0xfe, 0x0,
    0x11, 0x0, 0x6f, 0xe0, 0x32, 0x60, 0x6f, 0xe0,
    0xf, 0xf5, 0x6, 0xfe, 0x3, 0x2c, 0x6d, 0xff,
    0x66, 0xff, 0xb6, 0xcf, 0xf6, 0xa2, 0x60, 0x6f,
    0xe0, 0xf, 0xf5, 0x6, 0xfe, 0x3, 0x2c, 0x6d,
    0xff, 0x66, 0xff, 0xb6, 0xcf, 0xf6, 0xa2, 0x60,
    0x6f, 0xe0, 0xf, 0xf5, 0x6, 0xfe, 0x3, 0x26,
    0x6, 0xfe, 0x0, 0xff, 0x50, 0x6f, 0xe0, 0x32,
    0x76, 0x9d, 0xc6, 0x6d, 0xd8, 0x69, 0xdc, 0x67,
    0x10,

    /* U+1F4D6 "📖" */
    0x0, 0x0, 0x35, 0x78, 0x63, 0x88, 0x74, 0x10,
    0x0, 0x0, 0x9a, 0x96, 0x31, 0x4, 0xe1, 0x2,
    0x58, 0xad, 0x30, 0xef, 0x23, 0x67, 0x49, 0x9,
    0x47, 0x57, 0x40, 0xaf, 0x9c, 0xb2, 0x63, 0x0,
    0x0, 0x90, 0x0, 0x26, 0x19, 0x99, 0xcb, 0x26,
    0x38, 0x39, 0x9, 0x44, 0x84, 0x61, 0x99, 0x9c,
    0xb2, 0x24, 0x46, 0x50, 0x95, 0x53, 0x52, 0x9,
    0x99, 0xcb, 0x26, 0x41, 0x1, 0x9, 0x1, 0x3,
    0x61, 0x99, 0x9c, 0xb2, 0x85, 0x64, 0x70, 0x94,
    0x65, 0x48, 0x19, 0x99, 0xcb, 0x20, 0x15, 0x39,
    0x9, 0x44, 0x63, 0x0, 0x99, 0x9c, 0xb2, 0x72,
    0x30, 0x0, 0x90, 0x2, 0x35, 0x29, 0x99, 0xcb,
    0x20, 0x15, 0x88, 0x49, 0x68, 0x74, 0x0, 0x99,
    0x9c, 0xa9, 0x97, 0x30, 0x16, 0xb3, 0x1, 0x58,
    0x9b, 0x99, 0xc7, 0x34, 0x68, 0x88, 0x82, 0x98,
    0x87, 0x54, 0x3a, 0x9b, 0x8a, 0xba, 0x99, 0x9a,
    0xab, 0x99, 0x9a, 0xa9, 0x69, 0x65, 0x32, 0x10,
    0x0, 0x36, 0x10, 0x0, 0x13, 0x45, 0x40,

    /* U+1F4DA "📚" */
    0x0, 0x0, 0x1, 0x8c, 0x70, 0x0, 0x0, 0x0,
    0x0, 0x0, 0x1, 0x88, 0x28, 0xfe, 0x60, 0x0,
    0x0, 0x0, 0x1, 0x88, 0x10, 0x0, 0x19, 0xfd,
    0x40, 0x0, 0x0, 0xe, 0x40, 0x0, 0x0, 0x0,
    0x2a, 0xfc, 0x30, 0x0, 0x5, 0xb9, 0x10, 0x0,
    0x0, 0x0, 0x3b, 0xfa, 0x10, 0xc, 0x31, 0x98,
    0x10, 0x0, 0x0, 0x0, 0x9b, 0xc1, 0x3, 0xc5,
    0x3, 0xb7, 0x0, 0x0, 0x68, 0x20, 0x93, 0x0,
    0x3f, 0xf3, 0x5, 0xb5, 0x78, 0x20, 0x2a, 0x80,
    0x1, 0x7f, 0xff, 0x70, 0xa, 0x20, 0x29, 0x89,
    0x30, 0x9, 0x81, 0xef, 0x36, 0x58, 0x29, 0xa7,
    0x7d, 0x40, 0x0, 0xb9, 0x9f, 0xc2, 0x7f, 0xe7,
    0x41, 0xb, 0x50, 0x8, 0x70, 0x4f, 0xc3, 0x0,
    0x3, 0x68, 0xdf, 0xd4, 0x0, 0x68, 0x11, 0x99,
    0xc8, 0x76, 0x98, 0x20, 0x46, 0x0, 0x0, 0x88,
    0x10, 0x5a, 0x86, 0x0, 0x3a, 0x70, 0x0, 0x0,
    0x1, 0x87, 0x5, 0x30, 0x4b, 0x81, 0x0, 0x0,
    0x0, 0x0, 0x2, 0x9b, 0x8c, 0x70, 0x0, 0x0,
    0x0, 0x0, 0x0, 0x0, 0x4, 0x60, 0x0, 0x0,
    0x0,

    /* U+1F4E1 "📡" */
    0x6, 0x98, 0x30, 0x0, 0x0, 0x0, 0x30, 0x0,
    0x75, 0x2, 0x6a, 0x60, 0x0, 0x4, 0xf3, 0x0,
    0xf2, 0x0, 0x0, 0x3a, 0x43, 0xaf, 0xa0, 0x0,
    0x99, 0x0, 0x0, 0x5, 0xff, 0x9c, 0x20, 0x0,
    0x2f, 0x10, 0x6, 0xa5, 0x8, 0xfb, 0x0, 0x0,
    0xb, 0xb9, 0xa3, 0x0, 0x39, 0x1f, 0x30, 0x0,
    0x6, 0x6c, 0x0, 0x0, 0x50, 0xa, 0xa3, 0x0,
    0x0, 0xa3, 0xa1, 0x0, 0x0, 0xa, 0xb, 0x20,
    0x0, 0x55, 0x2b, 0x30, 0x0, 0x18, 0x1, 0xb0,
    0x0, 0x9, 0x58, 0xa8, 0x0, 0x36, 0x0, 0x64,
    0x0, 0x0, 0xf5, 0x84, 0xb4, 0x54, 0x0, 0x19,
    0x0, 0x0, 0xa3, 0xe7, 0x26, 0xf8, 0x20, 0x47,
    0x0, 0x0, 0x90, 0xa3, 0xff, 0x9d, 0xff, 0xd0,
    0x0, 0x4, 0x80, 0x9d, 0xff, 0x50, 0x0, 0x0,
    0x0, 0x89, 0x89, 0xcf, 0xea, 0xa8, 0x0, 0x0,
    0x0, 0xc6, 0x20, 0x2, 0x2, 0x5c, 0x0, 0x0,
    0x0, 0x3, 0x79, 0x99, 0x98, 0x40, 0x0, 0x0,

    /* U+1F4E2 "📢" */
    0x0, 0x0, 0x0, 0x0, 0x0, 0x0, 0x0, 0x34,
    0x0, 0x0, 0x0, 0x0, 0x0, 0x0, 0x0, 0x1b,
    0xff, 0x60, 0x0, 0x0, 0x0, 0x0, 0x0, 0x38,
    0x8d, 0xff, 0xe0, 0x0, 0x16, 0x78, 0x88, 0x99,
    0x60, 0x1f, 0xff, 0xf4, 0x2, 0xa3, 0x2b, 0x30,
    0x0, 0x0, 0x5f, 0xff, 0xf7, 0x9, 0x0, 0x9,
    0x0, 0x0, 0x0, 0x7c, 0xff, 0xfa, 0x9, 0x0,
    0x9, 0x0, 0x0, 0x0, 0x80, 0x2, 0xfb, 0x9,
    0x0, 0x9, 0x0, 0x0, 0x0, 0x90, 0x0, 0xdc,
    0x9, 0x0, 0x9, 0x0, 0x0, 0x0, 0x91, 0x36,
    0xfb, 0x9, 0x0, 0x9, 0x0, 0x0, 0x0, 0x7f,
    0xff, 0xfa, 0x2, 0xa3, 0x3b, 0x30, 0x0, 0x0,
    0x6f, 0xff, 0xf9, 0x0, 0x2f, 0x89, 0xf9, 0xf9,
    0x50, 0x2f, 0xff, 0xf5, 0x0, 0x5, 0x50, 0x82,
    0x84, 0x49, 0x6e, 0xff, 0xf1, 0x0, 0x0, 0x90,
    0x1a, 0xd0, 0x0, 0x3f, 0xff, 0xa0, 0x0, 0x0,
    0x90, 0x0, 0xa0, 0x0, 0x0, 0xcb, 0x10, 0x0,
    0x0, 0x38, 0x0, 0xa0, 0x0, 0x0, 0x0, 0x0,
    0x0, 0x0, 0x5, 0x99, 0x30, 0x0, 0x0, 0x0,
    0x0,

    /* U+1F4E3 "📣" */
    0x0, 0x0, 0x0, 0x0, 0x0, 0x1, 0xd9, 0x10,
    0x0, 0x0, 0x0, 0x0, 0x0, 0x0, 0x1, 0xff,
    0xfd, 0x10, 0x0, 0x0, 0x0, 0x0, 0x0, 0x3,
    0xab, 0xff, 0xfb, 0x0, 0x0, 0x0, 0x0, 0x0,
    0x5, 0x90, 0xbf, 0xff, 0xf5, 0x0, 0x0, 0x0,
    0x0, 0x7, 0x70, 0x9, 0xff, 0xff, 0xd0, 0x0,
    0x0, 0x0, 0x9, 0x50, 0x0, 0x7f, 0xff, 0xff,
    0x50, 0x0, 0x0, 0x1a, 0x34, 0x60, 0x3, 0xff,
    0xff, 0xfb, 0x0, 0x0, 0x2b, 0x27, 0x80, 0x0,
    0xe, 0xff, 0xff, 0xf0, 0x18, 0xaa, 0x2a, 0x50,
    0x0, 0x0, 0x7f, 0xff, 0xff, 0x4a, 0x5a, 0x3a,
    0x20, 0x0, 0x0, 0x1, 0xff, 0xff, 0xf6, 0x98,
    0x14, 0x0, 0x0, 0x0, 0x0, 0x7, 0xff, 0xff,
    0x79, 0x73, 0x0, 0x0, 0x0, 0x0, 0x0, 0xc,
    0xff, 0xf6, 0x92, 0x90, 0x0, 0x0, 0x0, 0x0,
    0x0, 0x2f, 0xff, 0x13, 0x77, 0x99, 0x8b, 0xcf,
    0xaa, 0xff, 0xd9, 0x8c, 0x30, 0x6, 0x99, 0xb1,
    0x18, 0x67, 0x6b, 0x18, 0x0, 0x0, 0x0, 0x1,
    0x20, 0x0, 0x92, 0x22, 0x13, 0x70, 0x0, 0x0,
    0x0, 0x0, 0x0, 0x0, 0x79, 0x99, 0x70, 0x0,
    0x0, 0x0,

    /* U+1F4F1 "📱" */
    0x2b, 0xdb, 0xaa, 0xad, 0xc5, 0xaf, 0xfc, 0x88,
    0x9f, 0xff, 0xa4, 0x11, 0x11, 0x11, 0x2d, 0xa0,
    0x62, 0x56, 0x27, 0xa, 0xa0, 0x93, 0x78, 0x3a,
    0xa, 0xa0, 0xd5, 0xab, 0x4e, 0xa, 0xa0, 0x62,
    0x55, 0x27, 0xa, 0xa0, 0xe6, 0xcd, 0x5f, 0xa,
    0xa0, 0x62, 0x51, 0x1, 0xa, 0xa0, 0xb4, 0x90,
    0x0, 0xa, 0xa0, 0x0, 0x0, 0x0, 0xa, 0xa0,
    0x0, 0x0, 0x0, 0xa, 0xa0, 0x0, 0x0, 0x0,
    0xa, 0xa0, 0xb4, 0x9a, 0x3c, 0xa, 0xa0, 0x41,
    0x34, 0x15, 0xa, 0x92, 0x0, 0x0, 0x0, 0xb,
    0x19, 0xaa, 0xaa, 0xaa, 0x93,

    /* U+1F4F7 "📷" */
    0x0, 0xad, 0xd6, 0x0, 0x0, 0x0, 0x0, 0x0,
    0x0, 0x3a, 0xff, 0xff, 0xaa, 0xaa, 0xaa, 0xaa,
    0xaa, 0xa5, 0xa0, 0x0, 0x0, 0x0, 0x2, 0x52,
    0x1, 0x54, 0xa, 0xa0, 0x0, 0x0, 0x0, 0x8,
    0xfa, 0x7, 0xff, 0x2a, 0xa0, 0x0, 0x0, 0x0,
    0x2, 0x62, 0x2, 0x87, 0xa, 0xba, 0xaa, 0xaa,
    0xab, 0xfe, 0xdf, 0xfb, 0xaa, 0xad, 0xa0, 0x0,
    0x0, 0x1d, 0x70, 0x0, 0x6d, 0x10, 0xa, 0xa0,
    0x0, 0x0, 0xa7, 0x1c, 0xfe, 0x45, 0xb0, 0xa,
    0xa0, 0x0, 0x0, 0xe0, 0xcf, 0xff, 0xf0, 0xd1,
    0xa, 0xa0, 0x0, 0x2, 0xc0, 0xff, 0xff, 0xf3,
    0xa4, 0xa, 0xa0, 0x0, 0x1, 0xe0, 0xdf, 0xff,
    0xf1, 0xc3, 0xa, 0xa0, 0x0, 0x0, 0xc4, 0x2e,
    0xff, 0x42, 0xd0, 0xa, 0xba, 0xaa, 0xaa, 0xdf,
    0x30, 0x20, 0x2f, 0xfa, 0xad, 0xa0, 0x0, 0x0,
    0x4, 0xdb, 0x9b, 0xe5, 0x0, 0xa, 0x5a, 0xaa,
    0xaa, 0xaa, 0xae, 0xfe, 0xaa, 0xaa, 0xa8,

    /* U+1F4F8 "📸" */
    0x0, 0x0, 0x0, 0x20, 0x0, 0x0, 0x10, 0x0,
    0x0, 0x0, 0x0, 0x0, 0x3b, 0x0, 0x7, 0x50,
    0x0, 0x0, 0x0, 0xcf, 0xf8, 0xc, 0xb2, 0x3c,
    0x60, 0x2, 0x60, 0x5a, 0xff, 0xfe, 0xaf, 0x29,
    0xb3, 0xff, 0xff, 0xd8, 0xa0, 0x0, 0x0, 0x3,
    0x70, 0x11, 0x42, 0xfa, 0xa, 0xa0, 0x0, 0x0,
    0x3a, 0x60, 0x0, 0x2f, 0xff, 0x3a, 0xa0, 0x0,
    0x3b, 0xb5, 0x41, 0x0, 0x47, 0x44, 0xa, 0xba,
    0xab, 0xff, 0xff, 0xf7, 0x5f, 0xff, 0xaa, 0xad,
    0xa0, 0x0, 0x0, 0x2e, 0x69, 0xd1, 0x3f, 0x40,
    0xa, 0xa0, 0x0, 0x0, 0xb6, 0x3f, 0xff, 0x62,
    0xc0, 0xa, 0xa0, 0x0, 0x1, 0xe0, 0xdf, 0xff,
    0xf1, 0xb2, 0xa, 0xa0, 0x0, 0x2, 0xc0, 0xff,
    0xff, 0xf3, 0xa4, 0xa, 0xa0, 0x0, 0x0, 0xe0,
    0xdf, 0xff, 0xf0, 0xc2, 0xa, 0xa0, 0x0, 0x0,
    0xb6, 0x2d, 0xfe, 0x33, 0xd0, 0xa, 0xba, 0xaa,
    0xaa, 0xbf, 0x60, 0x10, 0x4f, 0xda, 0xad, 0xa0,
    0x0, 0x0, 0x2, 0xbe, 0xce, 0xc3, 0x0, 0xa,
    0x29, 0xaa, 0xaa, 0xaa, 0xab, 0xdb, 0xaa, 0xaa,
    0x95,

    /* U+1F504 "🔄" */
    0x15, 0x66, 0x66, 0x66, 0x66, 0x66, 0x66, 0x63,
    0xd, 0xff, 0xff, 0xff, 0xff, 0xff, 0xff, 0xff,
    0xf2, 0xff, 0xff, 0xff, 0xff, 0xff, 0xff, 0xff,
    0xff, 0x4f, 0xff, 0xfc, 0x8f, 0xff, 0xff, 0xff,
    0xff, 0xf4, 0xff, 0xfa, 0x6, 0xff, 0xff, 0xff,
    0xff, 0xff, 0x4f, 0xf9, 0x0, 0x0, 0x0, 0x0,
    0x17, 0xff, 0xf4, 0xff, 0xe2, 0x2, 0x66, 0x66,
    0x52, 0x8, 0xff, 0x4f, 0xff, 0xe3, 0x7f, 0xff,
    0xff, 0xf2, 0x3f, 0xf4, 0xff, 0x8a, 0xfb, 0xff,
    0xff, 0xff, 0x72, 0xff, 0x4f, 0xf7, 0xe, 0xff,
    0xff, 0xfc, 0x5f, 0xcf, 0xf4, 0xff, 0xb0, 0x6d,
    0xdd, 0xdd, 0xa0, 0x3e, 0xff, 0x4f, 0xff, 0x91,
    0x0, 0x0, 0x0, 0x0, 0x3f, 0xf4, 0xff, 0xff,
    0xff, 0xee, 0xee, 0xb0, 0x4e, 0xff, 0x4f, 0xff,
    0xff, 0xff, 0xff, 0xfc, 0x6f, 0xff, 0xf4, 0xff,
    0xff, 0xff, 0xff, 0xff, 0xff, 0xff, 0xff, 0x4e,
    0xff, 0xff, 0xff, 0xff, 0xff, 0xff, 0xff, 0xf3,
    0x26, 0x77, 0x77, 0x77, 0x77, 0x77, 0x77, 0x74,
    0x0,

    /* U+1F507 "🔇" */
    0x0, 0x0, 0x2, 0x79, 0x97, 0x20, 0x0, 0x0,
    0x0, 0x2, 0xa8, 0x30, 0x2, 0x7a, 0x30, 0x0,
    0x0, 0x49, 0x10, 0x0, 0x0, 0x0, 0x95, 0x0,
    0x2, 0xd7, 0x0, 0x0, 0x2a, 0x10, 0x8, 0x40,
    0xa, 0x5, 0x70, 0x2, 0xa5, 0x50, 0x0, 0xa0,
    0x45, 0x0, 0x57, 0x3a, 0x4, 0x50, 0x0, 0x46,
    0x90, 0x0, 0xaf, 0xf0, 0x4, 0x50, 0x0, 0xa,
    0x90, 0x0, 0xa0, 0x47, 0x4, 0xb0, 0x0, 0x9,
    0xa0, 0x0, 0xa0, 0x4, 0x74, 0xf0, 0x0, 0x9,
    0x90, 0x0, 0xa0, 0x0, 0x4b, 0xa0, 0x0, 0xa,
    0x90, 0x0, 0xaa, 0x80, 0x8, 0xd0, 0x0, 0xa,
    0x45, 0x0, 0x0, 0x3a, 0x4, 0xa7, 0x0, 0x46,
    0xa, 0x0, 0x0, 0x3, 0xa5, 0x54, 0x80, 0xa0,
    0x3, 0x90, 0x0, 0x0, 0x2a, 0x20, 0x4f, 0x40,
    0x0, 0x49, 0x0, 0x0, 0x0, 0x0, 0x87, 0x0,
    0x0, 0x2, 0xa7, 0x20, 0x2, 0x6a, 0x30, 0x0,
    0x0, 0x0, 0x3, 0x79, 0x98, 0x30, 0x0, 0x0,

    /* U+1F50A "🔊" */
    0x0, 0x0, 0x0, 0x0, 0x0, 0x99, 0x99, 0x81,
    0x0, 0x0, 0x0, 0x1c, 0xfc, 0x70, 0x0, 0x0,
    0x2a, 0x20, 0x0, 0x0, 0x7f, 0xff, 0xfe, 0x42,
    0x98, 0x10, 0xa0, 0x0, 0x0, 0x7f, 0xff, 0xff,
    0xf8, 0x1, 0xa0, 0x36, 0x0, 0x0, 0x3f, 0xff,
    0xff, 0xff, 0xa0, 0x18, 0x9, 0x0, 0x0, 0x1f,
    0xff, 0xff, 0xff, 0xf9, 0x9, 0x9, 0x0, 0x0,
    0x49, 0xff, 0xc3, 0x9f, 0xff, 0x52, 0x9, 0x0,
    0x0, 0xa0, 0x7a, 0x0, 0xc, 0xff, 0xe1, 0x36,
    0x0, 0x5, 0x60, 0x9, 0x30, 0x1e, 0xff, 0xf9,
    0x20, 0x0, 0x3e, 0x0, 0x0, 0x93, 0xaf, 0xff,
    0xff, 0x0, 0x2, 0xaa, 0x0, 0x0, 0x9, 0xff,
    0xff, 0xff, 0x50, 0xa, 0x2, 0xa0, 0x0, 0x0,
    0x5f, 0xff, 0xff, 0x60, 0x9, 0x0, 0x3a, 0x10,
    0x1, 0x9b, 0xce, 0xfd, 0x10, 0xa, 0x0, 0x2,
    0xa7, 0x79, 0x10, 0x0, 0x0, 0x0, 0x2, 0xa0,
    0x0, 0xa, 0x90, 0x0, 0x0, 0x0, 0x0, 0x0,
    0x3a, 0x30, 0x77, 0x0, 0x0, 0x0, 0x0, 0x0,
    0x0, 0x0, 0x79, 0x40, 0x0, 0x0, 0x0, 0x0,
    0x0,

    /* U+1F50B "🔋" */
    0x0, 0x5c, 0xe8, 0x40, 0x4, 0xa9, 0x83, 0xc6,
    0xa1, 0xa0, 0x3c, 0xd9, 0x2, 0x8e, 0x30, 0x0,
    0x0, 0x7a, 0xa7, 0xaa, 0x9a, 0xa4, 0xaa, 0x0,
    0x0, 0x0, 0xa, 0xa0, 0x0, 0x20, 0x0, 0xaa,
    0x1, 0x29, 0x20, 0xa, 0xa0, 0x38, 0xc7, 0x0,
    0xaa, 0x0, 0x17, 0x0, 0xa, 0xa0, 0x0, 0x0,
    0x0, 0xaa, 0x0, 0x0, 0x0, 0xa, 0xa0, 0x0,
    0x0, 0x0, 0xaa, 0x2, 0x21, 0x30, 0xa, 0xa0,
    0x27, 0x85, 0x0, 0x97, 0x83, 0x10, 0x14, 0xa2,
    0x2, 0x79, 0xa9, 0x50, 0x0,

    /* U+1F50D "🔍" */
    0x0, 0x3, 0x89, 0x72, 0x0, 0x0, 0x0, 0x0,
    0x0, 0x9, 0x61, 0x2, 0x89, 0x0, 0x0, 0x0,
    0x0, 0xa, 0x20, 0x70, 0x0, 0x49, 0x0, 0x0,
    0x0, 0x6, 0x41, 0x50, 0x0, 0x0, 0x74, 0x0,
    0x0, 0x0, 0xa0, 0x81, 0x0, 0x0, 0x1, 0x90,
    0x0, 0x0, 0x9, 0x9, 0x0, 0x0, 0x0, 0xa,
    0x0, 0x0, 0x0, 0xa0, 0x80, 0x0, 0x0, 0x0,
    0xa0, 0x0, 0x0, 0xa, 0x9, 0x0, 0x0, 0x0,
    0x19, 0x0, 0x0, 0x0, 0x64, 0x10, 0x0, 0x0,
    0x7, 0x40, 0x0, 0x0, 0x0, 0xa1, 0x0, 0x0,
    0x4, 0xf1, 0x0, 0x0, 0x0, 0x1, 0xa6, 0x10,
    0x28, 0xaf, 0xfb, 0x40, 0x0, 0x0, 0x0, 0x48,
    0x97, 0x20, 0x92, 0x9, 0x50, 0x0, 0x0, 0x0,
    0x0, 0x0, 0x2, 0xa0, 0x8, 0x60, 0x0, 0x0,
    0x0, 0x0, 0x0, 0x2, 0xa1, 0x7, 0x70, 0x0,
    0x0, 0x0, 0x0, 0x0, 0x2, 0xb1, 0x6, 0x60,
    0x0, 0x0, 0x0, 0x0, 0x0, 0x1, 0xb2, 0x47,
    0x0, 0x0, 0x0, 0x0, 0x0, 0x0, 0x1, 0x87,
    0x0,

    /* U+1F50E "🔎" */
    0x0, 0x0, 0x0, 0x0, 0x16, 0x99, 0x61, 0x0,
    0x0, 0x0, 0x0, 0x0, 0x6a, 0x40, 0x4, 0xa5,
    0x0, 0x0, 0x0, 0x0, 0x67, 0x0, 0x1, 0x50,
    0x75, 0x0, 0x0, 0x0, 0x1a, 0x0, 0x0, 0x0,
    0x60, 0xa1, 0x0, 0x0, 0x6, 0x40, 0x0, 0x0,
    0x5, 0x44, 0x60, 0x0, 0x0, 0x90, 0x0, 0x0,
    0x0, 0x8, 0x9, 0x0, 0x0, 0x9, 0x0, 0x0,
    0x0, 0x0, 0x80, 0x90, 0x0, 0x0, 0x63, 0x0,
    0x0, 0x0, 0x26, 0x46, 0x0, 0x0, 0x1, 0xa0,
    0x0, 0x0, 0x0, 0xa, 0x10, 0x0, 0x0, 0xe,
    0x90, 0x0, 0x0, 0x7, 0x60, 0x0, 0x0, 0xaf,
    0xfa, 0xa3, 0x0, 0x3a, 0x60, 0x0, 0x1, 0xa1,
    0xc, 0x1, 0x69, 0x96, 0x10, 0x0, 0x1, 0xa1,
    0x8, 0x50, 0x0, 0x0, 0x0, 0x0, 0x1, 0xa1,
    0x8, 0x60, 0x0, 0x0, 0x0, 0x0, 0x0, 0xa1,
    0x8, 0x50, 0x0, 0x0, 0x0, 0x0, 0x0, 0xa,
    0x18, 0x50, 0x0, 0x0, 0x0, 0x0, 0x0, 0x0,
    0x29, 0x40, 0x0, 0x0, 0x0, 0x0, 0x0, 0x0,
    0x0,

    /* U+1F511 "🔑" */
    0x0, 0x0, 0x0, 0x0, 0x4, 0x89, 0x72, 0x0,
    0x0, 0x0, 0x0, 0x0, 0x1a, 0x61, 0x2, 0x88,
    0x0, 0x0, 0x0, 0x0, 0xa, 0x10, 0x0, 0x0,
    0x48, 0x0, 0x0, 0x0, 0x8, 0x20, 0x1, 0x99,
    0x0, 0x82, 0x0, 0x0, 0x0, 0xa0, 0x0, 0x91,
    0x28, 0x2, 0x70, 0x0, 0x0, 0xa, 0x0, 0x8,
    0x24, 0x70, 0x9, 0x0, 0x0, 0x0, 0xa0, 0x0,
    0x8, 0x70, 0x2, 0x80, 0x0, 0x0, 0x1b, 0x0,
    0x0, 0x0, 0x0, 0x73, 0x0, 0x0, 0x1a, 0x15,
    0x10, 0x0, 0x0, 0x29, 0x0, 0x0, 0x1a, 0x15,
    0x40, 0x0, 0x0, 0x59, 0x0, 0x0, 0x1a, 0x15,
    0x40, 0x5a, 0x99, 0x94, 0x0, 0x0, 0x2a, 0x16,
    0x47, 0xa8, 0x0, 0x0, 0x0, 0x0, 0x2a, 0x6,
    0x40, 0x90, 0x0, 0x0, 0x0, 0x0, 0xb, 0x6,
    0x4a, 0xa5, 0x0, 0x0, 0x0, 0x0, 0x0, 0xa6,
    0x30, 0x90, 0x0, 0x0, 0x0, 0x0, 0x0, 0xd,
    0x30, 0x47, 0x0, 0x0, 0x0, 0x0, 0x0, 0x0,
    0xaa, 0xa8, 0x0, 0x0, 0x0, 0x0, 0x0, 0x0,
    0x0,

    /* U+1F512 "🔒" */
    0x0, 0x0, 0x26, 0x62, 0x0, 0x0, 0x0, 0x6,
    0xff, 0xff, 0x60, 0x0, 0x0, 0x1f, 0x90, 0x9,
    0xf1, 0x0, 0x0, 0x6f, 0x0, 0x1, 0xf5, 0x0,
    0x0, 0x7e, 0x0, 0x0, 0xf7, 0x0, 0x0, 0x7e,
    0x0, 0x0, 0xf7, 0x0, 0x1, 0xef, 0x99, 0x99,
    0xfe, 0x10, 0x68, 0xae, 0x0, 0x0, 0xfa, 0x86,
    0xf9, 0x41, 0x0, 0x0, 0x14, 0x9f, 0xa1, 0x69,
    0xaa, 0xaa, 0x96, 0x1a, 0xa0, 0x0, 0x0, 0x0,
    0x0, 0xa, 0xa0, 0x0, 0xd, 0xd0, 0x0, 0xa,
    0xa0, 0x0, 0xc, 0xc0, 0x0, 0xa, 0xa0, 0x0,
    0xb, 0xc0, 0x0, 0xa, 0x90, 0x0, 0xa, 0xb0,
    0x0, 0x9, 0x3a, 0x52, 0x0, 0x0, 0x25, 0xa3,
    0x0, 0x47, 0x99, 0x99, 0x74, 0x0,

    /* U+1F513 "🔓" */
    0x0, 0x0, 0x16, 0x62, 0x0, 0x0, 0x0, 0x5,
    0xff, 0xef, 0x80, 0x0, 0x0, 0x1f, 0x90, 0x6,
    0xf4, 0x0, 0x0, 0x6f, 0x0, 0x0, 0xd9, 0x0,
    0x0, 0x7e, 0x0, 0x0, 0xba, 0x0, 0x0, 0x7e,
    0x0, 0x0, 0x33, 0x0, 0x1, 0xef, 0x99, 0x99,
    0x96, 0x10, 0x68, 0xae, 0x0, 0x0, 0x56, 0x86,
    0xf9, 0x41, 0x0, 0x0, 0x45, 0x9f, 0xa1, 0x69,
    0xaa, 0xaa, 0x96, 0x1a, 0xa0, 0x0, 0x0, 0x0,
    0x0, 0xa, 0xa0, 0x0, 0xd, 0xd0, 0x0, 0xa,
    0xa0, 0x0, 0xc, 0xc0, 0x0, 0xa, 0xa0, 0x0,
    0xb, 0xc0, 0x0, 0xa, 0x90, 0x0, 0xa, 0xb0,
    0x0, 0x9, 0x3a, 0x52, 0x0, 0x0, 0x25, 0xa3,
    0x0, 0x47, 0x99, 0x99, 0x74, 0x0,

    /* U+1F514 "🔔" */
    0x0, 0x0, 0x0, 0x6, 0x81, 0x0, 0x0, 0x0,
    0x0, 0x0, 0x0, 0x6, 0x51, 0x90, 0x0, 0x0,
    0x0, 0x0, 0x0, 0x0, 0x74, 0xa, 0x0, 0x0,
    0x0, 0x0, 0x0, 0x0, 0x6, 0xee, 0x92, 0x0,
    0x0, 0x0, 0x0, 0x0, 0x49, 0x20, 0x1, 0x77,
    0x0, 0x0, 0x0, 0x0, 0x28, 0x17, 0x0, 0x0,
    0x46, 0x0, 0x0, 0x0, 0x8, 0xa, 0x10, 0x0,
    0x0, 0x80, 0x0, 0x0, 0x0, 0x82, 0x50, 0x0,
    0x0, 0x4, 0x40, 0x0, 0x0, 0x17, 0x0, 0x0,
    0x0, 0x0, 0x26, 0x0, 0x0, 0x4, 0x40, 0x0,
    0x0, 0x0, 0x0, 0x80, 0x0, 0x0, 0x71, 0x0,
    0x0, 0x0, 0x0, 0x9, 0x0, 0x0, 0xb, 0x68,
    0x88, 0x88, 0x83, 0x0, 0x62, 0x0, 0x8, 0x82,
    0x0, 0x0, 0x0, 0x0, 0x0, 0x90, 0x5, 0x65,
    0x8a, 0xbd, 0xcc, 0xcc, 0xa8, 0x64, 0x90, 0xbf,
    0xff, 0xff, 0x90, 0x4, 0xff, 0xff, 0xff, 0x3,
    0xcf, 0xff, 0xfe, 0x31, 0xbf, 0xff, 0xfe, 0x60,
    0x0, 0x15, 0x79, 0xaa, 0xaa, 0x98, 0x63, 0x0,
    0x0,

    /* U+1F51D "🔝" */
    0x6c, 0xdd, 0xdd, 0xdd, 0xdd, 0xdd, 0xdd, 0xc9,
    0xf, 0xff, 0xff, 0xff, 0xff, 0xff, 0xff, 0xff,
    0xf3, 0xff, 0xff, 0xff, 0xf8, 0x4f, 0xff, 0xff,
    0xff, 0x3f, 0xff, 0xff, 0xfc, 0x0, 0x7f, 0xff,
    0xff, 0xf3, 0xff, 0xff, 0xfe, 0x10, 0x0, 0xaf,
    0xff, 0xff, 0x3f, 0xff, 0xff, 0x30, 0x0, 0x0,
    0xcf, 0xff, 0xf3, 0xff, 0xff, 0xfe, 0xe3, 0xd,
    0xee, 0xff, 0xff, 0x3f, 0xff, 0xff, 0xff, 0x30,
    0xff, 0xff, 0xff, 0xf3, 0xff, 0xff, 0xff, 0xf3,
    0xf, 0xff, 0xff, 0xff, 0x3f, 0xff, 0xff, 0xff,
    0xba, 0xff, 0xff, 0xff, 0xf3, 0xff, 0xff, 0xff,
    0xff, 0xff, 0xff, 0xff, 0xff, 0x3f, 0xff, 0x73,
    0x4c, 0x54, 0xbc, 0x36, 0xff, 0xf3, 0xff, 0xff,
    0x3f, 0x6b, 0xc1, 0xc8, 0x4f, 0xff, 0x3f, 0xff,
    0xf3, 0xf5, 0xcd, 0xc, 0x28, 0xff, 0xf3, 0xff,
    0xff, 0x3f, 0xc4, 0x38, 0xc8, 0xff, 0xff, 0x3e,
    0xff, 0xff, 0xff, 0xff, 0xff, 0xff, 0xff, 0xf2,
    0x49, 0x99, 0x99, 0x99, 0x99, 0x99, 0x99, 0x96,
    0x0,

    /* U+1F525 "🔥" */
    0x0, 0x0, 0x1, 0x62, 0x0, 0x0, 0x0, 0x0,
    0x0, 0x0, 0xef, 0x90, 0x0, 0x0, 0x0, 0x0,
    0x0, 0x9f, 0xf6, 0x0, 0x0, 0x0, 0x0, 0x0,
    0x9f, 0xfe, 0x0, 0x0, 0x0, 0x0, 0x1, 0xef,
    0xff, 0x20, 0x0, 0x0, 0x11, 0xa, 0xff, 0xff,
    0x40, 0x0, 0x0, 0xd1, 0x6f, 0xf8, 0xaf, 0x20,
    0x0, 0x7, 0xf2, 0xef, 0x60, 0xef, 0x0, 0x0,
    0xd, 0xfb, 0xfb, 0x0, 0xef, 0x31, 0x50, 0xf,
    0xff, 0xf6, 0x0, 0xbf, 0xff, 0xf0, 0x1f, 0xff,
    0xf6, 0x0, 0x3f, 0xff, 0xf4, 0xf, 0xff, 0x7b,
    0x0, 0x5, 0xff, 0xf5, 0xc, 0xff, 0x1, 0x0,
    0x0, 0xcf, 0xf3, 0x5, 0xfe, 0x0, 0x0, 0x0,
    0x9f, 0xd0, 0x0, 0xbf, 0x30, 0x0, 0x0, 0xdf,
    0x40, 0x0, 0xb, 0xe5, 0x10, 0x3c, 0xe4, 0x0,
    0x0, 0x0, 0x4a, 0xcd, 0xb6, 0x0, 0x0,

    /* U+1F527 "🔧" */
    0x0, 0x49, 0x95, 0x0, 0x0, 0x0, 0x0, 0x0,
    0x2, 0xe3, 0x16, 0xa0, 0x0, 0x0, 0x0, 0x0,
    0x0, 0x19, 0x70, 0x47, 0x0, 0x0, 0x0, 0x0,
    0x51, 0x0, 0xa0, 0xa, 0x0, 0x0, 0x0, 0x0,
    0xaa, 0x68, 0x40, 0xa, 0x0, 0x0, 0x0, 0x0,
    0x81, 0x44, 0x0, 0x19, 0x0, 0x0, 0x0, 0x0,
    0x1a, 0x0, 0x0, 0x9, 0x40, 0x0, 0x0, 0x0,
    0x2, 0xaa, 0x9b, 0x0, 0x95, 0x0, 0x0, 0x0,
    0x0, 0x0, 0x2, 0xa0, 0x8, 0x60, 0x0, 0x0,
    0x0, 0x0, 0x0, 0x49, 0x0, 0x77, 0x0, 0x0,
    0x0, 0x0, 0x0, 0x5, 0x70, 0x6, 0x80, 0x0,
    0x0, 0x0, 0x0, 0x0, 0x75, 0x0, 0x59, 0x0,
    0x0, 0x0, 0x0, 0x0, 0x9, 0x30, 0x4, 0x90,
    0x0, 0x0, 0x0, 0x0, 0x0, 0xa2, 0x0, 0x48,
    0x0, 0x0, 0x0, 0x0, 0x0, 0x1a, 0x1c, 0x4a,
    0x0, 0x0, 0x0, 0x0, 0x0, 0x2, 0xa1, 0x1a,
    0x0, 0x0, 0x0, 0x0, 0x0, 0x0, 0x28, 0x91,

    /* U+1F528 "🔨" */
    0x0, 0x0, 0x0, 0x2, 0x79, 0x70, 0x0, 0x0,
    0x0, 0x0, 0x0, 0x0, 0x97, 0x26, 0xa0, 0x0,
    0x0, 0x0, 0x0, 0x0, 0xa, 0x30, 0xb4, 0x0,
    0x0, 0x0, 0x0, 0x0, 0x0, 0x93, 0x0, 0x90,
    0x0, 0x0, 0x0, 0x0, 0x0, 0x0, 0x90, 0x0,
    0x92, 0x0, 0x0, 0x0, 0x0, 0x1, 0x99, 0x70,
    0xc, 0xf7, 0x0, 0x0, 0x0, 0x0, 0xb, 0x0,
    0x4a, 0xbf, 0x7, 0x60, 0x0, 0x0, 0x0, 0xb,
    0x0, 0x64, 0x3, 0x80, 0x85, 0x0, 0x0, 0x0,
    0x3, 0xa1, 0xa2, 0x0, 0x66, 0x8, 0x40, 0x0,
    0x0, 0x0, 0x29, 0x20, 0x0, 0x8, 0x40, 0x94,
    0x0, 0x0, 0x0, 0x0, 0x0, 0x0, 0x0, 0xa2,
    0xa, 0x30, 0x0, 0x0, 0x0, 0x0, 0x0, 0x0,
    0x1a, 0x0, 0xa2, 0x0, 0x0, 0x0, 0x0, 0x0,
    0x0, 0x2, 0xa0, 0xa, 0x20, 0x0, 0x0, 0x0,
    0x0, 0x0, 0x0, 0x48, 0x0, 0xa1, 0x0, 0x0,
    0x0, 0x0, 0x0, 0x0, 0x6, 0x50, 0x1a, 0x0,
    0x0, 0x0, 0x0, 0x0, 0x0, 0x0, 0x93, 0x57,
    0x0, 0x0, 0x0, 0x0, 0x0, 0x0, 0x0, 0x8,
    0x60,

    /* U+1F529 "🔩" */
    0x0, 0x0, 0x25, 0x78, 0x0, 0x0, 0x0, 0x0,
    0x0, 0x0, 0x59, 0x54, 0xe8, 0x0, 0x0, 0x0,
    0x0, 0x0, 0x58, 0x0, 0x36, 0x65, 0x0, 0x0,
    0x0, 0x0, 0x58, 0x0, 0x9, 0x74, 0x50, 0x0,
    0x0, 0x0, 0x48, 0x0, 0x6, 0x79, 0xb3, 0x0,
    0x0, 0x0, 0xa, 0x0, 0x6, 0x70, 0xf, 0x10,
    0x0, 0x0, 0x0, 0xa0, 0x6, 0x70, 0xa, 0xf9,
    0x3, 0x52, 0x0, 0xf, 0xaa, 0xf0, 0xa, 0x75,
    0xcf, 0x7a, 0xf2, 0x0, 0x58, 0x2, 0xcd, 0x37,
    0x18, 0x90, 0x72, 0xb0, 0x0, 0x5a, 0xaa, 0xa7,
    0x5, 0x2a, 0xe, 0x2a, 0x0, 0x0, 0x0, 0x0,
    0x9a, 0x4a, 0x29, 0x4a, 0xc0, 0x0, 0x0, 0x0,
    0x8, 0x56, 0x19, 0x30, 0x9f, 0x0, 0x0, 0x0,
    0x0, 0xa0, 0x2a, 0x30, 0x5f, 0xc5, 0x0, 0x0,
    0x0, 0xe, 0xb7, 0xc3, 0x59, 0x88, 0xa2, 0x0,
    0x0, 0x0, 0xa, 0x57, 0xff, 0x11, 0x78, 0x20,
    0x0, 0x0, 0x0, 0x5, 0x31, 0x2a, 0x15, 0x80,
    0x0, 0x0, 0x0, 0x0, 0x0, 0x0, 0x18, 0x50,
    0x0,

    /* U+1F579 "🕹" */
    0x0, 0x0, 0x0, 0x39, 0x82, 0x0, 0x0, 0x0,
    0x0, 0x0, 0x6, 0x91, 0x1a, 0x40, 0x0, 0x0,
    0x0, 0x0, 0xa, 0xa, 0x0, 0xa0, 0x0, 0x0,
    0x0, 0x0, 0x28, 0x24, 0x0, 0x90, 0x0, 0x0,
    0x0, 0x0, 0xa, 0x0, 0x0, 0xa0, 0x0, 0x0,
    0x0, 0x0, 0x7, 0x70, 0x9, 0x50, 0x0, 0x0,
    0x0, 0x0, 0x0, 0x5f, 0xe7, 0x0, 0x0, 0x0,
    0x0, 0x0, 0x0, 0x6d, 0x5d, 0x20, 0x0, 0x0,
    0x0, 0x1, 0x8a, 0x5a, 0x56, 0x9a, 0x40, 0x0,
    0x3, 0x99, 0x40, 0xbf, 0xff, 0x0, 0x7b, 0x60,
    0x3f, 0x53, 0xa1, 0xcf, 0xfc, 0x0, 0x3, 0xe6,
    0x3f, 0xfe, 0x71, 0x1, 0x10, 0x4, 0xbf, 0xf6,
    0x3f, 0xff, 0xff, 0xa4, 0x5, 0xcf, 0xff, 0xf6,
    0x1a, 0xff, 0xff, 0xff, 0xff, 0xff, 0xff, 0xb2,
    0x0, 0x18, 0xef, 0xff, 0xff, 0xff, 0xb3, 0x0,
    0x0, 0x0, 0x6, 0xcf, 0xff, 0xa3, 0x0, 0x0,
    0x0, 0x0, 0x0, 0x3, 0x82, 0x0, 0x0, 0x0,

    /* U+1F58B "🖋" */
    0x0, 0x0, 0x0, 0x0, 0x0, 0x66, 0x4, 0x40,
    0x0, 0x0, 0x0, 0x0, 0x0, 0x8f, 0xfd, 0x87,
    0x60, 0x0, 0x0, 0x0, 0x0, 0x8c, 0x4f, 0xfb,
    0xa, 0x10, 0x0, 0x0, 0x0, 0x8b, 0x59, 0x5,
    0xfc, 0xa0, 0x0, 0x0, 0x0, 0x8e, 0x68, 0x0,
    0x5, 0xf3, 0x0, 0x0, 0x0, 0x5, 0x78, 0x0,
    0x0, 0x78, 0x0, 0x0, 0x0, 0x0, 0x1e, 0x80,
    0x0, 0x48, 0x0, 0x0, 0x0, 0x0, 0x1b, 0x3d,
    0x90, 0x39, 0x0, 0x0, 0x0, 0x0, 0x1b, 0x10,
    0x1d, 0xa9, 0x0, 0x0, 0x0, 0x0, 0x1b, 0x10,
    0x0, 0x97, 0x0, 0x0, 0x0, 0x0, 0xa, 0x20,
    0x0, 0x94, 0x0, 0x0, 0x0, 0x0, 0x7, 0x90,
    0x0, 0x94, 0x0, 0x0, 0x0, 0x0, 0x4, 0xbb,
    0x40, 0xa3, 0x0, 0x0, 0x0, 0x0, 0x0, 0xa2,
    0xf, 0xb2, 0x0, 0x0, 0x0, 0x0, 0x0, 0x58,
    0x96, 0x51, 0x0, 0x0, 0x0, 0x0, 0x0, 0xd,
    0xda, 0x90, 0x0, 0x0, 0x0, 0x0, 0x0, 0x0,
    0xb4, 0x0, 0x0, 0x0, 0x0, 0x0, 0x0, 0x0,
    0x0,

    /* U+1F596 "🖖" */
    0x0, 0x0, 0x0, 0x3, 0x92, 0x0, 0x0, 0x0,
    0x21, 0x0, 0xa, 0x29, 0x0, 0x0, 0x3, 0x8a,
    0x0, 0x36, 0x3d, 0xa0, 0x0, 0x4, 0x46, 0x30,
    0x82, 0x73, 0x90, 0x0, 0x8b, 0x81, 0x70, 0xa0,
    0xa0, 0xa0, 0x0, 0xa0, 0xa0, 0x92, 0x80, 0x90,
    0xa0, 0x0, 0x91, 0x90, 0x88, 0x34, 0x61, 0x80,
    0x0, 0x54, 0x54, 0x4d, 0x8, 0x14, 0x60, 0x0,
    0x18, 0x17, 0x3, 0x6, 0x6, 0x5b, 0xa9, 0xa,
    0x0, 0x0, 0x0, 0x9, 0xb1, 0x1a, 0xa, 0x0,
    0x0, 0x0, 0x8a, 0x22, 0xa1, 0xa, 0x0, 0x0,
    0xa, 0x40, 0xa, 0x0, 0xa, 0x0, 0x0, 0x46,
    0x0, 0x82, 0x0, 0xa, 0x0, 0x0, 0x81, 0x1,
    0x90, 0x0, 0xa, 0x10, 0x0, 0x0, 0x9, 0x20,
    0x0, 0x2, 0xa5, 0x10, 0x3, 0xa5, 0x0, 0x0,
    0x0, 0x5, 0x89, 0x96, 0x10, 0x0, 0x0,

    /* U+1F5A4 "🖤" */
    0x0, 0x6, 0xa8, 0x30, 0x0, 0x1, 0x6a, 0x72,
    0x0, 0x2, 0xf6, 0xa3, 0x9e, 0x10, 0x6f, 0x5a,
    0x4e, 0x60, 0xd, 0xf7, 0xe7, 0x9e, 0xb5, 0xcf,
    0x7e, 0x7f, 0xe3, 0x65, 0x70, 0x70, 0x24, 0x4f,
    0x7, 0x7, 0x7, 0xa, 0xb8, 0xe7, 0xe7, 0x9c,
    0x7f, 0x7e, 0x7e, 0x7e, 0x7e, 0x90, 0x70, 0x70,
    0x24, 0x7, 0x7, 0x7, 0x7, 0x9, 0x99, 0xe7,
    0xe7, 0x9c, 0x7e, 0x7e, 0x7e, 0x7e, 0x7d, 0x27,
    0x70, 0x70, 0x24, 0x7, 0x7, 0x7, 0x7, 0x27,
    0xd, 0xf7, 0xe7, 0x9c, 0x7e, 0x7e, 0x7e, 0x7e,
    0xe1, 0x3, 0xe0, 0x70, 0x24, 0x7, 0x7, 0x7,
    0xa, 0x70, 0x0, 0x8c, 0xe7, 0x9c, 0x7e, 0x7e,
    0x7e, 0x8d, 0x0, 0x0, 0x8, 0xa0, 0x24, 0x7,
    0x7, 0x8, 0x91, 0x0, 0x0, 0x0, 0xfa, 0x9c,
    0x7e, 0x7e, 0x8f, 0x10, 0x0, 0x0, 0x0, 0x8,
    0x54, 0x7, 0x8, 0x91, 0x0, 0x0, 0x0, 0x0,
    0x0, 0x8f, 0x7e, 0x9f, 0x10, 0x0, 0x0, 0x0,
    0x0, 0x0, 0x5, 0x7b, 0x80, 0x0, 0x0, 0x0,
    0x0, 0x0, 0x0, 0x0, 0x27, 0x0, 0x0, 0x0,
    0x0,

    /* U+1F5A5 "🖥" */
    0x6, 0x99, 0x99, 0x99, 0x99, 0x99, 0x99, 0x50,
    0x64, 0x1, 0x11, 0x11, 0x11, 0x11, 0x11, 0x74,
    0x90, 0xef, 0xff, 0xff, 0xff, 0xff, 0xff, 0x47,
    0xa0, 0xff, 0xff, 0xff, 0xff, 0xff, 0xff, 0x47,
    0xa0, 0xff, 0xff, 0xff, 0xff, 0xff, 0xff, 0x47,
    0xa0, 0xff, 0xff, 0xff, 0xff, 0xff, 0xff, 0x47,
    0xa0, 0xff, 0xff, 0xff, 0xff, 0xff, 0xff, 0x47,
    0xa0, 0xff, 0xff, 0xff, 0xff, 0xff, 0xff, 0x47,
    0x90, 0x89, 0x99, 0x99, 0x99, 0x99, 0x99, 0x46,
    0x3a, 0x77, 0x77, 0x87, 0x78, 0x77, 0x77, 0xa1,
    0x0, 0x22, 0x22, 0xc2, 0x2c, 0x22, 0x22, 0x0,
    0x0, 0x0, 0x8, 0xea, 0xae, 0x90, 0x0, 0x0,
    0x0, 0x98, 0x88, 0x88, 0x88, 0x88, 0x89, 0x10,
    0x6, 0x65, 0x65, 0x55, 0x55, 0x55, 0x55, 0x60,
    0xa, 0x55, 0x43, 0x77, 0x56, 0x65, 0x66, 0x90,
    0x2d, 0x88, 0x88, 0x88, 0x88, 0x88, 0x88, 0xe0,
    0x19, 0x88, 0x88, 0x88, 0x88, 0x88, 0x88, 0x90,

    /* U+1F600 "😀" */
    0x0, 0x0, 0x2, 0x68, 0x87, 0x20, 0x0, 0x0,
    0x0, 0x0, 0x3a, 0x72, 0x0, 0x26, 0xa4, 0x0,
    0x0, 0x0, 0x58, 0x0, 0x0, 0x0, 0x0, 0x77,
    0x0, 0x0, 0x48, 0x0, 0x0, 0x0, 0x0, 0x0,
    0x75, 0x0, 0xa, 0x0, 0x0, 0x0, 0x0, 0x0,
    0x0, 0xa1, 0x6, 0x40, 0x0, 0x40, 0x0, 0x3,
    0x20, 0x2, 0x70, 0xa0, 0x0, 0x5f, 0x60, 0x0,
    0xfc, 0x0, 0xa, 0xa, 0x0, 0x3, 0xe3, 0x0,
    0xc, 0x90, 0x0, 0xa0, 0xa0, 0x0, 0x0, 0x0,
    0x0, 0x0, 0x0, 0x9, 0x9, 0x0, 0x21, 0x0,
    0x0, 0x0, 0x2, 0x10, 0x90, 0xa0, 0xa, 0x67,
    0x67, 0x67, 0x67, 0x67, 0xa, 0x6, 0x40, 0x9f,
    0xdb, 0xaa, 0xac, 0xef, 0x22, 0x80, 0xa, 0x0,
    0xbf, 0xfb, 0xae, 0xff, 0x50, 0x91, 0x0, 0x47,
    0x0, 0x48, 0x67, 0x77, 0x10, 0x66, 0x0, 0x0,
    0x68, 0x0, 0x0, 0x0, 0x0, 0x77, 0x0, 0x0,
    0x0, 0x3a, 0x62, 0x0, 0x16, 0xa4, 0x0, 0x0,
    0x0, 0x0, 0x3, 0x79, 0x97, 0x30, 0x0, 0x0,
    0x0,

    /* U+1F601 "😁" */
    0x0, 0x0, 0x2, 0x79, 0x97, 0x30, 0x0, 0x0,
    0x0, 0x0, 0x3a, 0x72, 0x0, 0x27, 0xa3, 0x0,
    0x0, 0x0, 0x59, 0x0, 0x0, 0x0, 0x0, 0x86,
    0x0, 0x0, 0x48, 0x0, 0x0, 0x0, 0x0, 0x0,
    0x75, 0x0, 0xa, 0x0, 0x0, 0x0, 0x0, 0x0,
    0x0, 0xa0, 0x6, 0x40, 0x0, 0x0, 0x0, 0x0,
    0x0, 0x3, 0x70, 0xa0, 0x0, 0x79, 0x30, 0x4,
    0x97, 0x0, 0xa, 0xa, 0x0, 0x15, 0x7, 0x0,
    0x70, 0x52, 0x0, 0x90, 0xa0, 0x0, 0x0, 0x0,
    0x0, 0x0, 0x0, 0x9, 0xa, 0x1, 0x87, 0x52,
    0x11, 0x25, 0x78, 0x20, 0x90, 0xa0, 0x74, 0xa,
    0x5a, 0x95, 0xb0, 0x29, 0xa, 0x6, 0x42, 0xd8,
    0xd3, 0x64, 0x3d, 0x8d, 0x33, 0x70, 0xa, 0x5,
    0x68, 0x49, 0x84, 0x95, 0x60, 0xa1, 0x0, 0x48,
    0x3, 0xd6, 0x75, 0x5d, 0x40, 0x75, 0x0, 0x0,
    0x59, 0x0, 0x26, 0x63, 0x0, 0x76, 0x0, 0x0,
    0x0, 0x3a, 0x72, 0x0, 0x26, 0xa4, 0x0, 0x0,
    0x0, 0x0, 0x3, 0x79, 0x98, 0x30, 0x0, 0x0,
    0x0,

    /* U+1F602 "😂" */
    0x0, 0x0, 0x0, 0x2, 0x79, 0x97, 0x20, 0x0,
    0x0, 0x0, 0x0, 0x0, 0x3, 0xa7, 0x20, 0x2,
    0x7a, 0x30, 0x0, 0x0, 0x0, 0x0, 0x59, 0x0,
    0x0, 0x0, 0x0, 0x95, 0x0, 0x0, 0x0, 0x4,
    0x90, 0x0, 0x0, 0x0, 0x0, 0x8, 0x40, 0x0,
    0x0, 0xa, 0x7, 0x80, 0x0, 0x0, 0x3, 0x92,
    0xa0, 0x0, 0x0, 0x64, 0x64, 0x0, 0x0, 0x0,
    0x0, 0x8, 0x46, 0x0, 0x0, 0xa0, 0x2, 0xa9,
    0x40, 0x0, 0x89, 0x70, 0xa, 0x0, 0x0, 0xa0,
    0x13, 0x0, 0x30, 0x1, 0x20, 0x31, 0x9, 0x0,
    0x4, 0xc9, 0x90, 0x0, 0x0, 0x0, 0x0, 0x1,
    0xbd, 0x70, 0x47, 0x5, 0x42, 0x10, 0x0, 0x0,
    0x0, 0x21, 0x70, 0x37, 0x80, 0x9, 0xa, 0x67,
    0x67, 0x67, 0x67, 0x67, 0x70, 0x9, 0x49, 0x99,
    0x9, 0xfd, 0xba, 0xaa, 0xce, 0xf2, 0x4b, 0x77,
    0x1, 0x2a, 0x0, 0xbf, 0xfb, 0xad, 0xff, 0x50,
    0xa1, 0x10, 0x0, 0x4, 0x80, 0x4, 0x87, 0x77,
    0x71, 0x7, 0x50, 0x0, 0x0, 0x0, 0x68, 0x0,
    0x0, 0x0, 0x0, 0x86, 0x0, 0x0, 0x0, 0x0,
    0x3, 0xa7, 0x20, 0x2, 0x6a, 0x30, 0x0, 0x0,
    0x0, 0x0, 0x0, 0x3, 0x79, 0x97, 0x30, 0x0,
    0x0, 0x0,

    /* U+1F603 "😃" */
    0x0, 0x0, 0x2, 0x68, 0x87, 0x20, 0x0, 0x0,
    0x0, 0x0, 0x3a, 0x72, 0x0, 0x26, 0xa4, 0x0,
    0x0, 0x0, 0x58, 0x0, 0x0, 0x0, 0x0, 0x77,
    0x0, 0x0, 0x48, 0x0, 0x0, 0x0, 0x0, 0x0,
    0x75, 0x0, 0xa, 0x0, 0x0, 0x0, 0x0, 0x0,
    0x0, 0xa1, 0x6, 0x40, 0x0, 0xe6, 0x0, 0xe,
    0x70, 0x2, 0x70, 0xa0, 0x0, 0x3f, 0xa0, 0x3,
    0xfb, 0x0, 0xa, 0xa, 0x0, 0x2, 0xfa, 0x0,
    0x2f, 0xa0, 0x0, 0xa0, 0xa0, 0x0, 0x8, 0x30,
    0x0, 0x83, 0x0, 0x9, 0x9, 0x0, 0x10, 0x0,
    0x0, 0x0, 0x1, 0x0, 0x90, 0xa0, 0xa, 0x66,
    0x66, 0x66, 0x66, 0x67, 0xa, 0x6, 0x40, 0xaf,
    0xdb, 0xaa, 0xac, 0xef, 0x22, 0x80, 0xa, 0x0,
    0xbf, 0xfb, 0xae, 0xff, 0x50, 0x91, 0x0, 0x47,
    0x0, 0x48, 0x77, 0x77, 0x10, 0x66, 0x0, 0x0,
    0x68, 0x0, 0x0, 0x0, 0x0, 0x77, 0x0, 0x0,
    0x0, 0x3a, 0x62, 0x0, 0x16, 0xa4, 0x0, 0x0,
    0x0, 0x0, 0x3, 0x79, 0x97, 0x30, 0x0, 0x0,
    0x0,

    /* U+1F604 "😄" */
    0x0, 0x0, 0x2, 0x79, 0x97, 0x30, 0x0, 0x0,
    0x0, 0x0, 0x3a, 0x72, 0x0, 0x27, 0xa3, 0x0,
    0x0, 0x0, 0x59, 0x0, 0x0, 0x0, 0x0, 0x86,
    0x0, 0x0, 0x48, 0x0, 0x0, 0x0, 0x0, 0x0,
    0x75, 0x0, 0xa, 0x0, 0x0, 0x0, 0x0, 0x0,
    0x0, 0xa0, 0x6, 0x40, 0x0, 0x0, 0x0, 0x0,
    0x0, 0x3, 0x70, 0xa0, 0x0, 0x39, 0x50, 0x1,
    0x87, 0x0, 0xa, 0xa, 0x0, 0x7, 0x6, 0x20,
    0x61, 0x35, 0x0, 0x90, 0xa0, 0x0, 0x0, 0x0,
    0x0, 0x0, 0x0, 0x9, 0xa, 0x0, 0x21, 0x0,
    0x0, 0x0, 0x2, 0x10, 0x90, 0xa0, 0xa, 0x67,
    0x67, 0x67, 0x67, 0x67, 0xa, 0x6, 0x40, 0x9f,
    0xdb, 0xaa, 0xac, 0xef, 0x23, 0x70, 0xa, 0x0,
    0xbf, 0xfb, 0xad, 0xff, 0x50, 0xa1, 0x0, 0x48,
    0x0, 0x48, 0x77, 0x77, 0x10, 0x75, 0x0, 0x0,
    0x59, 0x0, 0x0, 0x0, 0x0, 0x76, 0x0, 0x0,
    0x0, 0x3a, 0x72, 0x0, 0x26, 0xa4, 0x0, 0x0,
    0x0, 0x0, 0x3, 0x79, 0x98, 0x30, 0x0, 0x0,
    0x0,

    /* U+1F605 "😅" */
    0x0, 0x0, 0x1, 0x58, 0x98, 0x50, 0x0, 0x0,
    0x0, 0x0, 0x0, 0x89, 0x41, 0x1, 0x4a, 0x80,
    0x1c, 0x0, 0x0, 0x1b, 0x20, 0x0, 0x0, 0x0,
    0x3a, 0xa3, 0x70, 0x0, 0xb1, 0x0, 0x0, 0x0,
    0x0, 0x6, 0x60, 0x81, 0x8, 0x30, 0x0, 0x0,
    0x0, 0x0, 0x9, 0x0, 0x17, 0x19, 0x0, 0x0,
    0x0, 0x0, 0x0, 0x8, 0x0, 0x8, 0x54, 0x0,
    0x17, 0x50, 0x0, 0x57, 0x18, 0x30, 0x65, 0x81,
    0x0, 0x82, 0x54, 0x4, 0x52, 0x70, 0x59, 0xc0,
    0x90, 0x0, 0x0, 0x0, 0x0, 0x0, 0x0, 0x0,
    0x90, 0x81, 0x1, 0x10, 0x0, 0x0, 0x0, 0x11,
    0x1, 0x80, 0x54, 0x9, 0x66, 0x66, 0x66, 0x66,
    0x69, 0x4, 0x50, 0x19, 0x7, 0xfd, 0xba, 0xaa,
    0xbd, 0xf7, 0x9, 0x10, 0x8, 0x20, 0x9f, 0xfc,
    0xac, 0xff, 0x80, 0x28, 0x0, 0x0, 0xb1, 0x2,
    0x87, 0x77, 0x82, 0x1, 0xb0, 0x0, 0x0, 0x2b,
    0x20, 0x0, 0x0, 0x0, 0x2b, 0x20, 0x0, 0x0,
    0x1, 0x99, 0x41, 0x0, 0x49, 0x91, 0x0, 0x0,
    0x0, 0x0, 0x1, 0x69, 0x99, 0x61, 0x0, 0x0,
    0x0,

    /* U+1F606 "😆" */
    0x0, 0x0, 0x2, 0x79, 0x97, 0x30, 0x0, 0x0,
    0x0, 0x0, 0x3a, 0x72, 0x0, 0x27, 0xa3, 0x0,
    0x0, 0x0, 0x59, 0x0, 0x0, 0x0, 0x0, 0x86,
    0x0, 0x0, 0x48, 0x0, 0x0, 0x0, 0x0, 0x0,
    0x75, 0x0, 0xa, 0x0, 0x0, 0x0, 0x0, 0x0,
    0x0, 0xa0, 0x6, 0x40, 0x52, 0x0, 0x0, 0x0,
    0x7, 0x3, 0x70, 0xa0, 0x0, 0x79, 0x20, 0x1,
    0x79, 0x20, 0xa, 0xa, 0x0, 0x4, 0xab, 0x0,
    0x9b, 0x51, 0x0, 0x90, 0xa0, 0x5, 0x50, 0x0,
    0x0, 0x3, 0x80, 0x9, 0xa, 0x0, 0x21, 0x0,
    0x0, 0x0, 0x2, 0x10, 0x90, 0xa0, 0xa, 0x67,
    0x67, 0x67, 0x67, 0x67, 0xa, 0x6, 0x40, 0x9f,
    0xdb, 0xaa, 0xac, 0xef, 0x23, 0x70, 0xa, 0x0,
    0xbf, 0xfb, 0xbf, 0xff, 0x50, 0xa1, 0x0, 0x48,
    0x0, 0x47, 0x67, 0x98, 0x10, 0x75, 0x0, 0x0,
    0x59, 0x0, 0x0, 0x0, 0x0, 0x76, 0x0, 0x0,
    0x0, 0x3a, 0x72, 0x0, 0x26, 0xa4, 0x0, 0x0,
    0x0, 0x0, 0x3, 0x79, 0x98, 0x30, 0x0, 0x0,
    0x0,

    /* U+1F607 "😇" */
    0x0, 0x0, 0x2, 0x33, 0x43, 0x21, 0x0, 0x0,
    0x1, 0x8c, 0xc9, 0x76, 0x66, 0x7a, 0xcb, 0x60,
    0x1e, 0xc1, 0x18, 0xa9, 0x9a, 0xa6, 0x3, 0xfc,
    0x1e, 0xec, 0xd3, 0x0, 0x0, 0x5, 0xeb, 0xfb,
    0x1, 0xdf, 0xff, 0xff, 0xef, 0xff, 0xff, 0x80,
    0x1, 0xa0, 0x13, 0x56, 0x65, 0x43, 0x0, 0xa0,
    0x8, 0x20, 0x0, 0x0, 0x0, 0x0, 0x0, 0x64,
    0xa, 0x0, 0x29, 0x60, 0x0, 0x88, 0x0, 0x9,
    0x9, 0x0, 0x50, 0x41, 0x4, 0x21, 0x40, 0xa,
    0x9, 0x0, 0x0, 0x0, 0x0, 0x0, 0x0, 0xa,
    0xa, 0x0, 0x0, 0x0, 0x0, 0x0, 0x0, 0xa,
    0xa, 0x0, 0x6, 0x20, 0x0, 0x44, 0x0, 0x27,
    0x6, 0x50, 0x1, 0x8a, 0xaa, 0x60, 0x0, 0x82,
    0x0, 0xa1, 0x0, 0x0, 0x0, 0x0, 0x3, 0x80,
    0x0, 0x1a, 0x20, 0x0, 0x0, 0x0, 0x4a, 0x0,
    0x0, 0x1, 0x98, 0x30, 0x1, 0x4a, 0x70, 0x0,
    0x0, 0x0, 0x2, 0x69, 0x98, 0x51, 0x0, 0x0,

    /* U+1F608 "😈" */
    0x0, 0x0, 0x0, 0x0, 0x0, 0x0, 0x0, 0x0,
    0x0, 0x7b, 0x10, 0x0, 0x26, 0x99, 0x73, 0x0,
    0x1, 0xb6, 0x91, 0xa4, 0x2a, 0x83, 0x0, 0x26,
    0xb4, 0x2a, 0x37, 0x72, 0x7, 0x91, 0x0, 0x0,
    0x0, 0x8, 0x80, 0x36, 0x45, 0x0, 0x0, 0x0,
    0x0, 0x0, 0x0, 0x0, 0x73, 0xa, 0x0, 0x0,
    0x0, 0x0, 0x0, 0x0, 0x0, 0xb0, 0xa, 0x10,
    0x0, 0x0, 0x0, 0x0, 0x0, 0x0, 0x90, 0xa,
    0x0, 0x0, 0x0, 0x0, 0x0, 0x0, 0x0, 0x90,
    0xa, 0x0, 0x8, 0x20, 0x0, 0x0, 0x63, 0x0,
    0xa0, 0x9, 0x0, 0x2, 0xf7, 0x0, 0x3d, 0x80,
    0x0, 0xa0, 0xa, 0x0, 0x2, 0xfd, 0x0, 0x6f,
    0x90, 0x0, 0xa0, 0xa, 0x0, 0x0, 0x72, 0x0,
    0x7, 0x20, 0x0, 0xa0, 0x8, 0x20, 0x0, 0x0,
    0x0, 0x0, 0x0, 0x3, 0x60, 0x1, 0xa0, 0x0,
    0x68, 0x10, 0x5a, 0x0, 0xa, 0x0, 0x0, 0x57,
    0x0, 0x2, 0x89, 0x50, 0x0, 0x74, 0x0, 0x0,
    0x7, 0x80, 0x0, 0x0, 0x0, 0x8, 0x60, 0x0,
    0x0, 0x0, 0x4a, 0x62, 0x0, 0x26, 0xa3, 0x0,
    0x0, 0x0, 0x0, 0x0, 0x38, 0x99, 0x73, 0x0,
    0x0, 0x0,

    /* U+1F609 "😉" */
    0x0, 0x0, 0x2, 0x79, 0x97, 0x30, 0x0, 0x0,
    0x0, 0x0, 0x3a, 0x72, 0x0, 0x27, 0xa3, 0x0,
    0x0, 0x0, 0x59, 0x0, 0x0, 0x0, 0x0, 0x86,
    0x0, 0x0, 0x48, 0x0, 0x20, 0x0, 0x0, 0x0,
    0x75, 0x0, 0xa, 0x3, 0xa3, 0x0, 0x0, 0x0,
    0x0, 0xa0, 0x6, 0x40, 0x80, 0x0, 0x0, 0x0,
    0x0, 0x3, 0x70, 0xa0, 0x0, 0x25, 0x0, 0x0,
    0x8, 0x30, 0xa, 0xa, 0x0, 0xa, 0xf2, 0x0,
    0x2b, 0x30, 0x0, 0x90, 0xa0, 0x0, 0x5b, 0x0,
    0x4, 0x9a, 0x50, 0x9, 0xa, 0x0, 0x0, 0x0,
    0x0, 0x0, 0x0, 0x0, 0x90, 0xa0, 0x0, 0x0,
    0x0, 0x0, 0x0, 0x0, 0xa, 0x6, 0x40, 0x4,
    0xa3, 0x0, 0x3a, 0x30, 0x3, 0x70, 0xa, 0x0,
    0x1, 0x69, 0x96, 0x10, 0x0, 0xa1, 0x0, 0x48,
    0x0, 0x0, 0x0, 0x0, 0x0, 0x75, 0x0, 0x0,
    0x59, 0x0, 0x0, 0x0, 0x0, 0x76, 0x0, 0x0,
    0x0, 0x3a, 0x72, 0x0, 0x26, 0xa4, 0x0, 0x0,
    0x0, 0x0, 0x3, 0x79, 0x98, 0x30, 0x0, 0x0,
    0x0,

    /* U+1F60A "😊" */
    0x0, 0x0, 0x2, 0x79, 0x97, 0x30, 0x0, 0x0,
    0x0, 0x0, 0x3a, 0x72, 0x0, 0x27, 0xa3, 0x0,
    0x0, 0x0, 0x59, 0x0, 0x0, 0x0, 0x0, 0x86,
    0x0, 0x0, 0x48, 0x0, 0x0, 0x0, 0x0, 0x0,
    0x75, 0x0, 0xa, 0x0, 0x0, 0x0, 0x0, 0x0,
    0x0, 0xa0, 0x6, 0x40, 0x0, 0x0, 0x0, 0x0,
    0x0, 0x3, 0x70, 0xa0, 0x0, 0x8a, 0x40, 0x3,
    0xa8, 0x0, 0xa, 0xa, 0x0, 0x16, 0x8, 0x0,
    0x70, 0x52, 0x0, 0x90, 0xa0, 0x0, 0x0, 0x0,
    0x0, 0x0, 0x10, 0x9, 0xa, 0x0, 0x67, 0x50,
    0x0, 0x1, 0x67, 0x40, 0x90, 0xa0, 0x3, 0x20,
    0x0, 0x0, 0x13, 0x10, 0xa, 0x6, 0x40, 0x0,
    0x51, 0x0, 0x5, 0x0, 0x3, 0x70, 0xa, 0x0,
    0x3, 0x9a, 0xa9, 0x30, 0x0, 0xa1, 0x0, 0x48,
    0x0, 0x0, 0x0, 0x0, 0x0, 0x75, 0x0, 0x0,
    0x59, 0x0, 0x0, 0x0, 0x0, 0x76, 0x0, 0x0,
    0x0, 0x3a, 0x72, 0x0, 0x26, 0xa4, 0x0, 0x0,
    0x0, 0x0, 0x3, 0x79, 0x98, 0x30, 0x0, 0x0,
    0x0,

    /* U+1F60B "😋" */
    0x0, 0x0, 0x2, 0x68, 0x97, 0x30, 0x0, 0x0,
    0x0, 0x0, 0x2a, 0x83, 0x10, 0x26, 0xa5, 0x0,
    0x0, 0x0, 0x59, 0x0, 0x0, 0x0, 0x0, 0x68,
    0x0, 0x0, 0x39, 0x0, 0x0, 0x0, 0x0, 0x0,
    0x48, 0x0, 0xa, 0x0, 0x0, 0x0, 0x0, 0x0,
    0x0, 0x83, 0x6, 0x40, 0x0, 0x0, 0x0, 0x0,
    0x0, 0x0, 0x90, 0xa0, 0x3, 0xba, 0x50, 0x2,
    0xaa, 0x60, 0x9, 0xa, 0x0, 0x30, 0x4, 0x0,
    0x31, 0x4, 0x0, 0x62, 0xa0, 0x0, 0x0, 0x0,
    0x0, 0x0, 0x0, 0x5, 0x4a, 0x5, 0x0, 0x0,
    0x0, 0x0, 0x0, 0x23, 0x73, 0xa0, 0x92, 0x0,
    0x0, 0x0, 0x0, 0xd, 0x9, 0x6, 0x41, 0xb1,
    0x0, 0x0, 0x0, 0x9, 0xa9, 0xa0, 0xa, 0x1,
    0xa5, 0x0, 0x0, 0x3e, 0x60, 0x88, 0x0, 0x48,
    0x0, 0x59, 0xaa, 0xf7, 0x28, 0x0, 0x90, 0x0,
    0x59, 0x0, 0x0, 0x5, 0x80, 0x0, 0x19, 0x0,
    0x0, 0x3a, 0x72, 0x0, 0x1b, 0xd1, 0xa, 0x20,
    0x0, 0x0, 0x2, 0x79, 0x98, 0x43, 0x99, 0x20,
    0x0,

    /* U+1F60C "😌" */
    0x0, 0x0, 0x2, 0x79, 0x97, 0x30, 0x0, 0x0,
    0x0, 0x0, 0x3a, 0x72, 0x0, 0x27, 0xa3, 0x0,
    0x0, 0x0, 0x59, 0x0, 0x0, 0x0, 0x0, 0x86,
    0x0, 0x0, 0x48, 0x0, 0x0, 0x0, 0x0, 0x0,
    0x75, 0x0, 0xa, 0x2, 0x93, 0x0, 0x0, 0x29,
    0x30, 0xa0, 0x6, 0x42, 0x90, 0x0, 0x0, 0x0,
    0x8, 0x33, 0x70, 0xa0, 0x0, 0x0, 0x0, 0x0,
    0x0, 0x0, 0xa, 0xa, 0x0, 0x30, 0x2, 0x0,
    0x20, 0x3, 0x0, 0x90, 0xa0, 0x4, 0x88, 0x30,
    0x2, 0x98, 0x40, 0x9, 0xa, 0x0, 0x0, 0x0,
    0x0, 0x0, 0x0, 0x0, 0x90, 0xa0, 0x0, 0x0,
    0x0, 0x0, 0x0, 0x0, 0xa, 0x6, 0x40, 0x0,
    0x0, 0x0, 0x0, 0x0, 0x3, 0x70, 0xa, 0x0,
    0x3, 0x81, 0x18, 0x50, 0x0, 0xa1, 0x0, 0x48,
    0x0, 0x2, 0x78, 0x20, 0x0, 0x75, 0x0, 0x0,
    0x59, 0x0, 0x0, 0x0, 0x0, 0x76, 0x0, 0x0,
    0x0, 0x3a, 0x72, 0x0, 0x26, 0xa4, 0x0, 0x0,
    0x0, 0x0, 0x3, 0x79, 0x98, 0x30, 0x0, 0x0,
    0x0,

    /* U+1F60D "😍" */
    0x0, 0x0, 0x2, 0x79, 0x97, 0x30, 0x0, 0x0,
    0x0, 0x0, 0x3a, 0x72, 0x0, 0x27, 0xa3, 0x0,
    0x0, 0x0, 0x59, 0x0, 0x0, 0x0, 0x0, 0x86,
    0x0, 0x0, 0x48, 0x0, 0x0, 0x0, 0x0, 0x0,
    0x75, 0x0, 0xa, 0x0, 0x29, 0x40, 0x1, 0x94,
    0x0, 0xa0, 0x6, 0x4b, 0xff, 0xff, 0x0, 0xaf,
    0xff, 0xe5, 0x70, 0xa0, 0xff, 0xff, 0xf0, 0xb,
    0xff, 0xff, 0x5a, 0xa, 0xb, 0xff, 0xfa, 0x0,
    0x5f, 0xff, 0xe1, 0x90, 0xa0, 0x19, 0xfe, 0x10,
    0x0, 0xaf, 0xc3, 0x9, 0xa, 0x0, 0x1, 0x10,
    0x0, 0x0, 0x20, 0x0, 0x90, 0xa0, 0x0, 0x0,
    0x0, 0x0, 0x0, 0x0, 0xa, 0x6, 0x40, 0x0,
    0xf, 0xfe, 0xf9, 0x0, 0x3, 0x70, 0xa, 0x0,
    0x0, 0xdf, 0xff, 0x60, 0x0, 0xa1, 0x0, 0x48,
    0x0, 0x0, 0x67, 0x30, 0x0, 0x75, 0x0, 0x0,
    0x59, 0x0, 0x0, 0x0, 0x0, 0x76, 0x0, 0x0,
    0x0, 0x3a, 0x72, 0x0, 0x26, 0xa4, 0x0, 0x0,
    0x0, 0x0, 0x3, 0x79, 0x98, 0x30, 0x0, 0x0,
    0x0,

    /* U+1F60E "😎" */
    0x0, 0x0, 0x0, 0x26, 0x89, 0x73, 0x0, 0x0,
    0x0, 0x0, 0x0, 0x2a, 0x83, 0x10, 0x26, 0xa5,
    0x0, 0x0, 0x0, 0x5, 0x90, 0x0, 0x0, 0x0,
    0x6, 0x80, 0x0, 0x0, 0x39, 0x0, 0x0, 0x0,
    0x0, 0x0, 0x48, 0x0, 0x1, 0xd3, 0x22, 0x10,
    0x0, 0x0, 0x12, 0x2a, 0x40, 0x1f, 0xfe, 0xff,
    0xff, 0xff, 0xff, 0xef, 0xff, 0xf9, 0xf, 0xf6,
    0xff, 0xff, 0xa6, 0xf8, 0xdf, 0xff, 0xf1, 0xf,
    0xfe, 0xff, 0xff, 0x10, 0xbe, 0xff, 0xff, 0xf2,
    0xf, 0xff, 0xff, 0xfb, 0x0, 0x6f, 0xff, 0xff,
    0xf4, 0xa, 0xaf, 0xff, 0xc1, 0x0, 0x9, 0xff,
    0xfd, 0x92, 0xa, 0x1, 0x31, 0x0, 0x0, 0x0,
    0x13, 0x20, 0x90, 0x6, 0x40, 0x2, 0xa3, 0x0,
    0x18, 0x60, 0x0, 0x90, 0x0, 0xa0, 0x0, 0x16,
    0x9a, 0x82, 0x0, 0x8, 0x30, 0x0, 0x48, 0x0,
    0x0, 0x0, 0x0, 0x0, 0x48, 0x0, 0x0, 0x5,
    0x90, 0x0, 0x0, 0x0, 0x5, 0x90, 0x0, 0x0,
    0x0, 0x3a, 0x72, 0x0, 0x15, 0xa5, 0x0, 0x0,
    0x0, 0x0, 0x0, 0x27, 0x99, 0x84, 0x0, 0x0,
    0x0,

    /* U+1F60F "😏" */
    0x0, 0x0, 0x2, 0x79, 0x97, 0x30, 0x0, 0x0,
    0x0, 0x0, 0x3a, 0x72, 0x0, 0x27, 0xa3, 0x0,
    0x0, 0x0, 0x59, 0x0, 0x0, 0x0, 0x0, 0x86,
    0x0, 0x0, 0x48, 0x0, 0x0, 0x0, 0x0, 0x0,
    0x75, 0x0, 0xa, 0x0, 0x0, 0x0, 0x0, 0x0,
    0x0, 0xa0, 0x6, 0x43, 0x86, 0x0, 0x0, 0x0,
    0x58, 0x43, 0x70, 0xa0, 0x50, 0x0, 0x0, 0x0,
    0x0, 0x4, 0xa, 0xa, 0x0, 0x5b, 0xa0, 0x0,
    0x8, 0xb9, 0x0, 0x90, 0xa0, 0x0, 0x8f, 0x20,
    0x0, 0xa, 0xf0, 0x9, 0xa, 0x0, 0x0, 0x10,
    0x0, 0x0, 0x0, 0x0, 0x90, 0xa0, 0x0, 0x0,
    0x0, 0x0, 0x0, 0x0, 0xa, 0x6, 0x40, 0x0,
    0x0, 0x0, 0x2, 0x50, 0x3, 0x70, 0xa, 0x0,
    0x0, 0x0, 0x0, 0xa2, 0x0, 0xa1, 0x0, 0x48,
    0x0, 0x4a, 0xa9, 0x93, 0x0, 0x75, 0x0, 0x0,
    0x59, 0x0, 0x0, 0x0, 0x0, 0x76, 0x0, 0x0,
    0x0, 0x3a, 0x72, 0x0, 0x26, 0xa4, 0x0, 0x0,
    0x0, 0x0, 0x3, 0x79, 0x98, 0x30, 0x0, 0x0,
    0x0,

    /* U+1F610 "😐" */
    0x0, 0x0, 0x2, 0x79, 0x97, 0x30, 0x0, 0x0,
    0x0, 0x0, 0x3a, 0x72, 0x0, 0x27, 0xa3, 0x0,
    0x0, 0x0, 0x59, 0x0, 0x0, 0x0, 0x0, 0x86,
    0x0, 0x0, 0x48, 0x0, 0x0, 0x0, 0x0, 0x0,
    0x75, 0x0, 0xa, 0x0, 0x0, 0x0, 0x0, 0x0,
    0x0, 0xa0, 0x6, 0x40, 0x0, 0x0, 0x0, 0x0,
    0x0, 0x3, 0x70, 0xa0, 0x0, 0x25, 0x0, 0x0,
    0x43, 0x0, 0xa, 0xa, 0x0, 0xa, 0xf2, 0x0,
    0xf, 0xd0, 0x0, 0x90, 0xa0, 0x0, 0x5b, 0x0,
    0x0, 0xa8, 0x0, 0x9, 0xa, 0x0, 0x0, 0x0,
    0x0, 0x0, 0x0, 0x0, 0x90, 0xa0, 0x0, 0x0,
    0x0, 0x0, 0x0, 0x0, 0xa, 0x6, 0x40, 0x6,
    0xaa, 0xaa, 0xaa, 0x70, 0x3, 0x70, 0xa, 0x0,
    0x0, 0x0, 0x0, 0x0, 0x0, 0xa1, 0x0, 0x48,
    0x0, 0x0, 0x0, 0x0, 0x0, 0x75, 0x0, 0x0,
    0x59, 0x0, 0x0, 0x0, 0x0, 0x76, 0x0, 0x0,
    0x0, 0x3a, 0x72, 0x0, 0x26, 0xa4, 0x0, 0x0,
    0x0, 0x0, 0x3, 0x79, 0x98, 0x30, 0x0, 0x0,
    0x0,

    /* U+1F611 "😑" */
    0x0, 0x0, 0x2, 0x79, 0x97, 0x30, 0x0, 0x0,
    0x0, 0x0, 0x3a, 0x72, 0x0, 0x27, 0xa3, 0x0,
    0x0, 0x0, 0x59, 0x0, 0x0, 0x0, 0x0, 0x86,
    0x0, 0x0, 0x48, 0x0, 0x0, 0x0, 0x0, 0x0,
    0x75, 0x0, 0xa, 0x0, 0x0, 0x0, 0x0, 0x0,
    0x0, 0xa0, 0x6, 0x40, 0x0, 0x0, 0x0, 0x0,
    0x0, 0x3, 0x70, 0xa0, 0x0, 0x0, 0x0, 0x0,
    0x0, 0x0, 0xa, 0xa, 0x0, 0xa, 0xa8, 0x0,
    0x1a, 0xa7, 0x0, 0x90, 0xa0, 0x0, 0x0, 0x0,
    0x0, 0x0, 0x0, 0x9, 0xa, 0x0, 0x0, 0x0,
    0x0, 0x0, 0x0, 0x0, 0x90, 0xa0, 0x0, 0x0,
    0x0, 0x0, 0x0, 0x0, 0xa, 0x6, 0x40, 0x7,
    0xaa, 0xaa, 0xaa, 0xa3, 0x3, 0x70, 0xa, 0x0,
    0x0, 0x0, 0x0, 0x0, 0x0, 0xa1, 0x0, 0x48,
    0x0, 0x0, 0x0, 0x0, 0x0, 0x75, 0x0, 0x0,
    0x59, 0x0, 0x0, 0x0, 0x0, 0x76, 0x0, 0x0,
    0x0, 0x3a, 0x72, 0x0, 0x26, 0xa4, 0x0, 0x0,
    0x0, 0x0, 0x3, 0x79, 0x98, 0x30, 0x0, 0x0,
    0x0,

    /* U+1F612 "😒" */
    0x0, 0x0, 0x2, 0x79, 0x97, 0x30, 0x0, 0x0,
    0x0, 0x0, 0x3a, 0x72, 0x0, 0x27, 0xa3, 0x0,
    0x0, 0x0, 0x59, 0x0, 0x0, 0x0, 0x0, 0x86,
    0x0, 0x0, 0x48, 0x0, 0x0, 0x0, 0x0, 0x0,
    0x75, 0x0, 0xa, 0x0, 0x0, 0x0, 0x0, 0x0,
    0x0, 0xa0, 0x6, 0x40, 0x58, 0x0, 0x0, 0x0,
    0x76, 0x3, 0x70, 0xa0, 0x53, 0x0, 0x0, 0x0,
    0x0, 0x26, 0xa, 0xa, 0x0, 0x7c, 0xa0, 0x0,
    0x8, 0xca, 0x0, 0x90, 0xa0, 0x2, 0x9f, 0x20,
    0x0, 0x29, 0xf2, 0x9, 0xa, 0x0, 0x0, 0x10,
    0x0, 0x0, 0x1, 0x0, 0x90, 0xa0, 0x0, 0x0,
    0x0, 0x0, 0x0, 0x0, 0xa, 0x6, 0x40, 0x0,
    0x0, 0x0, 0x0, 0x0, 0x3, 0x70, 0xa, 0x0,
    0x2, 0x99, 0x99, 0x30, 0x0, 0xa1, 0x0, 0x48,
    0x0, 0x21, 0x0, 0x2, 0x0, 0x75, 0x0, 0x0,
    0x59, 0x0, 0x0, 0x0, 0x0, 0x76, 0x0, 0x0,
    0x0, 0x3a, 0x72, 0x0, 0x26, 0xa4, 0x0, 0x0,
    0x0, 0x0, 0x3, 0x79, 0x98, 0x30, 0x0, 0x0,
    0x0,

    /* U+1F613 "😓" */
    0x0, 0x3, 0x2, 0x79, 0x97, 0x30, 0x0, 0x0,
    0x0, 0x6, 0xdb, 0x83, 0x0, 0x27, 0xa3, 0x0,
    0x0, 0x1, 0xa2, 0xa0, 0x0, 0x0, 0x0, 0x86,
    0x0, 0x0, 0x92, 0x8, 0x20, 0x0, 0x0, 0x0,
    0x75, 0x0, 0xd, 0x0, 0x18, 0x0, 0x0, 0x0,
    0x0, 0xa0, 0x7, 0xb0, 0x0, 0x90, 0x0, 0x0,
    0x0, 0x3, 0x70, 0xab, 0x0, 0x47, 0x0, 0x0,
    0x0, 0x0, 0xa, 0xa, 0x29, 0x98, 0x0, 0x0,
    0x0, 0x0, 0x0, 0x90, 0xa0, 0x0, 0x0, 0x0,
    0x0, 0x0, 0x0, 0x9, 0xa, 0x0, 0x69, 0x95,
    0x0, 0x39, 0x97, 0x0, 0x90, 0xa0, 0x2, 0x0,
    0x20, 0x1, 0x0, 0x20, 0xa, 0x6, 0x40, 0x0,
    0x0, 0x0, 0x0, 0x0, 0x3, 0x70, 0xa, 0x0,
    0x0, 0x49, 0x96, 0x0, 0x0, 0xa1, 0x0, 0x48,
    0x0, 0x36, 0x0, 0x45, 0x0, 0x75, 0x0, 0x0,
    0x59, 0x0, 0x0, 0x0, 0x0, 0x76, 0x0, 0x0,
    0x0, 0x3a, 0x72, 0x0, 0x26, 0xa4, 0x0, 0x0,
    0x0, 0x0, 0x3, 0x79, 0x98, 0x30, 0x0, 0x0,
    0x0,

    /* U+1F614 "😔" */
    0x0, 0x0, 0x2, 0x79, 0x97, 0x30, 0x0, 0x0,
    0x0, 0x0, 0x3a, 0x72, 0x0, 0x27, 0xa3, 0x0,
    0x0, 0x0, 0x59, 0x0, 0x0, 0x0, 0x0, 0x86,
    0x0, 0x0, 0x48, 0x0, 0x0, 0x0, 0x0, 0x0,
    0x75, 0x0, 0xa, 0x0, 0x10, 0x0, 0x0, 0x1,
    0x0, 0xa0, 0x6, 0x40, 0x4a, 0x0, 0x0, 0x0,
    0x77, 0x3, 0x70, 0xa0, 0x66, 0x0, 0x0, 0x0,
    0x0, 0x47, 0xa, 0xa, 0x0, 0x0, 0x0, 0x0,
    0x0, 0x0, 0x0, 0x90, 0xa0, 0x2, 0x0, 0x20,
    0x1, 0x0, 0x10, 0x9, 0xa, 0x0, 0x6a, 0xa5,
    0x0, 0x2a, 0xa8, 0x0, 0x90, 0xa0, 0x0, 0x0,
    0x0, 0x0, 0x0, 0x0, 0xa, 0x6, 0x40, 0x0,
    0x0, 0x0, 0x0, 0x0, 0x3, 0x70, 0xa, 0x0,
    0x0, 0x0, 0x0, 0x0, 0x0, 0xa1, 0x0, 0x48,
    0x0, 0x9, 0xaa, 0xa2, 0x0, 0x75, 0x0, 0x0,
    0x59, 0x0, 0x0, 0x0, 0x0, 0x76, 0x0, 0x0,
    0x0, 0x3a, 0x72, 0x0, 0x26, 0xa4, 0x0, 0x0,
    0x0, 0x0, 0x3, 0x79, 0x98, 0x30, 0x0, 0x0,
    0x0,

    /* U+1F615 "😕" */
    0x0, 0x0, 0x2, 0x79, 0x97, 0x30, 0x0, 0x0,
    0x0, 0x0, 0x3a, 0x72, 0x0, 0x27, 0xa3, 0x0,
    0x0, 0x0, 0x59, 0x0, 0x0, 0x0, 0x0, 0x86,
    0x0, 0x0, 0x48, 0x0, 0x0, 0x0, 0x0, 0x0,
    0x75, 0x0, 0xa, 0x0, 0x0, 0x0, 0x0, 0x0,
    0x0, 0xa0, 0x6, 0x40, 0x1, 0x50, 0x0, 0x4,
    0x20, 0x3, 0x70, 0xa0, 0x0, 0xaf, 0x20, 0x0,
    0xfd, 0x0, 0xa, 0xa, 0x0, 0x6, 0xc0, 0x0,
    0xb, 0x80, 0x0, 0x90, 0xa0, 0x0, 0x0, 0x0,
    0x0, 0x0, 0x0, 0x9, 0xa, 0x0, 0x0, 0x0,
    0x0, 0x0, 0x0, 0x0, 0x90, 0xa0, 0x0, 0x0,
    0x39, 0xaa, 0x93, 0x0, 0xa, 0x6, 0x40, 0x0,
    0x97, 0x10, 0x1, 0x40, 0x3, 0x70, 0xa, 0x0,
    0x42, 0x0, 0x0, 0x0, 0x0, 0xa1, 0x0, 0x48,
    0x0, 0x0, 0x0, 0x0, 0x0, 0x75, 0x0, 0x0,
    0x59, 0x0, 0x0, 0x0, 0x0, 0x76, 0x0, 0x0,
    0x0, 0x3a, 0x72, 0x0, 0x26, 0xa4, 0x0, 0x0,
    0x0, 0x0, 0x3, 0x79, 0x98, 0x30, 0x0, 0x0,
    0x0,

    /* U+1F616 "😖" */
    0x0, 0x0, 0x2, 0x79, 0x97, 0x30, 0x0, 0x0,
    0x0, 0x0, 0x3a, 0x72, 0x0, 0x27, 0xa3, 0x0,
    0x0, 0x0, 0x59, 0x0, 0x0, 0x0, 0x0, 0x86,
    0x0, 0x0, 0x48, 0x0, 0x0, 0x0, 0x0, 0x0,
    0x75, 0x0, 0xa, 0x0, 0x0, 0x0, 0x0, 0x0,
    0x0, 0xa0, 0x6, 0x40, 0x0, 0x0, 0x0, 0x0,
    0x0, 0x3, 0x70, 0xa0, 0x0, 0x0, 0x0, 0x0,
    0x0, 0x0, 0xa, 0xa, 0x0, 0x65, 0x0, 0x0,
    0x0, 0x47, 0x0, 0x90, 0xa0, 0x0, 0x6a, 0x30,
    0x3, 0xa6, 0x0, 0x9, 0xa, 0x0, 0x38, 0xa7,
    0x0, 0x7a, 0x83, 0x0, 0x90, 0xa0, 0x4, 0x20,
    0x0, 0x0, 0x1, 0x50, 0xa, 0x6, 0x40, 0x0,
    0x1, 0x0, 0x10, 0x0, 0x3, 0x70, 0xa, 0x0,
    0x83, 0xb8, 0x7c, 0x38, 0x0, 0xa1, 0x0, 0x48,
    0x2, 0xa0, 0x56, 0x9, 0x30, 0x75, 0x0, 0x0,
    0x59, 0x0, 0x0, 0x0, 0x0, 0x76, 0x0, 0x0,
    0x0, 0x3a, 0x72, 0x0, 0x26, 0xa4, 0x0, 0x0,
    0x0, 0x0, 0x3, 0x79, 0x98, 0x30, 0x0, 0x0,
    0x0,

    /* U+1F617 "😗" */
    0x0, 0x0, 0x2, 0x79, 0x97, 0x30, 0x0, 0x0,
    0x0, 0x0, 0x3a, 0x72, 0x0, 0x27, 0xa3, 0x0,
    0x0, 0x0, 0x59, 0x0, 0x0, 0x0, 0x0, 0x86,
    0x0, 0x0, 0x48, 0x0, 0x0, 0x0, 0x0, 0x0,
    0x75, 0x0, 0xa, 0x0, 0x0, 0x0, 0x0, 0x0,
    0x0, 0xa0, 0x6, 0x40, 0x1, 0x50, 0x0, 0x3,
    0x20, 0x3, 0x70, 0xa0, 0x0, 0xaf, 0x20, 0x0,
    0xec, 0x0, 0xa, 0xa, 0x0, 0x6, 0xc0, 0x0,
    0xa, 0x80, 0x0, 0x90, 0xa0, 0x0, 0x0, 0x0,
    0x0, 0x0, 0x0, 0x9, 0xa, 0x0, 0x0, 0x0,
    0x15, 0x0, 0x0, 0x0, 0x90, 0xa0, 0x0, 0x0,
    0x1, 0x49, 0x0, 0x0, 0xa, 0x6, 0x40, 0x0,
    0x0, 0xa, 0x80, 0x0, 0x3, 0x70, 0xa, 0x0,
    0x0, 0x0, 0x1a, 0x0, 0x0, 0xa1, 0x0, 0x48,
    0x0, 0x0, 0x39, 0x20, 0x0, 0x75, 0x0, 0x0,
    0x59, 0x0, 0x0, 0x0, 0x0, 0x76, 0x0, 0x0,
    0x0, 0x3a, 0x72, 0x0, 0x26, 0xa4, 0x0, 0x0,
    0x0, 0x0, 0x3, 0x79, 0x98, 0x30, 0x0, 0x0,
    0x0,

    /* U+1F618 "😘" */
    0x0, 0x0, 0x2, 0x79, 0x97, 0x30, 0x0, 0x0,
    0x0, 0x0, 0x3a, 0x72, 0x0, 0x27, 0xa3, 0x0,
    0x0, 0x0, 0x59, 0x0, 0x0, 0x0, 0x0, 0x86,
    0x0, 0x0, 0x48, 0x4, 0x30, 0x0, 0x0, 0x0,
    0x75, 0x0, 0xa, 0x8, 0x60, 0x0, 0x0, 0x0,
    0x0, 0xa0, 0x6, 0x40, 0x41, 0x50, 0x0, 0x0,
    0x64, 0x3, 0x70, 0xa0, 0x0, 0xaf, 0x20, 0x1,
    0xa4, 0x0, 0xa, 0xa, 0x0, 0x6, 0xc0, 0x0,
    0x39, 0xa6, 0x0, 0x90, 0xa0, 0x0, 0x0, 0x0,
    0x0, 0x0, 0x0, 0x9, 0xa, 0x0, 0x0, 0x0,
    0x5, 0x0, 0x3f, 0xc0, 0x81, 0xa0, 0x0, 0x0,
    0x0, 0x49, 0x8, 0xff, 0xc8, 0x6, 0x40, 0x0,
    0x0, 0x8, 0x80, 0x7f, 0xff, 0xf2, 0xa, 0x0,
    0x0, 0x0, 0x1a, 0x5, 0xff, 0xfd, 0x0, 0x48,
    0x0, 0x0, 0x9, 0x20, 0x4a, 0xa8, 0x10, 0x0,
    0x59, 0x0, 0x0, 0x0, 0x0, 0x64, 0x0, 0x0,
    0x0, 0x3a, 0x72, 0x0, 0x15, 0xa5, 0x0, 0x0,
    0x0, 0x0, 0x2, 0x79, 0x98, 0x40, 0x0, 0x0,
    0x0,

    /* U+1F619 "😙" */
    0x0, 0x0, 0x2, 0x79, 0x97, 0x30, 0x0, 0x0,
    0x0, 0x0, 0x3a, 0x72, 0x0, 0x27, 0xa3, 0x0,
    0x0, 0x0, 0x59, 0x0, 0x0, 0x0, 0x0, 0x86,
    0x0, 0x0, 0x48, 0x0, 0x0, 0x0, 0x0, 0x0,
    0x75, 0x0, 0xa, 0x0, 0x0, 0x0, 0x0, 0x0,
    0x0, 0xa0, 0x6, 0x40, 0x0, 0x0, 0x0, 0x0,
    0x0, 0x3, 0x70, 0xa0, 0x0, 0x69, 0x20, 0x1,
    0x97, 0x0, 0xa, 0xa, 0x0, 0x27, 0x9, 0x0,
    0x81, 0x54, 0x0, 0x90, 0xa0, 0x0, 0x0, 0x0,
    0x0, 0x0, 0x0, 0x9, 0xa, 0x0, 0x0, 0x0,
    0x12, 0x0, 0x0, 0x0, 0x90, 0xa0, 0x0, 0x0,
    0x2, 0x77, 0x0, 0x0, 0xa, 0x6, 0x40, 0x0,
    0x0, 0xb, 0x70, 0x0, 0x3, 0x70, 0xa, 0x0,
    0x0, 0x0, 0x19, 0x0, 0x0, 0xa1, 0x0, 0x48,
    0x0, 0x0, 0x3a, 0x20, 0x0, 0x75, 0x0, 0x0,
    0x59, 0x0, 0x0, 0x0, 0x0, 0x76, 0x0, 0x0,
    0x0, 0x3a, 0x72, 0x0, 0x26, 0xa4, 0x0, 0x0,
    0x0, 0x0, 0x3, 0x79, 0x98, 0x30, 0x0, 0x0,
    0x0,

    /* U+1F61A "😚" */
    0x0, 0x0, 0x2, 0x79, 0x97, 0x30, 0x0, 0x0,
    0x0, 0x0, 0x3a, 0x72, 0x0, 0x27, 0xa3, 0x0,
    0x0, 0x0, 0x59, 0x0, 0x0, 0x0, 0x0, 0x86,
    0x0, 0x0, 0x48, 0x5, 0x60, 0x0, 0x5, 0x51,
    0x75, 0x0, 0xa, 0x8, 0x41, 0x0, 0x0, 0x13,
    0x90, 0xa0, 0x6, 0x40, 0x0, 0x0, 0x0, 0x0,
    0x0, 0x3, 0x70, 0xa0, 0x1, 0x78, 0x10, 0x0,
    0x78, 0x10, 0xa, 0xa, 0x0, 0x52, 0x26, 0x0,
    0x52, 0x16, 0x0, 0x90, 0xa0, 0x0, 0x0, 0x0,
    0x0, 0x0, 0x10, 0x9, 0xa, 0x0, 0x67, 0x50,
    0x13, 0x1, 0x67, 0x40, 0x90, 0xa0, 0x3, 0x20,
    0x2, 0x77, 0x13, 0x10, 0xa, 0x6, 0x40, 0x0,
    0x0, 0xb, 0x70, 0x0, 0x3, 0x70, 0xa, 0x0,
    0x0, 0x0, 0x19, 0x0, 0x0, 0xa1, 0x0, 0x48,
    0x0, 0x0, 0x3a, 0x20, 0x0, 0x75, 0x0, 0x0,
    0x59, 0x0, 0x0, 0x0, 0x0, 0x76, 0x0, 0x0,
    0x0, 0x3a, 0x72, 0x0, 0x26, 0xa4, 0x0, 0x0,
    0x0, 0x0, 0x3, 0x79, 0x98, 0x30, 0x0, 0x0,
    0x0,

    /* U+1F61B "😛" */
    0x0, 0x0, 0x2, 0x79, 0x97, 0x30, 0x0, 0x0,
    0x0, 0x0, 0x3a, 0x72, 0x0, 0x27, 0xa3, 0x0,
    0x0, 0x0, 0x59, 0x0, 0x0, 0x0, 0x0, 0x86,
    0x0, 0x0, 0x48, 0x0, 0x0, 0x0, 0x0, 0x0,
    0x75, 0x0, 0xa, 0x0, 0x0, 0x0, 0x0, 0x0,
    0x0, 0xa0, 0x6, 0x40, 0x0, 0x0, 0x0, 0x0,
    0x0, 0x3, 0x70, 0xa0, 0x0, 0x25, 0x0, 0x0,
    0x43, 0x0, 0xa, 0xa, 0x0, 0xa, 0xf2, 0x0,
    0xf, 0xd0, 0x0, 0xa0, 0xa0, 0x0, 0x5b, 0x0,
    0x0, 0xa8, 0x0, 0x9, 0xa, 0x0, 0x0, 0x0,
    0x0, 0x0, 0x0, 0x0, 0x90, 0xa0, 0x7, 0x65,
    0x21, 0x12, 0x46, 0x82, 0xa, 0x6, 0x41, 0xff,
    0xf9, 0xae, 0x9f, 0xff, 0x63, 0x70, 0xb, 0x9,
    0xff, 0x0, 0x70, 0xbf, 0xd1, 0xa1, 0x0, 0x3a,
    0x8, 0xf0, 0x7, 0xb, 0xe1, 0x85, 0x0, 0x0,
    0x5a, 0xb, 0x0, 0x40, 0x82, 0x87, 0x0, 0x0,
    0x0, 0x2a, 0xf2, 0x0, 0xf, 0xb4, 0x0, 0x0,
    0x0, 0x0, 0x3, 0xaa, 0x9a, 0x50, 0x0, 0x0,
    0x0,

    /* U+1F61C "😜" */
    0x0, 0x0, 0x2, 0x79, 0x97, 0x30, 0x0, 0x0,
    0x0, 0x0, 0x3a, 0x72, 0x0, 0x27, 0xa3, 0x0,
    0x0, 0x0, 0x59, 0x0, 0x0, 0x0, 0x0, 0x86,
    0x0, 0x0, 0x48, 0x0, 0x0, 0x0, 0x0, 0x0,
    0x75, 0x0, 0xa, 0x0, 0x0, 0x0, 0x0, 0x0,
    0x0, 0xa0, 0x6, 0x40, 0x0, 0x0, 0x0, 0x58,
    0x86, 0x3, 0x70, 0xa0, 0x6, 0x82, 0x0, 0x25,
    0x73, 0x34, 0xa, 0xa, 0x0, 0x38, 0xe4, 0x4,
    0x2c, 0x60, 0x60, 0xa0, 0xa0, 0x26, 0x10, 0x0,
    0x7, 0x11, 0x81, 0x9, 0xa, 0x0, 0x0, 0x0,
    0x0, 0x6, 0x71, 0x0, 0xa0, 0xa0, 0x8, 0x75,
    0x21, 0x12, 0x57, 0x81, 0xa, 0x6, 0x41, 0xff,
    0xf9, 0xae, 0x9f, 0xff, 0x33, 0x70, 0xb, 0x9,
    0xff, 0x0, 0x70, 0xff, 0xb0, 0xa1, 0x0, 0x3a,
    0x8, 0xf0, 0x7, 0xf, 0xa0, 0x75, 0x0, 0x0,
    0x5a, 0xa, 0x0, 0x40, 0xa0, 0x86, 0x0, 0x0,
    0x0, 0x2a, 0xf2, 0x0, 0x1f, 0xa3, 0x0, 0x0,
    0x0, 0x0, 0x3, 0xa9, 0x99, 0x40, 0x0, 0x0,
    0x0,

    /* U+1F61D "😝" */
    0x0, 0x0, 0x2, 0x79, 0x97, 0x30, 0x0, 0x0,
    0x0, 0x0, 0x3a, 0x72, 0x0, 0x27, 0xa3, 0x0,
    0x0, 0x0, 0x59, 0x0, 0x0, 0x0, 0x0, 0x86,
    0x0, 0x0, 0x48, 0x0, 0x0, 0x0, 0x0, 0x0,
    0x75, 0x0, 0xa, 0x0, 0x0, 0x0, 0x0, 0x0,
    0x0, 0xa0, 0x6, 0x40, 0x0, 0x0, 0x0, 0x0,
    0x0, 0x3, 0x70, 0xa0, 0x6, 0x92, 0x0, 0x0,
    0x8, 0x70, 0xa, 0xa, 0x0, 0x1, 0xb9, 0x10,
    0x6b, 0x20, 0x0, 0xa0, 0xa0, 0x6, 0xa8, 0x30,
    0x1, 0x7a, 0x70, 0x9, 0xa, 0x0, 0x10, 0x0,
    0x0, 0x0, 0x1, 0x0, 0x90, 0xa0, 0x8, 0x75,
    0x21, 0x12, 0x57, 0x81, 0xa, 0x6, 0x41, 0xff,
    0xf9, 0xae, 0x9f, 0xff, 0x33, 0x70, 0xb, 0x9,
    0xff, 0x0, 0x70, 0xff, 0xb0, 0xa1, 0x0, 0x3a,
    0x8, 0xf0, 0x7, 0xf, 0xa0, 0x85, 0x0, 0x0,
    0x5a, 0xa, 0x0, 0x40, 0xa0, 0x86, 0x0, 0x0,
    0x0, 0x2a, 0xf2, 0x0, 0x1f, 0xa3, 0x0, 0x0,
    0x0, 0x0, 0x3, 0xa9, 0x99, 0x40, 0x0, 0x0,
    0x0,

    /* U+1F61E "😞" */
    0x0, 0x0, 0x2, 0x79, 0x97, 0x30, 0x0, 0x0,
    0x0, 0x0, 0x3a, 0x72, 0x0, 0x27, 0xa3, 0x0,
    0x0, 0x0, 0x59, 0x0, 0x0, 0x0, 0x0, 0x86,
    0x0, 0x0, 0x48, 0x0, 0x0, 0x0, 0x0, 0x0,
    0x75, 0x0, 0xa, 0x0, 0x0, 0x0, 0x0, 0x0,
    0x0, 0xa0, 0x6, 0x40, 0x0, 0x0, 0x0, 0x0,
    0x0, 0x3, 0x70, 0xa0, 0x0, 0x0, 0x0, 0x0,
    0x0, 0x0, 0xa, 0xa, 0x0, 0x0, 0x0, 0x0,
    0x0, 0x0, 0x0, 0x90, 0xa0, 0x0, 0x0, 0x0,
    0x0, 0x0, 0x0, 0x9, 0xa, 0x0, 0x1, 0x68,
    0x0, 0x58, 0x20, 0x0, 0x90, 0xa0, 0x7, 0x74,
    0x0, 0x0, 0x27, 0x90, 0xa, 0x6, 0x40, 0x0,
    0x0, 0x0, 0x0, 0x0, 0x3, 0x70, 0xa, 0x0,
    0x0, 0x49, 0x96, 0x0, 0x0, 0xa1, 0x0, 0x48,
    0x0, 0x36, 0x0, 0x46, 0x0, 0x75, 0x0, 0x0,
    0x59, 0x0, 0x0, 0x0, 0x0, 0x76, 0x0, 0x0,
    0x0, 0x3a, 0x72, 0x0, 0x26, 0xa4, 0x0, 0x0,
    0x0, 0x0, 0x3, 0x79, 0x98, 0x30, 0x0, 0x0,
    0x0,

    /* U+1F61F "😟" */
    0x0, 0x0, 0x2, 0x79, 0x97, 0x30, 0x0, 0x0,
    0x0, 0x0, 0x3a, 0x72, 0x0, 0x27, 0xa3, 0x0,
    0x0, 0x0, 0x59, 0x0, 0x0, 0x0, 0x0, 0x86,
    0x0, 0x0, 0x48, 0x0, 0x50, 0x0, 0x2, 0x30,
    0x75, 0x0, 0xa, 0x4, 0x93, 0x0, 0x0, 0x8,
    0x70, 0xa0, 0x6, 0x40, 0x30, 0x0, 0x0, 0x0,
    0x2, 0x3, 0x70, 0xa0, 0x0, 0x0, 0x0, 0x0,
    0x0, 0x0, 0xa, 0xa, 0x0, 0x1, 0xe7, 0x0,
    0x1e, 0x70, 0x0, 0x90, 0xa0, 0x0, 0x2f, 0xa0,
    0x2, 0xfa, 0x0, 0x9, 0xa, 0x0, 0x0, 0x31,
    0x0, 0x3, 0x10, 0x0, 0x90, 0xa0, 0x0, 0x0,
    0x0, 0x0, 0x0, 0x0, 0xa, 0x6, 0x40, 0x0,
    0x1, 0x78, 0x40, 0x0, 0x3, 0x70, 0xa, 0x0,
    0x4, 0x92, 0x5, 0xa0, 0x0, 0xa1, 0x0, 0x48,
    0x0, 0x0, 0x0, 0x0, 0x0, 0x75, 0x0, 0x0,
    0x59, 0x0, 0x0, 0x0, 0x0, 0x76, 0x0, 0x0,
    0x0, 0x3a, 0x72, 0x0, 0x26, 0xa4, 0x0, 0x0,
    0x0, 0x0, 0x3, 0x79, 0x98, 0x30, 0x0, 0x0,
    0x0,

    /* U+1F620 "😠" */
    0x0, 0x0, 0x2, 0x79, 0x97, 0x30, 0x0, 0x0,
    0x0, 0x0, 0x3a, 0x72, 0x0, 0x27, 0xa3, 0x0,
    0x0, 0x0, 0x59, 0x0, 0x0, 0x0, 0x0, 0x86,
    0x0, 0x0, 0x48, 0x0, 0x0, 0x0, 0x0, 0x0,
    0x75, 0x0, 0xa, 0x0, 0x0, 0x0, 0x0, 0x0,
    0x0, 0xa0, 0x6, 0x40, 0x0, 0x0, 0x0, 0x0,
    0x0, 0x3, 0x70, 0xa0, 0x0, 0x0, 0x0, 0x0,
    0x0, 0x0, 0xa, 0xa, 0x0, 0x0, 0x0, 0x0,
    0x0, 0x0, 0x0, 0x90, 0xa0, 0x0, 0xa7, 0x0,
    0x0, 0x3a, 0x30, 0x9, 0xa, 0x0, 0x1, 0xfc,
    0x0, 0x6f, 0x70, 0x0, 0x90, 0xa0, 0x0, 0x1f,
    0x90, 0x2, 0xf8, 0x0, 0xa, 0x6, 0x40, 0x0,
    0x10, 0x0, 0x1, 0x0, 0x3, 0x70, 0xa, 0x0,
    0x0, 0x59, 0xa7, 0x10, 0x0, 0xa1, 0x0, 0x48,
    0x0, 0x66, 0x0, 0x29, 0x0, 0x75, 0x0, 0x0,
    0x59, 0x0, 0x0, 0x0, 0x0, 0x76, 0x0, 0x0,
    0x0, 0x3a, 0x72, 0x0, 0x26, 0xa4, 0x0, 0x0,
    0x0, 0x0, 0x3, 0x79, 0x98, 0x30, 0x0, 0x0,
    0x0,

    /* U+1F621 "😡" */
    0x0, 0x0, 0x2, 0x79, 0x97, 0x30, 0x0, 0x0,
    0x0, 0x0, 0x3a, 0x73, 0x0, 0x27, 0xa3, 0x0,
    0x0, 0x0, 0x7f, 0xaa, 0x30, 0x0, 0x0, 0x86,
    0x0, 0x0, 0x4d, 0x60, 0xa, 0x0, 0x0, 0x0,
    0x75, 0x0, 0xa, 0x18, 0x0, 0xa0, 0x0, 0x0,
    0x0, 0xa0, 0x6, 0x45, 0x37, 0x56, 0x0, 0x0,
    0x0, 0x3, 0x70, 0xa0, 0x4, 0x25, 0x10, 0x0,
    0x0, 0x0, 0xa, 0xa, 0x0, 0x0, 0x0, 0x0,
    0x0, 0x0, 0x0, 0x90, 0xa0, 0x0, 0x99, 0x10,
    0x0, 0x5b, 0x20, 0x9, 0xa, 0x0, 0x1, 0xfd,
    0x0, 0x7f, 0x80, 0x0, 0x90, 0xa0, 0x0, 0x1f,
    0x90, 0x2, 0xf7, 0x0, 0xa, 0x6, 0x40, 0x0,
    0x10, 0x0, 0x1, 0x0, 0x3, 0x70, 0xa, 0x0,
    0x0, 0x59, 0xa7, 0x10, 0x0, 0xa1, 0x0, 0x48,
    0x0, 0x66, 0x0, 0x29, 0x0, 0x75, 0x0, 0x0,
    0x59, 0x0, 0x0, 0x0, 0x0, 0x76, 0x0, 0x0,
    0x0, 0x3a, 0x72, 0x0, 0x26, 0xa4, 0x0, 0x0,
    0x0, 0x0, 0x3, 0x79, 0x98, 0x30, 0x0, 0x0,
    0x0,

    /* U+1F622 "😢" */
    0x0, 0x0, 0x2, 0x79, 0x97, 0x30, 0x0, 0x0,
    0x0, 0x0, 0x3a, 0x72, 0x0, 0x27, 0xa3, 0x0,
    0x0, 0x0, 0x59, 0x0, 0x0, 0x0, 0x0, 0x86,
    0x0, 0x0, 0x48, 0x0, 0x0, 0x0, 0x0, 0x0,
    0x75, 0x0, 0xa, 0x1, 0x91, 0x0, 0x0, 0x9,
    0x20, 0xa0, 0x6, 0x40, 0xa2, 0x0, 0x0, 0x0,
    0x1a, 0x13, 0x70, 0xa0, 0x3, 0x25, 0x0, 0x0,
    0x43, 0x12, 0xa, 0xa, 0x0, 0xa, 0xf2, 0x0,
    0xf, 0xd0, 0x0, 0x90, 0x90, 0x0, 0x5b, 0x0,
    0x0, 0xa8, 0x0, 0x9, 0x9, 0x0, 0x5, 0x0,
    0x0, 0x0, 0x0, 0x0, 0x90, 0xa0, 0x3, 0xb2,
    0x0, 0x0, 0x0, 0x0, 0xa, 0x5, 0x40, 0x90,
    0xa5, 0x88, 0x61, 0x0, 0x3, 0x70, 0xa, 0x27,
    0x8, 0x71, 0x13, 0x92, 0x0, 0xa0, 0x0, 0x3f,
    0x20, 0x27, 0x0, 0x0, 0x0, 0x75, 0x0, 0x0,
    0xa3, 0x2, 0x70, 0x0, 0x0, 0x86, 0x0, 0x0,
    0x0, 0xa9, 0xf3, 0x0, 0x26, 0xa3, 0x0, 0x0,
    0x0, 0x0, 0x13, 0x79, 0x97, 0x30, 0x0, 0x0,
    0x0,

    /* U+1F623 "😣" */
    0x0, 0x0, 0x2, 0x79, 0x97, 0x30, 0x0, 0x0,
    0x0, 0x0, 0x3a, 0x72, 0x0, 0x27, 0xa3, 0x0,
    0x0, 0x0, 0x59, 0x0, 0x0, 0x0, 0x0, 0x86,
    0x0, 0x0, 0x48, 0x0, 0x0, 0x0, 0x0, 0x0,
    0x75, 0x0, 0xa, 0x0, 0x24, 0x0, 0x0, 0x33,
    0x0, 0xa0, 0x6, 0x40, 0x88, 0x0, 0x0, 0x0,
    0x78, 0x3, 0x70, 0xa0, 0x1, 0x0, 0x0, 0x0,
    0x0, 0x0, 0xa, 0xa, 0x0, 0x17, 0x10, 0x0,
    0x0, 0x61, 0x0, 0x90, 0xa0, 0x0, 0x19, 0x40,
    0x4, 0x92, 0x0, 0x9, 0xa, 0x0, 0x38, 0x86,
    0x0, 0x58, 0x84, 0x0, 0x90, 0xa0, 0x3, 0x0,
    0x0, 0x0, 0x0, 0x30, 0xa, 0x6, 0x40, 0x0,
    0x2, 0x88, 0x30, 0x0, 0x3, 0x70, 0xa, 0x0,
    0x4, 0x82, 0x17, 0x50, 0x0, 0xa1, 0x0, 0x48,
    0x0, 0x0, 0x0, 0x0, 0x0, 0x75, 0x0, 0x0,
    0x59, 0x0, 0x0, 0x0, 0x0, 0x76, 0x0, 0x0,
    0x0, 0x3a, 0x72, 0x0, 0x26, 0xa4, 0x0, 0x0,
    0x0, 0x0, 0x3, 0x79, 0x98, 0x30, 0x0, 0x0,
    0x0,

    /* U+1F624 "😤" */
    0x0, 0x0, 0x0, 0x37, 0x99, 0x72, 0x0, 0x0,
    0x0, 0x0, 0x0, 0x3a, 0x72, 0x0, 0x37, 0xa2,
    0x0, 0x0, 0x0, 0x6, 0x81, 0x0, 0x0, 0x0,
    0x29, 0x50, 0x0, 0x0, 0x57, 0x6, 0xa1, 0x0,
    0x1a, 0x60, 0x93, 0x0, 0x1, 0xa0, 0x0, 0x19,
    0x0, 0x91, 0x0, 0xa, 0x0, 0x7, 0x20, 0x0,
    0x0, 0x0, 0x0, 0x0, 0x4, 0x50, 0xa, 0x0,
    0x10, 0x2, 0x0, 0x20, 0x1, 0x0, 0x90, 0x9,
    0x0, 0x39, 0xa7, 0x0, 0x7a, 0x93, 0x0, 0xa0,
    0x18, 0x0, 0x0, 0x0, 0x0, 0x0, 0x0, 0x0,
    0xa0, 0x19, 0x0, 0x5, 0x60, 0x0, 0x6, 0x50,
    0x0, 0xa0, 0x1f, 0xba, 0xbb, 0x30, 0x0, 0x3,
    0xba, 0xaa, 0xf0, 0x54, 0x2, 0xa, 0x29, 0xa9,
    0x92, 0xa0, 0x20, 0x63, 0x48, 0x0, 0x37, 0x11,
    0x0, 0x12, 0x73, 0x0, 0xa2, 0x91, 0x0, 0xa,
    0x0, 0x0, 0x0, 0xa0, 0x0, 0x37, 0x49, 0xaa,
    0xa7, 0x0, 0x0, 0x0, 0x7a, 0xa9, 0xa2, 0x0,
    0x1, 0x7a, 0x61, 0x0, 0x26, 0xa6, 0x11, 0x0,
    0x0, 0x0, 0x0, 0x48, 0x99, 0x83, 0x0, 0x0,
    0x0,

    /* U+1F625 "😥" */
    0x0, 0x0, 0x1, 0x58, 0x98, 0x50, 0x0, 0x0,
    0x0, 0x0, 0x8, 0x94, 0x10, 0x14, 0x98, 0x0,
    0x0, 0x0, 0x2b, 0x20, 0x0, 0x0, 0x0, 0x3a,
    0x10, 0x0, 0x1b, 0x10, 0x0, 0x0, 0x0, 0x0,
    0x1a, 0x0, 0x9, 0x20, 0x48, 0x0, 0x0, 0x9,
    0x30, 0x38, 0x1, 0x90, 0x97, 0x0, 0x0, 0x0,
    0x7, 0x80, 0x90, 0x63, 0x0, 0x0, 0x0, 0x0,
    0x0, 0x0, 0x4, 0x59, 0x5, 0x0, 0x41, 0x0,
    0x1, 0x40, 0x0, 0x18, 0xa5, 0xc3, 0x3f, 0x90,
    0x0, 0xbf, 0x10, 0x0, 0x9b, 0xb0, 0xb1, 0xd5,
    0x0, 0x7, 0xc0, 0x0, 0x18, 0xc2, 0x4, 0x60,
    0x0, 0x0, 0x0, 0x0, 0x4, 0x5a, 0x0, 0xa,
    0x0, 0x0, 0x0, 0x0, 0x0, 0x91, 0x90, 0x0,
    0x90, 0x18, 0xa7, 0x0, 0x0, 0x28, 0x9, 0x30,
    0x57, 0x1b, 0x20, 0x3b, 0x0, 0x1a, 0x0, 0x7,
    0xaf, 0x20, 0x0, 0x0, 0x0, 0x2a, 0x10, 0x0,
    0x0, 0x19, 0x93, 0x0, 0x14, 0x98, 0x0, 0x0,
    0x0, 0x0, 0x1, 0x69, 0x98, 0x61, 0x0, 0x0,
    0x0,

    /* U+1F626 "😦" */
    0x0, 0x0, 0x2, 0x79, 0x97, 0x30, 0x0, 0x0,
    0x0, 0x0, 0x3a, 0x72, 0x0, 0x27, 0xa3, 0x0,
    0x0, 0x0, 0x59, 0x0, 0x0, 0x0, 0x0, 0x86,
    0x0, 0x0, 0x48, 0x0, 0x0, 0x0, 0x0, 0x0,
    0x75, 0x0, 0xa, 0x0, 0x0, 0x0, 0x0, 0x0,
    0x0, 0xa0, 0x6, 0x40, 0x0, 0x0, 0x0, 0x0,
    0x0, 0x3, 0x70, 0xa0, 0x0, 0x0, 0x0, 0x0,
    0x0, 0x0, 0xa, 0xa, 0x0, 0x8, 0xf1, 0x0,
    0xd, 0xb0, 0x0, 0x90, 0xa0, 0x0, 0x9f, 0x10,
    0x0, 0xec, 0x0, 0x9, 0xa, 0x0, 0x0, 0x20,
    0x0, 0x1, 0x10, 0x0, 0x90, 0xa0, 0x0, 0x0,
    0x0, 0x0, 0x0, 0x0, 0xa, 0x6, 0x40, 0x0,
    0x18, 0xcc, 0x92, 0x0, 0x3, 0x70, 0xa, 0x0,
    0xb, 0xff, 0xff, 0xd0, 0x0, 0xa1, 0x0, 0x48,
    0x0, 0x8d, 0xbb, 0xda, 0x0, 0x75, 0x0, 0x0,
    0x59, 0x0, 0x0, 0x0, 0x0, 0x76, 0x0, 0x0,
    0x0, 0x3a, 0x72, 0x0, 0x26, 0xa4, 0x0, 0x0,
    0x0, 0x0, 0x3, 0x79, 0x98, 0x30, 0x0, 0x0,
    0x0,

    /* U+1F627 "😧" */
    0x0, 0x0, 0x2, 0x79, 0x97, 0x30, 0x0, 0x0,
    0x0, 0x0, 0x3a, 0x72, 0x0, 0x27, 0xa3, 0x0,
    0x0, 0x0, 0x59, 0x0, 0x0, 0x0, 0x0, 0x86,
    0x0, 0x0, 0x48, 0x28, 0x40, 0x0, 0x2, 0x83,
    0x75, 0x0, 0xa, 0x28, 0x20, 0x0, 0x0, 0x2,
    0x73, 0xa0, 0x6, 0x40, 0x0, 0x0, 0x0, 0x0,
    0x0, 0x3, 0x70, 0xa0, 0x0, 0x1, 0x0, 0x0,
    0x10, 0x0, 0xa, 0xa, 0x0, 0x9, 0xf1, 0x0,
    0xe, 0xb0, 0x0, 0x90, 0xa0, 0x0, 0x8f, 0x10,
    0x0, 0xeb, 0x0, 0x9, 0xa, 0x0, 0x0, 0x10,
    0x0, 0x0, 0x0, 0x0, 0x90, 0xa0, 0x0, 0x0,
    0x0, 0x0, 0x0, 0x0, 0xa, 0x6, 0x40, 0x0,
    0x7, 0xcc, 0x81, 0x0, 0x3, 0x70, 0xa, 0x0,
    0x8, 0xff, 0xff, 0xb0, 0x0, 0xa1, 0x0, 0x48,
    0x0, 0x7f, 0xee, 0xf9, 0x0, 0x75, 0x0, 0x0,
    0x59, 0x0, 0x0, 0x0, 0x0, 0x76, 0x0, 0x0,
    0x0, 0x3a, 0x72, 0x0, 0x26, 0xa4, 0x0, 0x0,
    0x0, 0x0, 0x3, 0x79, 0x98, 0x30, 0x0, 0x0,
    0x0,

    /* U+1F628 "😨" */
    0x0, 0x0, 0x2, 0x79, 0xa8, 0x20, 0x0, 0x0,
    0x0, 0x0, 0x2f, 0xc7, 0x47, 0x9d, 0xe3, 0x0,
    0x0, 0x0, 0x5f, 0x75, 0x42, 0x66, 0x66, 0xf6,
    0x0, 0x0, 0x3f, 0x7e, 0xa4, 0x26, 0x69, 0xe9,
    0xe4, 0x0, 0xe, 0x7f, 0xa5, 0x42, 0x66, 0x68,
    0xda, 0xd0, 0x5, 0x94, 0x45, 0x43, 0x24, 0x44,
    0x44, 0x47, 0x70, 0xa0, 0x0, 0x1, 0x0, 0x0,
    0x10, 0x0, 0xa, 0xa, 0x0, 0x9, 0xf1, 0x0,
    0xe, 0xb0, 0x0, 0xa0, 0xa0, 0x0, 0x8f, 0x10,
    0x0, 0xeb, 0x0, 0x9, 0xa, 0x0, 0x0, 0x10,
    0x0, 0x0, 0x0, 0x0, 0xa0, 0xa0, 0x0, 0x0,
    0x0, 0x0, 0x0, 0x0, 0xa, 0x6, 0x40, 0x0,
    0x6, 0xbc, 0x80, 0x0, 0x3, 0x70, 0xa, 0x0,
    0x6, 0xff, 0xff, 0xb0, 0x0, 0xa1, 0x0, 0x48,
    0x0, 0x5f, 0xee, 0xfa, 0x0, 0x75, 0x0, 0x0,
    0x59, 0x0, 0x0, 0x0, 0x0, 0x76, 0x0, 0x0,
    0x0, 0x3a, 0x72, 0x0, 0x26, 0xa4, 0x0, 0x0,
    0x0, 0x0, 0x3, 0x79, 0x98, 0x30, 0x0, 0x0,
    0x0,

    /* U+1F629 "😩" */
    0x0, 0x0, 0x2, 0x79, 0x97, 0x30, 0x0, 0x0,
    0x0, 0x0, 0x3a, 0x72, 0x0, 0x27, 0xa3, 0x0,
    0x0, 0x0, 0x59, 0x0, 0x10, 0x1, 0x0, 0x86,
    0x0, 0x0, 0x48, 0x0, 0x38, 0x0, 0x37, 0x0,
    0x75, 0x0, 0xa, 0x0, 0x58, 0x0, 0x0, 0x58,
    0x0, 0xa0, 0x6, 0x40, 0x0, 0x0, 0x0, 0x0,
    0x0, 0x3, 0x70, 0xa0, 0x0, 0x0, 0x90, 0x6,
    0x30, 0x0, 0xa, 0xa, 0x0, 0x19, 0xa2, 0x0,
    0x9, 0x94, 0x0, 0x90, 0xa0, 0x0, 0x0, 0x0,
    0x0, 0x0, 0x0, 0x9, 0xa, 0x0, 0x0, 0x17,
    0x77, 0x73, 0x0, 0x0, 0x90, 0xa0, 0x0, 0x27,
    0x0, 0x0, 0x55, 0x0, 0xa, 0x6, 0x40, 0xb,
    0xee, 0xee, 0xee, 0xe1, 0x3, 0x70, 0xa, 0x0,
    0xef, 0xff, 0xff, 0xff, 0x40, 0xa1, 0x0, 0x48,
    0x9, 0xb6, 0x21, 0x49, 0xb1, 0x75, 0x0, 0x0,
    0x59, 0x0, 0x0, 0x0, 0x0, 0x76, 0x0, 0x0,
    0x0, 0x3a, 0x72, 0x0, 0x26, 0xa4, 0x0, 0x0,
    0x0, 0x0, 0x3, 0x79, 0x98, 0x30, 0x0, 0x0,
    0x0,

    /* U+1F62A "😪" */
    0x0, 0x0, 0x3, 0x79, 0x97, 0x30, 0x0, 0x0,
    0x0, 0x0, 0x3a, 0x72, 0x0, 0x27, 0xa3, 0x0,
    0x0, 0x0, 0x69, 0x0, 0x0, 0x0, 0x0, 0x96,
    0x0, 0x0, 0x48, 0x0, 0x0, 0x0, 0x0, 0x0,
    0x84, 0x0, 0xa, 0x1, 0x40, 0x0, 0x0, 0x3,
    0x20, 0xa0, 0x6, 0x45, 0x81, 0x0, 0x0, 0x0,
    0x17, 0x63, 0x70, 0xa0, 0x30, 0x0, 0x0, 0x0,
    0x0, 0x3, 0xa, 0xa, 0x0, 0x50, 0x4, 0x0,
    0x22, 0x4, 0x0, 0x90, 0xa0, 0x2, 0x88, 0x10,
    0x0, 0x78, 0x40, 0x9, 0xa, 0x0, 0x0, 0x0,
    0x0, 0x1, 0x78, 0x84, 0x90, 0xa0, 0x0, 0x0,
    0x0, 0x2, 0xc1, 0x0, 0x5e, 0x6, 0x30, 0x0,
    0x1, 0x9a, 0x34, 0x70, 0x0, 0x53, 0xa, 0x0,
    0x0, 0xdf, 0xff, 0x27, 0x30, 0x2, 0x60, 0x47,
    0x0, 0x7, 0x87, 0x80, 0x9, 0x30, 0x91, 0x0,
    0x68, 0x0, 0x0, 0x0, 0x0, 0x7d, 0x82, 0x0,
    0x0, 0x3a, 0x72, 0x0, 0x26, 0xa5, 0x0, 0x0,
    0x0, 0x0, 0x3, 0x79, 0x98, 0x30, 0x0, 0x0,
    0x0,

    /* U+1F62B "😫" */
    0x0, 0x0, 0x2, 0x79, 0x97, 0x30, 0x0, 0x0,
    0x0, 0x0, 0x3a, 0x72, 0x0, 0x27, 0xa3, 0x0,
    0x0, 0x0, 0x59, 0x0, 0x0, 0x0, 0x0, 0x86,
    0x0, 0x0, 0x48, 0x0, 0x83, 0x0, 0x9, 0x20,
    0x75, 0x0, 0xa, 0x2, 0x82, 0x0, 0x0, 0x6,
    0x40, 0xa0, 0x6, 0x40, 0x0, 0x0, 0x0, 0x0,
    0x0, 0x3, 0x70, 0xa0, 0x3, 0x88, 0x20, 0x0,
    0x78, 0x50, 0xa, 0xa, 0x0, 0x3, 0x97, 0x0,
    0x4a, 0x50, 0x0, 0x90, 0xa0, 0x1, 0x70, 0x0,
    0x0, 0x4, 0x40, 0x9, 0xa, 0x0, 0x0, 0x17,
    0x77, 0x73, 0x0, 0x0, 0x90, 0xa0, 0x0, 0x27,
    0x0, 0x0, 0x55, 0x0, 0xa, 0x6, 0x40, 0xb,
    0xee, 0xee, 0xee, 0xe1, 0x3, 0x70, 0xa, 0x0,
    0xef, 0xff, 0xff, 0xff, 0x40, 0xa1, 0x0, 0x48,
    0x9, 0xb6, 0x21, 0x49, 0xb1, 0x75, 0x0, 0x0,
    0x59, 0x0, 0x0, 0x0, 0x0, 0x76, 0x0, 0x0,
    0x0, 0x3a, 0x72, 0x0, 0x26, 0xa4, 0x0, 0x0,
    0x0, 0x0, 0x3, 0x79, 0x98, 0x30, 0x0, 0x0,
    0x0,

    /* U+1F62C "😬" */
    0x0, 0x0, 0x2, 0x79, 0x97, 0x30, 0x0, 0x0,
    0x0, 0x0, 0x3a, 0x72, 0x0, 0x27, 0xa3, 0x0,
    0x0, 0x0, 0x59, 0x0, 0x0, 0x0, 0x0, 0x86,
    0x0, 0x0, 0x48, 0x0, 0x0, 0x0, 0x0, 0x0,
    0x75, 0x0, 0xa, 0x0, 0x0, 0x0, 0x0, 0x0,
    0x0, 0xa0, 0x6, 0x40, 0x1, 0x60, 0x0, 0x4,
    0x20, 0x3, 0x70, 0xa0, 0x0, 0x8f, 0x50, 0x0,
    0xfc, 0x0, 0xa, 0xa, 0x0, 0x4, 0xd2, 0x0,
    0xb, 0x80, 0x0, 0x90, 0xa0, 0x0, 0x0, 0x0,
    0x0, 0x0, 0x0, 0x9, 0xa, 0x0, 0x4a, 0x7a,
    0x8a, 0xa8, 0xa4, 0x0, 0x90, 0xa0, 0x19, 0xb2,
    0xa4, 0x99, 0x4a, 0x92, 0xa, 0x6, 0x43, 0x9b,
    0x3b, 0x49, 0x94, 0xb9, 0x43, 0x70, 0xa, 0xa,
    0xfb, 0xfc, 0xff, 0xcf, 0xa0, 0xa1, 0x0, 0x48,
    0x0, 0x0, 0x0, 0x0, 0x0, 0x75, 0x0, 0x0,
    0x59, 0x0, 0x0, 0x0, 0x0, 0x76, 0x0, 0x0,
    0x0, 0x3a, 0x72, 0x0, 0x26, 0xa4, 0x0, 0x0,
    0x0, 0x0, 0x3, 0x79, 0x98, 0x30, 0x0, 0x0,
    0x0,

    /* U+1F62D "😭" */
    0x0, 0x0, 0x2, 0x68, 0x97, 0x30, 0x0, 0x0,
    0x0, 0x0, 0x2a, 0x83, 0x10, 0x26, 0xa5, 0x0,
    0x0, 0x0, 0x59, 0x0, 0x0, 0x0, 0x0, 0x69,
    0x0, 0x0, 0x49, 0x2, 0x0, 0x0, 0x0, 0x10,
    0x48, 0x0, 0xa, 0x2a, 0x50, 0x0, 0x0, 0x2,
    0xa5, 0x73, 0x6, 0x47, 0x14, 0x10, 0x0, 0x0,
    0x42, 0x71, 0xa0, 0xa0, 0x1f, 0x9f, 0x40, 0x1,
    0xf9, 0xf5, 0x9, 0xa, 0x0, 0x72, 0xa0, 0x0,
    0x6, 0x3a, 0x0, 0x63, 0xa0, 0x8, 0x1a, 0x0,
    0x0, 0x63, 0xa0, 0x5, 0x4a, 0x0, 0x81, 0xda,
    0xa9, 0xac, 0x3a, 0x0, 0x72, 0x90, 0x9, 0xf,
    0x0, 0x0, 0xc3, 0xa0, 0x9, 0x5, 0x50, 0x90,
    0xfd, 0xdd, 0xdf, 0x3a, 0x1, 0x90, 0xa, 0xa,
    0xf, 0xfe, 0xef, 0xf3, 0xa0, 0x92, 0x0, 0x2a,
    0xa0, 0xe1, 0x0, 0xb, 0x39, 0x76, 0x0, 0x3,
    0xc8, 0xb, 0x0, 0x0, 0x82, 0x4c, 0x70, 0x0,
    0x3a, 0x0, 0x3c, 0x21, 0xa7, 0x0, 0x67, 0x0,
    0x0, 0x6a, 0x99, 0xb9, 0x9b, 0x99, 0xa9, 0x0,
    0x0,

    /* U+1F62E "😮" */
    0x0, 0x0, 0x2, 0x79, 0x97, 0x30, 0x0, 0x0,
    0x0, 0x0, 0x3a, 0x72, 0x0, 0x27, 0xa3, 0x0,
    0x0, 0x0, 0x59, 0x0, 0x0, 0x0, 0x0, 0x86,
    0x0, 0x0, 0x48, 0x0, 0x0, 0x0, 0x0, 0x0,
    0x75, 0x0, 0xa, 0x0, 0x0, 0x0, 0x0, 0x0,
    0x0, 0xa0, 0x6, 0x40, 0x1, 0x50, 0x0, 0x4,
    0x20, 0x3, 0x70, 0xa0, 0x0, 0xaf, 0x20, 0x0,
    0xfd, 0x0, 0xa, 0xa, 0x0, 0x6, 0xc0, 0x0,
    0xb, 0x80, 0x0, 0x90, 0xa0, 0x0, 0x0, 0x0,
    0x0, 0x0, 0x0, 0x9, 0xa, 0x0, 0x0, 0x0,
    0x1, 0x0, 0x0, 0x0, 0x90, 0xa0, 0x0, 0x0,
    0x8f, 0xfb, 0x0, 0x0, 0xa, 0x6, 0x40, 0x0,
    0x6f, 0xff, 0xf9, 0x0, 0x3, 0x70, 0xa, 0x0,
    0x7, 0xff, 0xff, 0xa0, 0x0, 0xa1, 0x0, 0x48,
    0x0, 0x7, 0xab, 0x81, 0x0, 0x75, 0x0, 0x0,
    0x59, 0x0, 0x0, 0x0, 0x0, 0x76, 0x0, 0x0,
    0x0, 0x3a, 0x72, 0x0, 0x26, 0xa4, 0x0, 0x0,
    0x0, 0x0, 0x3, 0x79, 0x98, 0x30, 0x0, 0x0,
    0x0,

    /* U+1F62F "😯" */
    0x0, 0x0, 0x2, 0x79, 0x97, 0x30, 0x0, 0x0,
    0x0, 0x0, 0x3a, 0x72, 0x0, 0x27, 0xa3, 0x0,
    0x0, 0x0, 0x59, 0x0, 0x0, 0x0, 0x0, 0x86,
    0x0, 0x0, 0x48, 0x16, 0x60, 0x0, 0x3, 0x72,
    0x75, 0x0, 0xa, 0x18, 0x20, 0x0, 0x0, 0x1,
    0x72, 0xa0, 0x6, 0x40, 0x0, 0x0, 0x0, 0x0,
    0x0, 0x3, 0x70, 0xa0, 0x0, 0x44, 0x0, 0x0,
    0x26, 0x0, 0xa, 0xa, 0x0, 0xe, 0xf0, 0x0,
    0xa, 0xf2, 0x0, 0x90, 0xa0, 0x0, 0x99, 0x0,
    0x0, 0x6b, 0x0, 0x9, 0xa, 0x0, 0x0, 0x0,
    0x0, 0x0, 0x0, 0x0, 0x90, 0xa0, 0x0, 0x0,
    0x0, 0x0, 0x0, 0x0, 0xa, 0x6, 0x40, 0x0,
    0x1, 0xce, 0x40, 0x0, 0x3, 0x70, 0xa, 0x0,
    0x0, 0x7f, 0xfb, 0x0, 0x0, 0xa1, 0x0, 0x48,
    0x0, 0x4, 0xff, 0x80, 0x0, 0x75, 0x0, 0x0,
    0x59, 0x0, 0x3, 0x40, 0x0, 0x76, 0x0, 0x0,
    0x0, 0x3a, 0x72, 0x0, 0x26, 0xa4, 0x0, 0x0,
    0x0, 0x0, 0x3, 0x79, 0x98, 0x30, 0x0, 0x0,
    0x0,

    /* U+1F630 "😰" */
    0x0, 0x0, 0x0, 0x49, 0xa9, 0x51, 0x0, 0x0,
    0x0, 0x0, 0x7, 0xeb, 0x87, 0x7a, 0xc9, 0x10,
    0x0, 0x0, 0x1d, 0x86, 0x66, 0x65, 0x64, 0x6f,
    0x20, 0x0, 0xf, 0x44, 0x66, 0x66, 0x56, 0x53,
    0x5f, 0x10, 0x9, 0xa4, 0xaf, 0x66, 0x65, 0x6c,
    0xb6, 0x8c, 0x0, 0xe4, 0x97, 0x44, 0x44, 0x44,
    0x36, 0xb4, 0xd1, 0x45, 0x0, 0x1, 0x0, 0x0,
    0x1, 0x0, 0x3, 0x66, 0x25, 0x0, 0xfa, 0x0,
    0x9, 0xf1, 0x0, 0x9, 0x88, 0xc2, 0xe, 0xa0,
    0x0, 0x8f, 0x10, 0x0, 0xa8, 0xb0, 0xb0, 0x10,
    0x0, 0x0, 0x10, 0x0, 0x9, 0xa2, 0x5, 0x50,
    0x0, 0x0, 0x0, 0x0, 0x3, 0x7a, 0x0, 0xa,
    0x6, 0xde, 0xd8, 0x0, 0x0, 0x82, 0x90, 0x0,
    0x93, 0xff, 0xff, 0xf5, 0x0, 0x19, 0x9, 0x30,
    0x57, 0x1d, 0xeb, 0xde, 0x20, 0xa, 0x10, 0x7,
    0xaf, 0x20, 0x0, 0x0, 0x0, 0x2a, 0x20, 0x0,
    0x0, 0x8, 0x94, 0x0, 0x4, 0x99, 0x10, 0x0,
    0x0, 0x0, 0x1, 0x69, 0x99, 0x61, 0x0, 0x0,
    0x0,

    /* U+1F631 "😱" */
    0x0, 0x0, 0x0, 0x28, 0x9a, 0x83, 0x0, 0x0,
    0x0, 0x0, 0x0, 0x3, 0xed, 0x64, 0x68, 0xdf,
    0x40, 0x0, 0x0, 0x0, 0x5, 0xf6, 0x63, 0x36,
    0x56, 0x6e, 0x70, 0x0, 0x0, 0x3, 0xf6, 0x56,
    0x33, 0x65, 0x66, 0x6c, 0x60, 0x0, 0x0, 0xe6,
    0x65, 0x63, 0x36, 0x56, 0x66, 0x5d, 0x10, 0x0,
    0x5a, 0x49, 0xde, 0x32, 0x44, 0xde, 0xc4, 0x78,
    0x0, 0x9, 0x2, 0x90, 0x38, 0x0, 0x55, 0x5,
    0x70, 0xa0, 0x0, 0xa0, 0x64, 0x0, 0xa0, 0x9,
    0x0, 0xa, 0x9, 0x0, 0x9, 0x5, 0x50, 0x29,
    0x0, 0x64, 0x0, 0xa0, 0x81, 0x1, 0xf8, 0x19,
    0x8a, 0x10, 0x0, 0x98, 0xa3, 0x6f, 0x30, 0xd8,
    0xba, 0x1, 0x0, 0x57, 0x0, 0x10, 0x9c, 0x5f,
    0x1a, 0x88, 0x49, 0x0, 0xe, 0xf2, 0x0, 0x66,
    0x87, 0xa1, 0xa7, 0x48, 0x49, 0x3, 0xff, 0x60,
    0x68, 0x26, 0x9a, 0x6, 0x53, 0x10, 0x48, 0x4f,
    0xf7, 0x57, 0x0, 0x14, 0x90, 0xb, 0x0, 0x0,
    0x91, 0xac, 0x1a, 0x0, 0x0, 0xa1, 0x0, 0x2a,
    0x10, 0xa, 0x40, 0x2, 0xc0, 0x0, 0x94, 0x0,
    0x0, 0x19, 0xaa, 0x87, 0x99, 0x77, 0xaa, 0xa2,
    0x0, 0x0,

    /* U+1F632 "😲" */
    0x0, 0x0, 0x2, 0x79, 0x97, 0x30, 0x0, 0x0,
    0x0, 0x0, 0x3a, 0x72, 0x0, 0x27, 0xa3, 0x0,
    0x0, 0x0, 0x59, 0x0, 0x0, 0x0, 0x0, 0x86,
    0x0, 0x0, 0x49, 0x7b, 0x70, 0x0, 0x5, 0xa7,
    0x75, 0x0, 0xa, 0x15, 0x0, 0x0, 0x0, 0x0,
    0x41, 0xa0, 0x6, 0x40, 0x0, 0x10, 0x0, 0x0,
    0x0, 0x3, 0x70, 0xa0, 0x0, 0x8f, 0x10, 0x0,
    0xd9, 0x0, 0xa, 0xa, 0x0, 0xa, 0xf3, 0x0,
    0xf, 0xc0, 0x0, 0x90, 0xa0, 0x0, 0x38, 0x0,
    0x0, 0x64, 0x0, 0x9, 0xa, 0x0, 0x0, 0x0,
    0x0, 0x0, 0x0, 0x0, 0x90, 0xa0, 0x0, 0x0,
    0x28, 0x84, 0x0, 0x0, 0xa, 0x6, 0x40, 0x0,
    0x9, 0x77, 0xa0, 0x0, 0x3, 0x70, 0xa, 0x0,
    0x0, 0xaf, 0xfd, 0x0, 0x0, 0xa1, 0x0, 0x48,
    0x0, 0x9, 0xff, 0xc0, 0x0, 0x75, 0x0, 0x0,
    0x59, 0x0, 0x3d, 0xe5, 0x0, 0x76, 0x0, 0x0,
    0x0, 0x3a, 0x72, 0x0, 0x26, 0xa4, 0x0, 0x0,
    0x0, 0x0, 0x3, 0x79, 0x98, 0x30, 0x0, 0x0,
    0x0,

    /* U+1F633 "😳" */
    0x0, 0x0, 0x2, 0x79, 0x97, 0x30, 0x0, 0x0,
    0x0, 0x0, 0x3a, 0x72, 0x0, 0x27, 0xa3, 0x0,
    0x0, 0x0, 0x59, 0x0, 0x0, 0x0, 0x0, 0x86,
    0x0, 0x0, 0x48, 0x58, 0x82, 0x0, 0x6, 0x87,
    0x75, 0x0, 0xa, 0x0, 0x0, 0x0, 0x0, 0x0,
    0x0, 0xa0, 0x6, 0x40, 0x26, 0x30, 0x0, 0x1,
    0x64, 0x3, 0x70, 0xa0, 0x46, 0x5, 0x50, 0x0,
    0x81, 0x36, 0xa, 0xa, 0x7, 0x1c, 0x27, 0x0,
    0x52, 0xa5, 0x80, 0x90, 0xa0, 0x70, 0xa2, 0x70,
    0x5, 0x28, 0x48, 0x9, 0xa, 0x4, 0x60, 0x55,
    0x0, 0x8, 0x13, 0x60, 0x90, 0xa0, 0x3, 0x84,
    0x0, 0x0, 0x16, 0x60, 0xa, 0x6, 0x40, 0x77,
    0x50, 0x0, 0x1, 0x77, 0x43, 0x70, 0xa, 0x2,
    0x10, 0x0, 0x0, 0x2, 0x0, 0xa1, 0x0, 0x48,
    0x0, 0x0, 0xaa, 0x60, 0x0, 0x75, 0x0, 0x0,
    0x59, 0x0, 0x0, 0x0, 0x0, 0x76, 0x0, 0x0,
    0x0, 0x3a, 0x72, 0x0, 0x26, 0xa4, 0x0, 0x0,
    0x0, 0x0, 0x3, 0x79, 0x98, 0x30, 0x0, 0x0,
    0x0,

    /* U+1F634 "😴" */
    0x0, 0x0, 0x2, 0x79, 0x97, 0x30, 0x0, 0x54,
    0x0, 0x0, 0x3a, 0x73, 0x0, 0x26, 0x10, 0x2,
    0xb0, 0x0, 0x59, 0x0, 0x0, 0x0, 0x6, 0x82,
    0xd1, 0x0, 0x48, 0x0, 0x0, 0x3, 0xb1, 0x81,
    0x3, 0x40, 0xa, 0x0, 0x0, 0x0, 0xa4, 0x7,
    0x40, 0x70, 0x6, 0x40, 0x0, 0x0, 0x4, 0x50,
    0x0, 0x3, 0x70, 0xa0, 0x0, 0x0, 0x0, 0x0,
    0x0, 0x0, 0xa, 0xa, 0x0, 0x40, 0x4, 0x0,
    0x31, 0x4, 0x0, 0xa0, 0xa0, 0x2, 0x88, 0x20,
    0x0, 0x78, 0x30, 0x9, 0xa, 0x0, 0x0, 0x0,
    0x0, 0x0, 0x0, 0x0, 0xa0, 0xa0, 0x0, 0x0,
    0x0, 0x0, 0x0, 0x0, 0xa, 0x6, 0x40, 0x0,
    0x2, 0xbc, 0x50, 0x0, 0x3, 0x70, 0xa, 0x0,
    0x0, 0xdf, 0xff, 0x20, 0x0, 0xa0, 0x0, 0x48,
    0x0, 0x7, 0x76, 0x80, 0x0, 0x75, 0x0, 0x0,
    0x68, 0x0, 0x0, 0x0, 0x0, 0x86, 0x0, 0x0,
    0x0, 0x3a, 0x62, 0x0, 0x26, 0xa3, 0x0, 0x0,
    0x0, 0x0, 0x3, 0x79, 0x97, 0x30, 0x0, 0x0,
    0x0,

    /* U+1F635 "😵" */
    0x0, 0x0, 0x2, 0x79, 0x97, 0x30, 0x0, 0x0,
    0x0, 0x0, 0x3a, 0x72, 0x0, 0x27, 0xa3, 0x0,
    0x0, 0x0, 0x59, 0x0, 0x0, 0x0, 0x0, 0x86,
    0x0, 0x0, 0x48, 0x5, 0x90, 0x0, 0x6, 0x71,
    0x75, 0x0, 0xa, 0x8, 0x51, 0x0, 0x0, 0x3,
    0xa0, 0xa0, 0x6, 0x40, 0x0, 0x1, 0x0, 0x10,
    0x0, 0x3, 0x70, 0xa0, 0x8, 0x43, 0x90, 0x4,
    0x82, 0xa0, 0xa, 0xa, 0x0, 0xa, 0xf0, 0x0,
    0xc, 0xf1, 0x0, 0x90, 0xa0, 0x1, 0xb4, 0xb1,
    0x8, 0x69, 0x40, 0x9, 0xa, 0x0, 0x41, 0x0,
    0x0, 0x0, 0x5, 0x0, 0x90, 0xa0, 0x0, 0x0,
    0x18, 0xa3, 0x0, 0x0, 0xa, 0x6, 0x40, 0x0,
    0xd, 0xff, 0xf3, 0x0, 0x3, 0x70, 0xa, 0x0,
    0x2, 0xff, 0xff, 0x70, 0x0, 0xa1, 0x0, 0x48,
    0x0, 0x6, 0xcd, 0x90, 0x0, 0x75, 0x0, 0x0,
    0x59, 0x0, 0x0, 0x0, 0x0, 0x77, 0x0, 0x0,
    0x0, 0x3a, 0x72, 0x0, 0x26, 0xa4, 0x0, 0x0,
    0x0, 0x0, 0x3, 0x79, 0x98, 0x30, 0x0, 0x0,
    0x0,

    /* U+1F636 "😶" */
    0x0, 0x0, 0x2, 0x79, 0x97, 0x30, 0x0, 0x0,
    0x0, 0x0, 0x3a, 0x72, 0x0, 0x27, 0xa3, 0x0,
    0x0, 0x0, 0x59, 0x0, 0x0, 0x0, 0x0, 0x86,
    0x0, 0x0, 0x48, 0x0, 0x0, 0x0, 0x0, 0x0,
    0x75, 0x0, 0xa, 0x0, 0x0, 0x0, 0x0, 0x0,
    0x0, 0xa0, 0x6, 0x40, 0x0, 0x0, 0x0, 0x0,
    0x0, 0x3, 0x70, 0xa0, 0x0, 0x5b, 0x0, 0x0,
    0xa8, 0x0, 0xa, 0xa, 0x0, 0xa, 0xf2, 0x0,
    0xf, 0xd0, 0x0, 0x90, 0xa0, 0x0, 0x25, 0x0,
    0x0, 0x43, 0x0, 0x9, 0xa, 0x0, 0x0, 0x0,
    0x0, 0x0, 0x0, 0x0, 0x90, 0xa0, 0x0, 0x0,
    0x0, 0x0, 0x0, 0x0, 0xa, 0x6, 0x40, 0x0,
    0x0, 0x0, 0x0, 0x0, 0x3, 0x70, 0xa, 0x0,
    0x0, 0x0, 0x0, 0x0, 0x0, 0xa1, 0x0, 0x48,
    0x0, 0x0, 0x0, 0x0, 0x0, 0x75, 0x0, 0x0,
    0x59, 0x0, 0x0, 0x0, 0x0, 0x76, 0x0, 0x0,
    0x0, 0x3a, 0x72, 0x0, 0x26, 0xa4, 0x0, 0x0,
    0x0, 0x0, 0x3, 0x79, 0x98, 0x30, 0x0, 0x0,
    0x0,

    /* U+1F637 "😷" */
    0x0, 0x0, 0x2, 0x79, 0x97, 0x30, 0x0, 0x0,
    0x0, 0x0, 0x3a, 0x72, 0x0, 0x27, 0xa3, 0x0,
    0x0, 0x0, 0x59, 0x0, 0x0, 0x0, 0x0, 0x86,
    0x0, 0x0, 0x48, 0x0, 0x0, 0x0, 0x0, 0x0,
    0x75, 0x0, 0xa, 0x0, 0x0, 0x0, 0x0, 0x0,
    0x0, 0xa0, 0x6, 0x40, 0x0, 0x40, 0x0, 0x3,
    0x20, 0x3, 0x70, 0xa0, 0x0, 0x7f, 0x40, 0x0,
    0xfc, 0x0, 0xa, 0xa, 0x0, 0x4, 0xe2, 0x0,
    0xc, 0x90, 0x0, 0x90, 0xc0, 0x0, 0x15, 0x8a,
    0xa8, 0x52, 0x0, 0xb, 0xe, 0xa7, 0xc8, 0x41,
    0x0, 0x14, 0x8c, 0x6a, 0xf0, 0xa0, 0x3c, 0x0,
    0x0, 0x0, 0x0, 0xa4, 0xa, 0x6, 0x40, 0xa0,
    0x0, 0x0, 0x0, 0x8, 0x3, 0x70, 0xa, 0xb,
    0x0, 0x0, 0x0, 0x0, 0xa0, 0xa1, 0x0, 0x4f,
    0xd8, 0x10, 0x0, 0x0, 0x7d, 0xf5, 0x0, 0x0,
    0x69, 0x39, 0xa8, 0x8a, 0x93, 0x77, 0x0, 0x0,
    0x0, 0x3a, 0x72, 0x11, 0x26, 0xa4, 0x0, 0x0,
    0x0, 0x0, 0x3, 0x79, 0x98, 0x30, 0x0, 0x0,
    0x0,

    /* U+1F638 "😸" */
    0x0, 0xaa, 0x40, 0x0, 0x0, 0x0, 0x7, 0xa8,
    0x0, 0x6, 0x30, 0x86, 0x0, 0x0, 0x0, 0xa4,
    0x8, 0x10, 0x9, 0xe, 0x38, 0x9c, 0xcc, 0xba,
    0x35, 0xa5, 0x40, 0x9, 0xf, 0xe0, 0x4f, 0x98,
    0xf5, 0x1f, 0xa5, 0x40, 0x8, 0x1c, 0x40, 0xb,
    0x76, 0xc0, 0x6, 0x86, 0x20, 0x4, 0x51, 0x0,
    0x0, 0x0, 0x0, 0x0, 0x9, 0x0, 0x0, 0x90,
    0x0, 0x0, 0x0, 0x0, 0x0, 0xa, 0x0, 0x7c,
    0x90, 0x2b, 0xa3, 0x0, 0x2a, 0xa1, 0xe, 0xa3,
    0x27, 0xd1, 0x30, 0x3, 0x11, 0x20, 0x2, 0x4f,
    0x21, 0x6d, 0xf1, 0x0, 0x0, 0xcf, 0x0, 0x0,
    0x4f, 0x84, 0x2, 0xf2, 0x5, 0xa5, 0xcf, 0x59,
    0x40, 0x5f, 0x0, 0x59, 0xd1, 0xb, 0x8b, 0x56,
    0xb8, 0x90, 0x6a, 0x92, 0x0, 0x1a, 0x3, 0xed,
    0x78, 0xdd, 0x22, 0xa0, 0x0, 0x0, 0x2, 0xb4,
    0x3, 0x66, 0x31, 0x79, 0x0, 0x0, 0x0, 0x0,
    0x6, 0xaa, 0x9a, 0xa9, 0x40, 0x0, 0x0, 0x0,
    0x0, 0x0, 0x0, 0x0, 0x0, 0x0, 0x0, 0x0,

    /* U+1F639 "😹" */
    0x0, 0x8a, 0x80, 0x0, 0x0, 0x0, 0x2, 0xaa,
    0x30, 0x0, 0x18, 0x3, 0xa0, 0x0, 0x0, 0x3,
    0xa1, 0x9, 0x0, 0x4, 0x5a, 0x63, 0xbb, 0xdc,
    0xc9, 0xa2, 0xd2, 0x90, 0x0, 0x45, 0xaf, 0x22,
    0xfe, 0x7f, 0x70, 0xcf, 0x29, 0x0, 0x3, 0x68,
    0x70, 0x8, 0xb4, 0xe0, 0x2, 0xd0, 0xa0, 0x0,
    0x9, 0x0, 0x0, 0x0, 0x1, 0x0, 0x1, 0x19,
    0x0, 0x0, 0xa0, 0x0, 0x0, 0x0, 0x0, 0x0,
    0x5, 0x50, 0x3, 0xae, 0x1, 0xaa, 0x30, 0x0,
    0x9b, 0x50, 0x3f, 0xa0, 0x12, 0xf4, 0x21, 0x3,
    0x12, 0x12, 0x4, 0x9, 0xd2, 0x4, 0x9f, 0x9d,
    0x0, 0xb, 0xf0, 0x0, 0x9b, 0xaf, 0x71, 0xa,
    0x20, 0x93, 0xa5, 0xaf, 0x59, 0x74, 0x70, 0x84,
    0x0, 0xa0, 0x55, 0x98, 0x93, 0x6a, 0x7a, 0xb,
    0x1, 0x80, 0x8, 0xaf, 0x31, 0xcd, 0x7a, 0xdc,
    0x30, 0xeb, 0xb3, 0x0, 0x0, 0x9, 0x70, 0x14,
    0x42, 0x3, 0xa4, 0x0, 0x0, 0x0, 0x0, 0x3,
    0x9a, 0x99, 0xaa, 0x70, 0x0, 0x0, 0x0, 0x0,
    0x0, 0x0, 0x0, 0x0, 0x0, 0x0, 0x0, 0x0,

    /* U+1F63A "😺" */
    0x1, 0xaa, 0x40, 0x0, 0x0, 0x0, 0x7, 0xa8,
    0x0, 0x6, 0x30, 0x86, 0x0, 0x0, 0x0, 0xa4,
    0x8, 0x10, 0x9, 0xd, 0x28, 0x9c, 0xcc, 0xba,
    0x35, 0xa5, 0x40, 0x9, 0xf, 0xd0, 0x6f, 0x9b,
    0xf3, 0x1f, 0xa5, 0x40, 0x7, 0x2b, 0x30, 0xc,
    0x68, 0x90, 0x6, 0x87, 0x20, 0x4, 0x50, 0x0,
    0x0, 0x0, 0x0, 0x0, 0x9, 0x0, 0x0, 0x90,
    0x2, 0x20, 0x0, 0x3, 0x10, 0xa, 0x0, 0x25,
    0x70, 0xb, 0xb0, 0x0, 0xe, 0x80, 0xa, 0x21,
    0x4c, 0xf2, 0x5, 0x50, 0x21, 0x7, 0x30, 0x5f,
    0x73, 0x3b, 0xf3, 0x0, 0x0, 0xdb, 0x0, 0x0,
    0x6f, 0x72, 0x33, 0x91, 0x0, 0xaa, 0xbb, 0x99,
    0x0, 0x1a, 0x23, 0x3, 0xfa, 0x0, 0x1d, 0x23,
    0xc0, 0x1, 0xff, 0x10, 0x8, 0x2b, 0x0, 0x1,
    0x87, 0x0, 0x3, 0xa2, 0x60, 0x0, 0x2, 0xb4,
    0x0, 0x0, 0x1, 0x79, 0x0, 0x0, 0x0, 0x0,
    0x6, 0xaa, 0x9a, 0xa9, 0x30, 0x0, 0x0, 0x0,
    0x0, 0x0, 0x0, 0x0, 0x0, 0x0, 0x0, 0x0,

    /* U+1F63B "😻" */
    0x0, 0xaa, 0x40, 0x0, 0x0, 0x0, 0x7, 0xa8,
    0x0, 0x6, 0x30, 0x86, 0x0, 0x0, 0x0, 0xa4,
    0x8, 0x10, 0x9, 0xd, 0x28, 0xbf, 0xff, 0xfc,
    0x34, 0xb5, 0x40, 0x9, 0xf, 0xd0, 0x3f, 0x8a,
    0xf2, 0xe, 0xc5, 0x40, 0x7, 0x2c, 0x30, 0x7,
    0x45, 0x60, 0x5, 0x96, 0x20, 0x4, 0x51, 0x66,
    0xe7, 0x0, 0x8d, 0x66, 0x19, 0x0, 0x0, 0x96,
    0xff, 0xfc, 0x0, 0xdf, 0xff, 0x49, 0x0, 0x3,
    0x63, 0xff, 0xf8, 0x0, 0xaf, 0xff, 0x29, 0x0,
    0x6e, 0xf2, 0x5d, 0xd0, 0x21, 0x1e, 0xd4, 0x3f,
    0x95, 0x2b, 0xf3, 0x0, 0x0, 0xcb, 0x0, 0x0,
    0x4f, 0x61, 0x43, 0xa0, 0x0, 0xce, 0xaa, 0xeb,
    0x0, 0x1b, 0x33, 0x1, 0xfc, 0x0, 0xb, 0x23,
    0xa0, 0x0, 0xfd, 0x0, 0xa, 0x5a, 0x0, 0x1,
    0x87, 0x0, 0x2, 0xa4, 0x80, 0x0, 0x2, 0xb4,
    0x0, 0x0, 0x0, 0x79, 0x0, 0x0, 0x0, 0x0,
    0x6, 0xaa, 0x9a, 0xa9, 0x40, 0x0, 0x0, 0x0,
    0x0, 0x0, 0x0, 0x0, 0x0, 0x0, 0x0, 0x0,

    /* U+1F63C "😼" */
    0x0, 0xaa, 0x40, 0x0, 0x0, 0x0, 0x7, 0xa8,
    0x0, 0x6, 0x30, 0x86, 0x0, 0x0, 0x0, 0xa4,
    0x8, 0x10, 0x9, 0xd, 0x28, 0x9c, 0xcc, 0xba,
    0x35, 0xa5, 0x40, 0x9, 0xf, 0xd0, 0x6f, 0x9b,
    0xf3, 0x1f, 0xa5, 0x40, 0x7, 0x2b, 0x30, 0xc,
    0x78, 0xa0, 0x6, 0x87, 0x20, 0x4, 0x50, 0x0,
    0x0, 0x0, 0x0, 0x0, 0x9, 0x0, 0x0, 0x90,
    0x3, 0x0, 0x0, 0x0, 0x30, 0xa, 0x0, 0x25,
    0x70, 0xc, 0x90, 0x0, 0xc, 0x90, 0xa, 0x21,
    0x4c, 0xf2, 0x4, 0x40, 0x11, 0x5, 0x20, 0x5f,
    0x73, 0x2b, 0xf3, 0x0, 0x0, 0xca, 0x0, 0x0,
    0x5f, 0x62, 0x44, 0xa0, 0x0, 0x0, 0x44, 0x8,
    0x0, 0x1b, 0x33, 0x3, 0xfa, 0x0, 0x7, 0x9b,
    0x83, 0x1, 0xfe, 0x10, 0x6, 0x2a, 0x0, 0x0,
    0x46, 0x10, 0x2, 0xa1, 0x50, 0x0, 0x2, 0xb4,
    0x0, 0x0, 0x0, 0x79, 0x0, 0x0, 0x0, 0x0,
    0x6, 0xaa, 0x9a, 0xa9, 0x40, 0x0, 0x0, 0x0,
    0x0, 0x0, 0x0, 0x0, 0x0, 0x0, 0x0, 0x0,

    /* U+1F63D "😽" */
    0x0, 0xaa, 0x40, 0x0, 0x0, 0x0, 0x7, 0xa8,
    0x0, 0x6, 0x30, 0x86, 0x0, 0x0, 0x0, 0xa4,
    0x8, 0x10, 0x9, 0xd, 0x28, 0x9c, 0xcc, 0xba,
    0x35, 0xa5, 0x40, 0x9, 0xf, 0xd0, 0x6f, 0x99,
    0xf5, 0x1f, 0xa5, 0x40, 0x8, 0x1c, 0x30, 0xc,
    0x77, 0xc0, 0x6, 0x86, 0x20, 0x4, 0x50, 0x0,
    0x0, 0x0, 0x0, 0x0, 0x9, 0x0, 0x0, 0x90,
    0x0, 0x0, 0x0, 0x0, 0x0, 0xa, 0x0, 0x7c,
    0x90, 0x3b, 0xa1, 0x0, 0x1a, 0xa1, 0xe, 0xa3,
    0x27, 0xd1, 0x30, 0x12, 0x11, 0x21, 0x2, 0x4f,
    0x21, 0x6d, 0xf1, 0x0, 0x0, 0xbf, 0x0, 0x0,
    0x4f, 0x84, 0x2, 0xf2, 0x0, 0x0, 0x3, 0x80,
    0x0, 0x5f, 0x0, 0x59, 0xd1, 0x0, 0x0, 0x5,
    0x70, 0x0, 0x6a, 0x92, 0x0, 0x1a, 0x0, 0x0,
    0x7, 0x30, 0x2, 0xa0, 0x0, 0x0, 0x2, 0xb4,
    0x0, 0x0, 0x0, 0x79, 0x0, 0x0, 0x0, 0x0,
    0x6, 0xaa, 0x9a, 0xa9, 0x40, 0x0, 0x0, 0x0,
    0x0, 0x0, 0x0, 0x0, 0x0, 0x0, 0x0, 0x0,

    /* U+1F63E "😾" */
    0x0, 0x1, 0x0, 0x0, 0x0, 0x0, 0x0, 0x10,
    0x0, 0x0, 0xbe, 0x40, 0x0, 0x0, 0x0, 0x5,
    0xeb, 0x0, 0x6, 0x59, 0x92, 0x0, 0x0, 0x0,
    0x29, 0x95, 0x60, 0x8, 0x1a, 0xa, 0x8c, 0xcd,
    0xc8, 0xa0, 0xa1, 0x90, 0x9, 0x9, 0x0, 0x6f,
    0xbb, 0xf5, 0x0, 0xa0, 0x90, 0x7, 0x28, 0x30,
    0xb, 0x88, 0xa0, 0x4, 0x82, 0x70, 0x3, 0xb7,
    0x0, 0x0, 0x0, 0x0, 0x0, 0x7b, 0x40, 0x0,
    0xc0, 0x3, 0x0, 0x0, 0x0, 0x30, 0xd, 0x0,
    0x6d, 0xb0, 0xc, 0x90, 0x0, 0xb, 0xc0, 0xb,
    0xd6, 0x26, 0xd2, 0x4, 0x40, 0x20, 0x4, 0x30,
    0x2d, 0x62, 0x6d, 0xf3, 0x0, 0x0, 0xf6, 0x0,
    0x0, 0x2f, 0xd6, 0x1, 0xf3, 0x0, 0x0, 0x90,
    0x0, 0x0, 0x3f, 0x10, 0x59, 0xe2, 0x0, 0x29,
    0xca, 0x91, 0x0, 0x2e, 0x95, 0x0, 0x1b, 0x10,
    0x31, 0x0, 0x12, 0x1, 0xb1, 0x0, 0x0, 0x2,
    0xb5, 0x0, 0x0, 0x0, 0x5b, 0x20, 0x0, 0x0,
    0x0, 0x5, 0xaa, 0x99, 0xaa, 0x50, 0x0, 0x0,
    0x0, 0x0, 0x0, 0x0, 0x0, 0x0, 0x0, 0x0,
    0x0,

    /* U+1F63F "😿" */
    0x4, 0xa9, 0x20, 0x0, 0x0, 0x0, 0x1, 0x8a,
    0x70, 0xa, 0x1, 0x89, 0x10, 0x0, 0x0, 0x79,
    0x20, 0xa0, 0xa, 0xd, 0x52, 0xbb, 0xdb, 0xcb,
    0x42, 0xb5, 0xa0, 0x7, 0x3b, 0xf3, 0x1f, 0xc7,
    0xf6, 0xc, 0xf1, 0x90, 0x1, 0x93, 0x30, 0x9,
    0xa5, 0xd0, 0x0, 0x65, 0x40, 0x0, 0x91, 0x0,
    0x0, 0x0, 0x0, 0x0, 0xa, 0x0, 0x0, 0xa0,
    0x2, 0x80, 0x0, 0x6, 0x50, 0x9, 0x0, 0x0,
    0xb1, 0x9, 0xd0, 0x0, 0x7, 0xe0, 0x8, 0x30,
    0x4c, 0xf1, 0x0, 0x0, 0x47, 0x0, 0x0, 0xb,
    0xf6, 0x11, 0xf5, 0x2, 0x0, 0x6d, 0x0, 0x0,
    0x1f, 0x62, 0x1a, 0xd4, 0x1f, 0x10, 0x5b, 0x0,
    0x0, 0x3a, 0xb3, 0x11, 0xda, 0x94, 0x84, 0x96,
    0x90, 0x0, 0x4f, 0x2, 0x1, 0x9b, 0xa0, 0xa1,
    0x0, 0x0, 0x0, 0xa7, 0x40, 0x0, 0x3, 0x80,
    0x90, 0x0, 0x0, 0x4b, 0x20, 0x0, 0x0, 0x0,
    0x8a, 0xe9, 0x99, 0xaa, 0x60, 0x0, 0x0, 0x0,
    0x0, 0x0, 0x0, 0x0, 0x0, 0x0, 0x0, 0x0,

    /* U+1F640 "🙀" */
    0x0, 0xab, 0x30, 0x0, 0x0, 0x0, 0x5, 0xa7,
    0x0, 0x5, 0x51, 0xb1, 0x0, 0x0, 0x0, 0x29,
    0xa, 0x0, 0x8, 0x1c, 0x2b, 0x8c, 0xcc, 0xc8,
    0xa3, 0xa6, 0x30, 0x9, 0xe, 0xc0, 0x6f, 0x97,
    0xf5, 0x1e, 0xa5, 0x40, 0x7, 0x2b, 0x40, 0xc,
    0x75, 0xc0, 0x6, 0x87, 0x20, 0x4, 0x51, 0x4a,
    0xa3, 0x0, 0x3a, 0xa3, 0x19, 0x0, 0x0, 0x90,
    0xa0, 0x9, 0x0, 0x90, 0x9, 0x9, 0x0, 0x6d,
    0x90, 0x85, 0x66, 0x44, 0x75, 0x67, 0xe, 0xa3,
    0x26, 0xd1, 0x6, 0x40, 0xcd, 0x5, 0x60, 0x3f,
    0x12, 0x6d, 0xf2, 0xa8, 0xa0, 0x69, 0x1b, 0x8a,
    0x4f, 0x84, 0x2, 0xf8, 0x40, 0x55, 0xab, 0x63,
    0x6, 0x7f, 0x0, 0x59, 0xd5, 0x50, 0x46, 0xff,
    0x73, 0x6, 0x6c, 0x92, 0x0, 0x2d, 0x60, 0x74,
    0xff, 0x46, 0x8, 0xb0, 0x0, 0x0, 0x7, 0x80,
    0xa0, 0x65, 0xa, 0xa, 0x30, 0x0, 0x0, 0x8,
    0x20, 0xf7, 0x66, 0x8f, 0x4, 0x50, 0x0, 0x0,
    0x2, 0x0, 0x22, 0x33, 0x22, 0x0, 0x20, 0x0,

    /* U+1F641 "🙁" */
    0x0, 0x0, 0x2, 0x79, 0x97, 0x30, 0x0, 0x0,
    0x0, 0x0, 0x3a, 0x72, 0x0, 0x27, 0xa3, 0x0,
    0x0, 0x0, 0x59, 0x0, 0x0, 0x0, 0x0, 0x86,
    0x0, 0x0, 0x48, 0x0, 0x0, 0x0, 0x0, 0x0,
    0x75, 0x0, 0xa, 0x0, 0x0, 0x0, 0x0, 0x0,
    0x0, 0xa0, 0x6, 0x40, 0x1, 0x50, 0x0, 0x3,
    0x30, 0x3, 0x70, 0xa0, 0x0, 0xaf, 0x20, 0x0,
    0xee, 0x0, 0xa, 0xa, 0x0, 0x6, 0xc0, 0x0,
    0xa, 0xa0, 0x0, 0x90, 0xa0, 0x0, 0x0, 0x0,
    0x0, 0x0, 0x0, 0x9, 0xa, 0x0, 0x0, 0x0,
    0x0, 0x0, 0x0, 0x0, 0x90, 0xa0, 0x0, 0x0,
    0x0, 0x0, 0x0, 0x0, 0xa, 0x6, 0x40, 0x0,
    0x5a, 0xa9, 0xa7, 0x0, 0x3, 0x70, 0xa, 0x0,
    0x35, 0x0, 0x0, 0x25, 0x0, 0xa1, 0x0, 0x48,
    0x0, 0x0, 0x0, 0x0, 0x0, 0x75, 0x0, 0x0,
    0x59, 0x0, 0x0, 0x0, 0x0, 0x76, 0x0, 0x0,
    0x0, 0x3a, 0x72, 0x0, 0x26, 0xa4, 0x0, 0x0,
    0x0, 0x0, 0x3, 0x79, 0x98, 0x30, 0x0, 0x0,
    0x0,

    /* U+1F642 "🙂" */
    0x0, 0x0, 0x2, 0x79, 0x97, 0x30, 0x0, 0x0,
    0x0, 0x0, 0x3a, 0x72, 0x0, 0x27, 0xa3, 0x0,
    0x0, 0x0, 0x59, 0x0, 0x0, 0x0, 0x0, 0x86,
    0x0, 0x0, 0x48, 0x0, 0x0, 0x0, 0x0, 0x0,
    0x75, 0x0, 0xa, 0x0, 0x0, 0x0, 0x0, 0x0,
    0x0, 0xa0, 0x6, 0x40, 0x1, 0x50, 0x0, 0x3,
    0x30, 0x3, 0x70, 0xa0, 0x0, 0xaf, 0x20, 0x0,
    0xee, 0x0, 0xa, 0xa, 0x0, 0x6, 0xc0, 0x0,
    0xa, 0xa0, 0x0, 0x90, 0xa0, 0x0, 0x0, 0x0,
    0x0, 0x0, 0x0, 0x9, 0xa, 0x0, 0x0, 0x0,
    0x0, 0x0, 0x0, 0x0, 0x90, 0xa0, 0x0, 0x0,
    0x0, 0x0, 0x0, 0x0, 0xa, 0x6, 0x40, 0x3,
    0xa4, 0x0, 0x38, 0x60, 0x3, 0x70, 0xa, 0x0,
    0x0, 0x69, 0x97, 0x20, 0x0, 0xa1, 0x0, 0x48,
    0x0, 0x0, 0x0, 0x0, 0x0, 0x75, 0x0, 0x0,
    0x59, 0x0, 0x0, 0x0, 0x0, 0x76, 0x0, 0x0,
    0x0, 0x3a, 0x72, 0x0, 0x26, 0xa4, 0x0, 0x0,
    0x0, 0x0, 0x3, 0x79, 0x98, 0x30, 0x0, 0x0,
    0x0,

    /* U+1F643 "🙃" */
    0x0, 0x0, 0x2, 0x79, 0x97, 0x30, 0x0, 0x0,
    0x0, 0x0, 0x3a, 0x72, 0x0, 0x27, 0xa3, 0x0,
    0x0, 0x0, 0x59, 0x0, 0x0, 0x0, 0x0, 0x86,
    0x0, 0x0, 0x48, 0x0, 0x0, 0x0, 0x0, 0x0,
    0x75, 0x0, 0xa, 0x0, 0x0, 0x59, 0x97, 0x20,
    0x0, 0xa0, 0x6, 0x40, 0x3, 0xa4, 0x0, 0x39,
    0x60, 0x3, 0x70, 0xa0, 0x0, 0x0, 0x0, 0x0,
    0x0, 0x0, 0xa, 0xa, 0x0, 0x0, 0x0, 0x0,
    0x0, 0x0, 0x0, 0x90, 0xa0, 0x0, 0x0, 0x0,
    0x0, 0x0, 0x0, 0x9, 0xa, 0x0, 0x6, 0xb0,
    0x0, 0x9, 0x90, 0x0, 0x90, 0xa0, 0x0, 0xaf,
    0x20, 0x0, 0xee, 0x0, 0xa, 0x6, 0x40, 0x2,
    0x60, 0x0, 0x4, 0x40, 0x3, 0x70, 0xa, 0x0,
    0x0, 0x0, 0x0, 0x0, 0x0, 0xa1, 0x0, 0x48,
    0x0, 0x0, 0x0, 0x0, 0x0, 0x75, 0x0, 0x0,
    0x59, 0x0, 0x0, 0x0, 0x0, 0x77, 0x0, 0x0,
    0x0, 0x3a, 0x72, 0x0, 0x26, 0xa4, 0x0, 0x0,
    0x0, 0x0, 0x3, 0x79, 0x98, 0x30, 0x0, 0x0,
    0x0,

    /* U+1F644 "🙄" */
    0x0, 0x0, 0x2, 0x79, 0x97, 0x30, 0x0, 0x0,
    0x0, 0x0, 0x3a, 0x72, 0x0, 0x27, 0xa3, 0x0,
    0x0, 0x0, 0x59, 0x0, 0x0, 0x0, 0x0, 0x86,
    0x0, 0x0, 0x48, 0x0, 0x0, 0x0, 0x0, 0x0,
    0x75, 0x0, 0xa, 0x0, 0x0, 0x0, 0x0, 0x0,
    0x0, 0xa0, 0x6, 0x40, 0x1e, 0xf3, 0x0, 0xd,
    0xf5, 0x3, 0x70, 0xa0, 0xa, 0xdf, 0xa1, 0xa,
    0xdf, 0xb4, 0xa, 0xa, 0x0, 0x92, 0x35, 0x50,
    0x91, 0x41, 0x90, 0x90, 0xa0, 0xb, 0x0, 0x92,
    0xb, 0x0, 0x56, 0x9, 0xa, 0x0, 0x2a, 0xa5,
    0x0, 0x2a, 0xa7, 0x0, 0x90, 0xa0, 0x0, 0x0,
    0x0, 0x0, 0x0, 0x0, 0xa, 0x6, 0x40, 0x0,
    0x0, 0x0, 0x0, 0x0, 0x3, 0x70, 0xa, 0x0,
    0x0, 0x0, 0x0, 0x0, 0x0, 0xa1, 0x0, 0x48,
    0x0, 0x8, 0xaa, 0xa0, 0x0, 0x75, 0x0, 0x0,
    0x59, 0x0, 0x0, 0x0, 0x0, 0x76, 0x0, 0x0,
    0x0, 0x3a, 0x72, 0x0, 0x26, 0xa4, 0x0, 0x0,
    0x0, 0x0, 0x3, 0x79, 0x98, 0x30, 0x0, 0x0,
    0x0,

    /* U+1F64C "🙌" */
    0x0, 0x0, 0x0, 0x0, 0x1, 0x60, 0x0, 0x0,
    0x0, 0x0, 0x0, 0x0, 0x0, 0x13, 0x2, 0x70,
    0x4, 0x0, 0x0, 0x0, 0x0, 0x0, 0x0, 0xa,
    0x12, 0x70, 0x92, 0x0, 0x0, 0x0, 0x0, 0x0,
    0x64, 0x1, 0x40, 0x1, 0x40, 0x18, 0x20, 0x0,
    0x0, 0x19, 0xdd, 0x60, 0x0, 0x0, 0x3, 0xd6,
    0xf7, 0x0, 0x3, 0xf4, 0xaa, 0x91, 0x0, 0x0,
    0xa, 0x84, 0xad, 0x80, 0xa, 0x83, 0xa9, 0x81,
    0x0, 0x0, 0xa, 0x64, 0xaa, 0x83, 0xa, 0x73,
    0xa9, 0x81, 0x0, 0x0, 0xa, 0x64, 0xa9, 0x55,
    0xa, 0x75, 0xca, 0x81, 0x0, 0x0, 0xa, 0x69,
    0xba, 0x46, 0xa, 0x67, 0x21, 0x89, 0x95, 0x29,
    0x9b, 0x2, 0x4b, 0x37, 0xa, 0x0, 0x8, 0xb5,
    0x67, 0x3a, 0x3a, 0x93, 0x0, 0x28, 0xa, 0x0,
    0x83, 0x4, 0x70, 0x2, 0x90, 0x9, 0x20, 0x18,
    0xa, 0x0, 0x10, 0x9, 0x10, 0x0, 0xa0, 0x0,
    0x0, 0x54, 0x4, 0x70, 0x0, 0x76, 0x0, 0x0,
    0x2b, 0x0, 0x0, 0xb0, 0x0, 0xa0, 0x0, 0xa0,
    0x0, 0x0, 0x6, 0x40, 0x1, 0x80, 0x0, 0xa0,
    0x0, 0xa0, 0x0, 0x0, 0x5, 0x40, 0x0, 0x90,
    0x0, 0x50, 0x0, 0x60, 0x0, 0x0, 0x3, 0x20,
    0x0, 0x60,

    /* U+1F64F "🙏" */
    0x0, 0x0, 0x0, 0x1a, 0xe8, 0x0, 0x0, 0x0,
    0x0, 0x0, 0x0, 0x8, 0xbf, 0xf1, 0x0, 0x0,
    0x0, 0x0, 0x0, 0x0, 0xc4, 0xfb, 0x40, 0x0,
    0x0, 0x0, 0x0, 0x0, 0xe, 0xaf, 0xe6, 0x0,
    0x0, 0x0, 0x0, 0x0, 0x0, 0xe1, 0xf4, 0x90,
    0x0, 0x0, 0x0, 0x0, 0x0, 0xa, 0xf, 0x9,
    0x0, 0x0, 0x0, 0x0, 0x0, 0x1, 0x80, 0xf0,
    0xa0, 0x0, 0x0, 0x0, 0x0, 0x0, 0x64, 0xf,
    0x9, 0x0, 0x0, 0x0, 0x0, 0x0, 0x9, 0x0,
    0xf0, 0x54, 0x0, 0x0, 0x0, 0x0, 0x0, 0xa0,
    0xf, 0x2, 0x70, 0x0, 0x0, 0x0, 0x3a, 0xf5,
    0x0, 0xf0, 0xa, 0xf8, 0x10, 0x2, 0xa7, 0xa,
    0x0, 0xf, 0x0, 0x46, 0x29, 0x90, 0x0, 0x0,
    0x46, 0x7, 0xf3, 0xa, 0x0, 0x0, 0x0, 0x0,
    0x0, 0x9b, 0x70, 0xda, 0x40, 0x0, 0x0, 0x0,
    0x0, 0x0, 0xd9, 0xf, 0x60, 0x0, 0x0, 0x0,
    0x0, 0x0, 0x1a, 0x40, 0x88, 0x0, 0x0, 0x0,
    0x0, 0x0, 0x5, 0x10, 0x0, 0x42, 0x0, 0x0,
    0x0,

    /* U+1F680 "🚀" */
    0x0, 0x0, 0x0, 0x0, 0x0, 0x3, 0x9a, 0x98,
    0x0, 0x0, 0x0, 0x0, 0x0, 0xab, 0x10, 0xa,
    0x0, 0x0, 0x0, 0x0, 0x3b, 0x39, 0x0, 0xa,
    0x0, 0x0, 0x0, 0x5, 0x90, 0x6, 0x60, 0x38,
    0x0, 0x0, 0x0, 0x59, 0x6, 0x80, 0x6a, 0xd1,
    0x0, 0x0, 0x3, 0x90, 0x2f, 0xf5, 0x5, 0x70,
    0x0, 0x36, 0x9f, 0x40, 0xd, 0xe2, 0x2a, 0x0,
    0x7, 0x72, 0x84, 0xa0, 0x0, 0x1, 0xb1, 0x0,
    0x76, 0x6, 0xc0, 0x59, 0x0, 0x1b, 0x10, 0x0,
    0x5a, 0xa7, 0xf0, 0x3, 0xa7, 0xa1, 0x0, 0x0,
    0x0, 0x1e, 0xfc, 0x0, 0x7e, 0x0, 0x0, 0x0,
    0x2, 0xa2, 0xbf, 0xfc, 0x48, 0x0, 0x0, 0x0,
    0x9, 0x10, 0x6a, 0x83, 0x26, 0x0, 0x0, 0x0,
    0xd, 0x96, 0x90, 0xa0, 0x73, 0x0, 0x0, 0x0,
    0x1, 0x64, 0x0, 0x96, 0x70, 0x0, 0x0, 0x0,
    0x0, 0x0, 0x0, 0x37, 0x0, 0x0, 0x0, 0x0,

    /* U+1F681 "🚁" */
    0x0, 0x0, 0x0, 0x6, 0xd1, 0x0, 0x0, 0x0,
    0x0, 0x0, 0x39, 0x99, 0x9b, 0xff, 0xff, 0xfb,
    0x99, 0x99, 0x10, 0x0, 0x0, 0x5, 0xa8, 0x30,
    0xa0, 0x49, 0xa4, 0x0, 0x0, 0x0, 0x0, 0x0,
    0x0, 0x1b, 0xfa, 0x99, 0x0, 0x0, 0x9, 0xa6,
    0x0, 0x0, 0x0, 0x2f, 0xe1, 0x6, 0x50, 0x0,
    0x28, 0x73, 0x0, 0x0, 0x6, 0xac, 0xb9, 0x99,
    0xd9, 0x99, 0xb2, 0xa0, 0x0, 0x4, 0xea, 0x45,
    0x37, 0x14, 0x0, 0x0, 0x11, 0x90, 0x0, 0x3f,
    0xf4, 0xb8, 0x8f, 0x40, 0x4, 0x99, 0x73, 0x70,
    0x2, 0xc9, 0x90, 0xa4, 0x6a, 0x30, 0x49, 0x0,
    0x82, 0xa0, 0x8, 0x11, 0x70, 0x0, 0x0, 0x1,
    0xa0, 0x0, 0x3b, 0xc0, 0x5, 0x71, 0x30, 0x0,
    0x0, 0x3a, 0x10, 0x0, 0x0, 0x0, 0x0, 0x4a,
    0xab, 0xb9, 0x9f, 0x70, 0x0, 0x0, 0x0, 0x0,
    0x0, 0x0, 0x8, 0x20, 0x6, 0x30, 0x0, 0x0,
    0x0, 0x0, 0x0, 0x20, 0xa, 0x0, 0x2, 0x80,
    0x0, 0x0, 0x0, 0x0, 0x0, 0x79, 0xad, 0x99,
    0x99, 0xe9, 0x80, 0x0, 0x0, 0x0,

    /* U+1F68C "🚌" */
    0x0, 0x0, 0x0, 0x6, 0xaa, 0xaa, 0x20, 0x0,
    0x0, 0x0, 0x2b, 0xef, 0xd7, 0xff, 0xff, 0xfc,
    0x77, 0x77, 0x20, 0xf, 0xfe, 0xef, 0xff, 0xee,
    0xef, 0xfe, 0xee, 0xff, 0x2, 0xf2, 0x0, 0xa1,
    0xa0, 0x0, 0x19, 0x0, 0x2, 0xf1, 0x4f, 0x0,
    0xa, 0xa, 0x0, 0x1, 0x90, 0x0, 0x1f, 0x26,
    0xf0, 0x0, 0xa0, 0xa0, 0x0, 0x19, 0x0, 0x1,
    0xf2, 0x9f, 0x11, 0x1a, 0xd, 0xaa, 0xaa, 0xca,
    0xaa, 0xbf, 0x3c, 0xa8, 0x88, 0xa0, 0xa0, 0x0,
    0x0, 0x0, 0x13, 0x63, 0xcb, 0x0, 0xa, 0xa,
    0x0, 0x0, 0x0, 0x1, 0x3f, 0x4f, 0xb3, 0xa6,
    0xd9, 0xa0, 0x0, 0x0, 0x5a, 0x42, 0xc4, 0xc8,
    0xf2, 0xff, 0xff, 0x88, 0x88, 0x9d, 0x3f, 0x8b,
    0x41, 0x4f, 0x1d, 0x64, 0x44, 0x44, 0x45, 0xb2,
    0xf4, 0x30, 0x0, 0x4c, 0x70, 0x0, 0x0, 0x0,
    0x7, 0xc3, 0x0, 0x0,

    /* U+1F68E "🚎" */
    0x6b, 0xbb, 0xbb, 0xbb, 0xbb, 0xbb, 0xbd, 0xfb,
    0x40, 0x0, 0x0, 0x0, 0x0, 0x0, 0x8, 0x81,
    0x0, 0x0, 0x0, 0x0, 0x0, 0x0, 0xa, 0x30,
    0x0, 0x0, 0x0, 0x0, 0x0, 0x0, 0x6f, 0x20,
    0x0, 0x0, 0x0, 0x5, 0x83, 0xe, 0xff, 0xfb,
    0x0, 0x0, 0x0, 0xb, 0x52, 0x8a, 0xff, 0xff,
    0xea, 0xaa, 0xb2, 0x5e, 0xff, 0xc9, 0x99, 0x99,
    0x99, 0x99, 0x9c, 0x58, 0xbf, 0x41, 0x93, 0x1a,
    0x31, 0x2a, 0x16, 0xf5, 0x8d, 0xe0, 0x8, 0x10,
    0x90, 0x0, 0x90, 0x4f, 0x50, 0xfd, 0x0, 0x81,
    0x9, 0x10, 0xa, 0x4, 0xf5, 0xf, 0xfb, 0xbb,
    0xaa, 0xaa, 0xaa, 0xaa, 0xae, 0x52, 0xa3, 0x33,
    0x79, 0x99, 0x99, 0x99, 0x99, 0xd8, 0x3f, 0x99,
    0x63, 0x11, 0x11, 0x11, 0x11, 0x15, 0x65, 0x40,
    0x0, 0x0, 0x0, 0x0, 0x0, 0x0, 0x36, 0x63,
    0xab, 0x90, 0x0, 0x0, 0x0, 0x8b, 0x73, 0x61,
    0x7e, 0x1e, 0x88, 0x88, 0x88, 0x89, 0x2f, 0x71,
    0x0, 0x4a, 0x40, 0x0, 0x0, 0x0, 0x4a, 0x30,
    0x0,

    /* U+1F690 "🚐" */
    0x0, 0x0, 0x4, 0x99, 0x99, 0x99, 0x99, 0x99,
    0x96, 0x0, 0x0, 0x0, 0xa, 0x0, 0x0, 0x0,
    0x0, 0x0, 0xa, 0x0, 0x0, 0x0, 0xa, 0x0,
    0x0, 0x0, 0x0, 0x0, 0x6, 0x30, 0x0, 0x0,
    0x29, 0x29, 0x91, 0x99, 0x99, 0x99, 0x43, 0x70,
    0x0, 0x0, 0x91, 0x90, 0x92, 0x70, 0x0, 0x0,
    0x90, 0xa0, 0x0, 0x3, 0x83, 0x50, 0x92, 0x70,
    0x0, 0x0, 0x90, 0xa0, 0x0, 0x3b, 0x1b, 0x99,
    0xd2, 0xc9, 0x99, 0x99, 0xd0, 0x90, 0x8, 0x71,
    0x0, 0x0, 0x0, 0x0, 0x0, 0x0, 0x0, 0x73,
    0xe, 0x94, 0x0, 0x0, 0x0, 0x0, 0x0, 0x0,
    0x1, 0xd5, 0x28, 0x3f, 0xaa, 0xaa, 0xaa, 0xaa,
    0xaa, 0xaa, 0xaf, 0x57, 0x3e, 0x87, 0x77, 0x77,
    0x77, 0x77, 0x77, 0x77, 0x7c, 0x29, 0x4f, 0xff,
    0xfb, 0x33, 0x33, 0x33, 0x33, 0xbf, 0xff, 0xfc,
    0x2f, 0xf6, 0x1f, 0xff, 0xff, 0xff, 0xff, 0xf2,
    0x4f, 0xf6, 0x0, 0x84, 0xc, 0x0, 0x0, 0x0,
    0x0, 0xb1, 0x3a, 0x0, 0x0, 0x1a, 0xb4, 0x0,
    0x0, 0x0, 0x0, 0x3b, 0xb1, 0x0,

    /* U+1F691 "🚑" */
    0x0, 0x0, 0x0, 0x0, 0x99, 0x93, 0x0, 0x0,
    0x0, 0x0, 0x0, 0x0, 0x0, 0x27, 0xff, 0xfe,
    0x88, 0x88, 0x87, 0x30, 0x0, 0x0, 0x0, 0xa9,
    0x22, 0x22, 0x22, 0x22, 0x22, 0xb0, 0x0, 0x0,
    0x1, 0xfd, 0xaa, 0xaa, 0xaa, 0xaa, 0xaa, 0xc0,
    0x0, 0x0, 0x9, 0x41, 0x22, 0x11, 0x11, 0x31,
    0x11, 0xb0, 0x0, 0x0, 0x39, 0x2a, 0x9a, 0x60,
    0x12, 0xd2, 0x30, 0x91, 0x0, 0x0, 0xb1, 0x80,
    0x2, 0x70, 0x3e, 0xff, 0x80, 0x64, 0x0, 0x6,
    0x64, 0x62, 0x25, 0x70, 0x3d, 0xff, 0x70, 0x36,
    0x0, 0x69, 0x4, 0x66, 0x66, 0x20, 0x13, 0xd2,
    0x40, 0x27, 0x4, 0xf8, 0x90, 0x0, 0x0, 0x0,
    0x0, 0x20, 0x0, 0x18, 0x7, 0x20, 0xff, 0xff,
    0xff, 0xff, 0xff, 0xff, 0xff, 0xfe, 0x7, 0xcd,
    0xeb, 0xbb, 0xbb, 0xbb, 0xbb, 0xbb, 0xbb, 0xbd,
    0x1f, 0xa8, 0x87, 0x20, 0x0, 0x0, 0x0, 0x5,
    0x78, 0x99, 0x3f, 0xff, 0xff, 0xf5, 0x0, 0x0,
    0x0, 0xbf, 0xff, 0xf9, 0x9, 0xbf, 0x33, 0xfd,
    0xaa, 0xaa, 0xaa, 0xff, 0xd, 0xc3, 0x0, 0xa,
    0x33, 0xa0, 0x0, 0x0, 0x0, 0x3a, 0xb, 0x10,
    0x0, 0x1, 0xaa, 0x10, 0x0, 0x0, 0x0, 0x7,
    0xb5, 0x0,

    /* U+1F692 "🚒" */
    0x0, 0x0, 0x0, 0x7, 0x99, 0x99, 0x99, 0x99,
    0x96, 0x0, 0x0, 0x0, 0x0, 0x9, 0x46, 0x66,
    0x66, 0x62, 0x9, 0x0, 0x0, 0x0, 0x22, 0x19,
    0x67, 0x95, 0xb2, 0x87, 0x9, 0x0, 0x0, 0x6,
    0x78, 0x99, 0xb9, 0xba, 0xac, 0x67, 0x9, 0x0,
    0x0, 0x19, 0xff, 0xee, 0x55, 0x55, 0x55, 0x53,
    0x9, 0x0, 0x0, 0x75, 0x44, 0x45, 0x4c, 0x44,
    0x44, 0x4a, 0x6e, 0x10, 0x0, 0x98, 0x26, 0x88,
    0x18, 0x0, 0x0, 0x1, 0x34, 0x70, 0x0, 0x83,
    0x79, 0x3, 0x48, 0x0, 0x0, 0x0, 0x2, 0x70,
    0x0, 0x83, 0x79, 0x25, 0x48, 0x0, 0x0, 0x0,
    0x2, 0x70, 0x2, 0xf8, 0x15, 0x66, 0x18, 0x0,
    0x0, 0x0, 0x2, 0x70, 0xc, 0x90, 0x0, 0x0,
    0x8, 0x0, 0x99, 0x99, 0x9b, 0x70, 0x8, 0x80,
    0x0, 0x0, 0x8, 0x7, 0x40, 0x0, 0x2, 0x70,
    0x1f, 0xf5, 0x0, 0x0, 0x9, 0x29, 0x0, 0x0,
    0x2, 0xb4, 0x49, 0x4b, 0x4c, 0xff, 0x9f, 0x90,
    0x6, 0xcc, 0x30, 0x3a, 0x49, 0x5e, 0xf0, 0xc,
    0x6c, 0x55, 0x6e, 0x1, 0xf5, 0x5a, 0x3, 0x33,
    0xe3, 0x1d, 0x43, 0x33, 0x4e, 0x13, 0xd3, 0x32,
    0x0, 0x0, 0x1a, 0xa3, 0x0, 0x0, 0x3, 0xa9,
    0x10, 0x0,

    /* U+1F693 "🚓" */
    0x0, 0x0, 0x0, 0x7, 0x16, 0x66, 0x62, 0x61,
    0x0, 0x0, 0x0, 0x0, 0x0, 0x0, 0x6, 0x6,
    0x6, 0x0, 0x0, 0x0, 0x0, 0x0, 0x0, 0x8,
    0x29, 0x96, 0xc2, 0x71, 0x0, 0x0, 0x0, 0x0,
    0x0, 0x6, 0x9c, 0xa9, 0xd9, 0x60, 0x0, 0x0,
    0x0, 0x0, 0x0, 0xa4, 0x48, 0x99, 0x84, 0x4a,
    0x0, 0x0, 0x0, 0x0, 0xa, 0x3b, 0x61, 0x9,
    0x5, 0x82, 0xa0, 0x0, 0x0, 0x25, 0xa4, 0xb3,
    0x0, 0x9, 0x0, 0x47, 0x5a, 0x40, 0xa, 0x84,
    0x7, 0xc9, 0x99, 0x9b, 0x99, 0xa3, 0x0, 0x66,
    0x4c, 0x83, 0x0, 0x0, 0x0, 0x0, 0x0, 0x0,
    0x8, 0x8d, 0x55, 0x3f, 0xff, 0xff, 0xfd, 0xab,
    0xff, 0xff, 0xff, 0xa, 0x5f, 0xff, 0xff, 0xff,
    0xf8, 0x0, 0xef, 0xff, 0xff, 0xcc, 0x6f, 0xff,
    0xbb, 0xff, 0xfd, 0x25, 0xff, 0xfa, 0xef, 0xfc,
    0x3f, 0xff, 0x0, 0xff, 0xff, 0xff, 0xff, 0xf0,
    0xf, 0xf5, 0x0, 0xb, 0x11, 0xb0, 0x0, 0x0,
    0x0, 0xb0, 0x1b, 0x0, 0x0, 0x2, 0xbb, 0x20,
    0x0, 0x0, 0x0, 0x2b, 0xb2, 0x0,

    /* U+1F695 "🚕" */
    0x0, 0x0, 0x0, 0x0, 0x0, 0x0, 0x0, 0x0,
    0x0, 0x0, 0x0, 0x0, 0x0, 0x0, 0x4, 0xff,
    0xf9, 0x0, 0x0, 0x0, 0x0, 0x0, 0x0, 0x0,
    0x4f, 0xff, 0xff, 0x30, 0x0, 0x0, 0x0, 0x0,
    0x0, 0x2b, 0x51, 0x0, 0x2, 0x79, 0x10, 0x0,
    0x0, 0x0, 0x1, 0xb1, 0x7a, 0x9d, 0x9a, 0x42,
    0xb0, 0x0, 0x0, 0x0, 0xa, 0x2a, 0x40, 0x8,
    0x0, 0x76, 0x4a, 0x10, 0x3, 0x8a, 0xa4, 0x47,
    0x0, 0x8, 0x0, 0xb, 0x4, 0xd4, 0x29, 0x10,
    0x0, 0x18, 0x88, 0x88, 0x88, 0x84, 0x0, 0x1a,
    0x5c, 0xb2, 0x0, 0x0, 0x40, 0x60, 0x60, 0x0,
    0x0, 0xbf, 0x5a, 0xa0, 0x0, 0x5, 0x79, 0x69,
    0x68, 0x0, 0x0, 0x7e, 0x55, 0x1, 0xab, 0x92,
    0x13, 0x3, 0x3, 0x3b, 0xb4, 0xa, 0x54, 0xa,
    0x20, 0x66, 0x0, 0x0, 0x0, 0xb0, 0xc, 0x9,
    0x2a, 0x9f, 0x20, 0x6f, 0x99, 0x99, 0x99, 0xf0,
    0xf, 0xa4, 0x0, 0x1, 0xbb, 0x90, 0x0, 0x0,
    0x0, 0x3c, 0xc4, 0x0,

    /* U+1F697 "🚗" */
    0x0, 0x0, 0x0, 0x0, 0x23, 0x33, 0x10, 0x0,
    0x0, 0x0, 0x0, 0x0, 0x5, 0xa7, 0x66, 0x68,
    0xa3, 0x0, 0x0, 0x0, 0x0, 0x6, 0x85, 0xaa,
    0xb9, 0x93, 0xa3, 0x0, 0x0, 0x0, 0x6, 0x88,
    0x70, 0xa, 0x0, 0x94, 0x95, 0x0, 0x0, 0x6a,
    0x63, 0xd9, 0x99, 0xc9, 0x9a, 0x40, 0x8c, 0x2,
    0xfc, 0x0, 0x0, 0x0, 0x0, 0x0, 0x0, 0x9,
    0xa1, 0x92, 0xa0, 0x0, 0x0, 0x0, 0x0, 0x0,
    0x0, 0xa9, 0x1c, 0x85, 0x0, 0x0, 0x0, 0x0,
    0x0, 0x0, 0x2, 0xf1, 0xc0, 0x6, 0xb7, 0x0,
    0x0, 0x0, 0x6, 0xb8, 0x9, 0x16, 0x66, 0xa0,
    0x78, 0x11, 0x11, 0x16, 0x90, 0x78, 0xa1, 0x4,
    0xc7, 0x4, 0xf7, 0x77, 0x77, 0xe6, 0x3, 0xe5,
    0x0, 0x0, 0xbb, 0xb1, 0x0, 0x0, 0x0, 0xbb,
    0xc1, 0x0, 0x0, 0x0, 0x10, 0x0, 0x0, 0x0,
    0x0, 0x10, 0x0, 0x0,

    /* U+1F698 "🚘" */
    0x0, 0x0, 0x0, 0x0, 0x0, 0x0, 0x0, 0x0,
    0x0, 0x0, 0x0, 0x0, 0x7, 0xaa, 0xa9, 0x99,
    0x99, 0x92, 0x0, 0x0, 0x0, 0x0, 0x47, 0x0,
    0x0, 0x0, 0x0, 0x9, 0x0, 0x0, 0x0, 0x0,
    0xa0, 0x78, 0x10, 0x0, 0x78, 0x17, 0x10, 0x0,
    0x0, 0x1, 0xb2, 0xff, 0x81, 0x13, 0xff, 0x83,
    0x70, 0x0, 0xc, 0xb7, 0xff, 0xff, 0xff, 0xff,
    0xff, 0xff, 0xf5, 0xe3, 0x8, 0x9f, 0x56, 0x78,
    0x89, 0x98, 0x88, 0x75, 0x9c, 0x93, 0x0, 0x38,
    0x88, 0x80, 0x0, 0x0, 0x5, 0x88, 0x59, 0x0,
    0x0, 0x91, 0x90, 0x80, 0x0, 0x0, 0x8, 0x1,
    0x88, 0x0, 0x0, 0xa0, 0x69, 0x91, 0x56, 0x65,
    0x36, 0x99, 0x15, 0x40, 0x0, 0xa0, 0x0, 0x8,
    0xff, 0xff, 0xd0, 0x0, 0x3, 0x50, 0x0, 0xb0,
    0x0, 0x2, 0xff, 0xff, 0x70, 0x0, 0x5, 0x50,
    0x0, 0xc8, 0x88, 0x88, 0x77, 0x77, 0x78, 0x88,
    0x8b, 0x30, 0x0, 0x8b, 0x32, 0x0, 0x11, 0x11,
    0x0, 0x12, 0x5f, 0x0, 0x0, 0x5f, 0xf7, 0x99,
    0x99, 0x99, 0x99, 0x89, 0xfd, 0x0, 0x0, 0x4f,
    0xb0, 0x0, 0x0, 0x0, 0x0, 0x2, 0xfc, 0x0,
    0x0, 0x1, 0x0, 0x0, 0x0, 0x0, 0x0, 0x0,
    0x10, 0x0,

    /* U+1F699 "🚙" */
    0x0, 0x0, 0x0, 0x0, 0x6a, 0xaa, 0xaa, 0xaa,
    0xa6, 0x0, 0x0, 0x0, 0x0, 0x6, 0x70, 0x0,
    0x0, 0x0, 0xa, 0x0, 0x0, 0x0, 0x0, 0x49,
    0x2a, 0x99, 0xb8, 0xaa, 0x7a, 0x0, 0x0, 0x0,
    0x2, 0xa2, 0xa0, 0x0, 0x98, 0x10, 0x98, 0x10,
    0x0, 0x23, 0x5a, 0x2c, 0x33, 0x33, 0xa8, 0x43,
    0xa8, 0x80, 0x9, 0x76, 0x51, 0x36, 0x66, 0x66,
    0x43, 0x66, 0x49, 0xf5, 0xd, 0x93, 0x0, 0x0,
    0x0, 0x0, 0x0, 0x0, 0xf, 0xf7, 0xb, 0x92,
    0x0, 0x0, 0x0, 0x0, 0x0, 0x0, 0xc, 0xf8,
    0xb, 0x11, 0x66, 0x10, 0x0, 0x0, 0x6, 0xa9,
    0x21, 0xf3, 0xc, 0x4f, 0xff, 0xf2, 0x0, 0x0,
    0x8f, 0xff, 0xf3, 0xb0, 0x3f, 0xff, 0x0, 0xff,
    0xff, 0xff, 0xff, 0x1, 0xff, 0xf0, 0x2, 0x2c,
    0x22, 0xb2, 0x22, 0x22, 0x2b, 0x14, 0xa2, 0x20,
    0x0, 0x1, 0x99, 0x10, 0x0, 0x0, 0x3, 0x98,
    0x0, 0x0,

    /* U+1F6A2 "🚢" */
    0x0, 0x0, 0x0, 0x7, 0x97, 0x0, 0x0, 0x0,
    0x0, 0x0, 0x0, 0x0, 0xb, 0x8b, 0x4, 0x96,
    0x0, 0x0, 0x0, 0x0, 0x0, 0xc, 0xfc, 0xa,
    0x5b, 0x0, 0x0, 0x0, 0x0, 0x0, 0xd, 0xfd,
    0xa, 0xfe, 0x0, 0x0, 0x0, 0x6, 0xa9, 0x9b,
    0xfc, 0x9f, 0xff, 0x52, 0x0, 0x0, 0x8, 0xa9,
    0x99, 0xe3, 0x31, 0x2, 0x4c, 0x0, 0x0, 0x9,
    0x0, 0x0, 0xa0, 0x24, 0x54, 0x4a, 0x0, 0x0,
    0xf, 0x99, 0x9b, 0xe3, 0x32, 0x0, 0xa, 0x0,
    0x0, 0x19, 0x0, 0x6, 0x40, 0x14, 0x74, 0x3b,
    0x40, 0x0, 0x8c, 0x99, 0x9f, 0x65, 0x42, 0x12,
    0x3, 0xb0, 0x59, 0xfa, 0xaa, 0x9f, 0x86, 0x54,
    0x22, 0x43, 0xb0, 0x8f, 0xff, 0xff, 0xff, 0xff,
    0xff, 0xff, 0xda, 0xe3, 0x68, 0x22, 0x23, 0x34,
    0x45, 0x68, 0x9b, 0xef, 0xfc, 0x3f, 0xff, 0xff,
    0xfe, 0xed, 0xba, 0x87, 0x54, 0x8b, 0xd, 0xff,
    0xff, 0xff, 0xff, 0xff, 0xff, 0xff, 0xf9, 0x4,
    0xff, 0xff, 0xff, 0xff, 0xff, 0xff, 0xff, 0xf4,
    0x0, 0x4c, 0xde, 0xee, 0xee, 0xee, 0xee, 0xed,
    0x80,

    /* U+1F6A8 "🚨" */
    0x0, 0x0, 0x38, 0xbc, 0xcb, 0x95, 0x0, 0x0,
    0x0, 0x6, 0xef, 0xff, 0xaf, 0xff, 0xa0, 0x0,
    0x0, 0xe, 0x9d, 0xfe, 0x8f, 0xf7, 0xf3, 0x0,
    0x0, 0x2f, 0xf4, 0xdc, 0x6f, 0x5c, 0xf7, 0x0,
    0x0, 0x6f, 0xfc, 0x26, 0x35, 0x6f, 0xfb, 0x0,
    0x0, 0x9b, 0xaa, 0x10, 0x0, 0x8a, 0xad, 0x0,
    0x0, 0xbe, 0x81, 0x0, 0x0, 0x6, 0xdf, 0x0,
    0x0, 0xef, 0xfb, 0x0, 0x0, 0x5f, 0xff, 0x30,
    0x0, 0xff, 0x90, 0x10, 0x0, 0x15, 0xff, 0x40,
    0x1, 0xf7, 0x7e, 0x73, 0x72, 0xfa, 0x6d, 0x60,
    0x2, 0xff, 0xff, 0x3d, 0xf3, 0xdf, 0xfe, 0x70,
    0x4, 0xff, 0xfe, 0x7f, 0xfc, 0x9f, 0xff, 0xa0,
    0xc, 0xff, 0xfb, 0xff, 0xff, 0xaf, 0xff, 0xd5,
    0x36, 0x4, 0x68, 0x99, 0x99, 0x87, 0x51, 0x18,
    0x54, 0x0, 0x0, 0x0, 0x0, 0x0, 0x0, 0xa,
    0x1a, 0x85, 0x21, 0x0, 0x0, 0x2, 0x47, 0xa4,
    0x0, 0x15, 0x78, 0x9a, 0xa9, 0x97, 0x53, 0x0,

    /* U+1F6A9 "🚩" */
    0x82, 0x68, 0x96, 0x10, 0x0, 0x0, 0x0, 0x0,
    0xc, 0x83, 0x10, 0x39, 0x70, 0x0, 0x39, 0x9c,
    0x80, 0x92, 0x0, 0x0, 0x5, 0xa9, 0xa7, 0x7,
    0x80, 0x7, 0x40, 0x0, 0x0, 0x0, 0x0, 0x6,
    0x70, 0x0, 0x56, 0x0, 0x0, 0x0, 0x0, 0x4,
    0x80, 0x0, 0x3, 0x80, 0x0, 0x0, 0x0, 0x4,
    0x90, 0x0, 0x0, 0x1a, 0x0, 0x0, 0x0, 0x8,
    0x80, 0x0, 0x0, 0x0, 0xc0, 0x0, 0x3, 0x8a,
    0x30, 0x0, 0x0, 0x0, 0xc, 0x4, 0x9a, 0x62,
    0x0, 0x0, 0x0, 0x0, 0x0, 0xcb, 0x70, 0x0,
    0x0, 0x0, 0x0, 0x0, 0x0, 0x9, 0x50, 0x0,
    0x0, 0x0, 0x0, 0x0, 0x0, 0x0, 0x75, 0x0,
    0x0, 0x0, 0x0, 0x0, 0x0, 0x0, 0x5, 0x70,
    0x0, 0x0, 0x0, 0x0, 0x0, 0x0, 0x0, 0x39,
    0x0, 0x0, 0x0, 0x0, 0x0, 0x0, 0x0, 0x1,
    0xb0, 0x0, 0x0, 0x0, 0x0, 0x0, 0x0, 0x0,
    0xc, 0x0, 0x0, 0x0, 0x0, 0x0, 0x0, 0x0,
    0x0, 0x30, 0x0, 0x0, 0x0, 0x0, 0x0, 0x0,
    0x0,

    /* U+1F6AB "🚫" */
    0x0, 0x0, 0x3, 0x79, 0x97, 0x30, 0x0, 0x0,
    0x0, 0x0, 0x3b, 0x83, 0x0, 0x27, 0xb4, 0x0,
    0x0, 0x0, 0x6a, 0x0, 0x0, 0x0, 0x0, 0x96,
    0x0, 0x0, 0x4d, 0xb0, 0x0, 0x0, 0x0, 0x0,
    0x85, 0x0, 0xb, 0x5, 0xb0, 0x0, 0x0, 0x0,
    0x0, 0xb0, 0x6, 0x50, 0x5, 0xb0, 0x0, 0x0,
    0x0, 0x3, 0x70, 0xa0, 0x0, 0x5, 0xa0, 0x0,
    0x0, 0x0, 0xa, 0xa, 0x0, 0x0, 0x5, 0xa0,
    0x0, 0x0, 0x0, 0xa0, 0xa0, 0x0, 0x0, 0x6,
    0xa0, 0x0, 0x0, 0x9, 0xa, 0x0, 0x0, 0x0,
    0x6, 0xa0, 0x0, 0x0, 0xa0, 0xa0, 0x0, 0x0,
    0x0, 0x6, 0x90, 0x0, 0xa, 0x6, 0x50, 0x0,
    0x0, 0x0, 0x6, 0x90, 0x3, 0x70, 0xb, 0x0,
    0x0, 0x0, 0x0, 0x7, 0x90, 0xb0, 0x0, 0x39,
    0x0, 0x0, 0x0, 0x0, 0x7, 0xf5, 0x0, 0x0,
    0x5a, 0x0, 0x0, 0x0, 0x0, 0x98, 0x0, 0x0,
    0x0, 0x3b, 0x72, 0x0, 0x27, 0xb4, 0x0, 0x0,
    0x0, 0x0, 0x3, 0x79, 0x98, 0x30, 0x0, 0x0,
    0x0,

    /* U+1F6B2 "🚲" */
    0x0, 0x29, 0xaa, 0xa7, 0x0, 0x0, 0x0, 0x0,
    0x0, 0x0, 0xa, 0x0, 0x54, 0x70, 0x8, 0xdb,
    0xa0, 0x0, 0x0, 0x0, 0xb2, 0x8, 0x54, 0x0,
    0xd, 0xf3, 0x0, 0x0, 0x0, 0x1, 0x10, 0x84,
    0x88, 0x88, 0x39, 0x0, 0x0, 0x0, 0x0, 0x0,
    0x35, 0xb7, 0x77, 0xb3, 0x72, 0x0, 0x0, 0x0,
    0x19, 0xee, 0x65, 0xa0, 0x9, 0x86, 0xcc, 0xa3,
    0x0, 0x2f, 0x78, 0xbf, 0xe4, 0xa5, 0x49, 0xf7,
    0x58, 0xf4, 0xa, 0xa5, 0x88, 0xbf, 0xa4, 0xd4,
    0xdc, 0x79, 0x62, 0xd0, 0xf1, 0x7f, 0xd3, 0xd5,
    0xcb, 0xff, 0x7c, 0xcc, 0x6f, 0x2f, 0x37, 0xbb,
    0x2d, 0x45, 0xfe, 0xe8, 0xaf, 0xa3, 0xc2, 0xa9,
    0x56, 0x27, 0xe3, 0xf1, 0x9, 0x75, 0x34, 0x6f,
    0x2, 0xf7, 0x84, 0xf6, 0x2a, 0x0, 0x1e, 0xe2,
    0xbe, 0x40, 0x1, 0x9f, 0xa3, 0x0, 0x0, 0x0,
    0x19, 0xcc, 0x30, 0x0,

    /* U+1F6B4 "🚴" */
    0x0, 0x0, 0x4, 0x76, 0x0, 0x0, 0x0, 0x0,
    0x0, 0x0, 0x44, 0x2, 0x80, 0x0, 0x0, 0x0,
    0x0, 0x0, 0x60, 0x1, 0xa2, 0x0, 0x0, 0x0,
    0x0, 0x0, 0xbf, 0xfd, 0xf1, 0x0, 0x0, 0x0,
    0x0, 0x0, 0x1d, 0xf9, 0xfe, 0x40, 0x0, 0x0,
    0x0, 0x0, 0x0, 0xbf, 0xff, 0xf3, 0x0, 0x0,
    0x0, 0x0, 0x1b, 0xfb, 0xff, 0xf9, 0x0, 0x0,
    0x0, 0xf, 0xff, 0x40, 0xaf, 0xff, 0x50, 0x0,
    0x0, 0x7, 0x8a, 0x87, 0xff, 0xf5, 0x90, 0x0,
    0x0, 0x7, 0x14, 0x59, 0xfe, 0xc6, 0x10, 0x0,
    0x0, 0x8, 0x75, 0x8f, 0xf6, 0x47, 0x0, 0x0,
    0x5, 0xba, 0xdc, 0x6e, 0xfa, 0x98, 0xea, 0x50,
    0x39, 0x35, 0xab, 0xaf, 0xf9, 0xc7, 0x81, 0x94,
    0x82, 0x76, 0x3a, 0x4f, 0xf8, 0x66, 0x55, 0x9,
    0x73, 0x27, 0xa, 0x57, 0x6a, 0xe4, 0x40, 0x28,
    0x1b, 0x20, 0x86, 0x15, 0x51, 0x67, 0x2, 0xb1,
    0x1, 0x89, 0x40, 0x0, 0x0, 0x4, 0x98, 0x10,

    /* U+1F6E0 "🛠" */
    0x0, 0x0, 0x0, 0x5, 0x88, 0x40, 0x17, 0x95,
    0x0, 0x0, 0x0, 0x3, 0xb4, 0x48, 0x61, 0xb3,
    0x1c, 0x20, 0x0, 0x0, 0x59, 0x8, 0x50, 0x9,
    0x10, 0xb3, 0x0, 0x0, 0x4, 0x80, 0x7, 0x50,
    0xa, 0x0, 0xa0, 0x37, 0x0, 0x7, 0x10, 0x5,
    0x70, 0xa, 0x0, 0x7a, 0x8a, 0x7, 0x9a, 0x0,
    0x8f, 0xb1, 0x1b, 0x10, 0x1, 0x84, 0x74, 0x0,
    0x97, 0xe3, 0x2c, 0xb2, 0x4a, 0x9a, 0x50, 0x65,
    0x0, 0xa0, 0xa, 0x4b, 0x12, 0xa0, 0x0, 0x0,
    0xa, 0x36, 0x60, 0x5, 0xf0, 0x1c, 0x0, 0x0,
    0x0, 0x0, 0x75, 0x0, 0x59, 0x0, 0xa6, 0x80,
    0x0, 0x0, 0x0, 0x0, 0x6, 0x80, 0x9, 0x70,
    0x57, 0x0, 0x0, 0x0, 0x0, 0x77, 0x0, 0x65,
    0x92, 0x7, 0x60, 0x0, 0x0, 0x9, 0x50, 0x4,
    0x80, 0xa, 0x10, 0x85, 0x0, 0x0, 0x84, 0x0,
    0x2a, 0x0, 0x1, 0xa0, 0x9, 0x40, 0x0, 0xa3,
    0xc0, 0xa0, 0x0, 0x0, 0x39, 0x0, 0xb0, 0x0,
    0x91, 0x1a, 0x20, 0x0, 0x0, 0x5, 0x73, 0xa0,
    0x0, 0x19, 0x82, 0x0, 0x0, 0x0, 0x0, 0x68,
    0x0,

    /* U+1F6E5 "🛥" */
    0x0, 0x0, 0x0, 0x0, 0x2, 0x31, 0x0, 0x0,
    0x0, 0x0, 0x0, 0x0, 0x0, 0x0, 0xa, 0xce,
    0x90, 0x0, 0x0, 0x0, 0x0, 0x0, 0x0, 0x0,
    0x1c, 0xbc, 0x53, 0x20, 0x0, 0x0, 0x2, 0x0,
    0x0, 0x0, 0xa3, 0x86, 0x48, 0xb2, 0x0, 0x0,
    0x1c, 0x8d, 0x9d, 0x5, 0x60, 0x97, 0xe2, 0xa0,
    0x0, 0x0, 0x1f, 0x9f, 0x8f, 0x8f, 0x57, 0x84,
    0x30, 0x91, 0x0, 0x0, 0xa, 0x11, 0x11, 0x23,
    0x46, 0x78, 0x99, 0xdd, 0x62, 0x0, 0x4, 0xd7,
    0x78, 0x88, 0x88, 0x88, 0x75, 0x33, 0x4d, 0xa5,
    0x0, 0x85, 0x0, 0x0, 0x0, 0x0, 0x13, 0x47,
    0x8f, 0xfa, 0x0, 0x8, 0x70, 0x0, 0x0, 0x0,
    0x0, 0x0, 0x4, 0xf4, 0x0, 0x0, 0x39, 0x99,
    0x99, 0x99, 0x99, 0x99, 0x98, 0xf5, 0x0, 0x0,
    0x0, 0x0, 0x0, 0x0, 0x0, 0x0, 0x0, 0xd0,
    0x0, 0x0, 0x0, 0x0, 0x0, 0x0, 0x0, 0x0,
    0x0, 0x0,

    /* U+1F6F4 "🛴" */
    0x0, 0x0, 0x31, 0x58, 0x0, 0x0, 0x0, 0x0,
    0x0, 0x66, 0xc4, 0xff, 0xf1, 0x0, 0x0, 0x0,
    0x0, 0x1f, 0xed, 0x3a, 0x44, 0x0, 0x0, 0x0,
    0x0, 0x0, 0x10, 0x87, 0x0, 0x0, 0x0, 0x0,
    0x0, 0x0, 0x0, 0x8, 0x70, 0x0, 0x0, 0x0,
    0x0, 0x0, 0x0, 0x2, 0xde, 0x0, 0x0, 0x0,
    0x0, 0x0, 0x0, 0x0, 0x61, 0xa0, 0x0, 0x0,
    0x0, 0x0, 0x0, 0x0, 0x7, 0x27, 0x0, 0x0,
    0x0, 0x0, 0x0, 0x0, 0x0, 0x75, 0x40, 0x0,
    0x0, 0x0, 0x0, 0x0, 0x0, 0x7, 0x82, 0x0,
    0x0, 0x0, 0x0, 0x0, 0x0, 0x2, 0x53, 0x80,
    0x0, 0x0, 0x0, 0x0, 0x0, 0x0, 0x52, 0x56,
    0x50, 0x0, 0x0, 0x8, 0x88, 0x80, 0x9, 0x1c,
    0x59, 0x20, 0x0, 0x8, 0x25, 0x8b, 0x4, 0xf3,
    0xda, 0x3c, 0x87, 0x77, 0xca, 0xfa, 0x10, 0xba,
    0x8f, 0x4d, 0x26, 0x67, 0x77, 0x9b, 0x8a, 0x9,
    0x95, 0xc0, 0x49, 0x88, 0x88, 0x8d, 0xd5, 0xa0,
    0x8, 0xa3, 0x0, 0x0, 0x0, 0x0, 0x1a, 0x91,
    0x0,

    /* U+1F6F5 "🛵" */
    0x0, 0x0, 0x0, 0x2, 0x40, 0x0, 0x0, 0x0,
    0x0, 0x0, 0x0, 0x0, 0xa, 0x90, 0x0, 0x0,
    0x0, 0x0, 0x0, 0x0, 0x49, 0x9b, 0x10, 0x0,
    0x0, 0x0, 0x0, 0x0, 0x0, 0x5a, 0xc, 0xb9,
    0x10, 0x0, 0x0, 0x0, 0x0, 0x0, 0x38, 0xbc,
    0x32, 0x0, 0x0, 0x0, 0x0, 0x0, 0x0, 0x4b,
    0xbd, 0x0, 0x0, 0x0, 0x0, 0x0, 0x0, 0x0,
    0xa0, 0x63, 0x0, 0x0, 0x3, 0x41, 0x0, 0x0,
    0x6, 0x30, 0x90, 0x7, 0x88, 0xcf, 0xf9, 0x0,
    0x0, 0xa, 0x0, 0xa0, 0xf, 0xff, 0xff, 0xfc,
    0x10, 0x0, 0x9, 0x0, 0xa0, 0x4, 0x50, 0x0,
    0xc, 0xb0, 0x3, 0xa5, 0x0, 0xa0, 0x1, 0x90,
    0x0, 0x2, 0xa0, 0x1e, 0x94, 0x0, 0xb5, 0x4,
    0x90, 0x0, 0x0, 0x91, 0x1f, 0xcf, 0xf1, 0x4f,
    0xff, 0x60, 0x1, 0x22, 0x65, 0x83, 0x6a, 0xc9,
    0x13, 0x43, 0x6, 0xf9, 0xc8, 0xe3, 0x91, 0x84,
    0xb0, 0x89, 0xaa, 0xa7, 0xb4, 0x91, 0xa0, 0x49,
    0x14, 0xa0, 0x0, 0x0, 0x0, 0x95, 0x19, 0x40,
    0x4, 0xa8, 0x0, 0x0, 0x0, 0x0, 0x8, 0xa5,
    0x0,

    /* U+1F6F8 "🛸" */
    0x0, 0x0, 0x0, 0x0, 0x0, 0x0, 0x0, 0x0,
    0x0, 0x0, 0x0, 0x0, 0x8a, 0x9a, 0x50, 0x0,
    0x0, 0x0, 0x0, 0x0, 0x83, 0x7, 0x78, 0x50,
    0x0, 0x0, 0x13, 0x57, 0x9e, 0x85, 0x93, 0xa,
    0x0, 0x0, 0xfe, 0x64, 0x10, 0x3e, 0xff, 0xa2,
    0xa0, 0x0, 0x8, 0x8a, 0x40, 0x0, 0x7, 0xcf,
    0xff, 0x0, 0x0, 0x29, 0x7, 0xb5, 0x0, 0x0,
    0x1, 0x84, 0x0, 0x0, 0x84, 0x4, 0x6a, 0x83,
    0x0, 0x0, 0x83, 0x0, 0x0, 0xa3, 0x61, 0x4,
    0x7a, 0x94, 0x0, 0x91, 0x0, 0x0, 0x98, 0x1,
    0x90, 0x5, 0x59, 0xaa, 0xf0, 0x0, 0x0, 0x3a,
    0x83, 0x1, 0x80, 0x2, 0xa7, 0x0, 0x0, 0x0,
    0x1, 0x7a, 0xa9, 0x9a, 0x71, 0x0, 0x0, 0x0,
    0x0, 0x0, 0x0, 0x0, 0x0, 0x0, 0x0,

    /* U+1F90C "🤌" */
    0x0, 0x0, 0x0, 0x0, 0x1, 0x65, 0x0, 0x0,
    0x0, 0x0, 0x0, 0x3, 0xbd, 0x67, 0x0, 0x0,
    0x0, 0x0, 0x9, 0xbf, 0x58, 0x68, 0x0, 0x0,
    0x0, 0x2, 0x88, 0x48, 0x66, 0x66, 0x0, 0x0,
    0x0, 0x91, 0x63, 0x91, 0x82, 0xa0, 0x0, 0x0,
    0x66, 0x8, 0xa2, 0x81, 0x8a, 0x0, 0x0, 0x39,
    0x0, 0xaa, 0xa, 0x9, 0xa0, 0x0, 0xa, 0x1,
    0xec, 0xf1, 0x63, 0x4f, 0x0, 0x7, 0x30, 0x14,
    0x8, 0x53, 0x50, 0xf0, 0x0, 0xa0, 0x0, 0x7a,
    0xa9, 0x0, 0x27, 0x0, 0x45, 0x1, 0xa3, 0x0,
    0x0, 0x7, 0x30, 0x9, 0x10, 0x92, 0x0, 0x0,
    0x3, 0x90, 0x7, 0x60, 0x3, 0x0, 0x0, 0x5,
    0xa0, 0x0, 0x60, 0x0, 0x0, 0x0, 0x2a, 0x70,
    0x0, 0x0, 0x0, 0x0, 0x4, 0xa8, 0x10, 0x0,
    0x0, 0x0, 0x0, 0x8, 0x70, 0x0, 0x0, 0x0,
    0x0, 0x0, 0x0, 0x50, 0x0, 0x0, 0x0, 0x0,

    /* U+1F90D "🤍" */
    0x0, 0x16, 0x98, 0x40, 0x0, 0x2, 0x79, 0x82,
    0x0, 0x3, 0xa3, 0x1, 0x6a, 0x10, 0x79, 0x20,
    0x29, 0x60, 0xa, 0x0, 0x0, 0x2, 0xa6, 0x50,
    0x0, 0x0, 0x84, 0x64, 0x0, 0x0, 0x0, 0x49,
    0x0, 0x0, 0x0, 0xa, 0x90, 0x0, 0x0, 0x0,
    0x1, 0x0, 0x0, 0x0, 0xa, 0x90, 0x0, 0x0,
    0x0, 0x0, 0x0, 0x0, 0x0, 0xa, 0x72, 0x0,
    0x0, 0x0, 0x0, 0x0, 0x0, 0x0, 0xa, 0x28,
    0x0, 0x0, 0x0, 0x0, 0x0, 0x0, 0x0, 0x37,
    0xa, 0x10, 0x0, 0x0, 0x0, 0x0, 0x0, 0x0,
    0xa1, 0x2, 0x90, 0x0, 0x0, 0x0, 0x0, 0x0,
    0x4, 0x70, 0x0, 0x66, 0x0, 0x0, 0x0, 0x0,
    0x0, 0x2a, 0x0, 0x0, 0x9, 0x40, 0x0, 0x0,
    0x0, 0x1, 0xa1, 0x0, 0x0, 0x0, 0x94, 0x0,
    0x0, 0x0, 0x1a, 0x10, 0x0, 0x0, 0x0, 0x8,
    0x50, 0x0, 0x1, 0xa1, 0x0, 0x0, 0x0, 0x0,
    0x0, 0x77, 0x0, 0x3a, 0x0, 0x0, 0x0, 0x0,
    0x0, 0x0, 0x5, 0x96, 0x80, 0x0, 0x0, 0x0,
    0x0, 0x0, 0x0, 0x0, 0x25, 0x0, 0x0, 0x0,
    0x0,

    /* U+1F90E "🤎" */
    0x0, 0x16, 0xaa, 0x30, 0x0, 0x2, 0x7c, 0x82,
    0x0, 0x3, 0xe9, 0x9, 0xaa, 0x10, 0x7f, 0x35,
    0x99, 0x60, 0xf, 0x8c, 0xe7, 0xee, 0xda, 0xe9,
    0xf8, 0xbf, 0xf4, 0x66, 0x80, 0x37, 0x6, 0xaa,
    0x82, 0x8, 0x12, 0x8a, 0xfa, 0x8f, 0x8a, 0xf7,
    0xcf, 0x7f, 0xa8, 0xf9, 0x9f, 0x98, 0x30, 0x81,
    0x28, 0x4, 0x60, 0x73, 0x8, 0x2a, 0x9a, 0xeb,
    0x8f, 0x99, 0xf8, 0xaf, 0x7e, 0xb7, 0xef, 0x2f,
    0x6, 0x40, 0x82, 0x18, 0x12, 0x80, 0x55, 0x38,
    0xf, 0xf7, 0xcd, 0x7f, 0xa8, 0xf9, 0x9f, 0x8c,
    0xf1, 0x2, 0xc8, 0x4, 0x60, 0x74, 0x8, 0x21,
    0x85, 0x70, 0x0, 0x7f, 0xf8, 0xbe, 0x7d, 0xc7,
    0xfa, 0xaf, 0x0, 0x0, 0x9, 0x59, 0x12, 0x80,
    0x55, 0x8, 0xd1, 0x0, 0x0, 0x0, 0xac, 0xf9,
    0x9f, 0x7c, 0xfe, 0x10, 0x0, 0x0, 0x0, 0x8,
    0x58, 0x21, 0x82, 0xd1, 0x0, 0x0, 0x0, 0x0,
    0x0, 0x7e, 0xfa, 0xbf, 0x0, 0x0, 0x0, 0x0,
    0x0, 0x0, 0x5, 0x9d, 0x90, 0x0, 0x0, 0x0,
    0x0, 0x0, 0x0, 0x0, 0x25, 0x0, 0x0, 0x0,
    0x0,

    /* U+1F90F "🤏" */
    0x0, 0x0, 0x0, 0x0, 0xaa, 0xa6, 0x0, 0x0,
    0x0, 0x0, 0x0, 0x48, 0x6d, 0x52, 0x7a, 0xc2,
    0x0, 0x0, 0x0, 0x18, 0x50, 0x9, 0x1a, 0x24,
    0x9f, 0x60, 0x0, 0x8, 0x71, 0x1, 0x5b, 0x9,
    0x0, 0x0, 0x76, 0x0, 0x82, 0x0, 0x2c, 0xab,
    0x18, 0x6, 0x99, 0x67, 0x40, 0x59, 0x6a, 0x91,
    0x4d, 0x19, 0xa, 0x0, 0x0, 0xa0, 0x4, 0x83,
    0x0, 0x4, 0xde, 0x9, 0x0, 0x0, 0x54, 0x49,
    0x57, 0xa6, 0x15, 0x69, 0x5d, 0x1a, 0x70, 0x28,
    0x39, 0x10, 0x3, 0x76, 0x0, 0x4b, 0x12, 0x90,
    0x9, 0x2, 0x98, 0x10, 0x0, 0x0, 0x6, 0xf8,
    0x10, 0x9, 0x0, 0x1, 0xa1, 0x0, 0x0, 0x39,
    0x0, 0x0, 0x46, 0x0, 0x0, 0x1a, 0x0, 0x0,
    0x40, 0x0, 0x0, 0xa1, 0x0, 0x0, 0x3, 0xa0,
    0x0, 0x0, 0x0, 0x5, 0x60, 0x0, 0x0, 0x0,
    0x3a, 0x20, 0x0, 0x0, 0x88, 0x0, 0x0, 0x0,
    0x0, 0x1, 0x8a, 0x99, 0xa9, 0x30, 0x0, 0x0,
    0x0, 0x0, 0x0, 0x0, 0x0, 0x0, 0x0, 0x0,

    /* U+1F914 "🤔" */
    0x0, 0x0, 0xc, 0xea, 0xa9, 0x82, 0x0, 0x0,
    0x0, 0x0, 0x2a, 0x76, 0xb1, 0x2, 0x8a, 0x10,
    0x0, 0x0, 0x4a, 0x1, 0x10, 0x4, 0x86, 0x3a,
    0x20, 0x0, 0x2a, 0x0, 0xec, 0x0, 0x11, 0x36,
    0xb, 0x10, 0xa, 0x10, 0xe, 0xc0, 0x0, 0xb7,
    0x0, 0x29, 0x2, 0x70, 0x0, 0x10, 0x0, 0x1f,
    0xc0, 0x0, 0x91, 0x72, 0x0, 0x0, 0x0, 0x0,
    0x53, 0x0, 0x4, 0x69, 0x0, 0x0, 0x0, 0x0,
    0x0, 0x0, 0x0, 0x18, 0xa0, 0x0, 0x6, 0x99,
    0xa9, 0x10, 0x0, 0x0, 0x9e, 0x60, 0x0, 0x0,
    0x0, 0x24, 0x0, 0x0, 0x18, 0x94, 0x60, 0x49,
    0x9a, 0x70, 0x0, 0x0, 0x5, 0x58, 0x8, 0x96,
    0x2, 0x75, 0x0, 0x0, 0x0, 0xa0, 0x62, 0x0,
    0x1d, 0x60, 0x0, 0x0, 0x0, 0x37, 0x7, 0x10,
    0x2, 0x47, 0x0, 0x0, 0x0, 0x1b, 0x0, 0x62,
    0x0, 0x7, 0x80, 0x0, 0x0, 0x3b, 0x10, 0x2,
    0x80, 0x0, 0x6c, 0x10, 0x15, 0xa8, 0x0, 0x0,
    0x5, 0x98, 0x98, 0x68, 0x98, 0x50, 0x0, 0x0,
    0x0,

    /* U+1F918 "🤘" */
    0x0, 0x0, 0x0, 0x0, 0x3, 0x93, 0x0, 0x0,
    0x0, 0x0, 0x0, 0xa1, 0xa0, 0x0, 0x0, 0x0,
    0x0, 0x28, 0xa, 0x2, 0xab, 0x30, 0x0, 0x3,
    0x60, 0xa0, 0x81, 0x9, 0x0, 0x0, 0x54, 0xa,
    0x7, 0x20, 0xa0, 0x0, 0x7, 0x20, 0x90, 0x54,
    0xe, 0xab, 0xca, 0xf1, 0x18, 0x4, 0x50, 0xf0,
    0x2b, 0xb, 0x3, 0x60, 0x27, 0xf, 0x2, 0xe6,
    0xf4, 0x54, 0x0, 0x80, 0x8a, 0x84, 0x33, 0x6f,
    0x40, 0x9, 0x4, 0xf0, 0x0, 0x0, 0x38, 0x0,
    0x90, 0x7, 0xa9, 0x82, 0x0, 0xa0, 0x9, 0x0,
    0x0, 0x9, 0xe2, 0x9, 0x0, 0x81, 0x0, 0x0,
    0x90, 0x4, 0x60, 0x1, 0x90, 0x0, 0x0, 0x0,
    0xa0, 0x0, 0x4, 0xa3, 0x0, 0x15, 0xa2, 0x0,
    0x0, 0x1, 0x69, 0x98, 0x40, 0x0, 0x0,

    /* U+1F919 "🤙" */
    0x0, 0x0, 0x0, 0x8a, 0x40, 0x0, 0x0, 0x0,
    0x0, 0x0, 0x0, 0xa0, 0xa0, 0x0, 0x0, 0x0,
    0x0, 0x0, 0x0, 0xa0, 0x90, 0x0, 0x0, 0x0,
    0x0, 0x0, 0x2, 0x80, 0xa0, 0x0, 0x0, 0x0,
    0x0, 0x0, 0x1a, 0x1, 0x80, 0x0, 0x0, 0x0,
    0x0, 0x4, 0xa1, 0x4, 0xa9, 0x98, 0x10, 0x0,
    0x13, 0x68, 0x0, 0x0, 0x0, 0x1, 0x93, 0x0,
    0xa6, 0x40, 0x0, 0x0, 0x0, 0x76, 0x1a, 0x0,
    0xa0, 0x0, 0x0, 0x0, 0x0, 0x3, 0x8b, 0x0,
    0xa0, 0x0, 0x0, 0x0, 0x0, 0x0, 0x7, 0x20,
    0xa0, 0x0, 0x0, 0x0, 0x0, 0x8a, 0x9b, 0x10,
    0xa0, 0x0, 0x0, 0x0, 0x0, 0x0, 0xa, 0x0,
    0xa2, 0x20, 0x0, 0x0, 0x0, 0x0, 0x2a, 0x0,
    0x47, 0x8a, 0x40, 0x0, 0x0, 0x8e, 0xc2, 0x0,
    0x0, 0x0, 0x5a, 0x94, 0x0, 0x0, 0x49, 0x81,
    0x0, 0x0, 0x0, 0x16, 0x9a, 0x85, 0x20, 0x1a,
    0x0, 0x0, 0x0, 0x0, 0x0, 0x25, 0x79, 0x94,

    /* U+1F91D "🤝" */
    0x1a, 0x60, 0x0, 0x0, 0x0, 0x0, 0x0, 0x27,
    0xa5, 0x72, 0x4a, 0x98, 0x9b, 0xfd, 0xaa, 0xa9,
    0x73, 0xa, 0x90, 0x0, 0x1, 0x6b, 0x30, 0x0,
    0x0, 0x0, 0xa, 0xa0, 0x0, 0x7, 0x60, 0x0,
    0x20, 0x0, 0x0, 0xa, 0x90, 0x0, 0x7, 0x43,
    0xaa, 0x9b, 0x10, 0x0, 0xa, 0x72, 0x0, 0x0,
    0x66, 0x10, 0x1, 0xa0, 0x0, 0xa, 0x29, 0x0,
    0x0, 0x0, 0x0, 0x0, 0x29, 0x0, 0x56, 0x5,
    0xb9, 0x63, 0x0, 0x0, 0x3, 0x2, 0x88, 0x80,
    0x0, 0xb2, 0xe6, 0xe7, 0x0, 0x4, 0x80, 0x49,
    0x0, 0x0, 0x2f, 0x43, 0x98, 0x40, 0xa1, 0x59,
    0x67, 0x0, 0x0, 0x4, 0xdc, 0x1c, 0xc8, 0x1a,
    0x6a, 0x50, 0x0, 0x0, 0x0, 0x1b, 0xd9, 0xf4,
    0xb8, 0x93, 0x0, 0x0, 0x0, 0x0, 0x0, 0x3,
    0x29, 0x82, 0x0, 0x0, 0x0,

    /* U+1F91E "🤞" */
    0x0, 0x0, 0x0, 0x59, 0x28, 0x91, 0x0, 0x0,
    0x2, 0x91, 0xf4, 0x28, 0x0, 0x0, 0x2, 0x70,
    0x82, 0x28, 0x0, 0x0, 0x0, 0xa0, 0x37, 0x73,
    0x0, 0x0, 0x0, 0x82, 0xa, 0xa0, 0x0, 0x0,
    0x0, 0x37, 0xa, 0xa0, 0x0, 0x3, 0xbb, 0x4f,
    0x4, 0x80, 0x9, 0x9f, 0x10, 0xef, 0x20, 0xa0,
    0x18, 0x8, 0x20, 0xf5, 0x80, 0x90, 0x18, 0x6,
    0x8a, 0xd9, 0xba, 0xe5, 0xf, 0x5c, 0xf0, 0x0,
    0x0, 0x2a, 0xa, 0x31, 0x69, 0x98, 0x30, 0xa,
    0x9, 0x0, 0x0, 0x6, 0xf4, 0x9, 0x5, 0x40,
    0x0, 0xa, 0x0, 0x9, 0x0, 0xa0, 0x0, 0x1,
    0x0, 0x74, 0x0, 0x3b, 0x40, 0x0, 0x39, 0x50,
    0x0, 0x0, 0x69, 0x99, 0x61, 0x0,

    /* U+1F920 "🤠" */
    0x0, 0x0, 0x1, 0x87, 0x69, 0x40, 0x0, 0x0,
    0x0, 0x0, 0x1, 0xa1, 0x24, 0x8, 0x50, 0x0,
    0x0, 0x0, 0x0, 0x92, 0x0, 0x0, 0xa, 0x0,
    0x0, 0x9, 0xca, 0x8f, 0xca, 0x99, 0xab, 0xfc,
    0x9b, 0xe0, 0xbd, 0x13, 0x67, 0x8a, 0xa9, 0x87,
    0x41, 0x9f, 0xa, 0xfe, 0x40, 0x0, 0x0, 0x0,
    0x2, 0xbf, 0xf0, 0x8f, 0xfa, 0xa5, 0x20, 0x1,
    0x49, 0x9f, 0xfc, 0x2, 0xfc, 0x0, 0x48, 0x99,
    0x86, 0x10, 0x7f, 0x70, 0xa, 0x60, 0xb, 0x50,
    0x1, 0xe1, 0x1, 0xe1, 0x0, 0x63, 0x0, 0xe8,
    0x0, 0x3f, 0x30, 0xa, 0x0, 0x7, 0x30, 0x5,
    0x20, 0x0, 0x70, 0x0, 0xa0, 0x0, 0x45, 0x2,
    0x20, 0x0, 0x1, 0x30, 0x19, 0x0, 0x0, 0xa0,
    0x87, 0x76, 0x66, 0x79, 0x16, 0x50, 0x0, 0x7,
    0x44, 0xff, 0xff, 0xff, 0x81, 0xb0, 0x0, 0x0,
    0xa, 0x33, 0xbf, 0xfc, 0x51, 0xb2, 0x0, 0x0,
    0x0, 0x8, 0x93, 0x0, 0x27, 0xa1, 0x0, 0x0,
    0x0, 0x0, 0x1, 0x69, 0x98, 0x30, 0x0, 0x0,
    0x0,

    /* U+1F921 "🤡" */
    0x0, 0x0, 0x3, 0x2, 0x45, 0x30, 0x22, 0x0,
    0x0, 0x0, 0x2b, 0xbe, 0xff, 0x75, 0x46, 0xef,
    0xfa, 0xc5, 0x0, 0x1e, 0xff, 0xff, 0xd0, 0x0,
    0x8, 0xff, 0xff, 0xf4, 0x4, 0xff, 0xff, 0xd4,
    0x0, 0x0, 0x1a, 0xff, 0xff, 0x90, 0x8f, 0xff,
    0xf2, 0x0, 0x0, 0x0, 0xd, 0xff, 0xfd, 0xc,
    0xff, 0xd4, 0x13, 0x0, 0x0, 0x22, 0x2b, 0xff,
    0xf1, 0x4f, 0xe3, 0xa, 0xf2, 0x0, 0xd, 0xf0,
    0xb, 0xf8, 0x0, 0xa0, 0x0, 0x6c, 0x17, 0x91,
    0x8a, 0x0, 0x6, 0x30, 0xa, 0x0, 0x0, 0x6,
    0xff, 0xb0, 0x0, 0x0, 0x54, 0x0, 0xa0, 0x0,
    0x0, 0x8f, 0xfd, 0x0, 0x0, 0x6, 0x30, 0xa,
    0x0, 0x0, 0x1, 0xac, 0x30, 0x0, 0x0, 0x90,
    0x0, 0x64, 0x0, 0x67, 0x31, 0x2, 0x58, 0x0,
    0x9, 0x0, 0x0, 0xa0, 0xb, 0x37, 0x99, 0x84,
    0x92, 0x7, 0x30, 0x0, 0x4, 0x80, 0x4a, 0x41,
    0x3, 0x87, 0x4, 0x80, 0x0, 0x0, 0x5, 0x90,
    0x16, 0x99, 0x72, 0x5, 0x90, 0x0, 0x0, 0x0,
    0x3, 0xa7, 0x20, 0x1, 0x5a, 0x60, 0x0, 0x0,
    0x0, 0x0, 0x0, 0x27, 0x99, 0x84, 0x0, 0x0,
    0x0, 0x0,

    /* U+1F923 "🤣" */
    0x0, 0x0, 0x2, 0x68, 0x97, 0x30, 0x0, 0x0,
    0x0, 0x0, 0x2a, 0x83, 0x10, 0x26, 0xa5, 0x0,
    0x0, 0x0, 0x5a, 0x10, 0x0, 0x0, 0x0, 0x68,
    0x0, 0x0, 0x39, 0x0, 0x0, 0x8, 0x10, 0x7a,
    0xdd, 0x20, 0xa, 0x0, 0x0, 0x0, 0x95, 0xf3,
    0x0, 0xb, 0x6, 0x40, 0x0, 0x0, 0x5c, 0x78,
    0xb3, 0x0, 0xd0, 0xa0, 0x0, 0x0, 0x0, 0x0,
    0x8, 0xfd, 0xae, 0x9, 0x0, 0x0, 0x20, 0x0,
    0x4, 0x5e, 0x70, 0x63, 0x90, 0x28, 0xab, 0x0,
    0x2, 0x6b, 0xf6, 0x5, 0x49, 0x3, 0x19, 0x30,
    0x2, 0x79, 0xff, 0x20, 0x63, 0xa0, 0x3, 0xf1,
    0x3, 0x78, 0xf8, 0x80, 0x9, 0x6, 0x30, 0xa4,
    0x97, 0x69, 0xf5, 0x61, 0x0, 0xa0, 0xa, 0x55,
    0xc, 0xac, 0xfe, 0x72, 0x0, 0x64, 0x0, 0x4f,
    0x10, 0x1f, 0xec, 0x60, 0x0, 0x39, 0x0, 0x0,
    0xb3, 0x0, 0xa0, 0x0, 0x0, 0x4a, 0x0, 0x0,
    0x1, 0xa3, 0x79, 0x0, 0x15, 0xa7, 0x0, 0x0,
    0x0, 0x1, 0x77, 0x79, 0x98, 0x40, 0x0, 0x0,
    0x0,

    /* U+1F927 "🤧" */
    0x0, 0x0, 0x0, 0x5, 0x89, 0x75, 0x0, 0x0,
    0x0, 0x0, 0x0, 0x18, 0x94, 0x10, 0x14, 0x98,
    0x0, 0x0, 0x0, 0x2, 0xa2, 0x0, 0x0, 0x0,
    0x2, 0xa2, 0x0, 0x0, 0x1a, 0x0, 0x0, 0x0,
    0x0, 0x0, 0x1a, 0x0, 0x0, 0x92, 0x0, 0x0,
    0x0, 0x0, 0x0, 0x2, 0x80, 0x1, 0x90, 0x3,
    0x0, 0x0, 0x0, 0x3, 0x0, 0x91, 0x6, 0x40,
    0x5, 0x96, 0x0, 0x6, 0x95, 0x0, 0x45, 0x8,
    0x10, 0x4, 0x99, 0x10, 0x19, 0x94, 0x0, 0x18,
    0x9, 0x0, 0x4, 0x0, 0x57, 0x10, 0x4, 0x0,
    0x9, 0x8, 0x10, 0x3, 0x8a, 0x53, 0x80, 0x0,
    0x0, 0x18, 0x6, 0x88, 0x96, 0x15, 0x0, 0x90,
    0x7, 0x40, 0x45, 0xa, 0x40, 0x4, 0xa5, 0x2,
    0x76, 0x38, 0x52, 0x91, 0x8, 0x38, 0xa6, 0x3,
    0x8, 0xa9, 0x95, 0x2, 0x80, 0x9, 0x92, 0x0,
    0x67, 0xa, 0x91, 0x0, 0x1a, 0x0, 0x7, 0x20,
    0x6, 0x80, 0x64, 0x0, 0x2, 0xa1, 0x0, 0x1,
    0xb6, 0xd6, 0x6, 0xa0, 0x14, 0x98, 0x0, 0x0,
    0x0, 0x4, 0x7a, 0xac, 0x78, 0x74, 0x0, 0x0,
    0x0,

    /* U+1F929 "🤩" */
    0x0, 0x0, 0x2, 0x79, 0x97, 0x30, 0x0, 0x0,
    0x0, 0x0, 0x3a, 0x72, 0x0, 0x27, 0xa3, 0x0,
    0x0, 0x0, 0x5b, 0x30, 0x0, 0x0, 0x0, 0xc6,
    0x0, 0x0, 0x48, 0x7d, 0x0, 0x0, 0x0, 0x3f,
    0x75, 0x0, 0xc, 0x5c, 0xff, 0xf2, 0x6, 0xff,
    0xf8, 0xd0, 0x6, 0x9e, 0xff, 0xf5, 0x0, 0xa,
    0xff, 0xfc, 0x70, 0xa0, 0xe, 0xff, 0x60, 0x0,
    0xbf, 0xf9, 0xa, 0xa, 0x0, 0xd7, 0x67, 0x0,
    0xa, 0x4a, 0x80, 0x90, 0xa0, 0x2, 0x0, 0x0,
    0x0, 0x0, 0x2, 0x9, 0xa, 0x0, 0x21, 0x0,
    0x0, 0x0, 0x2, 0x10, 0x90, 0xa0, 0xa, 0x67,
    0x66, 0x67, 0x67, 0x68, 0xa, 0x6, 0x40, 0x9f,
    0xdb, 0xaa, 0xac, 0xdf, 0x43, 0x70, 0xa, 0x0,
    0xaf, 0xfc, 0xad, 0xff, 0x60, 0xa1, 0x0, 0x48,
    0x0, 0x38, 0x77, 0x78, 0x10, 0x75, 0x0, 0x0,
    0x59, 0x0, 0x0, 0x0, 0x0, 0x76, 0x0, 0x0,
    0x0, 0x3a, 0x72, 0x0, 0x26, 0xa4, 0x0, 0x0,
    0x0, 0x0, 0x3, 0x79, 0x98, 0x30, 0x0, 0x0,
    0x0,

    /* U+1F92A "🤪" */
    0x0, 0x0, 0x2, 0x79, 0x97, 0x30, 0x0, 0x0,
    0x0, 0x0, 0x3a, 0x72, 0x0, 0x27, 0xa3, 0x0,
    0x0, 0x0, 0x59, 0x0, 0x0, 0x0, 0x0, 0x86,
    0x0, 0x0, 0x48, 0x0, 0x0, 0x1, 0x87, 0x81,
    0x75, 0x0, 0xa, 0x0, 0x0, 0x0, 0x80, 0x51,
    0x80, 0xa0, 0x6, 0x40, 0x46, 0x0, 0x7, 0x1e,
    0x37, 0x3, 0x70, 0xa0, 0x54, 0x18, 0x0, 0x80,
    0x0, 0x80, 0xa, 0xa, 0x7, 0x4b, 0x60, 0x1,
    0x88, 0x80, 0x0, 0xa0, 0xa0, 0x53, 0x18, 0x0,
    0x0, 0x0, 0x44, 0x9, 0xa, 0x0, 0x57, 0x10,
    0x0, 0x2, 0xbf, 0xb0, 0x90, 0xa0, 0x0, 0x0,
    0x0, 0x49, 0xff, 0xf9, 0xa, 0x6, 0x40, 0x4,
    0x99, 0xab, 0x18, 0xff, 0x23, 0x70, 0xb, 0x4,
    0xff, 0x0, 0x70, 0x8f, 0x70, 0xa1, 0x0, 0x3a,
    0x9, 0xf0, 0x7, 0x7, 0x90, 0x85, 0x0, 0x0,
    0x5a, 0xa, 0x0, 0x30, 0x73, 0x87, 0x0, 0x0,
    0x0, 0x2a, 0xf3, 0x0, 0xf, 0xb4, 0x0, 0x0,
    0x0, 0x0, 0x3, 0x99, 0x9a, 0x60, 0x0, 0x0,
    0x0,

    /* U+1F92B "🤫" */
    0x0, 0x0, 0x2, 0x79, 0x97, 0x30, 0x0, 0x0,
    0x0, 0x2, 0xa8, 0x30, 0x2, 0x7a, 0x40, 0x0,
    0x0, 0x4a, 0x10, 0x0, 0x0, 0x0, 0x86, 0x0,
    0x3, 0x90, 0x0, 0x0, 0x0, 0x0, 0x7, 0x50,
    0xa, 0x0, 0x0, 0x0, 0x0, 0x0, 0x0, 0xa0,
    0x46, 0x0, 0x38, 0x0, 0x0, 0x66, 0x0, 0x37,
    0x91, 0x0, 0xbf, 0x40, 0x0, 0xff, 0x0, 0xa,
    0xa0, 0x0, 0x35, 0x9, 0xa2, 0x55, 0x0, 0xa,
    0x90, 0x0, 0x0, 0x19, 0x18, 0x0, 0x0, 0x9,
    0xa0, 0x0, 0x3, 0xb7, 0x1f, 0x60, 0x0, 0x9,
    0x72, 0x0, 0x0, 0x56, 0x8d, 0x91, 0x0, 0x9,
    0x28, 0x0, 0x0, 0xa1, 0x57, 0xa8, 0x0, 0x55,
    0x9, 0x20, 0x3, 0x70, 0x42, 0x6a, 0x50, 0xa0,
    0x0, 0xa2, 0x8, 0x10, 0x2a, 0xdc, 0x6a, 0x20,
    0x0, 0xa, 0x79, 0x0, 0x3, 0x4d, 0xa2, 0x0,
    0x0, 0x0, 0x4d, 0xe0, 0x4, 0xfa, 0x0, 0x0,
    0x0, 0x0, 0x0, 0x3a, 0x99, 0x60, 0x0, 0x0,

    /* U+1F92C "🤬" */
    0x0, 0x0, 0x2, 0x79, 0x97, 0x30, 0x0, 0x0,
    0x0, 0x0, 0x3a, 0x72, 0x0, 0x27, 0xa3, 0x0,
    0x0, 0x0, 0x59, 0x0, 0x0, 0x0, 0x0, 0x86,
    0x0, 0x0, 0x48, 0x0, 0x0, 0x0, 0x0, 0x0,
    0x75, 0x0, 0xa, 0x0, 0x0, 0x0, 0x0, 0x0,
    0x0, 0xa0, 0x6, 0x40, 0x0, 0x0, 0x0, 0x0,
    0x0, 0x3, 0x70, 0xa0, 0x1, 0x98, 0x30, 0x2,
    0x7a, 0x10, 0xa, 0xa, 0x0, 0x7, 0xf4, 0x0,
    0x2f, 0x80, 0x0, 0x90, 0xa0, 0x0, 0x9f, 0x20,
    0x1, 0xfa, 0x0, 0x9, 0xa, 0x1, 0x0, 0x30,
    0x0, 0x2, 0x10, 0x0, 0x90, 0xa0, 0xcf, 0xec,
    0xb9, 0x76, 0x42, 0x10, 0xa, 0x6, 0x4d, 0xf7,
    0xfb, 0xae, 0xef, 0xef, 0xd3, 0x70, 0xa, 0xfb,
    0x3e, 0x9d, 0xae, 0x98, 0xdb, 0xa1, 0x0, 0x5f,
    0xca, 0xf9, 0xab, 0xf5, 0x8c, 0xf5, 0x0, 0x1,
    0xff, 0xff, 0xef, 0xdf, 0xac, 0xff, 0x0, 0x0,
    0x0, 0x3b, 0x96, 0x57, 0xaf, 0xff, 0x60, 0x0,
    0x0, 0x0, 0x3, 0x79, 0x98, 0x30, 0x0, 0x0,
    0x0,

    /* U+1F92D "🤭" */
    0x0, 0x0, 0x2, 0x79, 0x97, 0x30, 0x0, 0x0,
    0x0, 0x0, 0x3a, 0x72, 0x0, 0x27, 0xa3, 0x0,
    0x0, 0x0, 0x59, 0x0, 0x0, 0x0, 0x0, 0x86,
    0x0, 0x0, 0x48, 0x0, 0x0, 0x0, 0x0, 0x0,
    0x75, 0x0, 0xa, 0x0, 0x0, 0x0, 0x0, 0x0,
    0x0, 0xa0, 0x6, 0x40, 0x8, 0xa5, 0x0, 0x5a,
    0x91, 0x3, 0x70, 0xa0, 0x2, 0x30, 0x50, 0x6,
    0x1, 0x40, 0xa, 0xa, 0x0, 0x0, 0x56, 0x0,
    0x11, 0x0, 0x0, 0x90, 0xa0, 0x0, 0x36, 0x81,
    0x87, 0xa6, 0x40, 0x9, 0xa, 0x0, 0x9, 0x9,
    0x71, 0x3b, 0x28, 0x0, 0x90, 0xa0, 0x8, 0x20,
    0x0, 0x88, 0x19, 0x90, 0xa, 0x6, 0x42, 0x60,
    0x0, 0x11, 0x59, 0x39, 0x3, 0x70, 0xa, 0x71,
    0x0, 0x0, 0x23, 0x4a, 0x60, 0xa0, 0x0, 0x4f,
    0x10, 0x0, 0x0, 0x44, 0x54, 0x75, 0x0, 0x0,
    0x89, 0x0, 0x0, 0x0, 0x86, 0x86, 0x0, 0x0,
    0x0, 0x67, 0x10, 0x28, 0xb8, 0xa3, 0x0, 0x0,
    0x0, 0x0, 0x27, 0xaf, 0xa7, 0x30, 0x0, 0x0,
    0x0,

    /* U+1F92E "🤮" */
    0x0, 0x0, 0x3, 0x79, 0x98, 0x40, 0x0, 0x0,
    0x0, 0x0, 0x4b, 0x72, 0x0, 0x26, 0xb5, 0x0,
    0x0, 0x0, 0x78, 0x0, 0x0, 0x0, 0x0, 0x78,
    0x0, 0x0, 0x58, 0x0, 0x71, 0x0, 0x8, 0x10,
    0x67, 0x0, 0xb, 0x4, 0xa4, 0x0, 0x0, 0x2a,
    0x80, 0xa1, 0x6, 0x50, 0x0, 0x0, 0x0, 0x0,
    0x0, 0x3, 0x80, 0xb0, 0x2, 0x81, 0x0, 0x0,
    0x6, 0x60, 0xb, 0xb, 0x0, 0x3, 0xb9, 0x0,
    0x8d, 0x50, 0x0, 0xb0, 0xb0, 0x2, 0xaa, 0x40,
    0x4, 0x9b, 0x50, 0xa, 0xb, 0x0, 0x0, 0x5,
    0x88, 0x71, 0x1, 0x0, 0xb0, 0xb0, 0x0, 0xa,
    0x40, 0x2, 0x93, 0x0, 0xb, 0x6, 0x50, 0x9,
    0x64, 0x44, 0x44, 0xc0, 0x3, 0x80, 0x1b, 0x0,
    0xdf, 0x67, 0x66, 0xcf, 0x20, 0xa2, 0x0, 0x58,
    0xc, 0xf2, 0x40, 0x46, 0xf2, 0x58, 0x0, 0x0,
    0x7c, 0x6a, 0x10, 0xc, 0x69, 0x9c, 0x0, 0x1,
    0x54, 0x90, 0x0, 0x60, 0x0, 0x2, 0xb1, 0x30,
    0x0, 0x48, 0x88, 0x88, 0x88, 0x88, 0x8c, 0x10,
    0x0,

    /* U+1F92F "🤯" */
    0x0, 0x0, 0x0, 0x7, 0xaa, 0x20, 0x0, 0x14,
    0x0, 0x2, 0x70, 0x8, 0xa3, 0x0, 0xa9, 0xa6,
    0x46, 0x40, 0x8, 0x25, 0x91, 0x0, 0x0, 0x0,
    0x7, 0x45, 0x10, 0x1, 0x60, 0x80, 0x0, 0x0,
    0x0, 0x1, 0x82, 0x61, 0x0, 0x2, 0x70, 0x0,
    0x0, 0x5, 0x0, 0xa4, 0x72, 0x0, 0x6, 0x23,
    0x0, 0x0, 0xa, 0x0, 0x71, 0x0, 0x2, 0x74,
    0xad, 0x30, 0x0, 0x93, 0x38, 0x90, 0x50, 0x6,
    0x46, 0x2, 0x8c, 0x9b, 0xfa, 0x92, 0x5, 0x45,
    0x0, 0x20, 0x58, 0xa5, 0x55, 0x98, 0x87, 0x2,
    0x62, 0xb, 0xac, 0x54, 0x2d, 0xdd, 0xd1, 0x51,
    0xda, 0xb1, 0xa, 0x4, 0x2d, 0x78, 0x1, 0x56,
    0xf0, 0x70, 0x80, 0x9, 0x11, 0x70, 0x18, 0x0,
    0x81, 0x4, 0x50, 0x80, 0x2, 0x80, 0x28, 0x70,
    0x11, 0x7, 0x84, 0x6, 0x30, 0x0, 0x84, 0x0,
    0x5, 0xff, 0x40, 0x0, 0x38, 0x0, 0x0, 0x9,
    0x60, 0x8, 0xff, 0x70, 0x5, 0x90, 0x0, 0x0,
    0x0, 0x5a, 0x62, 0x22, 0x15, 0xa6, 0x0, 0x0,
    0x0, 0x0, 0x0, 0x48, 0x99, 0x84, 0x0, 0x0,
    0x0,

    /* U+1F933 "🤳" */
    0x0, 0x0, 0x0, 0x0, 0x38, 0x85, 0x10, 0x0,
    0x0, 0x0, 0x0, 0x8, 0x43, 0x2a, 0x10, 0x0,
    0x0, 0x0, 0x0, 0x80, 0x0, 0x82, 0x0, 0x0,
    0x0, 0x0, 0x8, 0x0, 0x9, 0x0, 0x0, 0x0,
    0x0, 0x0, 0x80, 0x97, 0xe0, 0x0, 0x0, 0x0,
    0x0, 0x8, 0x18, 0xa5, 0x60, 0x0, 0x0, 0x0,
    0x0, 0x8b, 0x86, 0x26, 0x10, 0x0, 0x0, 0x0,
    0x8, 0x96, 0x41, 0x25, 0x0, 0x0, 0x0, 0x0,
    0x8a, 0x8b, 0x0, 0x70, 0x0, 0x0, 0x0, 0x0,
    0x47, 0x60, 0x7, 0x0, 0x0, 0x0, 0x0, 0x2,
    0xad, 0x55, 0x21, 0x8a, 0xa6, 0x30, 0x8, 0xa2,
    0xb1, 0x90, 0x92, 0x0, 0x37, 0xae, 0x30, 0x4,
    0xa7, 0x9, 0x0, 0x0, 0x6, 0x20, 0x0, 0x29,
    0x0, 0xa0, 0x0, 0x0, 0x30, 0x0, 0x68, 0x0,
    0x3, 0xa7, 0x42, 0x0, 0x4, 0xa4, 0x0, 0x0,
    0x0, 0x25, 0x79, 0x99, 0x60, 0x0, 0x0, 0x0,

    /* U+1F934 "🤴" */
    0x0, 0x0, 0x0, 0x25, 0x0, 0x0, 0x0, 0x1,
    0x3, 0x90, 0x6d, 0x4, 0x80, 0x1, 0x2f, 0x11,
    0xd4, 0xb9, 0x78, 0x70, 0x9e, 0xc, 0x9a, 0xf8,
    0x35, 0x4d, 0xca, 0x96, 0xf, 0x0, 0x70, 0x49,
    0x2, 0x50, 0x89, 0xb, 0x45, 0x88, 0x88, 0x88,
    0x74, 0xb3, 0x9, 0x73, 0x0, 0x0, 0x0, 0x25,
    0xd2, 0x8, 0xca, 0x99, 0x99, 0x99, 0x99, 0xe1,
    0x1, 0x90, 0x33, 0x0, 0x25, 0x0, 0xa0, 0x1,
    0x80, 0x79, 0x0, 0x5b, 0x0, 0xa0, 0x0, 0x90,
    0x0, 0x0, 0x0, 0x0, 0xa0, 0x0, 0x90, 0x8,
    0x21, 0x71, 0x0, 0xa0, 0x0, 0x90, 0x1, 0x78,
    0x20, 0x0, 0xa0, 0x0, 0xa0, 0x0, 0x0, 0x0,
    0x0, 0x90, 0x0, 0x91, 0x0, 0x0, 0x0, 0x0,
    0xa0, 0x0, 0x2a, 0x62, 0x0, 0x1, 0x5a, 0x40,
    0x0, 0x0, 0x37, 0x99, 0x97, 0x40, 0x0,

    /* U+1F935 "🤵" */
    0x0, 0x0, 0x69, 0x95, 0x0, 0x0, 0x0, 0x3a,
    0x41, 0x15, 0xa2, 0x0, 0x2, 0xa0, 0x0, 0x0,
    0xa, 0x10, 0xa, 0x10, 0x0, 0x0, 0x2, 0x80,
    0x19, 0x0, 0x0, 0x0, 0x0, 0xa0, 0x45, 0x0,
    0x0, 0x0, 0x0, 0x72, 0x63, 0x9, 0x40, 0x8,
    0x50, 0x63, 0x63, 0x6, 0x30, 0x5, 0x40, 0x63,
    0x63, 0x0, 0x10, 0x2, 0x0, 0x63, 0x63, 0x0,
    0x78, 0x87, 0x0, 0x63, 0x64, 0x0, 0x0, 0x0,
    0x0, 0x63, 0x5f, 0x79, 0x20, 0x4, 0x98, 0xf3,
    0x4f, 0x2f, 0xff, 0xff, 0xf3, 0xf5, 0x3f, 0x3d,
    0x95, 0x5b, 0xb5, 0xff, 0xf, 0x21, 0x5, 0x30,
    0x13, 0xfe, 0x5, 0xa4, 0x10, 0x0, 0x37, 0xf1,
    0x0, 0x5, 0x89, 0x99, 0x62, 0x0,

    /* U+1F936 "🤶" */
    0x0, 0x0, 0x3, 0x66, 0x30, 0x0, 0x0, 0x0,
    0x4, 0xdf, 0xff, 0xfd, 0x30, 0x0, 0x0, 0x4f,
    0xff, 0xff, 0xff, 0xf3, 0x0, 0x0, 0xdf, 0xfe,
    0xef, 0xff, 0xfd, 0x0, 0x9, 0x72, 0x0, 0x0,
    0x15, 0xcf, 0x50, 0x73, 0x0, 0x0, 0x0, 0x0,
    0xc, 0x90, 0x88, 0x99, 0x99, 0x99, 0x99, 0x9f,
    0x90, 0xc, 0x0, 0x0, 0x0, 0x0, 0x3f, 0xa0,
    0xa, 0x2, 0xf0, 0x0, 0xf3, 0x5f, 0xb7, 0xa,
    0x0, 0x30, 0x0, 0x30, 0x72, 0xa, 0x9, 0x0,
    0x41, 0x1, 0x40, 0x4f, 0x95, 0x9, 0x0, 0x7,
    0x87, 0x0, 0x28, 0x0, 0xa, 0x0, 0x0, 0x0,
    0x0, 0x19, 0x0, 0x9, 0x0, 0x0, 0x0, 0x0,
    0xa, 0x0, 0x6, 0x40, 0x0, 0x0, 0x0, 0xb,
    0x0, 0x0, 0xa7, 0x20, 0x0, 0x25, 0xa4, 0x0,
    0x0, 0x2, 0x79, 0x99, 0x84, 0x0, 0x0,

    /* U+1F937 "🤷" */
    0x0, 0x0, 0x0, 0x1, 0x69, 0x96, 0x0, 0x0,
    0x0, 0x0, 0x0, 0x0, 0x0, 0x49, 0x31, 0x14,
    0xa3, 0x0, 0x0, 0x0, 0x0, 0x0, 0x3, 0x80,
    0x0, 0x0, 0x9, 0x20, 0x0, 0x0, 0x0, 0x0,
    0x9, 0x0, 0x0, 0x0, 0x0, 0xa0, 0x0, 0x0,
    0x59, 0x60, 0x92, 0x1, 0x0, 0x1, 0x10, 0x28,
    0x7, 0x96, 0x81, 0x5a, 0xa0, 0xb, 0x70, 0x8,
    0xa0, 0xb, 0xa5, 0x8, 0x29, 0x0, 0xa0, 0x1,
    0x0, 0x1, 0x10, 0x19, 0x0, 0x83, 0x6, 0x50,
    0x28, 0x0, 0xb, 0xa0, 0x0, 0x92, 0x5, 0x60,
    0x0, 0xf1, 0x9, 0x0, 0x1, 0x0, 0x1, 0x80,
    0x2f, 0x0, 0x2, 0x88, 0x4, 0x50, 0x0, 0x0,
    0x6, 0x30, 0x98, 0x30, 0x6, 0x39, 0x1, 0x80,
    0x0, 0x0, 0x9, 0x0, 0x92, 0x70, 0x7, 0x11,
    0x0, 0x90, 0x0, 0x0, 0x9, 0x0, 0x10, 0x90,
    0x6, 0x30, 0x0, 0x90, 0x0, 0x0, 0x9, 0x0,
    0x2, 0x70, 0x1, 0xb1, 0x19, 0xda, 0xaa, 0xaa,
    0xad, 0x80, 0x1b, 0x10, 0x0, 0x18, 0x94, 0x0,
    0x0, 0x0, 0x0, 0x49, 0x82, 0x0,

    /* U+1F938 "🤸" */
    0x0, 0x0, 0x0, 0x0, 0x0, 0x52, 0x0, 0x0,
    0x0, 0x0, 0x0, 0x0, 0x0, 0x2f, 0x60, 0x0,
    0x0, 0x0, 0x0, 0x0, 0x0, 0x6, 0xb0, 0x0,
    0x0, 0x0, 0x0, 0x0, 0x0, 0x0, 0xb6, 0x0,
    0x0, 0x0, 0x0, 0x0, 0x0, 0x0, 0x1f, 0x40,
    0x0, 0x0, 0x2, 0x72, 0x0, 0x0, 0x7, 0xf2,
    0x0, 0x0, 0x0, 0xcf, 0xfc, 0x73, 0x1, 0xef,
    0x0, 0x0, 0x0, 0x1, 0x3, 0x8e, 0xff, 0xff,
    0xf1, 0x0, 0x0, 0x0, 0x0, 0x0, 0x8, 0xff,
    0xff, 0xfa, 0x73, 0x0, 0x0, 0x0, 0x0, 0x5,
    0xff, 0xfe, 0x88, 0xdd, 0x50, 0x0, 0x0, 0x0,
    0x9, 0xff, 0xff, 0x50, 0xaf, 0x10, 0x0, 0x0,
    0x0, 0x8a, 0xaf, 0xfd, 0x0, 0x40, 0x0, 0x0,
    0x0, 0x7, 0x96, 0xff, 0x90, 0x0, 0x0, 0x0,
    0x0, 0x0, 0x79, 0x4, 0x50, 0x0, 0x0, 0x0,
    0x0, 0x0, 0x7, 0xa0, 0x0, 0x0, 0x0, 0x0,
    0x0, 0x0, 0x3, 0xca, 0x0, 0x0, 0x0, 0x0,
    0x0, 0x0, 0x0, 0x9d, 0x40, 0x0, 0x0, 0x0,
    0x0,

    /* U+1F939 "🤹" */
    0x0, 0x0, 0x0, 0x0, 0x38, 0x0, 0x0, 0x0,
    0x0, 0x0, 0x0, 0x9f, 0x10, 0x0, 0x0, 0x0,
    0x0, 0x0, 0x2, 0x0, 0x0, 0x0, 0x0, 0x3,
    0x88, 0x30, 0x0, 0x0, 0x0, 0x0, 0x48, 0x10,
    0x75, 0x0, 0x0, 0x6d, 0x20, 0xa0, 0x0, 0x9,
    0x0, 0x0, 0x6d, 0x1a, 0x40, 0x0, 0x4, 0xb0,
    0x58, 0x0, 0xa, 0x41, 0x0, 0x4, 0xa0, 0xde,
    0x0, 0x0, 0xcf, 0xff, 0xfd, 0x0, 0x11, 0x6e,
    0x20, 0x4f, 0xff, 0xf5, 0x0, 0x0, 0x9f, 0x50,
    0x7, 0xff, 0x90, 0x0, 0x87, 0x8f, 0x40, 0x4e,
    0xff, 0xf6, 0x0, 0xfe, 0x5f, 0x86, 0xff, 0xff,
    0xff, 0x30, 0xfd, 0xe, 0xff, 0xff, 0xff, 0xff,
    0xb1, 0xfa, 0x3, 0xba, 0xef, 0xff, 0xff, 0xfe,
    0xf5, 0x0, 0x0, 0xdf, 0xff, 0xfd, 0x8e, 0x90,
    0x0, 0x0, 0x78, 0x88, 0x87, 0x0, 0x0,

    /* U+1F941 "🥁" */
    0x4, 0x0, 0x0, 0x0, 0x0, 0x0, 0x0, 0x31,
    0xa, 0x20, 0x0, 0x0, 0x0, 0x0, 0x1, 0xa0,
    0x1, 0xa0, 0x0, 0x0, 0x0, 0x0, 0xa, 0x20,
    0x0, 0x39, 0x3, 0x56, 0x65, 0x41, 0x74, 0x0,
    0x0, 0x5f, 0xf6, 0x43, 0x34, 0x6d, 0xf5, 0x0,
    0x9, 0x62, 0xfb, 0x99, 0x99, 0xaf, 0x25, 0x90,
    0x55, 0x39, 0x2b, 0x10, 0x0, 0xa3, 0x84, 0x46,
    0x90, 0x90, 0x9, 0xf0, 0xf, 0xc0, 0x9, 0x9,
    0x64, 0x48, 0x10, 0x40, 0x3, 0x10, 0x84, 0x37,
    0xf, 0x42, 0x89, 0x99, 0x99, 0x98, 0x23, 0xf0,
    0x2e, 0x7a, 0x74, 0x10, 0x1, 0x46, 0xa7, 0xb4,
    0xc, 0x0, 0x3e, 0x89, 0x98, 0xe3, 0x0, 0x92,
    0x7f, 0x0, 0x1e, 0x0, 0x0, 0xd2, 0x0, 0xd8,
    0x9f, 0x0, 0x3f, 0x0, 0x0, 0xf6, 0x0, 0xda,
    0x1f, 0x40, 0x8, 0x0, 0x0, 0x80, 0x2, 0xe2,
    0x1, 0x8b, 0x7a, 0x10, 0x1, 0xa6, 0xa9, 0x10,
    0x0, 0x0, 0x47, 0x9a, 0xa9, 0x74, 0x0, 0x0,

    /* U+1F970 "🥰" */
    0x0, 0x0, 0x0, 0x3, 0x68, 0x86, 0x20, 0x0,
    0x7e, 0x80, 0x0, 0x0, 0x4, 0xa7, 0x31, 0x13,
    0x74, 0x99, 0xff, 0xf3, 0x0, 0x0, 0x87, 0x0,
    0x0, 0x0, 0xd, 0xff, 0xff, 0xf6, 0x0, 0x7,
    0x50, 0x0, 0x0, 0x0, 0xd, 0xff, 0xff, 0xf3,
    0x0, 0x29, 0x0, 0x0, 0x0, 0x0, 0x6, 0xff,
    0xff, 0xd0, 0x0, 0x91, 0x1, 0xaa, 0x60, 0x7,
    0xa9, 0x5b, 0xff, 0x40, 0x0, 0xa0, 0x2, 0x10,
    0x30, 0x3, 0x1, 0x10, 0x3, 0x0, 0x1, 0x80,
    0x3, 0x0, 0x0, 0x0, 0x0, 0x0, 0x9, 0x0,
    0x1, 0x30, 0xcf, 0xd0, 0x0, 0x0, 0x0, 0x15,
    0x8, 0x10, 0x7, 0xed, 0xff, 0xf6, 0x0, 0x0,
    0x28, 0xa2, 0xa, 0x0, 0xf, 0xff, 0xff, 0xfc,
    0xaa, 0xaa, 0x73, 0x10, 0xa, 0x0, 0xe, 0xff,
    0xff, 0xf2, 0x0, 0x0, 0x4f, 0xf5, 0x28, 0x0,
    0x5, 0xff, 0xff, 0xb0, 0x0, 0x0, 0xdf, 0xfd,
    0x62, 0x0, 0x0, 0x29, 0xde, 0x20, 0x0, 0x0,
    0xff, 0xff, 0xff, 0x20, 0x0, 0x0, 0x24, 0x0,
    0x0, 0x0, 0xdf, 0xff, 0xff, 0x50, 0x0, 0x0,
    0x5, 0x95, 0x10, 0x1, 0x9f, 0xff, 0xfe, 0x10,
    0x0, 0x0, 0x0, 0x3, 0x78, 0x97, 0x2f, 0xfe,
    0x91, 0x0, 0x0, 0x0, 0x0, 0x0, 0x0, 0x0,
    0x0, 0x0, 0x0, 0x0,

    /* U+1F975 "🥵" */
    0x0, 0x0, 0x0, 0x37, 0x99, 0x73, 0x0, 0x0,
    0x0, 0x0, 0x0, 0x3, 0xa7, 0x20, 0x2, 0x7a,
    0x30, 0x31, 0x0, 0x0, 0x6, 0x80, 0x0, 0x0,
    0x0, 0x7, 0x7b, 0x90, 0x0, 0x5, 0x70, 0x0,
    0x0, 0x0, 0x0, 0xc, 0x37, 0x30, 0x0, 0xa0,
    0x5, 0x40, 0x0, 0x1, 0x80, 0x90, 0xa, 0x0,
    0x63, 0x18, 0x40, 0x0, 0x0, 0x2, 0xb6, 0x0,
    0x90, 0x9, 0x0, 0x1, 0x60, 0x0, 0x5, 0x33,
    0x50, 0x9, 0x0, 0x90, 0x0, 0x8f, 0x50, 0x0,
    0xfd, 0x9, 0x7b, 0x80, 0xb, 0x90, 0x4, 0xc2,
    0x0, 0xa, 0x70, 0x2, 0xb0, 0x0, 0xf8, 0x50,
    0x0, 0x0, 0x0, 0x0, 0x0, 0xa, 0x0, 0x56,
    0xa, 0x0, 0x0, 0x0, 0x0, 0x0, 0x0, 0xa0,
    0xa, 0x0, 0x46, 0x1d, 0xa9, 0xe9, 0xd4, 0x0,
    0x18, 0x0, 0x90, 0x0, 0x9b, 0xf0, 0x7, 0x9,
    0xf0, 0x9, 0x20, 0xa, 0x20, 0x75, 0x5f, 0x0,
    0x70, 0x9a, 0x4, 0x70, 0x0, 0x7, 0x9b, 0x70,
    0xa0, 0x4, 0x8, 0x15, 0x90, 0x0, 0x0, 0x0,
    0x4, 0xbe, 0x20, 0x0, 0xfa, 0x70, 0x0, 0x0,
    0x0, 0x0, 0x0, 0x59, 0x99, 0xa7, 0x0, 0x0,
    0x0, 0x0,

    /* U+1F976 "🥶" */
    0x0, 0x0, 0x29, 0xaa, 0x9a, 0xa9, 0x81, 0x0,
    0x0, 0x0, 0x0, 0x3, 0xa1, 0x0, 0x0, 0x0,
    0x2a, 0x0, 0x0, 0x0, 0x0, 0xb, 0x0, 0x0,
    0x5, 0xaa, 0xab, 0x76, 0x55, 0x0, 0x0, 0xc,
    0x0, 0x6b, 0xa6, 0x0, 0x0, 0xb6, 0xa8, 0x20,
    0x0, 0x4b, 0xa9, 0x50, 0x0, 0x0, 0x5, 0xb5,
    0x4b, 0x90, 0x0, 0xc0, 0x0, 0x0, 0x0, 0x0,
    0x5, 0xa4, 0x3a, 0x90, 0x3a, 0xb8, 0x0, 0xb5,
    0x0, 0x5, 0xb0, 0x96, 0xa9, 0x20, 0x96, 0x66,
    0x62, 0xfa, 0x0, 0xa, 0xf2, 0x36, 0x7b, 0x0,
    0xa7, 0x1a, 0x50, 0x62, 0x0, 0x2, 0x60, 0x0,
    0x18, 0x0, 0xa9, 0x88, 0x50, 0x0, 0x0, 0x0,
    0x0, 0x0, 0x27, 0x0, 0x29, 0xa6, 0x8b, 0xac,
    0x8c, 0x8c, 0xa8, 0x0, 0x54, 0x0, 0x0, 0x90,
    0xd8, 0xab, 0x7b, 0x7b, 0xa9, 0x50, 0xa0, 0x0,
    0x0, 0x82, 0xc5, 0x47, 0x7, 0x7, 0x57, 0x33,
    0x70, 0x0, 0x0, 0x1d, 0x48, 0x88, 0x88, 0x88,
    0x84, 0x1a, 0x0, 0x0, 0x0, 0x78, 0x97, 0x0,
    0x0, 0x0, 0x2, 0xa1, 0x0, 0x0, 0x0, 0x86,
    0x8f, 0x83, 0x0, 0x14, 0x98, 0x0, 0x0, 0x0,
    0x0, 0x3a, 0x81, 0x16, 0x9a, 0x96, 0x10, 0x0,
    0x0, 0x0, 0x0, 0x0, 0x0, 0x0, 0x0, 0x0,
    0x0, 0x0, 0x0, 0x0,

    /* U+1F978 "🥸" */
    0x0, 0x0, 0x0, 0x27, 0x99, 0x73, 0x0, 0x0,
    0x0, 0x0, 0x0, 0x3a, 0x72, 0x0, 0x27, 0xa3,
    0x0, 0x0, 0x0, 0x9, 0xfb, 0x70, 0x0, 0x6,
    0x7f, 0xe0, 0x0, 0x0, 0xef, 0xff, 0xf2, 0x0,
    0xd, 0xff, 0xff, 0x0, 0x0, 0xff, 0xff, 0xf2,
    0x0, 0xf, 0xff, 0xff, 0x10, 0x7, 0xf4, 0x63,
    0x2a, 0x12, 0x75, 0x55, 0x1e, 0x90, 0xf, 0x97,
    0x0, 0x7, 0xfe, 0xf3, 0x30, 0x6, 0xf2, 0xf,
    0x83, 0x0, 0x8, 0x82, 0xf3, 0x0, 0x5, 0xf0,
    0xa, 0x91, 0x0, 0xf, 0x50, 0xf3, 0x0, 0x9,
    0x90, 0xa, 0x19, 0x76, 0xab, 0x10, 0x8f, 0x76,
    0x81, 0x90, 0xa, 0x0, 0x11, 0x57, 0x0, 0x66,
    0x11, 0x0, 0xa0, 0x6, 0x40, 0x27, 0x9f, 0x10,
    0xcd, 0x56, 0x3, 0x70, 0x0, 0xa0, 0xd, 0xff,
    0xff, 0xff, 0xf3, 0xa, 0x10, 0x0, 0x48, 0x3,
    0x5c, 0x96, 0xc7, 0x50, 0x75, 0x0, 0x0, 0x5,
    0x90, 0x0, 0x0, 0x0, 0x7, 0x60, 0x0, 0x0,
    0x0, 0x3a, 0x72, 0x0, 0x26, 0xa4, 0x0, 0x0,
    0x0, 0x0, 0x0, 0x37, 0x99, 0x83, 0x0, 0x0,
    0x0,

    /* U+1F97A "🥺" */
    0x0, 0x0, 0x2, 0x79, 0x97, 0x30, 0x0, 0x0,
    0x0, 0x0, 0x3a, 0x72, 0x0, 0x27, 0xa3, 0x0,
    0x0, 0x0, 0x59, 0x0, 0x0, 0x0, 0x0, 0x86,
    0x0, 0x0, 0x48, 0x0, 0x0, 0x0, 0x0, 0x0,
    0x75, 0x0, 0xa, 0x0, 0x65, 0x0, 0x0, 0x2a,
    0x20, 0xa0, 0x6, 0x40, 0x83, 0x0, 0x0, 0x0,
    0x17, 0x23, 0x70, 0xa0, 0x0, 0x57, 0x10, 0x0,
    0x57, 0x20, 0xa, 0xa, 0x0, 0x71, 0x7d, 0x0,
    0x71, 0x6e, 0x10, 0x90, 0xa0, 0xc, 0x1c, 0xf4,
    0xc, 0x1b, 0xf6, 0x9, 0xa, 0x0, 0xdf, 0xdf,
    0x20, 0xdf, 0xde, 0x40, 0x90, 0xa0, 0x3, 0xef,
    0x60, 0x2, 0xdf, 0x80, 0xa, 0x6, 0x40, 0x0,
    0x0, 0x0, 0x0, 0x0, 0x3, 0x70, 0xa, 0x0,
    0x0, 0x0, 0x0, 0x0, 0x0, 0xa1, 0x0, 0x48,
    0x0, 0x4, 0xa9, 0x70, 0x0, 0x75, 0x0, 0x0,
    0x59, 0x0, 0x0, 0x0, 0x0, 0x76, 0x0, 0x0,
    0x0, 0x3a, 0x72, 0x0, 0x26, 0xa4, 0x0, 0x0,
    0x0, 0x0, 0x3, 0x79, 0x98, 0x30, 0x0, 0x0,
    0x0,

    /* U+1F981 "🦁" */
    0x0, 0x0, 0x14, 0x10, 0x3, 0x25, 0x0, 0x0,
    0x0, 0x8, 0x7f, 0xfd, 0xbd, 0xfb, 0x23, 0x0,
    0x1, 0x7b, 0xff, 0xff, 0xff, 0xfe, 0xf9, 0x30,
    0x0, 0xdf, 0xff, 0xff, 0xff, 0xff, 0xff, 0x10,
    0x6, 0x82, 0x7a, 0x9d, 0xe9, 0x99, 0x36, 0xc0,
    0xe, 0x5c, 0x10, 0x0, 0x0, 0x0, 0xb4, 0xf3,
    0xa, 0xe1, 0x4, 0x80, 0x4, 0x80, 0xd, 0xb2,
    0xa, 0xf2, 0x1, 0x20, 0x1, 0x20, 0xf, 0xe0,
    0xe, 0xf5, 0x0, 0x7, 0x81, 0x0, 0x2f, 0xc1,
    0xa, 0xfd, 0x0, 0xb, 0xe1, 0x0, 0xaf, 0xc0,
    0x3, 0xff, 0xb0, 0x18, 0x93, 0x7, 0xff, 0xa0,
    0x0, 0xff, 0xfd, 0x0, 0x0, 0x9f, 0xfe, 0x0,
    0x0, 0x3f, 0xff, 0x50, 0x1, 0xff, 0xfa, 0x0,
    0x0, 0x7, 0xff, 0xf5, 0x4c, 0xff, 0x83, 0x0,
    0x0, 0x0, 0x2d, 0xff, 0xff, 0xf9, 0x0, 0x0,
    0x0, 0x0, 0x2, 0x6d, 0xf6, 0x30, 0x0, 0x0,
    0x0, 0x0, 0x0, 0x1, 0x40, 0x0, 0x0, 0x0,

    /* U+1F984 "🦄" */
    0x0, 0xd, 0x30, 0x1, 0x60, 0x0, 0x0, 0x0,
    0x0, 0x0, 0x9e, 0x80, 0x95, 0x50, 0x60, 0x0,
    0x0, 0x0, 0x1f, 0xaf, 0xf7, 0xb, 0x1e, 0x70,
    0x0, 0x0, 0xc, 0xff, 0x5f, 0x60, 0xff, 0xf6,
    0x0, 0x0, 0x0, 0xf7, 0xf8, 0x95, 0xe, 0xff,
    0xf6, 0x0, 0x0, 0x3, 0xa, 0xa2, 0x3, 0xff,
    0xff, 0xd3, 0x0, 0x0, 0x9, 0x50, 0x20, 0xe,
    0xff, 0xfe, 0xd7, 0x0, 0x9, 0x40, 0xb, 0x40,
    0x3e, 0xff, 0xff, 0x70, 0x9, 0x50, 0x0, 0x0,
    0x2, 0x2f, 0xff, 0xf2, 0x7, 0x44, 0x10, 0x0,
    0x0, 0xb2, 0xff, 0xff, 0xc0, 0xa0, 0x0, 0x11,
    0x25, 0xb3, 0xf, 0xff, 0xff, 0x19, 0x20, 0x7a,
    0x99, 0xd1, 0x0, 0x9f, 0xff, 0xf0, 0x18, 0x93,
    0x0, 0x36, 0x0, 0x1, 0xdf, 0xfc, 0x0, 0x0,
    0x0, 0x7, 0x30, 0x0, 0x1, 0xdf, 0x50, 0x0,
    0x0, 0x0, 0x90, 0x0, 0x0, 0x3, 0xf0, 0x0,
    0x0, 0x0, 0xa, 0x20, 0x0, 0x0, 0x3d, 0x0,
    0x0, 0x0, 0x0, 0x17, 0x99, 0x9a, 0x97, 0x10,
    0x0,

    /* U+1F98A "🦊" */
    0x0, 0x0, 0x11, 0x0, 0x0, 0x0, 0x1, 0x10,
    0x0, 0x0, 0x0, 0xef, 0x60, 0x0, 0x0, 0x6f,
    0xe0, 0x0, 0x0, 0x5, 0xff, 0xf5, 0x0, 0x6,
    0xff, 0xf5, 0x0, 0x0, 0x8, 0xdf, 0x5c, 0x10,
    0x2b, 0x8f, 0xd7, 0x0, 0x0, 0x9, 0x4f, 0xb1,
    0xba, 0xb2, 0xef, 0x39, 0x0, 0x0, 0x9, 0x9,
    0x0, 0x0, 0x0, 0x19, 0x9, 0x0, 0x0, 0x6,
    0x30, 0x0, 0x0, 0x0, 0x0, 0x36, 0x0, 0x0,
    0x8, 0x30, 0x0, 0x0, 0x0, 0x0, 0x37, 0x0,
    0x0, 0xa, 0x0, 0x23, 0x0, 0x4, 0x10, 0xa,
    0x0, 0x0, 0x64, 0x0, 0xaa, 0x0, 0xe, 0x60,
    0x5, 0x40, 0x3, 0xf9, 0x96, 0x21, 0x0, 0x2,
    0x37, 0x99, 0xf1, 0xb, 0x20, 0x44, 0x97, 0x1,
    0x9, 0x84, 0x20, 0x3a, 0xb, 0x10, 0x17, 0x44,
    0xff, 0xf2, 0x66, 0x10, 0x2a, 0x2, 0x98, 0x78,
    0x1, 0x5f, 0x31, 0x28, 0x79, 0x81, 0x0, 0x1,
    0x89, 0x46, 0x96, 0x95, 0x6a, 0x60, 0x0, 0x0,
    0x0, 0x0, 0x6a, 0x99, 0x99, 0x40, 0x0, 0x0,
    0x0, 0x0, 0x0, 0x0, 0x0, 0x0, 0x0, 0x0,
    0x0,

    /* U+1F98C "🦌" */
    0x2, 0x10, 0x0, 0x2, 0x0, 0x0, 0x1b, 0xa0,
    0x6, 0xd7, 0x0, 0x0, 0x4e, 0xf5, 0x6f, 0xf8,
    0x10, 0x0, 0x84, 0x8a, 0xfd, 0x76, 0x30, 0x0,
    0x18, 0x30, 0x39, 0xaa, 0x0, 0x0, 0x3a, 0x3,
    0x12, 0x93, 0x0, 0x0, 0x59, 0x0, 0x5, 0x86,
    0x74, 0x0, 0x7, 0xd0, 0x7, 0x62, 0x18, 0xba,
    0x0, 0xa0, 0x0, 0x0, 0x0, 0xa, 0x0, 0xa0,
    0x0, 0x0, 0x0, 0x74, 0x0, 0x73, 0x0, 0x0,
    0x30, 0x81, 0x0, 0x18, 0x60, 0xbf, 0xf3, 0x46,
    0x0, 0x27, 0x90, 0xbd, 0xaa, 0x9, 0x0, 0x44,
    0x91, 0x99, 0xca, 0x9, 0x0, 0x80, 0x93, 0x79,
    0x99, 0xa, 0x0, 0x96, 0x75, 0x7c, 0x7a, 0xa,
    0x0, 0x3, 0x67, 0x13, 0x5, 0x92,

    /* U+1F99B "🦛" */
    0x0, 0x0, 0x8, 0xa0, 0x16, 0x0, 0x0, 0x0,
    0x0, 0x0, 0x0, 0x0, 0x46, 0x68, 0xb3, 0x74,
    0x99, 0x98, 0x10, 0x0, 0x0, 0x4, 0x90, 0x14,
    0x30, 0xc5, 0x0, 0x2, 0xa3, 0x0, 0x0, 0x68,
    0x0, 0x0, 0x1, 0x70, 0x0, 0x0, 0xb, 0x10,
    0x0, 0xc7, 0x0, 0x0, 0x0, 0x80, 0x0, 0x0,
    0x1, 0xaa, 0x0, 0xc8, 0x1, 0xe0, 0x0, 0x80,
    0x0, 0x0, 0x0, 0xa, 0x5, 0xc2, 0x0, 0x20,
    0x0, 0x80, 0x0, 0x0, 0x0, 0x85, 0x74, 0x37,
    0x88, 0x6, 0x93, 0x30, 0x0, 0x0, 0x0, 0xa0,
    0x91, 0x42, 0x60, 0x8, 0x30, 0x0, 0x0, 0x0,
    0x0, 0x90, 0x65, 0x0, 0x0, 0xc, 0x0, 0x0,
    0x0, 0x18, 0x80, 0x90, 0x9, 0x72, 0x25, 0xff,
    0xc9, 0x15, 0xaf, 0xf5, 0x90, 0x90, 0x0, 0x48,
    0x86, 0xef, 0x56, 0x19, 0x2f, 0xe6, 0x42, 0x70,
    0x0, 0x0, 0x2, 0xff, 0x46, 0x19, 0x1, 0x5,
    0x99, 0x10, 0x0, 0x0, 0x6, 0xda, 0xa, 0xa,
    0x0, 0x0, 0x0, 0x0, 0x0, 0x0, 0x0, 0x0,
    0x9, 0xa3, 0x0, 0x0, 0x0, 0x0,

    /* U+1F99D "🦝" */
    0x0, 0x3, 0x51, 0x0, 0x0, 0x0, 0x0, 0x2,
    0x51, 0x0, 0x0, 0x0, 0xb4, 0x9a, 0x34, 0x89,
    0x73, 0x5b, 0x74, 0x90, 0x0, 0x0, 0x9, 0x8a,
    0x29, 0x61, 0x2, 0x77, 0x3c, 0x59, 0x0, 0x0,
    0x0, 0x97, 0xf5, 0x0, 0x0, 0x0, 0x9, 0xf4,
    0x90, 0x0, 0x0, 0x9, 0x24, 0x0, 0x0, 0x0,
    0x0, 0x5, 0x45, 0x0, 0x0, 0x0, 0xa3, 0x3,
    0x52, 0x0, 0x3, 0x52, 0x6, 0x60, 0x0, 0x0,
    0x79, 0x68, 0x66, 0xa6, 0x9, 0x95, 0x78, 0x6c,
    0x30, 0x0, 0x2e, 0x60, 0xa, 0xfd, 0xd1, 0xfd,
    0xf8, 0x2, 0x9d, 0x0, 0xa, 0x50, 0xc, 0xf6,
    0x2f, 0x4e, 0xa, 0xf9, 0x0, 0x96, 0x0, 0xb0,
    0xb, 0xff, 0xda, 0xd2, 0xf9, 0xef, 0xf7, 0x1,
    0xb0, 0x7, 0x85, 0xff, 0xff, 0xc0, 0x2, 0xef,
    0xff, 0xf1, 0xc3, 0x2, 0xc0, 0x6f, 0xff, 0xf2,
    0xbf, 0x75, 0xff, 0xff, 0x22, 0xd0, 0x6, 0x91,
    0xef, 0xf9, 0xc, 0xf8, 0xd, 0xff, 0xb1, 0xb3,
    0x0, 0x4, 0xa6, 0xdf, 0x48, 0xad, 0xa6, 0x8f,
    0xb6, 0xa2, 0x0, 0x0, 0x1, 0x9a, 0x81, 0x0,
    0x0, 0x3, 0x8b, 0x70, 0x0, 0x0, 0x0, 0x0,
    0x17, 0xaa, 0xa9, 0xaa, 0xa5, 0x0, 0x0, 0x0,
    0x0, 0x0, 0x0, 0x0, 0x0, 0x0, 0x0, 0x0,
    0x0, 0x0, 0x0,

    /* U+1F99E "🦞" */
    0x5, 0x40, 0x18, 0x20, 0x65, 0x0, 0x81, 0x3,
    0x68, 0x85, 0x39, 0xa, 0x64, 0x93, 0xa0, 0x90,
    0xa7, 0x20, 0xa0, 0xa0, 0xa8, 0x15, 0x49, 0x8,
    0x54, 0xa, 0xa, 0xb, 0x33, 0x17, 0x90, 0x17,
    0x20, 0xa0, 0xa0, 0xb0, 0x0, 0x9a, 0x0, 0xa0,
    0xd, 0xca, 0x7, 0x40, 0x27, 0x93, 0x58, 0x1,
    0xf5, 0xe0, 0x1d, 0x9, 0x20, 0x9f, 0xd0, 0x91,
    0xa, 0x33, 0xfc, 0x50, 0x0, 0x7f, 0xd8, 0x82,
    0x8f, 0xfa, 0x0, 0x0, 0x28, 0x1b, 0x70, 0x1,
    0xf4, 0x47, 0x0, 0x0, 0x17, 0xa8, 0x0, 0x2f,
    0x85, 0x0, 0x0, 0x8, 0x8b, 0xa0, 0x3, 0xe9,
    0x92, 0x0, 0x0, 0x39, 0x7f, 0x99, 0xba, 0x77,
    0x10, 0x0, 0x3, 0x74, 0xd8, 0x9b, 0x78, 0x50,
    0x0, 0x0, 0x3, 0xa6, 0x10, 0x29, 0x71, 0x0,
    0x0, 0x0, 0xa, 0x11, 0x2, 0x19, 0x0, 0x0,
    0x0, 0x0, 0x58, 0x89, 0x79, 0x20, 0x0, 0x0,

    /* U+1F9AC "🦬" */
    0x0, 0x0, 0x2, 0x48, 0x52, 0x0, 0x0, 0x0,
    0x0, 0x7, 0x44, 0x9e, 0xf6, 0xef, 0x70, 0x0,
    0x0, 0x0, 0x53, 0xdf, 0xff, 0xf7, 0x7f, 0xfc,
    0x0, 0x0, 0x0, 0x71, 0xff, 0xff, 0xf2, 0x6f,
    0xff, 0xa3, 0x0, 0x0, 0x39, 0xff, 0xff, 0xf8,
    0xdf, 0xff, 0x16, 0xa8, 0x0, 0x2, 0xff, 0xff,
    0xfe, 0x2b, 0xfd, 0x0, 0x3, 0x90, 0x0, 0xff,
    0xdf, 0xc4, 0x14, 0xfd, 0x0, 0x0, 0x90, 0x0,
    0xa2, 0x3, 0x0, 0xff, 0xf7, 0x0, 0x0, 0x73,
    0x0, 0x95, 0x30, 0x9, 0xff, 0xd1, 0x0, 0x0,
    0xd8, 0x0, 0x97, 0x20, 0x8f, 0xff, 0x50, 0x0,
    0x0, 0xbb, 0x0, 0x4d, 0xce, 0xff, 0xf3, 0x3,
    0xbf, 0x10, 0xa0, 0x0, 0x4, 0xf6, 0xd5, 0xa0,
    0x4c, 0xfb, 0x80, 0x90, 0x0, 0x0, 0xb0, 0x90,
    0xa0, 0x91, 0xf7, 0xa0, 0x90, 0x0, 0x0, 0xa0,
    0x81, 0xa0, 0x93, 0xf3, 0xa3, 0x70, 0x0, 0x0,
    0x64, 0x72, 0xa0, 0x97, 0xe0, 0xa7, 0x30, 0x0,
    0x0, 0x72, 0x90, 0xa0, 0x90, 0x0, 0x56, 0x0,
    0x0, 0x0, 0x38, 0x50, 0x49, 0x30, 0x0, 0x0,
    0x0,

    /* U+1F9E1 "🧡" */
    0x0, 0x6, 0xcb, 0x50, 0x0, 0x1, 0x7f, 0x82,
    0x0, 0x2, 0xfc, 0xaa, 0xfb, 0x20, 0x7f, 0x4e,
    0xbf, 0x70, 0xf, 0xc3, 0xf0, 0xf6, 0xb7, 0xca,
    0x9c, 0x2f, 0x84, 0x65, 0xf2, 0xc9, 0x98, 0x7f,
    0x5f, 0xf, 0x3b, 0xab, 0xc6, 0xa9, 0xd2, 0xf1,
    0x6f, 0xf, 0x7a, 0x8e, 0xf, 0x95, 0xf0, 0xf4,
    0xab, 0x1f, 0x7a, 0x4f, 0xf, 0x6a, 0x73, 0xe8,
    0xa7, 0xe2, 0x9c, 0x4f, 0xd, 0x8a, 0x5d, 0x2f,
    0xb3, 0xf0, 0xf7, 0xf, 0x2d, 0x9a, 0x3f, 0x37,
    0xb, 0xf2, 0xc9, 0x96, 0x7a, 0x9d, 0x2f, 0xc,
    0xf1, 0x2, 0xf9, 0xc2, 0xf2, 0x4f, 0xf, 0x4b,
    0xae, 0x70, 0x0, 0x66, 0xf3, 0xab, 0x1d, 0x8a,
    0x7f, 0x3d, 0x0, 0x0, 0x9, 0xe8, 0xd1, 0x9c,
    0x3f, 0xf, 0xd1, 0x0, 0x0, 0x0, 0xb4, 0xf6,
    0xf, 0x2c, 0xad, 0x10, 0x0, 0x0, 0x0, 0x8,
    0xe7, 0x6a, 0x9f, 0xa1, 0x0, 0x0, 0x0, 0x0,
    0x0, 0xa7, 0x5f, 0x3f, 0x0, 0x0, 0x0, 0x0,
    0x0, 0x0, 0x5, 0x9f, 0x90, 0x0, 0x0, 0x0,
    0x0, 0x0, 0x0, 0x0, 0x26, 0x0, 0x0, 0x0,
    0x0
};


/*---------------------
 *  GLYPH DESCRIPTION
 *--------------------*/

static const lv_font_fmt_txt_glyph_dsc_t glyph_dsc[] = {
    {.bitmap_index = 0, .adv_w = 0, .box_w = 0, .box_h = 0, .ofs_x = 0, .ofs_y = 0} /* id = 0 reserved */,
    {.bitmap_index = 0, .adv_w = 325, .box_w = 10, .box_h = 17, .ofs_x = 5, .ofs_y = -3},
    {.bitmap_index = 85, .adv_w = 325, .box_w = 15, .box_h = 17, .ofs_x = 3, .ofs_y = -3},
    {.bitmap_index = 213, .adv_w = 325, .box_w = 17, .box_h = 17, .ofs_x = 2, .ofs_y = -3},
    {.bitmap_index = 358, .adv_w = 325, .box_w = 14, .box_h = 17, .ofs_x = 3, .ofs_y = -3},
    {.bitmap_index = 477, .adv_w = 325, .box_w = 14, .box_h = 17, .ofs_x = 3, .ofs_y = -3},
    {.bitmap_index = 596, .adv_w = 325, .box_w = 11, .box_h = 17, .ofs_x = 5, .ofs_y = -3},
    {.bitmap_index = 690, .adv_w = 325, .box_w = 17, .box_h = 17, .ofs_x = 2, .ofs_y = -3},
    {.bitmap_index = 835, .adv_w = 325, .box_w = 19, .box_h = 13, .ofs_x = 1, .ofs_y = -1},
    {.bitmap_index = 959, .adv_w = 325, .box_w = 18, .box_h = 17, .ofs_x = 1, .ofs_y = -3},
    {.bitmap_index = 1112, .adv_w = 325, .box_w = 14, .box_h = 17, .ofs_x = 3, .ofs_y = -3},
    {.bitmap_index = 1231, .adv_w = 325, .box_w = 18, .box_h = 17, .ofs_x = 1, .ofs_y = -3},
    {.bitmap_index = 1384, .adv_w = 325, .box_w = 16, .box_h = 17, .ofs_x = 2, .ofs_y = -3},
    {.bitmap_index = 1520, .adv_w = 325, .box_w = 11, .box_h = 17, .ofs_x = 5, .ofs_y = -3},
    {.bitmap_index = 1614, .adv_w = 325, .box_w = 18, .box_h = 17, .ofs_x = 1, .ofs_y = -3},
    {.bitmap_index = 1767, .adv_w = 325, .box_w = 18, .box_h = 17, .ofs_x = 1, .ofs_y = -3},
    {.bitmap_index = 1920, .adv_w = 325, .box_w = 17, .box_h = 17, .ofs_x = 2, .ofs_y = -3},
    {.bitmap_index = 2065, .adv_w = 325, .box_w = 16, .box_h = 17, .ofs_x = 2, .ofs_y = -3},
    {.bitmap_index = 2201, .adv_w = 325, .box_w = 14, .box_h = 17, .ofs_x = 3, .ofs_y = -3},
    {.bitmap_index = 2320, .adv_w = 325, .box_w = 17, .box_h = 17, .ofs_x = 2, .ofs_y = -3},
    {.bitmap_index = 2465, .adv_w = 325, .box_w = 17, .box_h = 17, .ofs_x = 2, .ofs_y = -3},
    {.bitmap_index = 2610, .adv_w = 325, .box_w = 14, .box_h = 17, .ofs_x = 3, .ofs_y = -3},
    {.bitmap_index = 2729, .adv_w = 325, .box_w = 20, .box_h = 15, .ofs_x = 0, .ofs_y = -2},
    {.bitmap_index = 2879, .adv_w = 325, .box_w = 17, .box_h = 17, .ofs_x = 2, .ofs_y = -3},
    {.bitmap_index = 3024, .adv_w = 325, .box_w = 20, .box_h = 17, .ofs_x = 0, .ofs_y = -3},
    {.bitmap_index = 3194, .adv_w = 325, .box_w = 19, .box_h = 17, .ofs_x = 1, .ofs_y = -3},
    {.bitmap_index = 3356, .adv_w = 325, .box_w = 16, .box_h = 17, .ofs_x = 2, .ofs_y = -3},
    {.bitmap_index = 3492, .adv_w = 325, .box_w = 15, .box_h = 17, .ofs_x = 3, .ofs_y = -3},
    {.bitmap_index = 3620, .adv_w = 325, .box_w = 17, .box_h = 17, .ofs_x = 2, .ofs_y = -3},
    {.bitmap_index = 3765, .adv_w = 325, .box_w = 17, .box_h = 17, .ofs_x = 2, .ofs_y = -3},
    {.bitmap_index = 3910, .adv_w = 325, .box_w = 16, .box_h = 17, .ofs_x = 2, .ofs_y = -3},
    {.bitmap_index = 4046, .adv_w = 325, .box_w = 14, .box_h = 17, .ofs_x = 3, .ofs_y = -3},
    {.bitmap_index = 4165, .adv_w = 325, .box_w = 12, .box_h = 17, .ofs_x = 4, .ofs_y = -3},
    {.bitmap_index = 4267, .adv_w = 325, .box_w = 16, .box_h = 17, .ofs_x = 2, .ofs_y = -3},
    {.bitmap_index = 4403, .adv_w = 325, .box_w = 18, .box_h = 17, .ofs_x = 1, .ofs_y = -3},
    {.bitmap_index = 4556, .adv_w = 325, .box_w = 18, .box_h = 17, .ofs_x = 1, .ofs_y = -3},
    {.bitmap_index = 4709, .adv_w = 325, .box_w = 16, .box_h = 17, .ofs_x = 2, .ofs_y = -3},
    {.bitmap_index = 4845, .adv_w = 325, .box_w = 20, .box_h = 17, .ofs_x = 0, .ofs_y = -3},
    {.bitmap_index = 5015, .adv_w = 325, .box_w = 16, .box_h = 17, .ofs_x = 2, .ofs_y = -3},
    {.bitmap_index = 5151, .adv_w = 325, .box_w = 17, .box_h = 17, .ofs_x = 2, .ofs_y = -3},
    {.bitmap_index = 5296, .adv_w = 325, .box_w = 17, .box_h = 17, .ofs_x = 2, .ofs_y = -3},
    {.bitmap_index = 5441, .adv_w = 325, .box_w = 10, .box_h = 17, .ofs_x = 5, .ofs_y = -3},
    {.bitmap_index = 5526, .adv_w = 325, .box_w = 10, .box_h = 17, .ofs_x = 5, .ofs_y = -3},
    {.bitmap_index = 5611, .adv_w = 325, .box_w = 5, .box_h = 17, .ofs_x = 8, .ofs_y = -3},
    {.bitmap_index = 5654, .adv_w = 325, .box_w = 4, .box_h = 17, .ofs_x = 8, .ofs_y = -3},
    {.bitmap_index = 5688, .adv_w = 325, .box_w = 18, .box_h = 17, .ofs_x = 1, .ofs_y = -3},
    {.bitmap_index = 5841, .adv_w = 325, .box_w = 16, .box_h = 17, .ofs_x = 2, .ofs_y = -3},
    {.bitmap_index = 5977, .adv_w = 325, .box_w = 16, .box_h = 5, .ofs_x = 2, .ofs_y = 3},
    {.bitmap_index = 6017, .adv_w = 325, .box_w = 16, .box_h = 17, .ofs_x = 2, .ofs_y = -3},
    {.bitmap_index = 6153, .adv_w = 325, .box_w = 18, .box_h = 17, .ofs_x = 1, .ofs_y = -3},
    {.bitmap_index = 6306, .adv_w = 325, .box_w = 18, .box_h = 17, .ofs_x = 1, .ofs_y = -3},
    {.bitmap_index = 6459, .adv_w = 325, .box_w = 18, .box_h = 17, .ofs_x = 1, .ofs_y = -3},
    {.bitmap_index = 6612, .adv_w = 325, .box_w = 16, .box_h = 17, .ofs_x = 2, .ofs_y = -3},
    {.bitmap_index = 6748, .adv_w = 325, .box_w = 17, .box_h = 17, .ofs_x = 2, .ofs_y = -3},
    {.bitmap_index = 6893, .adv_w = 325, .box_w = 17, .box_h = 17, .ofs_x = 2, .ofs_y = -3},
    {.bitmap_index = 7038, .adv_w = 325, .box_w = 17, .box_h = 17, .ofs_x = 2, .ofs_y = -3},
    {.bitmap_index = 7183, .adv_w = 325, .box_w = 17, .box_h = 17, .ofs_x = 2, .ofs_y = -3},
    {.bitmap_index = 7328, .adv_w = 325, .box_w = 18, .box_h = 17, .ofs_x = 1, .ofs_y = -3},
    {.bitmap_index = 7481, .adv_w = 325, .box_w = 16, .box_h = 17, .ofs_x = 2, .ofs_y = -3},
    {.bitmap_index = 7617, .adv_w = 325, .box_w = 16, .box_h = 17, .ofs_x = 2, .ofs_y = -3},
    {.bitmap_index = 7753, .adv_w = 325, .box_w = 16, .box_h = 17, .ofs_x = 2, .ofs_y = -3},
    {.bitmap_index = 7889, .adv_w = 325, .box_w = 16, .box_h = 17, .ofs_x = 2, .ofs_y = -3},
    {.bitmap_index = 8025, .adv_w = 325, .box_w = 18, .box_h = 17, .ofs_x = 1, .ofs_y = -3},
    {.bitmap_index = 8178, .adv_w = 325, .box_w = 16, .box_h = 17, .ofs_x = 2, .ofs_y = -3},
    {.bitmap_index = 8314, .adv_w = 325, .box_w = 19, .box_h = 16, .ofs_x = 1, .ofs_y = -3},
    {.bitmap_index = 8466, .adv_w = 325, .box_w = 19, .box_h = 16, .ofs_x = 1, .ofs_y = -3},
    {.bitmap_index = 8618, .adv_w = 325, .box_w = 16, .box_h = 17, .ofs_x = 2, .ofs_y = -3},
    {.bitmap_index = 8754, .adv_w = 325, .box_w = 12, .box_h = 17, .ofs_x = 4, .ofs_y = -3},
    {.bitmap_index = 8856, .adv_w = 325, .box_w = 12, .box_h = 17, .ofs_x = 4, .ofs_y = -3},
    {.bitmap_index = 8958, .adv_w = 325, .box_w = 18, .box_h = 17, .ofs_x = 1, .ofs_y = -3},
    {.bitmap_index = 9111, .adv_w = 325, .box_w = 14, .box_h = 17, .ofs_x = 3, .ofs_y = -3},
    {.bitmap_index = 9230, .adv_w = 325, .box_w = 18, .box_h = 17, .ofs_x = 1, .ofs_y = -3},
    {.bitmap_index = 9383, .adv_w = 325, .box_w = 19, .box_h = 17, .ofs_x = 1, .ofs_y = -3},
    {.bitmap_index = 9545, .adv_w = 325, .box_w = 18, .box_h = 17, .ofs_x = 1, .ofs_y = -3},
    {.bitmap_index = 9698, .adv_w = 325, .box_w = 14, .box_h = 17, .ofs_x = 3, .ofs_y = -3},
    {.bitmap_index = 9817, .adv_w = 325, .box_w = 16, .box_h = 17, .ofs_x = 2, .ofs_y = -3},
    {.bitmap_index = 9953, .adv_w = 325, .box_w = 19, .box_h = 17, .ofs_x = 1, .ofs_y = -3},
    {.bitmap_index = 10115, .adv_w = 325, .box_w = 12, .box_h = 17, .ofs_x = 4, .ofs_y = -3},
    {.bitmap_index = 10217, .adv_w = 325, .box_w = 18, .box_h = 17, .ofs_x = 1, .ofs_y = -3},
    {.bitmap_index = 10370, .adv_w = 325, .box_w = 18, .box_h = 17, .ofs_x = 1, .ofs_y = -3},
    {.bitmap_index = 10523, .adv_w = 325, .box_w = 15, .box_h = 17, .ofs_x = 3, .ofs_y = -3},
    {.bitmap_index = 10651, .adv_w = 325, .box_w = 16, .box_h = 17, .ofs_x = 2, .ofs_y = -3},
    {.bitmap_index = 10787, .adv_w = 325, .box_w = 16, .box_h = 17, .ofs_x = 2, .ofs_y = -3},
    {.bitmap_index = 10923, .adv_w = 325, .box_w = 18, .box_h = 17, .ofs_x = 1, .ofs_y = -3},
    {.bitmap_index = 11076, .adv_w = 325, .box_w = 13, .box_h = 17, .ofs_x = 4, .ofs_y = -3},
    {.bitmap_index = 11187, .adv_w = 325, .box_w = 16, .box_h = 17, .ofs_x = 2, .ofs_y = -3},
    {.bitmap_index = 11323, .adv_w = 325, .box_w = 16, .box_h = 17, .ofs_x = 2, .ofs_y = -3},
    {.bitmap_index = 11459, .adv_w = 325, .box_w = 14, .box_h = 17, .ofs_x = 3, .ofs_y = -3},
    {.bitmap_index = 11578, .adv_w = 325, .box_w = 16, .box_h = 17, .ofs_x = 2, .ofs_y = -3},
    {.bitmap_index = 11714, .adv_w = 325, .box_w = 16, .box_h = 17, .ofs_x = 2, .ofs_y = -3},
    {.bitmap_index = 11850, .adv_w = 325, .box_w = 14, .box_h = 17, .ofs_x = 3, .ofs_y = -3},
    {.bitmap_index = 11969, .adv_w = 325, .box_w = 16, .box_h = 17, .ofs_x = 2, .ofs_y = -3},
    {.bitmap_index = 12105, .adv_w = 325, .box_w = 20, .box_h = 17, .ofs_x = 0, .ofs_y = -3},
    {.bitmap_index = 12275, .adv_w = 325, .box_w = 17, .box_h = 17, .ofs_x = 2, .ofs_y = -3},
    {.bitmap_index = 12420, .adv_w = 325, .box_w = 17, .box_h = 17, .ofs_x = 2, .ofs_y = -3},
    {.bitmap_index = 12565, .adv_w = 325, .box_w = 19, .box_h = 17, .ofs_x = 1, .ofs_y = -3},
    {.bitmap_index = 12727, .adv_w = 325, .box_w = 13, .box_h = 17, .ofs_x = 4, .ofs_y = -3},
    {.bitmap_index = 12838, .adv_w = 325, .box_w = 16, .box_h = 17, .ofs_x = 2, .ofs_y = -3},
    {.bitmap_index = 12974, .adv_w = 325, .box_w = 18, .box_h = 15, .ofs_x = 1, .ofs_y = -2},
    {.bitmap_index = 13109, .adv_w = 325, .box_w = 20, .box_h = 17, .ofs_x = 0, .ofs_y = -3},
    {.bitmap_index = 13279, .adv_w = 325, .box_w = 14, .box_h = 17, .ofs_x = 3, .ofs_y = -3},
    {.bitmap_index = 13398, .adv_w = 325, .box_w = 9, .box_h = 17, .ofs_x = 6, .ofs_y = -3},
    {.bitmap_index = 13475, .adv_w = 325, .box_w = 14, .box_h = 17, .ofs_x = 3, .ofs_y = -3},
    {.bitmap_index = 13594, .adv_w = 325, .box_w = 11, .box_h = 17, .ofs_x = 5, .ofs_y = -3},
    {.bitmap_index = 13688, .adv_w = 325, .box_w = 14, .box_h = 17, .ofs_x = 3, .ofs_y = -3},
    {.bitmap_index = 13807, .adv_w = 325, .box_w = 19, .box_h = 17, .ofs_x = 1, .ofs_y = -3},
    {.bitmap_index = 13969, .adv_w = 325, .box_w = 17, .box_h = 17, .ofs_x = 2, .ofs_y = -3},
    {.bitmap_index = 14114, .adv_w = 325, .box_w = 16, .box_h = 17, .ofs_x = 2, .ofs_y = -3},
    {.bitmap_index = 14250, .adv_w = 325, .box_w = 16, .box_h = 17, .ofs_x = 2, .ofs_y = -3},
    {.bitmap_index = 14386, .adv_w = 325, .box_w = 14, .box_h = 17, .ofs_x = 3, .ofs_y = -3},
    {.bitmap_index = 14505, .adv_w = 325, .box_w = 11, .box_h = 17, .ofs_x = 5, .ofs_y = -3},
    {.bitmap_index = 14599, .adv_w = 325, .box_w = 16, .box_h = 17, .ofs_x = 2, .ofs_y = -3},
    {.bitmap_index = 14735, .adv_w = 325, .box_w = 16, .box_h = 17, .ofs_x = 2, .ofs_y = -3},
    {.bitmap_index = 14871, .adv_w = 325, .box_w = 11, .box_h = 17, .ofs_x = 5, .ofs_y = -3},
    {.bitmap_index = 14965, .adv_w = 325, .box_w = 17, .box_h = 17, .ofs_x = 2, .ofs_y = -3},
    {.bitmap_index = 15110, .adv_w = 325, .box_w = 18, .box_h = 17, .ofs_x = 1, .ofs_y = -3},
    {.bitmap_index = 15263, .adv_w = 325, .box_w = 17, .box_h = 17, .ofs_x = 2, .ofs_y = -3},
    {.bitmap_index = 15408, .adv_w = 325, .box_w = 17, .box_h = 17, .ofs_x = 2, .ofs_y = -3},
    {.bitmap_index = 15553, .adv_w = 325, .box_w = 15, .box_h = 17, .ofs_x = 3, .ofs_y = -3},
    {.bitmap_index = 15681, .adv_w = 325, .box_w = 16, .box_h = 17, .ofs_x = 2, .ofs_y = -3},
    {.bitmap_index = 15817, .adv_w = 325, .box_w = 18, .box_h = 13, .ofs_x = 1, .ofs_y = -1},
    {.bitmap_index = 15934, .adv_w = 325, .box_w = 18, .box_h = 17, .ofs_x = 1, .ofs_y = -3},
    {.bitmap_index = 16087, .adv_w = 325, .box_w = 18, .box_h = 17, .ofs_x = 1, .ofs_y = -3},
    {.bitmap_index = 16240, .adv_w = 325, .box_w = 17, .box_h = 17, .ofs_x = 2, .ofs_y = -3},
    {.bitmap_index = 16385, .adv_w = 325, .box_w = 16, .box_h = 17, .ofs_x = 2, .ofs_y = -3},
    {.bitmap_index = 16521, .adv_w = 325, .box_w = 14, .box_h = 17, .ofs_x = 3, .ofs_y = -3},
    {.bitmap_index = 16640, .adv_w = 325, .box_w = 19, .box_h = 15, .ofs_x = 1, .ofs_y = -2},
    {.bitmap_index = 16783, .adv_w = 325, .box_w = 18, .box_h = 17, .ofs_x = 1, .ofs_y = -3},
    {.bitmap_index = 16936, .adv_w = 325, .box_w = 16, .box_h = 17, .ofs_x = 2, .ofs_y = -3},
    {.bitmap_index = 17072, .adv_w = 325, .box_w = 18, .box_h = 17, .ofs_x = 1, .ofs_y = -3},
    {.bitmap_index = 17225, .adv_w = 325, .box_w = 18, .box_h = 17, .ofs_x = 1, .ofs_y = -3},
    {.bitmap_index = 17378, .adv_w = 325, .box_w = 16, .box_h = 17, .ofs_x = 2, .ofs_y = -3},
    {.bitmap_index = 17514, .adv_w = 325, .box_w = 17, .box_h = 17, .ofs_x = 2, .ofs_y = -3},
    {.bitmap_index = 17659, .adv_w = 325, .box_w = 17, .box_h = 17, .ofs_x = 2, .ofs_y = -3},
    {.bitmap_index = 17804, .adv_w = 325, .box_w = 15, .box_h = 17, .ofs_x = 3, .ofs_y = -3},
    {.bitmap_index = 17932, .adv_w = 325, .box_w = 16, .box_h = 17, .ofs_x = 2, .ofs_y = -3},
    {.bitmap_index = 18068, .adv_w = 325, .box_w = 11, .box_h = 17, .ofs_x = 5, .ofs_y = -3},
    {.bitmap_index = 18162, .adv_w = 325, .box_w = 18, .box_h = 17, .ofs_x = 1, .ofs_y = -3},
    {.bitmap_index = 18315, .adv_w = 325, .box_w = 18, .box_h = 17, .ofs_x = 1, .ofs_y = -3},
    {.bitmap_index = 18468, .adv_w = 325, .box_w = 16, .box_h = 17, .ofs_x = 2, .ofs_y = -3},
    {.bitmap_index = 18604, .adv_w = 325, .box_w = 18, .box_h = 17, .ofs_x = 1, .ofs_y = -3},
    {.bitmap_index = 18757, .adv_w = 325, .box_w = 19, .box_h = 17, .ofs_x = 1, .ofs_y = -3},
    {.bitmap_index = 18919, .adv_w = 325, .box_w = 14, .box_h = 17, .ofs_x = 3, .ofs_y = -3},
    {.bitmap_index = 19038, .adv_w = 325, .box_w = 20, .box_h = 14, .ofs_x = 0, .ofs_y = -2},
    {.bitmap_index = 19178, .adv_w = 325, .box_w = 18, .box_h = 17, .ofs_x = 1, .ofs_y = -3},
    {.bitmap_index = 19331, .adv_w = 325, .box_w = 19, .box_h = 17, .ofs_x = 1, .ofs_y = -3},
    {.bitmap_index = 19493, .adv_w = 325, .box_w = 17, .box_h = 17, .ofs_x = 2, .ofs_y = -3},
    {.bitmap_index = 19638, .adv_w = 325, .box_w = 17, .box_h = 17, .ofs_x = 2, .ofs_y = -3},
    {.bitmap_index = 19783, .adv_w = 325, .box_w = 20, .box_h = 15, .ofs_x = 0, .ofs_y = -2},
    {.bitmap_index = 19933, .adv_w = 325, .box_w = 18, .box_h = 15, .ofs_x = 1, .ofs_y = -2},
    {.bitmap_index = 20068, .adv_w = 325, .box_w = 19, .box_h = 17, .ofs_x = 1, .ofs_y = -3},
    {.bitmap_index = 20230, .adv_w = 325, .box_w = 18, .box_h = 17, .ofs_x = 1, .ofs_y = -3},
    {.bitmap_index = 20383, .adv_w = 325, .box_w = 20, .box_h = 17, .ofs_x = 0, .ofs_y = -3},
    {.bitmap_index = 20553, .adv_w = 325, .box_w = 12, .box_h = 17, .ofs_x = 4, .ofs_y = -3},
    {.bitmap_index = 20655, .adv_w = 325, .box_w = 18, .box_h = 17, .ofs_x = 1, .ofs_y = -3},
    {.bitmap_index = 20808, .adv_w = 325, .box_w = 18, .box_h = 16, .ofs_x = 1, .ofs_y = -3},
    {.bitmap_index = 20952, .adv_w = 325, .box_w = 14, .box_h = 17, .ofs_x = 3, .ofs_y = -3},
    {.bitmap_index = 21071, .adv_w = 325, .box_w = 18, .box_h = 16, .ofs_x = 1, .ofs_y = -3},
    {.bitmap_index = 21215, .adv_w = 325, .box_w = 20, .box_h = 17, .ofs_x = 0, .ofs_y = -3},
    {.bitmap_index = 21385, .adv_w = 325, .box_w = 16, .box_h = 17, .ofs_x = 2, .ofs_y = -3},
    {.bitmap_index = 21521, .adv_w = 325, .box_w = 20, .box_h = 16, .ofs_x = 0, .ofs_y = -3},
    {.bitmap_index = 21681, .adv_w = 325, .box_w = 18, .box_h = 16, .ofs_x = 1, .ofs_y = -3},
    {.bitmap_index = 21825, .adv_w = 325, .box_w = 18, .box_h = 17, .ofs_x = 1, .ofs_y = -3},
    {.bitmap_index = 21978, .adv_w = 325, .box_w = 18, .box_h = 17, .ofs_x = 1, .ofs_y = -3},
    {.bitmap_index = 22131, .adv_w = 325, .box_w = 18, .box_h = 17, .ofs_x = 1, .ofs_y = -3},
    {.bitmap_index = 22284, .adv_w = 325, .box_w = 18, .box_h = 15, .ofs_x = 1, .ofs_y = -2},
    {.bitmap_index = 22419, .adv_w = 325, .box_w = 16, .box_h = 17, .ofs_x = 2, .ofs_y = -3},
    {.bitmap_index = 22555, .adv_w = 325, .box_w = 12, .box_h = 17, .ofs_x = 4, .ofs_y = -3},
    {.bitmap_index = 22657, .adv_w = 325, .box_w = 15, .box_h = 17, .ofs_x = 3, .ofs_y = -3},
    {.bitmap_index = 22785, .adv_w = 325, .box_w = 15, .box_h = 17, .ofs_x = 3, .ofs_y = -3},
    {.bitmap_index = 22913, .adv_w = 325, .box_w = 16, .box_h = 17, .ofs_x = 2, .ofs_y = -3},
    {.bitmap_index = 23049, .adv_w = 325, .box_w = 20, .box_h = 13, .ofs_x = 0, .ofs_y = -1},
    {.bitmap_index = 23179, .adv_w = 325, .box_w = 19, .box_h = 17, .ofs_x = 1, .ofs_y = -3},
    {.bitmap_index = 23341, .adv_w = 325, .box_w = 16, .box_h = 17, .ofs_x = 2, .ofs_y = -3},
    {.bitmap_index = 23477, .adv_w = 325, .box_w = 16, .box_h = 17, .ofs_x = 2, .ofs_y = -3},
    {.bitmap_index = 23613, .adv_w = 325, .box_w = 20, .box_h = 17, .ofs_x = 0, .ofs_y = -3},
    {.bitmap_index = 23783, .adv_w = 325, .box_w = 14, .box_h = 17, .ofs_x = 3, .ofs_y = -3},
    {.bitmap_index = 23902, .adv_w = 325, .box_w = 18, .box_h = 17, .ofs_x = 1, .ofs_y = -3},
    {.bitmap_index = 24055, .adv_w = 325, .box_w = 18, .box_h = 17, .ofs_x = 1, .ofs_y = -3},
    {.bitmap_index = 24208, .adv_w = 325, .box_w = 18, .box_h = 17, .ofs_x = 1, .ofs_y = -3},
    {.bitmap_index = 24361, .adv_w = 325, .box_w = 17, .box_h = 17, .ofs_x = 2, .ofs_y = -3},
    {.bitmap_index = 24506, .adv_w = 325, .box_w = 18, .box_h = 17, .ofs_x = 1, .ofs_y = -3},
    {.bitmap_index = 24659, .adv_w = 325, .box_w = 17, .box_h = 17, .ofs_x = 2, .ofs_y = -3},
    {.bitmap_index = 24804, .adv_w = 325, .box_w = 17, .box_h = 17, .ofs_x = 2, .ofs_y = -3},
    {.bitmap_index = 24949, .adv_w = 325, .box_w = 18, .box_h = 17, .ofs_x = 1, .ofs_y = -3},
    {.bitmap_index = 25102, .adv_w = 325, .box_w = 18, .box_h = 17, .ofs_x = 1, .ofs_y = -3},
    {.bitmap_index = 25255, .adv_w = 325, .box_w = 18, .box_h = 17, .ofs_x = 1, .ofs_y = -3},
    {.bitmap_index = 25408, .adv_w = 325, .box_w = 18, .box_h = 17, .ofs_x = 1, .ofs_y = -3},
    {.bitmap_index = 25561, .adv_w = 325, .box_w = 18, .box_h = 17, .ofs_x = 1, .ofs_y = -3},
    {.bitmap_index = 25714, .adv_w = 325, .box_w = 17, .box_h = 17, .ofs_x = 2, .ofs_y = -3},
    {.bitmap_index = 25859, .adv_w = 325, .box_w = 11, .box_h = 17, .ofs_x = 5, .ofs_y = -3},
    {.bitmap_index = 25953, .adv_w = 325, .box_w = 17, .box_h = 17, .ofs_x = 2, .ofs_y = -3},
    {.bitmap_index = 26098, .adv_w = 325, .box_w = 18, .box_h = 17, .ofs_x = 1, .ofs_y = -3},
    {.bitmap_index = 26251, .adv_w = 325, .box_w = 15, .box_h = 17, .ofs_x = 3, .ofs_y = -3},
    {.bitmap_index = 26379, .adv_w = 325, .box_w = 14, .box_h = 17, .ofs_x = 3, .ofs_y = -3},
    {.bitmap_index = 26498, .adv_w = 325, .box_w = 18, .box_h = 15, .ofs_x = 1, .ofs_y = -2},
    {.bitmap_index = 26633, .adv_w = 325, .box_w = 16, .box_h = 17, .ofs_x = 2, .ofs_y = -3},
    {.bitmap_index = 26769, .adv_w = 325, .box_w = 17, .box_h = 17, .ofs_x = 2, .ofs_y = -3},
    {.bitmap_index = 26914, .adv_w = 325, .box_w = 17, .box_h = 17, .ofs_x = 2, .ofs_y = -3},
    {.bitmap_index = 27059, .adv_w = 325, .box_w = 17, .box_h = 17, .ofs_x = 2, .ofs_y = -3},
    {.bitmap_index = 27204, .adv_w = 325, .box_w = 19, .box_h = 15, .ofs_x = 1, .ofs_y = -2},
    {.bitmap_index = 27347, .adv_w = 325, .box_w = 18, .box_h = 17, .ofs_x = 1, .ofs_y = -3},
    {.bitmap_index = 27500, .adv_w = 325, .box_w = 16, .box_h = 17, .ofs_x = 2, .ofs_y = -3},
    {.bitmap_index = 27636, .adv_w = 325, .box_w = 18, .box_h = 17, .ofs_x = 1, .ofs_y = -3},
    {.bitmap_index = 27789, .adv_w = 325, .box_w = 19, .box_h = 17, .ofs_x = 1, .ofs_y = -3},
    {.bitmap_index = 27951, .adv_w = 325, .box_w = 10, .box_h = 17, .ofs_x = 5, .ofs_y = -3},
    {.bitmap_index = 28036, .adv_w = 325, .box_w = 18, .box_h = 15, .ofs_x = 1, .ofs_y = -2},
    {.bitmap_index = 28171, .adv_w = 325, .box_w = 18, .box_h = 17, .ofs_x = 1, .ofs_y = -3},
    {.bitmap_index = 28324, .adv_w = 325, .box_w = 17, .box_h = 17, .ofs_x = 2, .ofs_y = -3},
    {.bitmap_index = 28469, .adv_w = 325, .box_w = 16, .box_h = 17, .ofs_x = 2, .ofs_y = -3},
    {.bitmap_index = 28605, .adv_w = 325, .box_w = 18, .box_h = 17, .ofs_x = 1, .ofs_y = -3},
    {.bitmap_index = 28758, .adv_w = 325, .box_w = 9, .box_h = 17, .ofs_x = 6, .ofs_y = -3},
    {.bitmap_index = 28835, .adv_w = 325, .box_w = 17, .box_h = 17, .ofs_x = 2, .ofs_y = -3},
    {.bitmap_index = 28980, .adv_w = 325, .box_w = 17, .box_h = 17, .ofs_x = 2, .ofs_y = -3},
    {.bitmap_index = 29125, .adv_w = 325, .box_w = 17, .box_h = 17, .ofs_x = 2, .ofs_y = -3},
    {.bitmap_index = 29270, .adv_w = 325, .box_w = 12, .box_h = 17, .ofs_x = 4, .ofs_y = -3},
    {.bitmap_index = 29372, .adv_w = 325, .box_w = 12, .box_h = 17, .ofs_x = 4, .ofs_y = -3},
    {.bitmap_index = 29474, .adv_w = 325, .box_w = 17, .box_h = 17, .ofs_x = 2, .ofs_y = -3},
    {.bitmap_index = 29619, .adv_w = 325, .box_w = 17, .box_h = 17, .ofs_x = 2, .ofs_y = -3},
    {.bitmap_index = 29764, .adv_w = 325, .box_w = 14, .box_h = 17, .ofs_x = 3, .ofs_y = -3},
    {.bitmap_index = 29883, .adv_w = 325, .box_w = 16, .box_h = 17, .ofs_x = 2, .ofs_y = -3},
    {.bitmap_index = 30019, .adv_w = 325, .box_w = 18, .box_h = 17, .ofs_x = 1, .ofs_y = -3},
    {.bitmap_index = 30172, .adv_w = 325, .box_w = 17, .box_h = 17, .ofs_x = 2, .ofs_y = -3},
    {.bitmap_index = 30317, .adv_w = 325, .box_w = 16, .box_h = 17, .ofs_x = 2, .ofs_y = -3},
    {.bitmap_index = 30453, .adv_w = 325, .box_w = 17, .box_h = 17, .ofs_x = 2, .ofs_y = -3},
    {.bitmap_index = 30598, .adv_w = 325, .box_w = 14, .box_h = 17, .ofs_x = 3, .ofs_y = -3},
    {.bitmap_index = 30717, .adv_w = 325, .box_w = 18, .box_h = 17, .ofs_x = 1, .ofs_y = -3},
    {.bitmap_index = 30870, .adv_w = 325, .box_w = 16, .box_h = 17, .ofs_x = 2, .ofs_y = -3},
    {.bitmap_index = 31006, .adv_w = 325, .box_w = 17, .box_h = 17, .ofs_x = 2, .ofs_y = -3},
    {.bitmap_index = 31151, .adv_w = 325, .box_w = 17, .box_h = 17, .ofs_x = 2, .ofs_y = -3},
    {.bitmap_index = 31296, .adv_w = 325, .box_w = 20, .box_h = 17, .ofs_x = 0, .ofs_y = -3},
    {.bitmap_index = 31466, .adv_w = 325, .box_w = 17, .box_h = 17, .ofs_x = 2, .ofs_y = -3},
    {.bitmap_index = 31611, .adv_w = 325, .box_w = 17, .box_h = 17, .ofs_x = 2, .ofs_y = -3},
    {.bitmap_index = 31756, .adv_w = 325, .box_w = 18, .box_h = 17, .ofs_x = 1, .ofs_y = -3},
    {.bitmap_index = 31909, .adv_w = 325, .box_w = 17, .box_h = 17, .ofs_x = 2, .ofs_y = -3},
    {.bitmap_index = 32054, .adv_w = 325, .box_w = 16, .box_h = 17, .ofs_x = 2, .ofs_y = -3},
    {.bitmap_index = 32190, .adv_w = 325, .box_w = 18, .box_h = 18, .ofs_x = 1, .ofs_y = -3},
    {.bitmap_index = 32352, .adv_w = 325, .box_w = 17, .box_h = 17, .ofs_x = 2, .ofs_y = -3},
    {.bitmap_index = 32497, .adv_w = 325, .box_w = 17, .box_h = 17, .ofs_x = 2, .ofs_y = -3},
    {.bitmap_index = 32642, .adv_w = 325, .box_w = 17, .box_h = 17, .ofs_x = 2, .ofs_y = -3},
    {.bitmap_index = 32787, .adv_w = 325, .box_w = 17, .box_h = 17, .ofs_x = 2, .ofs_y = -3},
    {.bitmap_index = 32932, .adv_w = 325, .box_w = 17, .box_h = 17, .ofs_x = 2, .ofs_y = -3},
    {.bitmap_index = 33077, .adv_w = 325, .box_w = 18, .box_h = 17, .ofs_x = 1, .ofs_y = -3},
    {.bitmap_index = 33230, .adv_w = 325, .box_w = 17, .box_h = 17, .ofs_x = 2, .ofs_y = -3},
    {.bitmap_index = 33375, .adv_w = 325, .box_w = 17, .box_h = 17, .ofs_x = 2, .ofs_y = -3},
    {.bitmap_index = 33520, .adv_w = 325, .box_w = 17, .box_h = 17, .ofs_x = 2, .ofs_y = -3},
    {.bitmap_index = 33665, .adv_w = 325, .box_w = 17, .box_h = 17, .ofs_x = 2, .ofs_y = -3},
    {.bitmap_index = 33810, .adv_w = 325, .box_w = 17, .box_h = 17, .ofs_x = 2, .ofs_y = -3},
    {.bitmap_index = 33955, .adv_w = 325, .box_w = 17, .box_h = 17, .ofs_x = 2, .ofs_y = -3},
    {.bitmap_index = 34100, .adv_w = 325, .box_w = 17, .box_h = 17, .ofs_x = 2, .ofs_y = -3},
    {.bitmap_index = 34245, .adv_w = 325, .box_w = 17, .box_h = 17, .ofs_x = 2, .ofs_y = -3},
    {.bitmap_index = 34390, .adv_w = 325, .box_w = 17, .box_h = 17, .ofs_x = 2, .ofs_y = -3},
    {.bitmap_index = 34535, .adv_w = 325, .box_w = 17, .box_h = 17, .ofs_x = 2, .ofs_y = -3},
    {.bitmap_index = 34680, .adv_w = 325, .box_w = 17, .box_h = 17, .ofs_x = 2, .ofs_y = -3},
    {.bitmap_index = 34825, .adv_w = 325, .box_w = 17, .box_h = 17, .ofs_x = 2, .ofs_y = -3},
    {.bitmap_index = 34970, .adv_w = 325, .box_w = 17, .box_h = 17, .ofs_x = 2, .ofs_y = -3},
    {.bitmap_index = 35115, .adv_w = 325, .box_w = 17, .box_h = 17, .ofs_x = 2, .ofs_y = -3},
    {.bitmap_index = 35260, .adv_w = 325, .box_w = 17, .box_h = 17, .ofs_x = 2, .ofs_y = -3},
    {.bitmap_index = 35405, .adv_w = 325, .box_w = 17, .box_h = 17, .ofs_x = 2, .ofs_y = -3},
    {.bitmap_index = 35550, .adv_w = 325, .box_w = 17, .box_h = 17, .ofs_x = 2, .ofs_y = -3},
    {.bitmap_index = 35695, .adv_w = 325, .box_w = 17, .box_h = 17, .ofs_x = 2, .ofs_y = -3},
    {.bitmap_index = 35840, .adv_w = 325, .box_w = 17, .box_h = 17, .ofs_x = 2, .ofs_y = -3},
    {.bitmap_index = 35985, .adv_w = 325, .box_w = 17, .box_h = 17, .ofs_x = 2, .ofs_y = -3},
    {.bitmap_index = 36130, .adv_w = 325, .box_w = 17, .box_h = 17, .ofs_x = 2, .ofs_y = -3},
    {.bitmap_index = 36275, .adv_w = 325, .box_w = 18, .box_h = 17, .ofs_x = 1, .ofs_y = -3},
    {.bitmap_index = 36428, .adv_w = 325, .box_w = 17, .box_h = 17, .ofs_x = 2, .ofs_y = -3},
    {.bitmap_index = 36573, .adv_w = 325, .box_w = 17, .box_h = 17, .ofs_x = 2, .ofs_y = -3},
    {.bitmap_index = 36718, .adv_w = 325, .box_w = 17, .box_h = 17, .ofs_x = 2, .ofs_y = -3},
    {.bitmap_index = 36863, .adv_w = 325, .box_w = 17, .box_h = 17, .ofs_x = 2, .ofs_y = -3},
    {.bitmap_index = 37008, .adv_w = 325, .box_w = 17, .box_h = 17, .ofs_x = 2, .ofs_y = -3},
    {.bitmap_index = 37153, .adv_w = 325, .box_w = 17, .box_h = 17, .ofs_x = 2, .ofs_y = -3},
    {.bitmap_index = 37298, .adv_w = 325, .box_w = 17, .box_h = 17, .ofs_x = 2, .ofs_y = -3},
    {.bitmap_index = 37443, .adv_w = 325, .box_w = 17, .box_h = 17, .ofs_x = 2, .ofs_y = -3},
    {.bitmap_index = 37588, .adv_w = 325, .box_w = 17, .box_h = 17, .ofs_x = 2, .ofs_y = -3},
    {.bitmap_index = 37733, .adv_w = 325, .box_w = 17, .box_h = 17, .ofs_x = 2, .ofs_y = -3},
    {.bitmap_index = 37878, .adv_w = 325, .box_w = 17, .box_h = 17, .ofs_x = 2, .ofs_y = -3},
    {.bitmap_index = 38023, .adv_w = 325, .box_w = 17, .box_h = 17, .ofs_x = 2, .ofs_y = -3},
    {.bitmap_index = 38168, .adv_w = 325, .box_w = 19, .box_h = 17, .ofs_x = 1, .ofs_y = -3},
    {.bitmap_index = 38330, .adv_w = 325, .box_w = 17, .box_h = 17, .ofs_x = 2, .ofs_y = -3},
    {.bitmap_index = 38475, .adv_w = 325, .box_w = 17, .box_h = 17, .ofs_x = 2, .ofs_y = -3},
    {.bitmap_index = 38620, .adv_w = 325, .box_w = 17, .box_h = 17, .ofs_x = 2, .ofs_y = -3},
    {.bitmap_index = 38765, .adv_w = 325, .box_w = 17, .box_h = 17, .ofs_x = 2, .ofs_y = -3},
    {.bitmap_index = 38910, .adv_w = 325, .box_w = 17, .box_h = 17, .ofs_x = 2, .ofs_y = -3},
    {.bitmap_index = 39055, .adv_w = 325, .box_w = 17, .box_h = 17, .ofs_x = 2, .ofs_y = -3},
    {.bitmap_index = 39200, .adv_w = 325, .box_w = 18, .box_h = 16, .ofs_x = 1, .ofs_y = -3},
    {.bitmap_index = 39344, .adv_w = 325, .box_w = 19, .box_h = 16, .ofs_x = 1, .ofs_y = -3},
    {.bitmap_index = 39496, .adv_w = 325, .box_w = 18, .box_h = 16, .ofs_x = 1, .ofs_y = -3},
    {.bitmap_index = 39640, .adv_w = 325, .box_w = 18, .box_h = 16, .ofs_x = 1, .ofs_y = -3},
    {.bitmap_index = 39784, .adv_w = 325, .box_w = 18, .box_h = 16, .ofs_x = 1, .ofs_y = -3},
    {.bitmap_index = 39928, .adv_w = 325, .box_w = 18, .box_h = 16, .ofs_x = 1, .ofs_y = -3},
    {.bitmap_index = 40072, .adv_w = 325, .box_w = 18, .box_h = 17, .ofs_x = 1, .ofs_y = -3},
    {.bitmap_index = 40225, .adv_w = 325, .box_w = 18, .box_h = 16, .ofs_x = 1, .ofs_y = -3},
    {.bitmap_index = 40369, .adv_w = 325, .box_w = 18, .box_h = 16, .ofs_x = 1, .ofs_y = -3},
    {.bitmap_index = 40513, .adv_w = 325, .box_w = 17, .box_h = 17, .ofs_x = 2, .ofs_y = -3},
    {.bitmap_index = 40658, .adv_w = 325, .box_w = 17, .box_h = 17, .ofs_x = 2, .ofs_y = -3},
    {.bitmap_index = 40803, .adv_w = 325, .box_w = 17, .box_h = 17, .ofs_x = 2, .ofs_y = -3},
    {.bitmap_index = 40948, .adv_w = 325, .box_w = 17, .box_h = 17, .ofs_x = 2, .ofs_y = -3},
    {.bitmap_index = 41093, .adv_w = 325, .box_w = 20, .box_h = 17, .ofs_x = 0, .ofs_y = -3},
    {.bitmap_index = 41263, .adv_w = 325, .box_w = 17, .box_h = 17, .ofs_x = 2, .ofs_y = -3},
    {.bitmap_index = 41408, .adv_w = 325, .box_w = 16, .box_h = 16, .ofs_x = 2, .ofs_y = -3},
    {.bitmap_index = 41536, .adv_w = 325, .box_w = 20, .box_h = 15, .ofs_x = 0, .ofs_y = -2},
    {.bitmap_index = 41686, .adv_w = 325, .box_w = 19, .box_h = 13, .ofs_x = 1, .ofs_y = -1},
    {.bitmap_index = 41810, .adv_w = 325, .box_w = 17, .box_h = 17, .ofs_x = 2, .ofs_y = -3},
    {.bitmap_index = 41955, .adv_w = 325, .box_w = 20, .box_h = 15, .ofs_x = 0, .ofs_y = -2},
    {.bitmap_index = 42105, .adv_w = 325, .box_w = 20, .box_h = 17, .ofs_x = 0, .ofs_y = -3},
    {.bitmap_index = 42275, .adv_w = 325, .box_w = 20, .box_h = 17, .ofs_x = 0, .ofs_y = -3},
    {.bitmap_index = 42445, .adv_w = 325, .box_w = 20, .box_h = 15, .ofs_x = 0, .ofs_y = -2},
    {.bitmap_index = 42595, .adv_w = 325, .box_w = 20, .box_h = 14, .ofs_x = 0, .ofs_y = -1},
    {.bitmap_index = 42735, .adv_w = 325, .box_w = 19, .box_h = 13, .ofs_x = 1, .ofs_y = -1},
    {.bitmap_index = 42859, .adv_w = 325, .box_w = 20, .box_h = 17, .ofs_x = 0, .ofs_y = -3},
    {.bitmap_index = 43029, .adv_w = 325, .box_w = 20, .box_h = 13, .ofs_x = 0, .ofs_y = -1},
    {.bitmap_index = 43159, .adv_w = 325, .box_w = 18, .box_h = 17, .ofs_x = 1, .ofs_y = -3},
    {.bitmap_index = 43312, .adv_w = 325, .box_w = 16, .box_h = 17, .ofs_x = 2, .ofs_y = -3},
    {.bitmap_index = 43448, .adv_w = 325, .box_w = 17, .box_h = 17, .ofs_x = 2, .ofs_y = -3},
    {.bitmap_index = 43593, .adv_w = 325, .box_w = 17, .box_h = 17, .ofs_x = 2, .ofs_y = -3},
    {.bitmap_index = 43738, .adv_w = 325, .box_w = 19, .box_h = 13, .ofs_x = 1, .ofs_y = -1},
    {.bitmap_index = 43862, .adv_w = 325, .box_w = 16, .box_h = 17, .ofs_x = 2, .ofs_y = -3},
    {.bitmap_index = 43998, .adv_w = 325, .box_w = 18, .box_h = 17, .ofs_x = 1, .ofs_y = -3},
    {.bitmap_index = 44151, .adv_w = 325, .box_w = 20, .box_h = 13, .ofs_x = 0, .ofs_y = -1},
    {.bitmap_index = 44281, .adv_w = 325, .box_w = 17, .box_h = 17, .ofs_x = 2, .ofs_y = -3},
    {.bitmap_index = 44426, .adv_w = 325, .box_w = 18, .box_h = 17, .ofs_x = 1, .ofs_y = -3},
    {.bitmap_index = 44579, .adv_w = 325, .box_w = 17, .box_h = 13, .ofs_x = 2, .ofs_y = -1},
    {.bitmap_index = 44690, .adv_w = 325, .box_w = 15, .box_h = 17, .ofs_x = 2, .ofs_y = -3},
    {.bitmap_index = 44818, .adv_w = 325, .box_w = 18, .box_h = 17, .ofs_x = 1, .ofs_y = -3},
    {.bitmap_index = 44971, .adv_w = 325, .box_w = 18, .box_h = 17, .ofs_x = 1, .ofs_y = -3},
    {.bitmap_index = 45124, .adv_w = 325, .box_w = 18, .box_h = 16, .ofs_x = 1, .ofs_y = -3},
    {.bitmap_index = 45268, .adv_w = 325, .box_w = 17, .box_h = 17, .ofs_x = 2, .ofs_y = -3},
    {.bitmap_index = 45413, .adv_w = 325, .box_w = 13, .box_h = 17, .ofs_x = 4, .ofs_y = -3},
    {.bitmap_index = 45524, .adv_w = 325, .box_w = 16, .box_h = 17, .ofs_x = 2, .ofs_y = -3},
    {.bitmap_index = 45660, .adv_w = 325, .box_w = 18, .box_h = 13, .ofs_x = 1, .ofs_y = -1},
    {.bitmap_index = 45777, .adv_w = 325, .box_w = 12, .box_h = 17, .ofs_x = 4, .ofs_y = -3},
    {.bitmap_index = 45879, .adv_w = 325, .box_w = 17, .box_h = 17, .ofs_x = 2, .ofs_y = -3},
    {.bitmap_index = 46024, .adv_w = 325, .box_w = 19, .box_h = 17, .ofs_x = 1, .ofs_y = -3},
    {.bitmap_index = 46186, .adv_w = 325, .box_w = 17, .box_h = 17, .ofs_x = 2, .ofs_y = -3},
    {.bitmap_index = 46331, .adv_w = 325, .box_w = 18, .box_h = 17, .ofs_x = 1, .ofs_y = -3},
    {.bitmap_index = 46484, .adv_w = 325, .box_w = 17, .box_h = 17, .ofs_x = 2, .ofs_y = -3},
    {.bitmap_index = 46629, .adv_w = 325, .box_w = 17, .box_h = 17, .ofs_x = 2, .ofs_y = -3},
    {.bitmap_index = 46774, .adv_w = 325, .box_w = 16, .box_h = 17, .ofs_x = 2, .ofs_y = -3},
    {.bitmap_index = 46910, .adv_w = 325, .box_w = 17, .box_h = 17, .ofs_x = 2, .ofs_y = -3},
    {.bitmap_index = 47055, .adv_w = 325, .box_w = 17, .box_h = 17, .ofs_x = 2, .ofs_y = -3},
    {.bitmap_index = 47200, .adv_w = 325, .box_w = 17, .box_h = 17, .ofs_x = 2, .ofs_y = -3},
    {.bitmap_index = 47345, .adv_w = 325, .box_w = 18, .box_h = 17, .ofs_x = 1, .ofs_y = -3},
    {.bitmap_index = 47498, .adv_w = 325, .box_w = 15, .box_h = 17, .ofs_x = 3, .ofs_y = -3},
    {.bitmap_index = 47626, .adv_w = 325, .box_w = 14, .box_h = 17, .ofs_x = 3, .ofs_y = -3},
    {.bitmap_index = 47745, .adv_w = 325, .box_w = 12, .box_h = 17, .ofs_x = 4, .ofs_y = -3},
    {.bitmap_index = 47847, .adv_w = 325, .box_w = 14, .box_h = 17, .ofs_x = 3, .ofs_y = -3},
    {.bitmap_index = 47966, .adv_w = 325, .box_w = 20, .box_h = 15, .ofs_x = 0, .ofs_y = -2},
    {.bitmap_index = 48116, .adv_w = 325, .box_w = 17, .box_h = 17, .ofs_x = 2, .ofs_y = -3},
    {.bitmap_index = 48261, .adv_w = 325, .box_w = 14, .box_h = 17, .ofs_x = 3, .ofs_y = -3},
    {.bitmap_index = 48380, .adv_w = 325, .box_w = 16, .box_h = 17, .ofs_x = 2, .ofs_y = -3},
    {.bitmap_index = 48516, .adv_w = 325, .box_w = 20, .box_h = 18, .ofs_x = 0, .ofs_y = -4},
    {.bitmap_index = 48696, .adv_w = 325, .box_w = 19, .box_h = 17, .ofs_x = 1, .ofs_y = -3},
    {.bitmap_index = 48858, .adv_w = 325, .box_w = 20, .box_h = 18, .ofs_x = 1, .ofs_y = -4},
    {.bitmap_index = 49038, .adv_w = 325, .box_w = 18, .box_h = 17, .ofs_x = 1, .ofs_y = -3},
    {.bitmap_index = 49191, .adv_w = 325, .box_w = 17, .box_h = 17, .ofs_x = 2, .ofs_y = -3},
    {.bitmap_index = 49336, .adv_w = 325, .box_w = 16, .box_h = 17, .ofs_x = 2, .ofs_y = -3},
    {.bitmap_index = 49472, .adv_w = 325, .box_w = 17, .box_h = 17, .ofs_x = 2, .ofs_y = -3},
    {.bitmap_index = 49617, .adv_w = 325, .box_w = 18, .box_h = 17, .ofs_x = 1, .ofs_y = -3},
    {.bitmap_index = 49770, .adv_w = 325, .box_w = 12, .box_h = 17, .ofs_x = 4, .ofs_y = -3},
    {.bitmap_index = 49872, .adv_w = 325, .box_w = 20, .box_h = 15, .ofs_x = 0, .ofs_y = -2},
    {.bitmap_index = 50022, .adv_w = 325, .box_w = 21, .box_h = 17, .ofs_x = 0, .ofs_y = -3},
    {.bitmap_index = 50201, .adv_w = 325, .box_w = 15, .box_h = 17, .ofs_x = 3, .ofs_y = -3},
    {.bitmap_index = 50329, .adv_w = 325, .box_w = 18, .box_h = 17, .ofs_x = 1, .ofs_y = -3},
    {.bitmap_index = 50482, .adv_w = 325, .box_w = 18, .box_h = 17, .ofs_x = 1, .ofs_y = -3}
};

/*---------------------
 *  CHARACTER MAPPING
 *--------------------*/

static const uint16_t unicode_list_0[] = {
    0x0, 0xd, 0xfd, 0x2de, 0x3b4, 0x3b7, 0x5c4, 0x5c5,
    0x5c6, 0x5c7, 0x5d8, 0x5d9, 0x623, 0x629, 0x63f, 0x65d,
    0x664, 0x665, 0x681, 0x682, 0x688, 0x689, 0x698, 0x6b4,
    0x6b5, 0x6b7, 0x6b9, 0x6c9, 0x6cc, 0x6ce, 0x6cf, 0x6d0,
    0x6d1, 0x6d3, 0x6d8, 0x6da, 0x6ec, 0x708, 0x710, 0x712,
    0x717, 0x718, 0x719, 0x71b, 0x728, 0x759, 0x75a, 0x75b,
    0xb14
};

static const uint16_t unicode_list_1[] = {
    0x0, 0x2, 0x3, 0x4, 0x5, 0x6, 0x7, 0x11,
    0x12, 0x13, 0x14, 0x15, 0x16, 0x17, 0x25, 0x26,
    0x27, 0x2f, 0x31, 0x32, 0x33, 0x34, 0x36, 0x37,
    0x38, 0x39, 0x3a, 0x3b, 0x3d, 0x3e, 0x44, 0x46,
    0x47, 0x49, 0x4a, 0x4b, 0x4c, 0x4d, 0x4e, 0x4f,
    0x57, 0x5b, 0x5c, 0x63, 0x65, 0x66, 0x67, 0x68,
    0x69, 0x6a, 0x6b, 0x6f, 0x70, 0x71, 0x72, 0x73,
    0x74, 0x76, 0x79, 0x7a, 0x80, 0x81, 0x82, 0x8e,
    0x98, 0x9a, 0x9b, 0x9d, 0x9f, 0xa4, 0xa6, 0xa7,
    0xa8, 0xa9, 0xaa, 0xad, 0xae, 0xb0, 0xb1, 0xb2,
    0xb3, 0xb6, 0xb8, 0xb9, 0xba, 0xbc, 0xbd, 0xbe,
    0xbf, 0xc0, 0xc2, 0xc3, 0xc4, 0xc5, 0x105, 0x106,
    0x10a, 0x10c, 0x117, 0x118, 0x11a, 0x11d, 0x11e, 0x11f,
    0x123, 0x125, 0x128, 0x129, 0x12b, 0x12c, 0x12e, 0x130,
    0x131, 0x133, 0x134, 0x142, 0x143, 0x144, 0x145, 0x146,
    0x147, 0x148, 0x149, 0x173, 0x175, 0x176, 0x178, 0x17d,
    0x18b, 0x18c, 0x18d, 0x18e, 0x18f, 0x190, 0x191, 0x192,
    0x193, 0x194, 0x195, 0x196, 0x199, 0x1a2, 0x1a7, 0x1a8,
    0x1b2, 0x1b3, 0x1bd, 0x1c0, 0x1c1, 0x1c2, 0x1ce, 0x1d2,
    0x1d9, 0x1da, 0x1db, 0x1e9, 0x1ef, 0x1f0, 0x1fc, 0x1ff,
    0x202, 0x203, 0x205, 0x206, 0x209, 0x20a, 0x20b, 0x20c,
    0x215, 0x21d, 0x21f, 0x220, 0x221, 0x271, 0x283, 0x28e,
    0x29c, 0x29d
};

static const uint16_t unicode_list_3[] = {
    0x0, 0x3, 0x34, 0x35, 0x40, 0x42, 0x44, 0x45,
    0x46, 0x47, 0x49, 0x4b, 0x4c, 0x4d, 0x56, 0x5c,
    0x5d, 0x5f, 0x66, 0x68, 0x94, 0x99, 0xa8, 0xa9,
    0xac, 0x2c0, 0x2c1, 0x2c2, 0x2c3, 0x2c8, 0x2cc, 0x2cd,
    0x2d1, 0x2d2, 0x2d4, 0x2d5, 0x2d7, 0x2db, 0x2dd, 0x2de,
    0x2df, 0x2e0, 0x2e1, 0x2e2, 0x2e3, 0x2e7, 0x2e8, 0x2e9,
    0x2ea, 0x2eb, 0x2ec, 0x2ed, 0x2f5, 0x324, 0x329, 0x32a,
    0x32c, 0x32e, 0x335, 0x338, 0x33e, 0x340, 0x34f, 0x351,
    0x352, 0x360, 0x395
};

/*Collect the unicode lists and glyph_id offsets*/
static const lv_font_fmt_txt_cmap_t cmaps[] =
{
    {
        .range_start = 8252, .range_length = 2837, .glyph_id_start = 1,
        .unicode_list = unicode_list_0, .glyph_id_ofs_list = NULL, .list_length = 49, .type = LV_FONT_FMT_TXT_CMAP_SPARSE_TINY
    },
    {
        .range_start = 127752, .range_length = 670, .glyph_id_start = 50,
        .unicode_list = unicode_list_1, .glyph_id_ofs_list = NULL, .list_length = 178, .type = LV_FONT_FMT_TXT_CMAP_SPARSE_TINY
    },
    {
        .range_start = 128512, .range_length = 69, .glyph_id_start = 228,
        .unicode_list = NULL, .glyph_id_ofs_list = NULL, .list_length = 0, .type = LV_FONT_FMT_TXT_CMAP_FORMAT0_TINY
    },
    {
        .range_start = 128588, .range_length = 918, .glyph_id_start = 297,
        .unicode_list = unicode_list_3, .glyph_id_ofs_list = NULL, .list_length = 67, .type = LV_FONT_FMT_TXT_CMAP_SPARSE_TINY
    }
};



/*--------------------
 *  ALL CUSTOM DATA
 *--------------------*/

#if LVGL_VERSION_MAJOR == 8
/*Store all the custom data of the font*/
static  lv_font_fmt_txt_glyph_cache_t cache;
#endif

#if LVGL_VERSION_MAJOR >= 8
static const lv_font_fmt_txt_dsc_t font_dsc = {
#else
static lv_font_fmt_txt_dsc_t font_dsc = {
#endif
    .glyph_bitmap = glyph_bitmap,
    .glyph_dsc = glyph_dsc,
    .cmaps = cmaps,
    .kern_dsc = NULL,
    .kern_scale = 0,
    .cmap_num = 4,
    .bpp = 4,
    .kern_classes = 0,
    .bitmap_format = 0,
#if LVGL_VERSION_MAJOR == 8
    .cache = &cache
#endif
};



/*-----------------
 *  PUBLIC FONT
 *----------------*/

/*Initialize a public general font descriptor*/
#if LVGL_VERSION_MAJOR >= 8
const lv_font_t emoji_font = {
#else
lv_font_t emoji_font = {
#endif
    .get_glyph_dsc = lv_font_get_glyph_dsc_fmt_txt,    /*Function pointer to get glyph's data*/
    .get_glyph_bitmap = lv_font_get_bitmap_fmt_txt,    /*Function pointer to get glyph's bitmap*/
    .line_height = 19,          /*The maximum line height required by the font*/
    .base_line = 4,             /*Baseline measured from the bottom of the line*/
#if !(LVGL_VERSION_MAJOR == 6 && LVGL_VERSION_MINOR == 0)
    .subpx = LV_FONT_SUBPX_NONE,
#endif
#if LV_VERSION_CHECK(7, 4, 0) || LVGL_VERSION_MAJOR >= 8
    .underline_position = 10,
    .underline_thickness = 1,
#endif
    .dsc = &font_dsc,          /*The custom font data. Will be accessed by `get_glyph_bitmap/dsc` */
#if LV_VERSION_CHECK(8, 2, 0) || LVGL_VERSION_MAJOR >= 9
    .fallback = NULL,
#endif
    .user_data = NULL,
};



#endif /*#if EMOJI_FONT*/

