// Auto-generated emoji images for LVGL picker
// Generated by scripts/gen_emoji_images.py from NotoColorEmoji.ttf (CBDT table)
#pragma once
#include <lvgl.h>

// LVGL image: emoji_img_0 (20x20 ARGB8888, BGRA byte order)
static const uint8_t emoji_img_0_data[] = {
    0x00, 0x00, 0x00, 0x00, 0x00, 0x00, 0x00, 0x00, 0x00, 0x00, 0x00, 0x00, 0x00, 0x00, 0x00, 0x00,
    0x00, 0xff, 0xff, 0x02, 0x00, 0x00, 0x00, 0x00, 0x00, 0x00, 0x00, 0x00, 0x00, 0x00, 0x00, 0x00,
    0x00, 0x00, 0x00, 0x00, 0x00, 0x7f, 0xff, 0x04, 0x00, 0x3f, 0xff, 0x04, 0x00, 0x00, 0x00, 0x00,
    0x00, 0x00, 0x00, 0x00, 0x00, 0x00, 0x00, 0x00, 0x00, 0xff, 0xff, 0x02, 0x00, 0xff, 0xff, 0x01,
    0x00, 0x00, 0x00, 0x00, 0x00, 0x00, 0x00, 0x00, 0x00, 0x00, 0x00, 0x00, 0x00, 0x00, 0x00, 0x00,
    0x00, 0x00, 0x00, 0x00, 0x00, 0x00, 0x00, 0x00, 0x00, 0x00, 0x00, 0x00, 0x00, 0xaa, 0xff, 0x03,
    0x00, 0x00, 0x00, 0x00, 0x00, 0x00, 0x00, 0x01, 0x25, 0xa6, 0xf8, 0x4b, 0x28, 0xb5, 0xfa, 0x99,
    0x27, 0xb7, 0xf8, 0xc8, 0x28, 0xb9, 0xf6, 0xda, 0x29, 0xb9, 0xf6, 0xd8, 0x27, 0xb7, 0xf8, 0xc1,
    0x26, 0xb1, 0xf7, 0x8b, 0x1f, 0xa3, 0xf5, 0x38, 0x00, 0x00, 0x00, 0x00, 0x00, 0x00, 0x00, 0x00,
    0x00, 0x7f, 0xff, 0x02, 0x00, 0x00, 0x00, 0x00, 0x00, 0x00, 0x00, 0x00, 0x00, 0x00, 0x00, 0x00,
    0x00, 0x00, 0x00, 0x00, 0x00, 0x00, 0x00, 0x00, 0x00, 0xaa, 0xff, 0x03, 0x00, 0x00, 0x00, 0x00,
    0x1c, 0x9b, 0xf0, 0x36, 0x26, 0xb2, 0xf9, 0xc8, 0x2c, 0xc6, 0xff, 0xff, 0x2e, 0xd0, 0xff, 0xff,
    0x2e, 0xcf, 0xff, 0xff, 0x2e, 0xcf, 0xff, 0xff, 0x2e, 0xcf, 0xff, 0xff, 0x2e, 0xcf, 0xff, 0xff,
    0x2e, 0xcf, 0xff, 0xff, 0x2a, 0xbf, 0xfd, 0xff, 0x25, 0xaf, 0xf9, 0xaa, 0x1f, 0x94, 0xe9, 0x18,
    0x00, 0x00, 0x00, 0x00, 0x00, 0x7f, 0xff, 0x02, 0x00, 0x00, 0x00, 0x00, 0x00, 0x00, 0x00, 0x00,
    0x00, 0x00, 0x00, 0x00, 0x00, 0xff, 0xff, 0x02, 0x00, 0x00, 0x00, 0x00, 0x1f, 0x9b, 0xf1, 0x4a,
    0x27, 0xb6, 0xfa, 0xf7, 0x2d, 0xcb, 0xff, 0xff, 0x2c, 0xc8, 0xf7, 0xfc, 0x2c, 0xcc, 0xf9, 0xfb,
    0x2d, 0xcd, 0xf8, 0xfd, 0x2d, 0xcf, 0xf9, 0xfd, 0x2d, 0xcf, 0xf9, 0xfd, 0x2d, 0xce, 0xf9, 0xfc,
    0x2c, 0xcb, 0xf8, 0xfb, 0x2c, 0xc8, 0xf7, 0xfd, 0x2d, 0xcd, 0xff, 0xff, 0x26, 0xb1, 0xf9, 0xdc,
    0x1e, 0x96, 0xf0, 0x22, 0x00, 0x00, 0x00, 0x00, 0x00, 0x7f, 0xff, 0x02, 0x00, 0x00, 0x00, 0x00,
    0x00, 0xaa, 0xaa, 0x03, 0x00, 0xff, 0xff, 0x01, 0x1f, 0x99, 0xf2, 0x28, 0x26, 0xb1, 0xf8, 0xf4,
    0x2d, 0xc8, 0xfc, 0xff, 0x2c, 0xc9, 0xf7, 0xfb, 0x2d, 0xcd, 0xf8, 0xff, 0x2d, 0xd1, 0xf8, 0xff,
    0x2e, 0xd6, 0xfb, 0xff, 0x2f, 0xd8, 0xfc, 0xff, 0x2f, 0xd8, 0xfc, 0xff, 0x2e, 0xd5, 0xfb, 0xff,
    0x2d, 0xcf, 0xf8, 0xff, 0x2d, 0xcc, 0xf8, 0xff, 0x2b, 0xc8, 0xf7, 0xfa, 0x2d, 0xcb, 0xff, 0xff,
    0x24, 0xaa, 0xf6, 0xd2, 0x13, 0x89, 0xeb, 0x0d, 0x00, 0xff, 0xff, 0x02, 0x00, 0xff, 0xff, 0x01,
    0x00, 0xaa, 0xff, 0x03, 0x00, 0x00, 0x00, 0x00, 0x23, 0xa4, 0xf3, 0xb5, 0x2c, 0xc9, 0xff, 0xff,
    0x2c, 0xc9, 0xf7, 0xfb, 0x2d, 0xd0, 0xfa, 0xff, 0x30, 0xdf, 0xff, 0xff, 0x31, 0xe7, 0xff, 0xff,
    0x30, 0xdf, 0xfe, 0xff, 0x30, 0xdf, 0xfd, 0xff, 0x30, 0xdf, 0xfd, 0xff, 0x30, 0xe0, 0xff, 0xff,
    0x31, 0xe7, 0xff, 0xff, 0x2f, 0xdc, 0xff, 0xff, 0x2d, 0xcd, 0xfa, 0xff, 0x2c, 0xc7, 0xf7, 0xfa,
    0x2c, 0xc8, 0xff, 0xff, 0x1b, 0x9e, 0xf1, 0x84, 0x00, 0x00, 0x00, 0x00, 0x3f, 0xbf, 0xff, 0x04,
    0x00, 0x00, 0x00, 0x00, 0x20, 0x96, 0xf1, 0x27, 0x27, 0xb3, 0xf8, 0xfd, 0x2c, 0xc7, 0xf9, 0xfd,
    0x2d, 0xcc, 0xf8, 0xff, 0x2f, 0xda, 0xfc, 0xff, 0x22, 0x93, 0xb2, 0xff, 0x1f, 0x88, 0xa3, 0xff,
    0x30, 0xe2, 0xfc, 0xff, 0x30, 0xe0, 0xfd, 0xff, 0x31, 0xe2, 0xfe, 0xff, 0x2e, 0xd7, 0xf3, 0xff,
    0x1d, 0x79, 0x94, 0xff, 0x26, 0xa9, 0xc9, 0xff, 0x2f, 0xdb, 0xfe, 0xff, 0x2c, 0xca, 0xf7, 0xfd,
    0x2d, 0xc9, 0xfd, 0xfd, 0x1f, 0xa9, 0xf4, 0xe8, 0x00, 0x73, 0xe7, 0x0b, 0x00, 0x00, 0x00, 0x00,
    0x00, 0x00, 0x00, 0x00, 0x21, 0xa1, 0xf2, 0x6a, 0x2c, 0xc7, 0xff, 0xff, 0x2c, 0xc9, 0xf6, 0xfb,
    0x2f, 0xd7, 0xff, 0xff, 0x2a, 0xc1, 0xe2, 0xff, 0x14, 0x3c, 0x58, 0xff, 0x0d, 0x22, 0x3b, 0xff,
    0x28, 0xb6, 0xd2, 0xff, 0x31, 0xe6, 0xff, 0xff, 0x32, 0xea, 0xff, 0xff, 0x22, 0x91, 0xad, 0xff,
    0x10, 0x23, 0x40, 0xff, 0x12, 0x45, 0x5e, 0xff, 0x2f, 0xd9, 0xfc, 0xff, 0x2d, 0xcf, 0xfa, 0xff,
    0x2d, 0xc8, 0xf8, 0xfd, 0x26, 0xba, 0xfd, 0xff, 0x08, 0x8f, 0xee, 0x3e, 0x00, 0x00, 0x00, 0x00,
    0x00, 0x00, 0x00, 0x00, 0x22, 0xa8, 0xf4, 0x93, 0x2d, 0xcc, 0xff, 0xff, 0x2c, 0xcb, 0xf7, 0xfb,
    0x2e, 0xd6, 0xfd, 0xff, 0x2c, 0xce, 0xec, 0xff, 0x0e, 0x34, 0x4b, 0xff, 0x0c, 0x25, 0x3c, 0xff,
    0x2b, 0xc4, 0xdf, 0xff, 0x31, 0xe4, 0xfe, 0xff, 0x32, 0xea, 0xff, 0xff, 0x24, 0x9f, 0xbb, 0xff,
    0x08, 0x12, 0x28, 0xff, 0x16, 0x58, 0x71, 0xff, 0x30, 0xde, 0xfd, 0xff, 0x2d, 0xd0, 0xfa, 0xff,
    0x2d, 0xcb, 0xf8, 0xfb, 0x29, 0xc6, 0xff, 0xfe, 0x0c, 0x97, 0xf0, 0x67, 0x00, 0x00, 0x00, 0x00,
    0x00, 0x00, 0x00, 0x00, 0x24, 0xa8, 0xf4, 0xa6, 0x2d, 0xcd, 0xff, 0xff, 0x2c, 0xcd, 0xf9, 0xfb,
    0x2e, 0xd5, 0xf9, 0xff, 0x34, 0xe7, 0xff, 0xff, 0x2d, 0xbd, 0xd7, 0xff, 0x2a, 0xb3, 0xcf, 0xff,
    0x32, 0xe5, 0xff, 0xff, 0x31, 0xdf, 0xfc, 0xff, 0x31, 0xe0, 0xfd, 0xff, 0x32, 0xe1, 0xfd, 0xff,
    0x28, 0xa8, 0xc4, 0xff, 0x31, 0xce, 0xe8, 0xff, 0x33, 0xe5, 0xfe, 0xff, 0x2e, 0xd3, 0xfa, 0xff,
    0x2d, 0xcc, 0xf8, 0xfb, 0x2a, 0xc9, 0xff, 0xff, 0x0e, 0x99, 0xee, 0x7b, 0x00, 0x00, 0x00, 0x00,
    0x00, 0x00, 0x00, 0x00, 0x24, 0xa9, 0xf5, 0xa1, 0x2d, 0xcd, 0xff, 0xff, 0x2c, 0xce, 0xf9, 0xfb,
    0x2a, 0xce, 0xff, 0xff, 0x20, 0xcb, 0xfc, 0xff, 0x1c, 0xdb, 0xff, 0xff, 0x22, 0xe3, 0xff, 0xff,
    0x26, 0xde, 0xfb, 0xff, 0x28, 0xe0, 0xfc, 0xff, 0x28, 0xe0, 0xfc, 0xff, 0x26, 0xde, 0xfc, 0xff,
    0x21, 0xe4, 0xff, 0xff, 0x1a, 0xd6, 0xfd, 0xff, 0x1f, 0xc8, 0xfa, 0xff, 0x2b, 0xce, 0xfd, 0xff,
    0x2d, 0xcd, 0xf8, 0xfb, 0x29, 0xc8, 0xff, 0xff, 0x0a, 0x96, 0xed, 0x77, 0x00, 0x00, 0x00, 0x00,
    0x00, 0x00, 0x00, 0x00, 0x23, 0xa6, 0xf5, 0x87, 0x2f, 0xcc, 0xff, 0xfe, 0x23, 0xc9, 0xfa, 0xfb,
    0x43, 0x9f, 0xd3, 0xff, 0xa7, 0xcd, 0xe9, 0xff, 0x8b, 0xd7, 0xff, 0xff, 0x69, 0xd2, 0xff, 0xff,
    0x4f, 0xce, 0xff, 0xff, 0x46, 0xcc, 0xfd, 0xff, 0x46, 0xcc, 0xfd, 0xff, 0x52, 0xce, 0xff, 0xff,
    0x6e, 0xd1, 0xff, 0xff, 0x94, 0xdb, 0xff, 0xff, 0xae, 0xd1, 0xec, 0xff, 0x38, 0xaa, 0xe1, 0xff,
    0x28, 0xce, 0xfb, 0xfb, 0x26, 0xc0, 0xff, 0xff, 0x02, 0x90, 0xeb, 0x5c, 0x00, 0x00, 0x00, 0x00,
    0x00, 0x00, 0x00, 0x00, 0x21, 0x9f, 0xf3, 0x55, 0x2b, 0xc0, 0xff, 0xff, 0x2e, 0xd4, 0xff, 0xfc,
    0x14, 0x6c, 0x94, 0xff, 0x2e, 0x37, 0x44, 0xff, 0x77, 0x82, 0x8d, 0xff, 0xac, 0xaf, 0xb7, 0xff,
    0xc9, 0xcc, 0xd6, 0xff, 0xd1, 0xd4, 0xdf, 0xff, 0xd2, 0xd5, 0xdf, 0xff, 0xcb, 0xcd, 0xd6, 0xff,
    0xaf, 0xb1, 0xb8, 0xff, 0x7b, 0x85, 0x8f, 0xff, 0x30, 0x3a, 0x49, 0xff, 0x1a, 0x8b, 0xb9, 0xff,
    0x31, 0xd4, 0xff, 0xfe, 0x1b, 0xab, 0xf3, 0xfe, 0x00, 0x7c, 0xe7, 0x2b, 0x01, 0x00, 0x00, 0x00,
    0x00, 0x00, 0x00, 0x00, 0x1a, 0x93, 0xf1, 0x13, 0x26, 0xac, 0xf4, 0xf1, 0x2e, 0xcd, 0xff, 0xfd,
    0x28, 0xb4, 0xdd, 0xfe, 0x05, 0x28, 0x41, 0xff, 0x00, 0x17, 0x30, 0xff, 0x00, 0x20, 0x38, 0xff,
    0x00, 0x22, 0x32, 0xff, 0x07, 0x28, 0x38, 0xff, 0x07, 0x27, 0x37, 0xff, 0x01, 0x23, 0x34, 0xff,
    0x00, 0x21, 0x3b, 0xff, 0x00, 0x11, 0x29, 0xff, 0x09, 0x3c, 0x58, 0xff, 0x2c, 0xc6, 0xf2, 0xfc,
    0x2d, 0xcb, 0xff, 0xfe, 0x0c, 0x99, 0xed, 0xce, 0x00, 0x00, 0x7f, 0x02, 0xff, 0xff, 0xff, 0x01,
    0x00, 0xbf, 0xbf, 0x04, 0x00, 0x00, 0x00, 0x00, 0x1e, 0xa2, 0xf3, 0x84, 0x2b, 0xc6, 0xff, 0xff,
    0x2f, 0xd1, 0xff, 0xf9, 0x26, 0xa5, 0xcb, 0xff, 0x11, 0x36, 0x4c, 0xff, 0x13, 0x26, 0x3f, 0xff,
    0x38, 0x47, 0x87, 0xff, 0x51, 0x5d, 0xb6, 0xff, 0x4e, 0x5a, 0xb1, 0xff, 0x2c, 0x3d, 0x72, 0xff,
    0x0e, 0x21, 0x36, 0xff, 0x15, 0x45, 0x5e, 0xff, 0x29, 0xb7, 0xe1, 0xff, 0x31, 0xd1, 0xff, 0xfa,
    0x1b, 0xb5, 0xff, 0xff, 0x00, 0x8a, 0xe9, 0x53, 0x00, 0x00, 0x00, 0x00, 0x00, 0x7f, 0xbf, 0x04,
    0x00, 0xff, 0xff, 0x01, 0x00, 0xff, 0xff, 0x02, 0x00, 0x71, 0xe2, 0x09, 0x1d, 0xa6, 0xf4, 0xca,
    0x2d, 0xca, 0xff, 0xff, 0x30, 0xd2, 0xff, 0xf9, 0x25, 0xba, 0xe1, 0xfd, 0x38, 0x8b, 0xc7, 0xff,
    0x6c, 0x8c, 0xfd, 0xff, 0x70, 0x84, 0xf8, 0xff, 0x71, 0x85, 0xfb, 0xff, 0x64, 0x8c, 0xf4, 0xff,
    0x2a, 0x8c, 0xb9, 0xff, 0x29, 0xc5, 0xee, 0xfd, 0x31, 0xd2, 0xff, 0xfa, 0x21, 0xc0, 0xff, 0xff,
    0x03, 0x8f, 0xea, 0xa0, 0x00, 0x00, 0x00, 0x00, 0x00, 0x55, 0xaa, 0x03, 0x00, 0x00, 0x00, 0x00,
    0x00, 0x00, 0x00, 0x00, 0x00, 0x7f, 0xff, 0x02, 0x00, 0x00, 0x00, 0x00, 0x00, 0x79, 0xe8, 0x17,
    0x18, 0xa6, 0xf5, 0xc2, 0x29, 0xc6, 0xff, 0xff, 0x30, 0xd0, 0xff, 0xff, 0x2e, 0xd5, 0xff, 0xfd,
    0x2b, 0xcd, 0xf6, 0xfb, 0x2f, 0xc9, 0xf6, 0xfb, 0x2f, 0xc9, 0xf6, 0xfb, 0x2c, 0xd0, 0xf8, 0xfb,
    0x31, 0xd7, 0xff, 0xfd, 0x2e, 0xcc, 0xff, 0xff, 0x1b, 0xb7, 0xff, 0xff, 0x03, 0x92, 0xef, 0xa0,
    0x00, 0x3f, 0xbf, 0x04, 0x00, 0x7f, 0xff, 0x02, 0x00, 0x00, 0xff, 0x01, 0x00, 0x00, 0x00, 0x00,
    0x00, 0x00, 0x00, 0x00, 0x00, 0x00, 0x00, 0x00, 0x00, 0x7f, 0x7f, 0x02, 0x00, 0x00, 0x00, 0x00,
    0x00, 0x00, 0x99, 0x05, 0x0a, 0x9b, 0xf2, 0x78, 0x18, 0xac, 0xf5, 0xe1, 0x23, 0xbd, 0xff, 0xff,
    0x29, 0xcb, 0xff, 0xff, 0x2a, 0xcf, 0xff, 0xff, 0x29, 0xce, 0xff, 0xff, 0x25, 0xc6, 0xff, 0xff,
    0x1b, 0xb1, 0xf9, 0xff, 0x0d, 0x9e, 0xf4, 0xd4, 0x00, 0x8a, 0xec, 0x5e, 0x00, 0x00, 0x00, 0x00,
    0x00, 0xff, 0xff, 0x01, 0x00, 0x00, 0xff, 0x01, 0x00, 0x00, 0x00, 0x00, 0x00, 0x00, 0x00, 0x00,
    0x00, 0x00, 0x00, 0x00, 0x00, 0x00, 0x00, 0x00, 0x00, 0x00, 0x00, 0x00, 0x00, 0xff, 0xff, 0x01,
    0x00, 0x00, 0x00, 0x00, 0x00, 0x00, 0x00, 0x00, 0x00, 0x3f, 0xd4, 0x0c, 0x00, 0x8e, 0xf0, 0x46,
    0x08, 0x98, 0xf0, 0x77, 0x0a, 0x99, 0xef, 0x91, 0x07, 0x96, 0xee, 0x8e, 0x02, 0x93, 0xf1, 0x6f,
    0x00, 0x85, 0xed, 0x3b, 0x00, 0x00, 0xaa, 0x03, 0x00, 0x00, 0x00, 0x00, 0x00, 0x7f, 0xff, 0x02,
    0x00, 0x00, 0xff, 0x01, 0x00, 0x00, 0x00, 0x00, 0x00, 0x00, 0x00, 0x00, 0x00, 0x00, 0x00, 0x00,
    0x00, 0x00, 0x00, 0x00, 0x00, 0x00, 0x00, 0x00, 0x00, 0x00, 0x00, 0x00, 0x00, 0x00, 0x00, 0x00,
    0x00, 0x00, 0xff, 0x01, 0x00, 0x7f, 0xbf, 0x04, 0x01, 0x00, 0x00, 0x00, 0x00, 0x00, 0x00, 0x00,
    0x00, 0x00, 0x00, 0x00, 0x00, 0x00, 0x00, 0x00, 0x00, 0x00, 0x00, 0x00, 0x00, 0x00, 0x00, 0x00,
    0x01, 0x00, 0x00, 0x00, 0x00, 0x00, 0x00, 0x00, 0x00, 0xaa, 0xff, 0x03, 0x00, 0x00, 0x00, 0x00,
    0x00, 0x00, 0x00, 0x00, 0x00, 0x00, 0x00, 0x00, 0x00, 0x00, 0x00, 0x00, 0x00, 0x00, 0x00, 0x00,
};

static const lv_image_dsc_t emoji_img_0 = {
    .header = {
        .magic = LV_IMAGE_HEADER_MAGIC,
        .cf = LV_COLOR_FORMAT_ARGB8888,
        .flags = 0,
        .w = 20,
        .h = 20,
        .stride = 20 * 4,
        .reserved_2 = 0,
    },
    .data_size = sizeof(emoji_img_0_data),
    .data = emoji_img_0_data,
    .reserved = NULL,
    .reserved_2 = NULL,
};

// LVGL image: emoji_img_1 (20x20 ARGB8888, BGRA byte order)
static const uint8_t emoji_img_1_data[] = {
    0x00, 0x00, 0x00, 0x00, 0x00, 0x00, 0x00, 0x00, 0x00, 0x00, 0x00, 0x00, 0x00, 0x00, 0x00, 0x00,
    0x00, 0x7f, 0xff, 0x02, 0x00, 0x01, 0x01, 0x00, 0x00, 0x00, 0x00, 0x00, 0x00, 0x00, 0x00, 0x00,
    0x00, 0x00, 0x00, 0x00, 0x00, 0x7f, 0xff, 0x04, 0x00, 0x3f, 0xff, 0x04, 0x00, 0x00, 0x00, 0x00,
    0x00, 0x00, 0x00, 0x00, 0x00, 0x00, 0x00, 0x00, 0x00, 0x7f, 0xff, 0x02, 0x00, 0x7f, 0xff, 0x02,
    0x00, 0x00, 0x00, 0x00, 0x00, 0x00, 0x00, 0x00, 0x00, 0x00, 0x00, 0x00, 0x00, 0x00, 0x00, 0x00,
    0x00, 0x00, 0x00, 0x00, 0x00, 0x00, 0x00, 0x00, 0x00, 0x00, 0x00, 0x00, 0x00, 0xaa, 0xff, 0x03,
    0x00, 0x00, 0x00, 0x00, 0x00, 0x00, 0x00, 0x00, 0x20, 0xa7, 0xf7, 0x46, 0x27, 0xb4, 0xf9, 0x96,
    0x27, 0xb8, 0xf9, 0xc6, 0x28, 0xb8, 0xf6, 0xda, 0x29, 0xb9, 0xf6, 0xd9, 0x28, 0xb7, 0xf8, 0xc3,
    0x27, 0xb3, 0xf9, 0x8e, 0x21, 0xa7, 0xf6, 0x3d, 0x00, 0x00, 0x00, 0x00, 0x00, 0x00, 0x00, 0x00,
    0x00, 0x7f, 0xff, 0x02, 0x00, 0x00, 0x00, 0x00, 0x00, 0x00, 0x00, 0x00, 0x00, 0x00, 0x00, 0x00,
    0x00, 0x00, 0x00, 0x00, 0x00, 0x00, 0x00, 0x00, 0x00, 0xaa, 0xff, 0x03, 0x00, 0x00, 0x00, 0x00,
    0x1b, 0x95, 0xee, 0x2e, 0x26, 0xb2, 0xf9, 0xc1, 0x2b, 0xc4, 0xff, 0xff, 0x2e, 0xd0, 0xff, 0xff,
    0x2e, 0xcf, 0xff, 0xff, 0x2e, 0xcf, 0xff, 0xff, 0x2e, 0xcf, 0xff, 0xff, 0x2e, 0xcf, 0xff, 0xff,
    0x2e, 0xcf, 0xff, 0xff, 0x2a, 0xc1, 0xff, 0xff, 0x26, 0xb0, 0xf9, 0xb2, 0x18, 0x94, 0xee, 0x1f,
    0x00, 0x00, 0x00, 0x00, 0x00, 0xff, 0xff, 0x02, 0x00, 0x00, 0x00, 0x00, 0x00, 0x00, 0x00, 0x00,
    0x00, 0x00, 0x00, 0x00, 0x00, 0x7f, 0xff, 0x02, 0x00, 0x00, 0x00, 0x00, 0x1e, 0x9a, 0xef, 0x42,
    0x28, 0xb5, 0xfb, 0xf1, 0x2d, 0xcc, 0xff, 0xff, 0x2c, 0xc8, 0xf8, 0xfc, 0x2c, 0xcc, 0xf8, 0xfb,
    0x2d, 0xcd, 0xf8, 0xfd, 0x2d, 0xd0, 0xf9, 0xfd, 0x2d, 0xd0, 0xf9, 0xfd, 0x2d, 0xce, 0xf9, 0xfc,
    0x2c, 0xcb, 0xf8, 0xfb, 0x2c, 0xc7, 0xf7, 0xfd, 0x2e, 0xcd, 0xff, 0xff, 0x26, 0xb2, 0xf9, 0xe4,
    0x1e, 0x97, 0xf2, 0x2a, 0x00, 0x00, 0x00, 0x00, 0x00, 0x7f, 0xff, 0x02, 0x00, 0x00, 0x00, 0x00,
    0x00, 0x7f, 0xff, 0x02, 0x00, 0xff, 0xff, 0x01, 0x20, 0x94, 0xee, 0x1f, 0x26, 0xaf, 0xf8, 0xee,
    0x2d, 0xc8, 0xfe, 0xff, 0x2c, 0xc9, 0xf7, 0xfb, 0x2d, 0xce, 0xf9, 0xff, 0x2e, 0xd2, 0xf9, 0xff,
    0x2e, 0xd6, 0xfb, 0xff, 0x2f, 0xd8, 0xfc, 0xff, 0x2f, 0xd8, 0xfc, 0xff, 0x2e, 0xd6, 0xfb, 0xff,
    0x2e, 0xd2, 0xf9, 0xff, 0x2d, 0xcd, 0xf9, 0xff, 0x2b, 0xc8, 0xf7, 0xfa, 0x2d, 0xcb, 0xff, 0xff,
    0x24, 0xac, 0xf6, 0xdb, 0x12, 0x91, 0xec, 0x0e, 0x00, 0x7f, 0xff, 0x02, 0x00, 0xff, 0xff, 0x01,
    0x55, 0xaa, 0xff, 0x03, 0x00, 0x00, 0x00, 0x00, 0x23, 0xa6, 0xf4, 0xa7, 0x2d, 0xc9, 0xff, 0xff,
    0x2c, 0xc9, 0xf7, 0xfb, 0x2d, 0xcd, 0xf9, 0xff, 0x2f, 0xd9, 0xfe, 0xff, 0x30, 0xe0, 0xff, 0xff,
    0x2f, 0xdd, 0xfc, 0xff, 0x30, 0xe0, 0xfd, 0xff, 0x30, 0xe0, 0xfd, 0xff, 0x2f, 0xdc, 0xfb, 0xff,
    0x30, 0xdf, 0xff, 0xff, 0x2f, 0xd8, 0xff, 0xff, 0x2d, 0xcd, 0xf9, 0xff, 0x2c, 0xc8, 0xf8, 0xfa,
    0x2c, 0xc9, 0xff, 0xff, 0x1a, 0x9f, 0xf1, 0x85, 0x00, 0x00, 0x00, 0x00, 0x3f, 0xbf, 0xff, 0x04,
    0x00, 0x00, 0x00, 0x00, 0x1a, 0x95, 0xf6, 0x1d, 0x25, 0xb1, 0xf7, 0xf9, 0x2c, 0xc7, 0xf9, 0xfe,
    0x2d, 0xcb, 0xf8, 0xfe, 0x2f, 0xdb, 0xff, 0xff, 0x2d, 0xd0, 0xf1, 0xff, 0x2c, 0xcc, 0xe8, 0xff,
    0x31, 0xe8, 0xff, 0xff, 0x30, 0xe0, 0xfd, 0xff, 0x30, 0xe0, 0xfd, 0xff, 0x32, 0xe8, 0xff, 0xff,
    0x2c, 0xce, 0xea, 0xff, 0x2c, 0xcd, 0xee, 0xff, 0x2f, 0xdb, 0xff, 0xff, 0x2c, 0xcb, 0xf8, 0xfd,
    0x2e, 0xc9, 0xfc, 0xfe, 0x1f, 0xaa, 0xf4, 0xe8, 0x00, 0x73, 0xe7, 0x0b, 0x00, 0x00, 0x00, 0x00,
    0x00, 0x00, 0x00, 0x00, 0x21, 0xa0, 0xf3, 0x5c, 0x2b, 0xc4, 0xff, 0xff, 0x2c, 0xc7, 0xf5, 0xfc,
    0x2f, 0xd7, 0xfd, 0xff, 0x28, 0xb6, 0xd5, 0xff, 0x0e, 0x31, 0x48, 0xff, 0x0a, 0x1e, 0x34, 0xff,
    0x22, 0x97, 0xb1, 0xff, 0x31, 0xe6, 0xff, 0xff, 0x31, 0xe7, 0xfe, 0xff, 0x23, 0x9f, 0xb9, 0xff,
    0x0b, 0x21, 0x38, 0xff, 0x0d, 0x2c, 0x42, 0xff, 0x26, 0xae, 0xce, 0xff, 0x2f, 0xd7, 0xfd, 0xff,
    0x2d, 0xc7, 0xf6, 0xfd, 0x26, 0xbb, 0xfe, 0xff, 0x08, 0x8f, 0xee, 0x3e, 0x00, 0x00, 0x00, 0x00,
    0x00, 0x00, 0x00, 0x00, 0x22, 0xa5, 0xf3, 0x86, 0x2d, 0xcb, 0xfe, 0xff, 0x2c, 0xc8, 0xf5, 0xfb,
    0x30, 0xe1, 0xff, 0xff, 0x19, 0x6b, 0x87, 0xff, 0x13, 0x4b, 0x63, 0xff, 0x1a, 0x6d, 0x86, 0xff,
    0x12, 0x45, 0x5d, 0xff, 0x31, 0xe4, 0xff, 0xff, 0x32, 0xe8, 0xff, 0xff, 0x13, 0x4b, 0x63, 0xff,
    0x18, 0x65, 0x7e, 0xff, 0x15, 0x54, 0x6c, 0xff, 0x18, 0x62, 0x7e, 0xff, 0x30, 0xe0, 0xff, 0xff,
    0x2c, 0xc9, 0xf6, 0xfb, 0x2a, 0xc7, 0xff, 0xfe, 0x0e, 0x99, 0xf0, 0x67, 0x00, 0x00, 0x00, 0x00,
    0x00, 0x00, 0x00, 0x00, 0x25, 0xa8, 0xf4, 0x97, 0x2d, 0xcd, 0xff, 0xff, 0x2c, 0xcb, 0xf8, 0xfb,
    0x31, 0xd9, 0xfc, 0xff, 0x31, 0xd2, 0xee, 0xff, 0x33, 0xdd, 0xf8, 0xff, 0x33, 0xe6, 0xff, 0xff,
    0x2e, 0xcd, 0xe9, 0xff, 0x31, 0xe0, 0xfd, 0xff, 0x31, 0xe1, 0xfd, 0xff, 0x2e, 0xcd, 0xe9, 0xff,
    0x33, 0xe4, 0xff, 0xff, 0x34, 0xe1, 0xfc, 0xff, 0x30, 0xd2, 0xed, 0xff, 0x30, 0xd8, 0xfc, 0xff,
    0x2d, 0xcb, 0xf8, 0xfb, 0x2b, 0xca, 0xff, 0xff, 0x0e, 0x9c, 0xf0, 0x7a, 0x00, 0x00, 0x00, 0x00,
    0x00, 0x00, 0x00, 0x00, 0x24, 0xa7, 0xf4, 0x94, 0x2d, 0xcc, 0xff, 0xff, 0x2d, 0xce, 0xf9, 0xfb,
    0x22, 0xc6, 0xf8, 0xff, 0x1c, 0xcb, 0xfc, 0xff, 0x1e, 0xd8, 0xfd, 0xff, 0x26, 0xdf, 0xfe, 0xff,
    0x2a, 0xe6, 0xff, 0xff, 0x2c, 0xe3, 0xff, 0xff, 0x2b, 0xe2, 0xfe, 0xff, 0x29, 0xe5, 0xff, 0xff,
    0x25, 0xdf, 0xff, 0xff, 0x1c, 0xd5, 0xfb, 0xff, 0x1b, 0xc9, 0xfb, 0xff, 0x26, 0xca, 0xf9, 0xff,
    0x2e, 0xce, 0xf9, 0xfb, 0x2a, 0xc8, 0xff, 0xff, 0x0a, 0x97, 0xef, 0x76, 0x00, 0x00, 0x00, 0x00,
    0x00, 0x00, 0x00, 0x00, 0x23, 0xa5, 0xf4, 0x7a, 0x30, 0xcb, 0xff, 0xfe, 0x1e, 0xc5, 0xf7, 0xfb,
    0x6d, 0xc4, 0xf4, 0xff, 0xbb, 0xe2, 0xfe, 0xff, 0x7c, 0xcb, 0xf5, 0xff, 0x4d, 0xb8, 0xe8, 0xff,
    0x44, 0xc3, 0xf5, 0xff, 0x37, 0xbe, 0xf1, 0xff, 0x39, 0xc0, 0xf3, 0xff, 0x46, 0xc3, 0xf5, 0xff,
    0x51, 0xb9, 0xe8, 0xff, 0x89, 0xd3, 0xfb, 0xff, 0xbf, 0xe1, 0xfb, 0xff, 0x4d, 0xbc, 0xf1, 0xff,
    0x24, 0xcb, 0xf9, 0xfb, 0x28, 0xc2, 0xff, 0xff, 0x02, 0x90, 0xeb, 0x5c, 0x00, 0x00, 0x00, 0x00,
    0x00, 0x00, 0x00, 0x00, 0x20, 0x9e, 0xf4, 0x47, 0x2d, 0xc0, 0xff, 0xff, 0x1e, 0xc6, 0xfa, 0xfd,
    0x7b, 0xc3, 0xdf, 0xff, 0xf2, 0xe2, 0xd9, 0xff, 0xf0, 0xe9, 0xe6, 0xff, 0xdd, 0xd4, 0xd3, 0xff,
    0xff, 0xfe, 0xff, 0xff, 0xd9, 0xd7, 0xdc, 0xff, 0xea, 0xe8, 0xed, 0xff, 0xff, 0xfd, 0xff, 0xff,
    0xd9, 0xcf, 0xcd, 0xff, 0xf4, 0xeb, 0xe7, 0xff, 0xe7, 0xd7, 0xd0, 0xff, 0x59, 0xc1, 0xe7, 0xff,
    0x25, 0xca, 0xfc, 0xfe, 0x1e, 0xae, 0xf5, 0xfe, 0x00, 0x7c, 0xe7, 0x2b, 0x01, 0x00, 0x00, 0x00,
    0x00, 0x00, 0x00, 0x00, 0x15, 0x94, 0xe9, 0x0c, 0x26, 0xac, 0xf5, 0xe8, 0x27, 0xc8, 0xfd, 0xfd,
    0x45, 0xd0, 0xf7, 0xfd, 0xdd, 0xe3, 0xe4, 0xff, 0xd0, 0xcd, 0xcd, 0xff, 0xb9, 0xbf, 0xc0, 0xff,
    0xd1, 0xd3, 0xd3, 0xff, 0xc5, 0xc6, 0xc5, 0xff, 0xcb, 0xcc, 0xcb, 0xff, 0xcf, 0xd1, 0xd1, 0xff,
    0xb7, 0xbd, 0xbe, 0xff, 0xd9, 0xd6, 0xd5, 0xff, 0xd2, 0xe8, 0xee, 0xff, 0x36, 0xcf, 0xfa, 0xfc,
    0x2b, 0xc9, 0xff, 0xfe, 0x0e, 0x9b, 0xed, 0xcf, 0x00, 0x00, 0x7f, 0x02, 0x00, 0xff, 0xff, 0x01,
    0x3f, 0x7f, 0xff, 0x04, 0x00, 0x00, 0x00, 0x00, 0x1e, 0x9f, 0xf2, 0x76, 0x2e, 0xc7, 0xff, 0xff,
    0x20, 0xc5, 0xf7, 0xf9, 0x68, 0xe1, 0xff, 0xff, 0xea, 0xf3, 0xf5, 0xff, 0xe1, 0xd4, 0xd1, 0xff,
    0xfe, 0xf7, 0xf6, 0xff, 0xd7, 0xd4, 0xd3, 0xff, 0xe6, 0xe2, 0xe2, 0xff, 0xff, 0xf9, 0xf7, 0xff,
    0xe0, 0xd3, 0xcf, 0xff, 0xe6, 0xfd, 0xff, 0xff, 0x4f, 0xd7, 0xfe, 0xff, 0x26, 0xc7, 0xf8, 0xfa,
    0x1e, 0xb8, 0xff, 0xff, 0x00, 0x87, 0xe9, 0x53, 0x00, 0x00, 0x00, 0x00, 0x00, 0x7f, 0xbf, 0x04,
    0x00, 0x00, 0xff, 0x01, 0x00, 0xff, 0xff, 0x02, 0x00, 0x66, 0xcc, 0x05, 0x1a, 0xa4, 0xf2, 0xbf,
    0x30, 0xcc, 0xff, 0xff, 0x22, 0xc6, 0xf7, 0xfa, 0x39, 0xca, 0xf3, 0xfd, 0x8b, 0xd5, 0xea, 0xff,
    0xda, 0xf9, 0xff, 0xff, 0xce, 0xdc, 0xe0, 0xff, 0xda, 0xea, 0xee, 0xff, 0xd5, 0xf8, 0xff, 0xff,
    0x7e, 0xd0, 0xe6, 0xff, 0x36, 0xcc, 0xf6, 0xfd, 0x27, 0xc8, 0xf8, 0xfa, 0x24, 0xc4, 0xff, 0xff,
    0x03, 0x8f, 0xea, 0xa0, 0x00, 0x00, 0x00, 0x00, 0x00, 0x55, 0xaa, 0x03, 0x00, 0x00, 0x00, 0x00,
    0x00, 0x00, 0x00, 0x00, 0x00, 0xff, 0xff, 0x01, 0x00, 0xff, 0xff, 0x01, 0x00, 0x7f, 0xdf, 0x10,
    0x18, 0xa5, 0xf4, 0xba, 0x2b, 0xc8, 0xff, 0xff, 0x2b, 0xcc, 0xff, 0xff, 0x22, 0xca, 0xfa, 0xfd,
    0x2b, 0xcd, 0xf9, 0xfb, 0x36, 0xcf, 0xf7, 0xfb, 0x36, 0xd0, 0xf8, 0xfb, 0x2a, 0xcd, 0xf9, 0xfb,
    0x23, 0xcc, 0xfb, 0xfd, 0x2a, 0xcb, 0xff, 0xff, 0x1e, 0xb9, 0xff, 0xff, 0x03, 0x91, 0xed, 0xa1,
    0x00, 0x3f, 0xbf, 0x04, 0x00, 0x7f, 0xff, 0x02, 0x00, 0x00, 0xff, 0x01, 0x00, 0x00, 0x00, 0x00,
    0x00, 0x00, 0x00, 0x00, 0x00, 0x00, 0x00, 0x00, 0x00, 0xff, 0xff, 0x01, 0x00, 0x00, 0x00, 0x00,
    0x00, 0x00, 0x00, 0x02, 0x0b, 0x99, 0xf1, 0x71, 0x1a, 0xae, 0xf8, 0xdd, 0x26, 0xbe, 0xff, 0xff,
    0x29, 0xcb, 0xff, 0xff, 0x28, 0xce, 0xff, 0xff, 0x27, 0xcc, 0xff, 0xff, 0x26, 0xc7, 0xff, 0xff,
    0x1e, 0xb4, 0xfb, 0xff, 0x0e, 0x9f, 0xf4, 0xd4, 0x00, 0x8a, 0xec, 0x5e, 0x00, 0x00, 0x00, 0x00,
    0x00, 0xff, 0xff, 0x01, 0x00, 0x00, 0xff, 0x01, 0x00, 0x00, 0x00, 0x00, 0x00, 0x00, 0x00, 0x00,
    0x00, 0x00, 0x00, 0x00, 0x00, 0x00, 0x00, 0x00, 0x00, 0x00, 0x00, 0x00, 0x00, 0xff, 0xff, 0x01,
    0x00, 0x01, 0x00, 0x00, 0x00, 0x00, 0x00, 0x00, 0x00, 0x38, 0xe2, 0x09, 0x00, 0x8c, 0xef, 0x43,
    0x08, 0x97, 0xef, 0x74, 0x0a, 0x98, 0xed, 0x90, 0x08, 0x96, 0xed, 0x8e, 0x02, 0x93, 0xf1, 0x6f,
    0x00, 0x85, 0xed, 0x3b, 0x00, 0x00, 0xaa, 0x03, 0x00, 0x00, 0x00, 0x00, 0x00, 0x7f, 0xff, 0x02,
    0x00, 0x00, 0xff, 0x01, 0x00, 0x00, 0x00, 0x00, 0x00, 0x00, 0x00, 0x00, 0x00, 0x00, 0x00, 0x00,
    0x00, 0x00, 0x00, 0x00, 0x00, 0x00, 0x00, 0x00, 0x00, 0x00, 0x00, 0x00, 0x00, 0x00, 0x00, 0x00,
    0x00, 0x00, 0xff, 0x01, 0x00, 0x7f, 0xbf, 0x04, 0x01, 0x00, 0x00, 0x00, 0x00, 0x00, 0x00, 0x00,
    0x00, 0x00, 0x00, 0x00, 0x00, 0x00, 0x00, 0x00, 0x00, 0x00, 0x00, 0x00, 0x00, 0x00, 0x00, 0x00,
    0x01, 0x00, 0x00, 0x00, 0x00, 0x00, 0x00, 0x00, 0x00, 0xaa, 0xff, 0x03, 0x00, 0x00, 0x00, 0x00,
    0x00, 0x00, 0x00, 0x00, 0x00, 0x00, 0x00, 0x00, 0x00, 0x00, 0x00, 0x00, 0x00, 0x00, 0x00, 0x00,
};

static const lv_image_dsc_t emoji_img_1 = {
    .header = {
        .magic = LV_IMAGE_HEADER_MAGIC,
        .cf = LV_COLOR_FORMAT_ARGB8888,
        .flags = 0,
        .w = 20,
        .h = 20,
        .stride = 20 * 4,
        .reserved_2 = 0,
    },
    .data_size = sizeof(emoji_img_1_data),
    .data = emoji_img_1_data,
    .reserved = NULL,
    .reserved_2 = NULL,
};

// LVGL image: emoji_img_2 (20x20 ARGB8888, BGRA byte order)
static const uint8_t emoji_img_2_data[] = {
    0x00, 0x00, 0x00, 0x00, 0x00, 0x00, 0x00, 0x00, 0x00, 0x00, 0x00, 0x00, 0x00, 0x00, 0x00, 0x00,
    0x00, 0x7f, 0xff, 0x02, 0x00, 0x01, 0x01, 0x00, 0x00, 0x00, 0x00, 0x00, 0x00, 0x00, 0x00, 0x00,
    0x00, 0x00, 0x00, 0x00, 0x00, 0x7f, 0xff, 0x04, 0x00, 0x3f, 0xff, 0x04, 0x00, 0x00, 0x00, 0x00,
    0x00, 0x00, 0x00, 0x00, 0x00, 0x00, 0x00, 0x00, 0x00, 0x7f, 0xff, 0x02, 0x00, 0x7f, 0xff, 0x02,
    0x00, 0x00, 0x00, 0x00, 0x00, 0x00, 0x00, 0x00, 0x00, 0x00, 0x00, 0x00, 0x00, 0x00, 0x00, 0x00,
    0x00, 0x00, 0x00, 0x00, 0x00, 0x00, 0x00, 0x00, 0x00, 0x00, 0x00, 0x00, 0x00, 0xaa, 0xaa, 0x03,
    0x00, 0x00, 0x00, 0x00, 0x00, 0x00, 0x00, 0x00, 0x21, 0xaa, 0xf7, 0x45, 0x27, 0xb5, 0xfb, 0x95,
    0x29, 0xb8, 0xf8, 0xc6, 0x29, 0xb9, 0xf6, 0xd9, 0x29, 0xb9, 0xf6, 0xd9, 0x28, 0xb8, 0xf8, 0xc3,
    0x27, 0xb2, 0xf9, 0x8f, 0x21, 0xa7, 0xf6, 0x3d, 0x00, 0x00, 0x00, 0x00, 0x00, 0x00, 0x00, 0x00,
    0x00, 0x7f, 0xff, 0x02, 0x00, 0x00, 0x00, 0x00, 0x00, 0x00, 0x00, 0x00, 0x00, 0x00, 0x00, 0x00,
    0x00, 0x00, 0x00, 0x00, 0x00, 0x00, 0x00, 0x00, 0x00, 0xaa, 0xff, 0x03, 0x00, 0x00, 0x00, 0x00,
    0x21, 0x95, 0xee, 0x2e, 0x24, 0xaf, 0xf7, 0xc1, 0x2b, 0xc3, 0xff, 0xff, 0x2e, 0xd0, 0xff, 0xff,
    0x2e, 0xcf, 0xff, 0xff, 0x2e, 0xcf, 0xff, 0xff, 0x2e, 0xcf, 0xff, 0xff, 0x2e, 0xcf, 0xff, 0xff,
    0x2e, 0xd0, 0xff, 0xff, 0x2a, 0xc1, 0xff, 0xff, 0x25, 0xad, 0xf4, 0xb2, 0x18, 0x8b, 0xe6, 0x1f,
    0x00, 0x00, 0x00, 0x00, 0x00, 0xff, 0xff, 0x02, 0x00, 0x00, 0x00, 0x00, 0x00, 0x00, 0x00, 0x00,
    0x00, 0x00, 0x00, 0x00, 0x00, 0x7f, 0xff, 0x02, 0x00, 0x00, 0x00, 0x00, 0x1f, 0x9c, 0xf3, 0x41,
    0x26, 0xb3, 0xf8, 0xf2, 0x2f, 0xd3, 0xff, 0xff, 0x2d, 0xce, 0xff, 0xfc, 0x2c, 0xcb, 0xf8, 0xfb,
    0x2d, 0xcd, 0xf9, 0xfd, 0x2d, 0xcf, 0xf9, 0xfd, 0x2d, 0xcf, 0xf9, 0xfd, 0x2d, 0xce, 0xf9, 0xfc,
    0x2c, 0xcb, 0xf8, 0xfb, 0x2d, 0xc9, 0xf9, 0xfd, 0x30, 0xd9, 0xff, 0xff, 0x26, 0xb4, 0xfa, 0xe4,
    0x1f, 0x95, 0xec, 0x29, 0x00, 0x00, 0x00, 0x00, 0x00, 0x7f, 0xff, 0x02, 0x00, 0x00, 0x00, 0x00,
    0x00, 0x7f, 0xff, 0x02, 0x00, 0xff, 0xff, 0x01, 0x20, 0x94, 0xee, 0x1f, 0x25, 0xad, 0xf7, 0xef,
    0x2f, 0xd5, 0xff, 0xff, 0x25, 0xa4, 0xcf, 0xfb, 0x27, 0xaf, 0xd7, 0xff, 0x2f, 0xd7, 0xfb, 0xff,
    0x2e, 0xd5, 0xfa, 0xff, 0x2f, 0xd8, 0xfc, 0xff, 0x2f, 0xd8, 0xfc, 0xff, 0x2e, 0xd6, 0xfa, 0xff,
    0x2e, 0xd5, 0xfc, 0xff, 0x2a, 0xbf, 0xe9, 0xff, 0x1d, 0x7e, 0xa3, 0xfa, 0x2d, 0xc8, 0xfd, 0xff,
    0x25, 0xb2, 0xfb, 0xdb, 0x00, 0x6d, 0xda, 0x0e, 0x00, 0x7f, 0xff, 0x02, 0x00, 0xff, 0xff, 0x01,
    0x55, 0xaa, 0xff, 0x03, 0x00, 0x00, 0x00, 0x00, 0x23, 0xa3, 0xf1, 0xa7, 0x2e, 0xd0, 0xff, 0xff,
    0x1d, 0x7c, 0x9f, 0xfb, 0x12, 0x42, 0x5c, 0xff, 0x2a, 0xc2, 0xe1, 0xff, 0x31, 0xe4, 0xff, 0xff,
    0x2f, 0xdc, 0xfa, 0xff, 0x30, 0xe0, 0xfd, 0xff, 0x30, 0xe0, 0xfd, 0xff, 0x2f, 0xdc, 0xfb, 0xff,
    0x30, 0xdf, 0xff, 0xff, 0x30, 0xde, 0xff, 0xff, 0x1b, 0x72, 0x90, 0xff, 0x12, 0x44, 0x5d, 0xfa,
    0x29, 0xba, 0xf1, 0xff, 0x1c, 0xa4, 0xf9, 0x85, 0x00, 0x00, 0x00, 0x00, 0x3f, 0xbf, 0xff, 0x04,
    0x00, 0x00, 0x00, 0x00, 0x19, 0x88, 0xe5, 0x1e, 0x27, 0xb7, 0xfc, 0xf9, 0x28, 0xab, 0xd7, 0xfe,
    0x17, 0x5b, 0x76, 0xfe, 0x2d, 0xce, 0xf1, 0xff, 0x28, 0xb7, 0xd4, 0xff, 0x2d, 0xce, 0xeb, 0xff,
    0x32, 0xe9, 0xff, 0xff, 0x30, 0xdf, 0xfc, 0xff, 0x30, 0xdf, 0xfc, 0xff, 0x32, 0xe9, 0xff, 0xff,
    0x2d, 0xcf, 0xec, 0xff, 0x27, 0xae, 0xcd, 0xff, 0x31, 0xe6, 0xff, 0xff, 0x21, 0x8d, 0xae, 0xfd,
    0x21, 0x89, 0xb1, 0xfe, 0x22, 0xb6, 0xff, 0xe8, 0x00, 0x5c, 0xd0, 0x0b, 0x00, 0x00, 0x00, 0x00,
    0x00, 0x00, 0x00, 0x00, 0x24, 0xa0, 0xf3, 0x5c, 0x2e, 0xc4, 0xfd, 0xff, 0x2a, 0xc5, 0xf5, 0xfc,
    0x29, 0xd1, 0xfd, 0xff, 0x16, 0x55, 0x6f, 0xff, 0x09, 0x17, 0x2f, 0xff, 0x0e, 0x2e, 0x45, 0xff,
    0x28, 0xba, 0xd4, 0xff, 0x31, 0xe5, 0xfe, 0xff, 0x31, 0xe5, 0xfe, 0xff, 0x29, 0xb9, 0xd4, 0xff,
    0x0e, 0x2d, 0x45, 0xff, 0x0a, 0x19, 0x30, 0xff, 0x15, 0x4f, 0x69, 0xff, 0x2a, 0xd5, 0xff, 0xff,
    0x2c, 0xcc, 0xfd, 0xfd, 0x29, 0xba, 0xfa, 0xff, 0x0c, 0x8f, 0xee, 0x3e, 0x00, 0x00, 0x00, 0x00,
    0x00, 0x00, 0x00, 0x00, 0x22, 0xa6, 0xf7, 0x87, 0x1f, 0xca, 0xff, 0xff, 0x34, 0xd3, 0xfb, 0xfb,
    0x38, 0xad, 0xc4, 0xff, 0x11, 0x4a, 0x64, 0xff, 0x2b, 0xc6, 0xdb, 0xff, 0x1a, 0x6c, 0x86, 0xff,
    0x1e, 0x82, 0x9d, 0xff, 0x32, 0xeb, 0xff, 0xff, 0x32, 0xeb, 0xff, 0xff, 0x1e, 0x81, 0x9c, 0xff,
    0x1a, 0x6c, 0x85, 0xff, 0x2b, 0xc6, 0xdb, 0xff, 0x12, 0x4b, 0x65, 0xff, 0x38, 0xac, 0xc3, 0xff,
    0x34, 0xd2, 0xfa, 0xfb, 0x1c, 0xc6, 0xff, 0xfe, 0x0e, 0x99, 0xf0, 0x69, 0x00, 0x00, 0x00, 0x00,
    0x00, 0x00, 0x00, 0x00, 0x1f, 0xa6, 0xf1, 0x93, 0x8b, 0xc7, 0xa2, 0xff, 0xe7, 0xb6, 0x32, 0xfb,
    0x7c, 0xc9, 0xa8, 0xff, 0x26, 0xe6, 0xff, 0xff, 0x39, 0xec, 0xff, 0xff, 0x34, 0xe7, 0xff, 0xff,
    0x32, 0xdf, 0xfc, 0xff, 0x31, 0xe0, 0xfd, 0xff, 0x31, 0xe0, 0xfd, 0xff, 0x32, 0xde, 0xfb, 0xff,
    0x34, 0xe7, 0xff, 0xff, 0x39, 0xed, 0xff, 0xff, 0x26, 0xe6, 0xff, 0xff, 0x7b, 0xc9, 0xa9, 0xff,
    0xe7, 0xb7, 0x32, 0xfb, 0x89, 0xc6, 0xa2, 0xff, 0x0d, 0x99, 0xed, 0x74, 0x01, 0x00, 0x00, 0x00,
    0x00, 0x00, 0x00, 0x00, 0xdb, 0xbe, 0x60, 0xae, 0xff, 0xc5, 0x2e, 0xff, 0xf6, 0xb5, 0x24, 0xfc,
    0x41, 0xcb, 0xe8, 0xff, 0x1a, 0xcd, 0xff, 0xff, 0x1b, 0xd1, 0xf5, 0xff, 0x20, 0xd9, 0xf9, 0xff,
    0x26, 0xdf, 0xfc, 0xff, 0x28, 0xe0, 0xfc, 0xff, 0x28, 0xe0, 0xfc, 0xff, 0x26, 0xdf, 0xfc, 0xff,
    0x1f, 0xd8, 0xf9, 0xff, 0x1a, 0xcf, 0xf5, 0xff, 0x1a, 0xca, 0xfe, 0xff, 0x42, 0xcc, 0xe6, 0xff,
    0xf6, 0xb5, 0x24, 0xfc, 0xff, 0xc5, 0x2e, 0xff, 0xe3, 0xbc, 0x57, 0xa6, 0x00, 0x00, 0x00, 0x00,
    0xf8, 0xb0, 0x1a, 0x27, 0xfc, 0xd0, 0x72, 0xf6, 0xfa, 0xc0, 0x3e, 0xfe, 0xc7, 0xb6, 0x4c, 0xff,
    0x43, 0x9f, 0xd5, 0xff, 0xa7, 0xcd, 0xea, 0xff, 0x8c, 0xd9, 0xff, 0xff, 0x68, 0xd3, 0xff, 0xff,
    0x4e, 0xcd, 0xff, 0xff, 0x46, 0xcc, 0xfd, 0xff, 0x46, 0xcc, 0xfd, 0xff, 0x52, 0xcd, 0xff, 0xff,
    0x6d, 0xd3, 0xff, 0xff, 0x94, 0xdc, 0xff, 0xff, 0xae, 0xd0, 0xec, 0xff, 0x37, 0xaa, 0xe3, 0xff,
    0xcb, 0xba, 0x4d, 0xff, 0xfa, 0xbe, 0x3d, 0xfe, 0xfa, 0xcf, 0x72, 0xf8, 0xf8, 0xb0, 0x1a, 0x27,
    0xf9, 0xb7, 0x23, 0x32, 0xfe, 0xd0, 0x64, 0xff, 0xff, 0xb8, 0x19, 0xff, 0xb9, 0xc6, 0x75, 0xff,
    0x09, 0x6d, 0xa1, 0xff, 0x31, 0x37, 0x41, 0xff, 0x77, 0x82, 0x8d, 0xff, 0xab, 0xae, 0xb6, 0xff,
    0xc9, 0xcc, 0xd5, 0xff, 0xd2, 0xd5, 0xdf, 0xff, 0xd2, 0xd5, 0xdf, 0xff, 0xcb, 0xcd, 0xd6, 0xff,
    0xae, 0xb1, 0xb8, 0xff, 0x7b, 0x85, 0x8f, 0xff, 0x32, 0x3a, 0x46, 0xff, 0x10, 0x8e, 0xc7, 0xff,
    0xba, 0xc5, 0x72, 0xff, 0xff, 0xba, 0x1c, 0xff, 0xfe, 0xcf, 0x64, 0xff, 0xf5, 0xb4, 0x23, 0x33,
    0xff, 0xbf, 0x3f, 0x04, 0xf7, 0xb5, 0x27, 0x8e, 0xd1, 0xb9, 0x4d, 0xf9, 0x54, 0xc9, 0xd7, 0xfb,
    0x22, 0xb5, 0xe5, 0xfe, 0x07, 0x28, 0x40, 0xff, 0x00, 0x17, 0x30, 0xff, 0x00, 0x20, 0x38, 0xff,
    0x00, 0x22, 0x32, 0xff, 0x07, 0x28, 0x37, 0xff, 0x06, 0x27, 0x37, 0xff, 0x01, 0x23, 0x34, 0xff,
    0x00, 0x21, 0x3b, 0xff, 0x00, 0x11, 0x29, 0xff, 0x0b, 0x3c, 0x56, 0xff, 0x25, 0xc6, 0xf9, 0xfe,
    0x52, 0xc4, 0xd3, 0xfc, 0xd1, 0xb5, 0x48, 0xf5, 0xf7, 0xb6, 0x26, 0x90, 0xbf, 0xbf, 0x3f, 0x04,
    0x00, 0xaa, 0xff, 0x03, 0x00, 0x00, 0x00, 0x00, 0x13, 0xa1, 0xff, 0x78, 0x25, 0xc5, 0xff, 0xff,
    0x30, 0xd1, 0xff, 0xf9, 0x26, 0xa4, 0xcb, 0xff, 0x12, 0x36, 0x4c, 0xff, 0x13, 0x26, 0x40, 0xff,
    0x37, 0x47, 0x86, 0xff, 0x50, 0x5c, 0xb5, 0xff, 0x4e, 0x5a, 0xb1, 0xff, 0x2d, 0x3e, 0x73, 0xff,
    0x0e, 0x21, 0x35, 0xff, 0x15, 0x45, 0x5f, 0xff, 0x29, 0xb7, 0xe2, 0xff, 0x33, 0xd1, 0xff, 0xfa,
    0x15, 0xb6, 0xff, 0xff, 0x00, 0x89, 0xf9, 0x57, 0x00, 0x00, 0x00, 0x00, 0x00, 0x7f, 0xff, 0x02,
    0x00, 0xff, 0xff, 0x01, 0x7f, 0xbf, 0x7f, 0x04, 0x00, 0x3f, 0xbf, 0x04, 0x1e, 0xa5, 0xf1, 0xbf,
    0x2c, 0xca, 0xff, 0xff, 0x2f, 0xd2, 0xff, 0xfa, 0x25, 0xb9, 0xe1, 0xfd, 0x38, 0x8c, 0xc8, 0xff,
    0x6c, 0x8d, 0xfd, 0xff, 0x70, 0x84, 0xf9, 0xff, 0x72, 0x85, 0xfb, 0xff, 0x64, 0x8b, 0xf4, 0xff,
    0x2a, 0x8c, 0xba, 0xff, 0x29, 0xc5, 0xef, 0xfd, 0x33, 0xd2, 0xff, 0xfa, 0x21, 0xc1, 0xff, 0xff,
    0x06, 0x8f, 0xe8, 0xa0, 0x01, 0x00, 0x00, 0x00, 0x66, 0x99, 0x99, 0x05, 0x00, 0x00, 0x00, 0x01,
    0x00, 0x00, 0x00, 0x00, 0x00, 0xff, 0xff, 0x01, 0xff, 0xff, 0x00, 0x01, 0x00, 0x7f, 0xdf, 0x10,
    0x18, 0xa5, 0xf5, 0xba, 0x28, 0xc5, 0xff, 0xff, 0x30, 0xd0, 0xff, 0xff, 0x2e, 0xd5, 0xff, 0xfd,
    0x2b, 0xcd, 0xf6, 0xfb, 0x2f, 0xc9, 0xf6, 0xfb, 0x2f, 0xc9, 0xf6, 0xfb, 0x2c, 0xd0, 0xf8, 0xfb,
    0x31, 0xd7, 0xff, 0xfd, 0x2e, 0xcd, 0xff, 0xff, 0x1b, 0xb7, 0xff, 0xff, 0x03, 0x91, 0xef, 0xa1,
    0x00, 0x3f, 0xbf, 0x04, 0x55, 0x55, 0xaa, 0x03, 0x00, 0xff, 0xff, 0x01, 0x00, 0x00, 0x00, 0x00,
    0x00, 0x00, 0x00, 0x00, 0x00, 0x00, 0x00, 0x00, 0x00, 0xff, 0xff, 0x01, 0x00, 0x00, 0x00, 0x00,
    0x00, 0x00, 0x00, 0x02, 0x0b, 0x99, 0xf1, 0x71, 0x19, 0xad, 0xf6, 0xdd, 0x23, 0xbc, 0xff, 0xff,
    0x29, 0xcb, 0xff, 0xff, 0x2a, 0xcf, 0xff, 0xff, 0x29, 0xce, 0xff, 0xff, 0x26, 0xc6, 0xff, 0xff,
    0x1b, 0xb2, 0xfa, 0xff, 0x0c, 0x9e, 0xf2, 0xd4, 0x00, 0x8a, 0xec, 0x5e, 0x00, 0x00, 0x00, 0x00,
    0x00, 0xff, 0xff, 0x01, 0x00, 0x00, 0xff, 0x01, 0x00, 0x00, 0x00, 0x00, 0x00, 0x00, 0x00, 0x00,
    0x00, 0x00, 0x00, 0x00, 0x00, 0x00, 0x00, 0x00, 0x00, 0x00, 0x00, 0x00, 0x00, 0xff, 0xff, 0x01,
    0x00, 0x01, 0x00, 0x00, 0x00, 0x00, 0x00, 0x00, 0x00, 0x38, 0xe2, 0x09, 0x00, 0x8c, 0xef, 0x43,
    0x06, 0x97, 0xef, 0x74, 0x0a, 0x98, 0xed, 0x90, 0x07, 0x96, 0xee, 0x8e, 0x02, 0x93, 0xf1, 0x6f,
    0x00, 0x85, 0xed, 0x3b, 0x00, 0x00, 0xaa, 0x03, 0x00, 0x00, 0x00, 0x00, 0x00, 0x7f, 0xff, 0x02,
    0x00, 0x00, 0xff, 0x01, 0x00, 0x00, 0x00, 0x00, 0x00, 0x00, 0x00, 0x00, 0x00, 0x00, 0x00, 0x00,
    0x00, 0x00, 0x00, 0x00, 0x00, 0x00, 0x00, 0x00, 0x00, 0x00, 0x00, 0x00, 0x00, 0x00, 0x00, 0x00,
    0x00, 0x00, 0xff, 0x01, 0x00, 0x7f, 0xbf, 0x04, 0x01, 0x00, 0x00, 0x00, 0x00, 0x00, 0x00, 0x00,
    0x00, 0x00, 0x00, 0x00, 0x00, 0x00, 0x00, 0x00, 0x00, 0x00, 0x00, 0x00, 0x00, 0x00, 0x00, 0x00,
    0x01, 0x00, 0x00, 0x00, 0x00, 0x00, 0x00, 0x00, 0x00, 0xaa, 0xff, 0x03, 0x00, 0x00, 0x00, 0x00,
    0x00, 0x00, 0x00, 0x00, 0x00, 0x00, 0x00, 0x00, 0x00, 0x00, 0x00, 0x00, 0x00, 0x00, 0x00, 0x00,
};

static const lv_image_dsc_t emoji_img_2 = {
    .header = {
        .magic = LV_IMAGE_HEADER_MAGIC,
        .cf = LV_COLOR_FORMAT_ARGB8888,
        .flags = 0,
        .w = 20,
        .h = 20,
        .stride = 20 * 4,
        .reserved_2 = 0,
    },
    .data_size = sizeof(emoji_img_2_data),
    .data = emoji_img_2_data,
    .reserved = NULL,
    .reserved_2 = NULL,
};

// LVGL image: emoji_img_3 (20x20 ARGB8888, BGRA byte order)
static const uint8_t emoji_img_3_data[] = {
    0x00, 0x00, 0x00, 0x00, 0x00, 0x00, 0x00, 0x00, 0x00, 0x00, 0x00, 0x00, 0x00, 0x00, 0x00, 0x00,
    0x00, 0x7f, 0xff, 0x02, 0x00, 0x01, 0x01, 0x00, 0x00, 0x00, 0x00, 0x00, 0x00, 0x00, 0x00, 0x00,
    0x00, 0x00, 0x00, 0x00, 0x00, 0x3f, 0xff, 0x04, 0x00, 0x3f, 0xff, 0x04, 0x00, 0x00, 0x00, 0x00,
    0x00, 0x00, 0x00, 0x00, 0x00, 0x00, 0x00, 0x00, 0x00, 0x7f, 0xff, 0x02, 0x00, 0x7f, 0xff, 0x02,
    0x00, 0x00, 0x00, 0x00, 0x00, 0x00, 0x00, 0x00, 0x00, 0x00, 0x00, 0x00, 0x00, 0x00, 0x00, 0x00,
    0x00, 0x00, 0x00, 0x00, 0x00, 0x00, 0x00, 0x00, 0x00, 0x00, 0x00, 0x00, 0x00, 0xaa, 0xaa, 0x03,
    0x00, 0x00, 0x00, 0x00, 0x00, 0x00, 0x00, 0x00, 0x24, 0xaa, 0xf7, 0x45, 0x27, 0xb5, 0xf9, 0x95,
    0x29, 0xb8, 0xf8, 0xc6, 0x29, 0xb9, 0xf6, 0xd9, 0x29, 0xb9, 0xf6, 0xd9, 0x28, 0xb8, 0xf8, 0xc3,
    0x27, 0xb2, 0xf9, 0x8f, 0x21, 0xa7, 0xf6, 0x3d, 0x00, 0x00, 0x00, 0x00, 0x00, 0x00, 0x00, 0x00,
    0x00, 0x7f, 0xff, 0x02, 0x00, 0x00, 0x00, 0x00, 0x00, 0x00, 0x00, 0x00, 0x00, 0x00, 0x00, 0x00,
    0x00, 0x00, 0x00, 0x00, 0x00, 0x00, 0x00, 0x00, 0x00, 0xaa, 0xff, 0x03, 0x00, 0x00, 0x00, 0x00,
    0x21, 0x9b, 0xee, 0x2e, 0x26, 0xb2, 0xf9, 0xc1, 0x2b, 0xc4, 0xff, 0xff, 0x2e, 0xd0, 0xff, 0xff,
    0x2e, 0xcf, 0xff, 0xff, 0x2e, 0xcf, 0xff, 0xff, 0x2e, 0xcf, 0xff, 0xff, 0x2e, 0xcf, 0xff, 0xff,
    0x2e, 0xcf, 0xff, 0xff, 0x2a, 0xc1, 0xff, 0xff, 0x26, 0xb0, 0xf9, 0xb2, 0x18, 0x8b, 0xee, 0x1f,
    0x00, 0x00, 0x00, 0x00, 0x00, 0x7f, 0xff, 0x02, 0x00, 0x00, 0x00, 0x00, 0x00, 0x00, 0x00, 0x00,
    0x00, 0x00, 0x00, 0x00, 0x00, 0x7f, 0xff, 0x02, 0x00, 0x00, 0x00, 0x00, 0x1f, 0x9c, 0xf3, 0x41,
    0x26, 0xb5, 0xfa, 0xf2, 0x2d, 0xcc, 0xff, 0xff, 0x2c, 0xc7, 0xf6, 0xfc, 0x2c, 0xca, 0xf7, 0xfb,
    0x2d, 0xcd, 0xf8, 0xfd, 0x2d, 0xcf, 0xf9, 0xfd, 0x2d, 0xcf, 0xf9, 0xfd, 0x2d, 0xce, 0xf9, 0xfc,
    0x2c, 0xc9, 0xf7, 0xfb, 0x2c, 0xc6, 0xf6, 0xfd, 0x2e, 0xcd, 0xff, 0xff, 0x26, 0xb1, 0xf9, 0xe4,
    0x1f, 0x9b, 0xf2, 0x29, 0x00, 0x00, 0x00, 0x00, 0x00, 0x7f, 0xff, 0x02, 0x00, 0x00, 0x00, 0x00,
    0x00, 0x7f, 0xff, 0x02, 0x00, 0xff, 0xff, 0x01, 0x20, 0x94, 0xee, 0x1f, 0x26, 0xae, 0xf7, 0xef,
    0x2d, 0xc8, 0xfe, 0xff, 0x2c, 0xc8, 0xf7, 0xfb, 0x2e, 0xd2, 0xfe, 0xff, 0x2f, 0xdb, 0xff, 0xff,
    0x2f, 0xd8, 0xfc, 0xff, 0x2e, 0xd8, 0xfb, 0xff, 0x2f, 0xd8, 0xfb, 0xff, 0x2f, 0xd7, 0xfc, 0xff,
    0x2f, 0xda, 0xff, 0xff, 0x2e, 0xd2, 0xff, 0xff, 0x2b, 0xc7, 0xf7, 0xfa, 0x2d, 0xcb, 0xff, 0xff,
    0x24, 0xab, 0xf5, 0xdb, 0x12, 0x7f, 0xec, 0x0e, 0x00, 0x7f, 0xff, 0x02, 0x00, 0xff, 0xff, 0x01,
    0x55, 0xaa, 0xff, 0x03, 0x00, 0x00, 0x00, 0x00, 0x23, 0xa4, 0xf4, 0xa7, 0x2c, 0xc9, 0xff, 0xff,
    0x2b, 0xc7, 0xf5, 0xfb, 0x2e, 0xd7, 0xfe, 0xff, 0x27, 0xa5, 0xc8, 0xff, 0x1c, 0x6e, 0x8b, 0xff,
    0x2f, 0xdb, 0xf8, 0xff, 0x30, 0xe0, 0xfd, 0xff, 0x30, 0xe0, 0xfd, 0xff, 0x30, 0xde, 0xfb, 0xff,
    0x1d, 0x74, 0x92, 0xff, 0x25, 0xa5, 0xc8, 0xff, 0x2f, 0xd7, 0xfe, 0xff, 0x2b, 0xc6, 0xf5, 0xfa,
    0x2c, 0xc8, 0xff, 0xff, 0x1b, 0xa0, 0xf3, 0x84, 0x00, 0x00, 0x00, 0x00, 0x3f, 0xbf, 0xff, 0x04,
    0x00, 0x00, 0x00, 0x00, 0x19, 0x90, 0xee, 0x1e, 0x25, 0xb0, 0xf7, 0xf9, 0x2c, 0xc6, 0xf9, 0xfe,
    0x2d, 0xcb, 0xf8, 0xfe, 0x2e, 0xd8, 0xfd, 0xff, 0x1b, 0x5f, 0x7d, 0xff, 0x0e, 0x1e, 0x38, 0xff,
    0x26, 0xac, 0xc7, 0xff, 0x32, 0xe9, 0xff, 0xff, 0x31, 0xe7, 0xff, 0xff, 0x28, 0xb7, 0xd3, 0xff,
    0x11, 0x27, 0x43, 0xff, 0x18, 0x5e, 0x79, 0xff, 0x2f, 0xdd, 0xff, 0xff, 0x2c, 0xca, 0xf7, 0xfd,
    0x2e, 0xc9, 0xfc, 0xfe, 0x1f, 0xaa, 0xf4, 0xe8, 0x00, 0x73, 0xe7, 0x0b, 0x00, 0x00, 0x00, 0x00,
    0x00, 0x00, 0x00, 0x00, 0x21, 0xa0, 0xf3, 0x5c, 0x2b, 0xc4, 0xff, 0xff, 0x2c, 0xc8, 0xf7, 0xfc,
    0x2e, 0xd1, 0xfb, 0xff, 0x2e, 0xd5, 0xf9, 0xff, 0x12, 0x45, 0x5d, 0xff, 0x09, 0x1b, 0x31, 0xff,
    0x22, 0x96, 0xb2, 0xff, 0x32, 0xea, 0xff, 0xff, 0x32, 0xe9, 0xff, 0xff, 0x24, 0xa1, 0xbd, 0xff,
    0x09, 0x19, 0x2f, 0xff, 0x14, 0x4f, 0x68, 0xff, 0x2f, 0xdb, 0xff, 0xff, 0x2d, 0xcf, 0xf9, 0xff,
    0x2d, 0xc9, 0xf8, 0xfd, 0x26, 0xbb, 0xfd, 0xff, 0x08, 0x8f, 0xee, 0x3e, 0x00, 0x00, 0x00, 0x00,
    0x00, 0x00, 0x00, 0x00, 0x22, 0xa5, 0xf3, 0x86, 0x2d, 0xcb, 0xfe, 0xff, 0x2c, 0xcb, 0xf8, 0xfb,
    0x2e, 0xd2, 0xfa, 0xff, 0x30, 0xde, 0xfd, 0xff, 0x13, 0x4c, 0x65, 0xff, 0x08, 0x12, 0x29, 0xff,
    0x25, 0xa6, 0xc2, 0xff, 0x32, 0xe9, 0xff, 0xff, 0x31, 0xe8, 0xff, 0xff, 0x27, 0xb0, 0xcc, 0xff,
    0x08, 0x13, 0x29, 0xff, 0x16, 0x58, 0x71, 0xff, 0x31, 0xe2, 0xff, 0xff, 0x2d, 0xd0, 0xf9, 0xff,
    0x2d, 0xcb, 0xf8, 0xfb, 0x2a, 0xc7, 0xff, 0xfe, 0x0e, 0x99, 0xf0, 0x67, 0x00, 0x00, 0x00, 0x00,
    0x00, 0x00, 0x00, 0x00, 0x25, 0xa8, 0xf4, 0x97, 0x2d, 0xcd, 0xff, 0xff, 0x2c, 0xcc, 0xf8, 0xfb,
    0x2e, 0xd3, 0xf8, 0xff, 0x35, 0xec, 0xff, 0xff, 0x25, 0x93, 0xac, 0xff, 0x16, 0x49, 0x61, 0xff,
    0x30, 0xd8, 0xf3, 0xff, 0x32, 0xe1, 0xfd, 0xff, 0x32, 0xe1, 0xfd, 0xff, 0x31, 0xdb, 0xf6, 0xff,
    0x16, 0x4d, 0x65, 0xff, 0x27, 0x9b, 0xb3, 0xff, 0x35, 0xec, 0xff, 0xff, 0x2e, 0xd2, 0xf8, 0xff,
    0x2d, 0xcc, 0xf8, 0xfb, 0x2b, 0xca, 0xff, 0xff, 0x0e, 0x9b, 0xee, 0x7b, 0x00, 0x00, 0x00, 0x00,
    0x00, 0x00, 0x00, 0x00, 0x24, 0xa7, 0xf4, 0x94, 0x2d, 0xcc, 0xff, 0xff, 0x2c, 0xcd, 0xf8, 0xfb,
    0x2a, 0xce, 0xff, 0xff, 0x20, 0xcc, 0xfc, 0xff, 0x1b, 0xd6, 0xfc, 0xff, 0x20, 0xdb, 0xfa, 0xff,
    0x27, 0xe1, 0xfd, 0xff, 0x28, 0xdf, 0xfc, 0xff, 0x28, 0xdf, 0xfc, 0xff, 0x26, 0xe1, 0xfd, 0xff,
    0x1f, 0xda, 0xfb, 0xff, 0x19, 0xd4, 0xfb, 0xff, 0x1f, 0xc9, 0xfb, 0xff, 0x2b, 0xce, 0xfd, 0xff,
    0x2d, 0xcd, 0xf8, 0xfb, 0x2a, 0xc9, 0xff, 0xff, 0x0a, 0x99, 0xef, 0x76, 0x00, 0x00, 0x00, 0x00,
    0x00, 0x00, 0x00, 0x00, 0x23, 0xa5, 0xf4, 0x7a, 0x2f, 0xca, 0xff, 0xfe, 0x22, 0xc9, 0xfa, 0xfb,
    0x43, 0x9f, 0xd3, 0xff, 0xa7, 0xcd, 0xea, 0xff, 0x8b, 0xd8, 0xff, 0xff, 0x69, 0xd4, 0xff, 0xff,
    0x4e, 0xcd, 0xfe, 0xff, 0x46, 0xcc, 0xfe, 0xff, 0x46, 0xcc, 0xfd, 0xff, 0x52, 0xcd, 0xfe, 0xff,
    0x6e, 0xd4, 0xff, 0xff, 0x94, 0xdc, 0xff, 0xff, 0xad, 0xd0, 0xec, 0xff, 0x38, 0xaa, 0xe2, 0xff,
    0x28, 0xce, 0xfb, 0xfb, 0x27, 0xc2, 0xff, 0xff, 0x02, 0x90, 0xeb, 0x5c, 0x00, 0x00, 0x00, 0x00,
    0x00, 0x00, 0x00, 0x00, 0x1f, 0x9b, 0xf0, 0x48, 0x2a, 0xbd, 0xfe, 0xff, 0x2e, 0xd3, 0xff, 0xfd,
    0x15, 0x6c, 0x94, 0xff, 0x2e, 0x37, 0x45, 0xff, 0x77, 0x83, 0x8d, 0xff, 0xab, 0xae, 0xb6, 0xff,
    0xc9, 0xcc, 0xd6, 0xff, 0xd1, 0xd4, 0xdf, 0xff, 0xd2, 0xd5, 0xdf, 0xff, 0xca, 0xcd, 0xd6, 0xff,
    0xae, 0xb0, 0xb8, 0xff, 0x7a, 0x85, 0x8f, 0xff, 0x30, 0x3a, 0x49, 0xff, 0x1b, 0x8c, 0xba, 0xff,
    0x31, 0xd4, 0xff, 0xfe, 0x1b, 0xac, 0xf3, 0xfe, 0x00, 0x7c, 0xe7, 0x2b, 0x01, 0x00, 0x00, 0x00,
    0x00, 0x00, 0x00, 0x00, 0x13, 0x89, 0xeb, 0x0d, 0x24, 0xaa, 0xf2, 0xe9, 0x2e, 0xce, 0xff, 0xfd,
    0x28, 0xb4, 0xde, 0xfd, 0x06, 0x28, 0x41, 0xff, 0x00, 0x17, 0x30, 0xff, 0x00, 0x20, 0x38, 0xff,
    0x00, 0x22, 0x32, 0xff, 0x07, 0x28, 0x38, 0xff, 0x06, 0x27, 0x37, 0xff, 0x01, 0x23, 0x34, 0xff,
    0x00, 0x21, 0x3b, 0xff, 0x00, 0x11, 0x29, 0xff, 0x09, 0x3c, 0x57, 0xff, 0x2c, 0xc6, 0xf2, 0xfc,
    0x2d, 0xcc, 0xff, 0xfe, 0x0d, 0x9a, 0xed, 0xce, 0x00, 0x00, 0x7f, 0x02, 0xff, 0xff, 0xff, 0x01,
    0x3f, 0x7f, 0xff, 0x04, 0x00, 0x00, 0x00, 0x00, 0x1e, 0x9f, 0xf2, 0x76, 0x2b, 0xc5, 0xff, 0xff,
    0x2f, 0xd1, 0xff, 0xf9, 0x26, 0xa5, 0xcb, 0xff, 0x12, 0x36, 0x4c, 0xff, 0x13, 0x26, 0x3f, 0xff,
    0x37, 0x47, 0x87, 0xff, 0x50, 0x5d, 0xb5, 0xff, 0x4e, 0x5a, 0xb0, 0xff, 0x2c, 0x3e, 0x72, 0xff,
    0x0e, 0x21, 0x36, 0xff, 0x15, 0x46, 0x5f, 0xff, 0x29, 0xb7, 0xe2, 0xff, 0x30, 0xd1, 0xff, 0xfa,
    0x1c, 0xb6, 0xff, 0xff, 0x00, 0x8a, 0xe9, 0x53, 0x00, 0x00, 0x00, 0x00, 0x00, 0x7f, 0xbf, 0x04,
    0x00, 0x00, 0xff, 0x01, 0x00, 0xff, 0xff, 0x02, 0x00, 0x66, 0xcc, 0x05, 0x1c, 0xa4, 0xf2, 0xbf,
    0x2d, 0xca, 0xff, 0xff, 0x2f, 0xd2, 0xff, 0xfa, 0x25, 0xb9, 0xe1, 0xfd, 0x38, 0x8b, 0xc7, 0xff,
    0x6c, 0x8d, 0xfd, 0xff, 0x71, 0x84, 0xf9, 0xff, 0x72, 0x85, 0xfb, 0xff, 0x64, 0x8b, 0xf4, 0xff,
    0x2a, 0x8c, 0xb9, 0xff, 0x29, 0xc5, 0xee, 0xfd, 0x31, 0xd2, 0xff, 0xfa, 0x21, 0xc1, 0xff, 0xff,
    0x04, 0x8f, 0xea, 0xa0, 0x00, 0x00, 0x00, 0x00, 0x00, 0x55, 0xaa, 0x03, 0x00, 0x00, 0x00, 0x00,
    0x00, 0x00, 0x00, 0x00, 0x00, 0xff, 0xff, 0x01, 0x00, 0xff, 0xff, 0x01, 0x00, 0x7f, 0xdf, 0x10,
    0x18, 0xa5, 0xf5, 0xba, 0x28, 0xc5, 0xff, 0xff, 0x30, 0xd0, 0xff, 0xff, 0x2e, 0xd5, 0xff, 0xfd,
    0x2b, 0xcd, 0xf6, 0xfb, 0x30, 0xc9, 0xf6, 0xfb, 0x2f, 0xc9, 0xf6, 0xfb, 0x2c, 0xd0, 0xf8, 0xfb,
    0x31, 0xd7, 0xff, 0xfd, 0x2e, 0xcd, 0xff, 0xff, 0x1b, 0xb7, 0xff, 0xff, 0x03, 0x91, 0xed, 0xa1,
    0x00, 0x3f, 0xbf, 0x04, 0x00, 0x7f, 0xff, 0x02, 0x00, 0x00, 0xff, 0x01, 0x00, 0x00, 0x00, 0x00,
    0x00, 0x00, 0x00, 0x00, 0x00, 0x00, 0x00, 0x00, 0x00, 0xff, 0xff, 0x01, 0x00, 0x00, 0x00, 0x00,
    0x00, 0x00, 0x00, 0x02, 0x0b, 0x99, 0xf1, 0x71, 0x19, 0xad, 0xf5, 0xdd, 0x23, 0xbc, 0xfe, 0xff,
    0x29, 0xcb, 0xff, 0xff, 0x29, 0xcf, 0xff, 0xff, 0x29, 0xce, 0xff, 0xff, 0x25, 0xc6, 0xff, 0xff,
    0x1b, 0xb2, 0xfa, 0xff, 0x0c, 0x9e, 0xf4, 0xd4, 0x00, 0x8a, 0xec, 0x5e, 0x00, 0x00, 0x00, 0x00,
    0x00, 0xff, 0xff, 0x01, 0x00, 0x00, 0xff, 0x01, 0x00, 0x00, 0x00, 0x00, 0x00, 0x00, 0x00, 0x00,
    0x00, 0x00, 0x00, 0x00, 0x00, 0x00, 0x00, 0x00, 0x00, 0x00, 0x00, 0x00, 0x00, 0xff, 0xff, 0x01,
    0x00, 0x01, 0x00, 0x00, 0x00, 0x00, 0x00, 0x00, 0x00, 0x38, 0xe2, 0x09, 0x00, 0x8c, 0xef, 0x43,
    0x06, 0x97, 0xef, 0x74, 0x08, 0x98, 0xed, 0x90, 0x07, 0x96, 0xee, 0x8e, 0x02, 0x93, 0xf1, 0x6f,
    0x00, 0x85, 0xf2, 0x3b, 0x00, 0x00, 0xaa, 0x03, 0x00, 0x00, 0x00, 0x00, 0x00, 0x7f, 0xff, 0x02,
    0x00, 0x00, 0xff, 0x01, 0x00, 0x00, 0x00, 0x00, 0x00, 0x00, 0x00, 0x00, 0x00, 0x00, 0x00, 0x00,
    0x00, 0x00, 0x00, 0x00, 0x00, 0x00, 0x00, 0x00, 0x00, 0x00, 0x00, 0x00, 0x00, 0x00, 0x00, 0x00,
    0x00, 0x00, 0xff, 0x01, 0x00, 0x7f, 0xbf, 0x04, 0x01, 0x00, 0x00, 0x00, 0x00, 0x00, 0x00, 0x00,
    0x00, 0x00, 0x00, 0x00, 0x00, 0x00, 0x00, 0x00, 0x00, 0x00, 0x00, 0x00, 0x00, 0x00, 0x00, 0x00,
    0x01, 0x00, 0x00, 0x00, 0x00, 0x00, 0x00, 0x00, 0x00, 0xaa, 0xff, 0x03, 0x00, 0x00, 0x00, 0x00,
    0x00, 0x00, 0x00, 0x00, 0x00, 0x00, 0x00, 0x00, 0x00, 0x00, 0x00, 0x00, 0x00, 0x00, 0x00, 0x00,
};

static const lv_image_dsc_t emoji_img_3 = {
    .header = {
        .magic = LV_IMAGE_HEADER_MAGIC,
        .cf = LV_COLOR_FORMAT_ARGB8888,
        .flags = 0,
        .w = 20,
        .h = 20,
        .stride = 20 * 4,
        .reserved_2 = 0,
    },
    .data_size = sizeof(emoji_img_3_data),
    .data = emoji_img_3_data,
    .reserved = NULL,
    .reserved_2 = NULL,
};

// LVGL image: emoji_img_4 (20x20 ARGB8888, BGRA byte order)
static const uint8_t emoji_img_4_data[] = {
    0x00, 0x00, 0x00, 0x00, 0x00, 0x00, 0x00, 0x00, 0x00, 0x00, 0x00, 0x00, 0x00, 0x00, 0x00, 0x00,
    0x00, 0x00, 0xff, 0x01, 0x00, 0xaa, 0xff, 0x03, 0x00, 0x00, 0x00, 0x00, 0x00, 0x00, 0x00, 0x00,
    0x2a, 0xb4, 0xff, 0x18, 0x25, 0xaf, 0xf6, 0x3d, 0x28, 0xae, 0xf7, 0x46, 0x1b, 0xa2, 0xf9, 0x2f,
    0x00, 0x2a, 0xd4, 0x06, 0x00, 0x00, 0x00, 0x00, 0x01, 0x00, 0x00, 0x00, 0x7f, 0x7f, 0x7f, 0x02,
    0x00, 0x00, 0x00, 0x00, 0x00, 0x00, 0x00, 0x00, 0x00, 0x00, 0x00, 0x00, 0x00, 0x00, 0x00, 0x00,
    0x00, 0x00, 0x00, 0x00, 0x00, 0x00, 0x00, 0x00, 0x00, 0x00, 0x00, 0x00, 0x00, 0xff, 0xff, 0x01,
    0x00, 0x00, 0x00, 0x00, 0x00, 0x00, 0x00, 0x00, 0x27, 0xb8, 0xf7, 0x41, 0x2a, 0xc1, 0xfc, 0xae,
    0x2a, 0xc0, 0xf9, 0xeb, 0x2a, 0xbf, 0xf7, 0xff, 0x2b, 0xc1, 0xfb, 0xff, 0x28, 0xbb, 0xf7, 0xfa,
    0x23, 0xb4, 0xf7, 0xd5, 0x1b, 0xa4, 0xee, 0x79, 0x00, 0x5c, 0xe7, 0x0b, 0x00, 0x00, 0x00, 0x00,
    0xaa, 0xaa, 0x55, 0x03, 0x01, 0x00, 0x00, 0x00, 0x00, 0x00, 0x00, 0x00, 0x00, 0x00, 0x00, 0x00,
    0x00, 0x00, 0x00, 0x00, 0x00, 0x00, 0x00, 0x00, 0x00, 0xff, 0xff, 0x01, 0x00, 0x01, 0x01, 0x00,
    0x33, 0x99, 0xcc, 0x05, 0x2a, 0xc1, 0xf9, 0x95, 0x2d, 0xcb, 0xff, 0xff, 0x2f, 0xd2, 0xff, 0xff,
    0x2d, 0xcd, 0xfd, 0xff, 0x2e, 0xd4, 0xff, 0xff, 0x2d, 0xcf, 0xff, 0xfe, 0x2d, 0xc7, 0xf7, 0xff,
    0x2c, 0xcc, 0xff, 0xff, 0x1e, 0xce, 0xff, 0xff, 0x1a, 0xaa, 0xf0, 0xd3, 0x4b, 0x87, 0x87, 0x33,
    0x00, 0x00, 0x00, 0x00, 0x00, 0x00, 0x02, 0x00, 0x00, 0x00, 0x00, 0x00, 0x00, 0x00, 0x00, 0x00,
    0x00, 0x00, 0x00, 0x00, 0x00, 0xff, 0xff, 0x01, 0x55, 0xaa, 0xff, 0x03, 0x2a, 0xaa, 0xff, 0x06,
    0x2a, 0xc2, 0xf9, 0xb4, 0x30, 0xd6, 0xff, 0xff, 0x2c, 0xcb, 0xf8, 0xfc, 0x2d, 0xce, 0xf8, 0xfc,
    0x2e, 0xd4, 0xfb, 0xfe, 0x1a, 0x6d, 0x8b, 0xff, 0x24, 0x9d, 0xc0, 0xff, 0x2f, 0xe2, 0xff, 0xff,
    0x33, 0xcd, 0xf3, 0xfd, 0x8b, 0xbe, 0x95, 0xfb, 0xd8, 0xc4, 0x63, 0xff, 0xed, 0xc1, 0x58, 0xf9,
    0xf3, 0xad, 0x34, 0x9f, 0xcc, 0x7f, 0x19, 0x0a, 0xff, 0xff, 0x00, 0x01, 0xff, 0x00, 0x00, 0x01,
    0x00, 0x00, 0x00, 0x00, 0x00, 0xaa, 0xff, 0x03, 0x00, 0x00, 0x00, 0x00, 0x29, 0xbc, 0xf6, 0x9a,
    0x30, 0xd7, 0xff, 0xff, 0x2d, 0xcc, 0xf8, 0xf9, 0x2d, 0xd1, 0xf9, 0xff, 0x2f, 0xda, 0xff, 0xff,
    0x2d, 0xce, 0xef, 0xff, 0x0c, 0x21, 0x36, 0xff, 0x24, 0xa0, 0xbe, 0xff, 0x2a, 0xba, 0xd3, 0xff,
    0xbb, 0xa8, 0x49, 0xff, 0xff, 0xbe, 0x2d, 0xff, 0xff, 0xcd, 0x69, 0xfd, 0xfc, 0xd1, 0x72, 0xfd,
    0xff, 0xc5, 0x42, 0xff, 0xf3, 0x9a, 0x13, 0x6b, 0x00, 0x00, 0x00, 0x00, 0xff, 0xbf, 0x3f, 0x04,
    0x55, 0xff, 0xff, 0x03, 0x00, 0x00, 0x00, 0x00, 0x26, 0xbb, 0xf7, 0x48, 0x2e, 0xce, 0xff, 0xff,
    0x2c, 0xcd, 0xfa, 0xfa, 0x2e, 0xd2, 0xfa, 0xff, 0x2f, 0xd7, 0xfa, 0xff, 0x31, 0xe4, 0xff, 0xff,
    0x2a, 0xc2, 0xdf, 0xff, 0x11, 0x3b, 0x52, 0xff, 0x1e, 0x77, 0x91, 0xff, 0x05, 0x16, 0x32, 0xff,
    0xba, 0x84, 0x1f, 0xff, 0xff, 0xc1, 0x2c, 0xff, 0xf0, 0xb4, 0x2c, 0xff, 0xef, 0xad, 0x25, 0xfa,
    0xff, 0xad, 0x1f, 0xfc, 0xd3, 0x97, 0x37, 0x99, 0x00, 0x00, 0x00, 0x00, 0xff, 0xbf, 0x3f, 0x04,
    0x00, 0x7f, 0xff, 0x02, 0x00, 0x7f, 0x7f, 0x02, 0x29, 0xbc, 0xf6, 0xcb, 0x2e, 0xd1, 0xff, 0xfe,
    0x2d, 0xd0, 0xf9, 0xfc, 0x2f, 0xd8, 0xfc, 0xff, 0x2f, 0xdc, 0xfb, 0xff, 0x32, 0xe8, 0xff, 0xff,
    0x28, 0xb9, 0xd5, 0xff, 0x0c, 0x1e, 0x34, 0xff, 0x08, 0x29, 0x45, 0xff, 0x3d, 0x8a, 0x8a, 0xff,
    0xcc, 0xc2, 0x59, 0xff, 0xea, 0xb1, 0x2a, 0xff, 0xf9, 0xb2, 0x22, 0xff, 0xff, 0xab, 0x1d, 0xfe,
    0xe1, 0xa5, 0x39, 0xff, 0x2e, 0x9c, 0xd1, 0xe4, 0x00, 0x6a, 0xff, 0x0c, 0x02, 0x00, 0x00, 0x00,
    0x00, 0x00, 0x00, 0x00, 0x25, 0xb4, 0xf9, 0x30, 0x2c, 0xc5, 0xfc, 0xff, 0x2d, 0xca, 0xf8, 0xfe,
    0x2e, 0xd2, 0xf9, 0xff, 0x2f, 0xd9, 0xfa, 0xff, 0x30, 0xdc, 0xf8, 0xff, 0x33, 0xed, 0xff, 0xff,
    0x25, 0xa4, 0xbf, 0xff, 0x13, 0x4a, 0x62, 0xff, 0x2b, 0xc7, 0xdf, 0xff, 0x36, 0xf2, 0xff, 0xff,
    0x15, 0xcf, 0xfa, 0xff, 0x8f, 0xcd, 0xe0, 0xff, 0xca, 0xad, 0x84, 0xff, 0x5a, 0x69, 0x4d, 0xff,
    0x47, 0xca, 0xe5, 0xfd, 0x16, 0xb5, 0xff, 0xff, 0x00, 0x83, 0xe3, 0x42, 0x00, 0x00, 0x00, 0x00,
    0x00, 0x00, 0x00, 0x00, 0x27, 0xb3, 0xf5, 0x6f, 0x2e, 0xd1, 0xff, 0xff, 0x2c, 0xcc, 0xf8, 0xfb,
    0x2f, 0xdb, 0xff, 0xff, 0x32, 0xeb, 0xff, 0xff, 0x32, 0xea, 0xff, 0xff, 0x2f, 0xde, 0xf9, 0xff,
    0x2d, 0xd2, 0xef, 0xff, 0x30, 0xde, 0xfb, 0xff, 0x33, 0xe9, 0xff, 0xff, 0x2c, 0xdf, 0xfa, 0xff,
    0x2a, 0xb6, 0xf3, 0xff, 0xf3, 0xfc, 0xff, 0xff, 0x3f, 0x55, 0x6d, 0xff, 0x00, 0x34, 0x5b, 0xff,
    0x2c, 0xcf, 0xff, 0xfb, 0x26, 0xc0, 0xfd, 0xfe, 0x00, 0x8b, 0xe9, 0x6c, 0x00, 0x00, 0x00, 0x00,
    0x00, 0x00, 0x00, 0x00, 0x26, 0xb3, 0xf6, 0x92, 0x2f, 0xd2, 0xff, 0xff, 0x2d, 0xd3, 0xff, 0xfb,
    0x2b, 0xc3, 0xe5, 0xff, 0x22, 0x99, 0xb3, 0xff, 0x17, 0x5b, 0x74, 0xff, 0x1d, 0x7f, 0x9a, 0xff,
    0x32, 0xed, 0xff, 0xff, 0x2f, 0xdd, 0xfb, 0xff, 0x36, 0xe6, 0xfd, 0xff, 0x0e, 0xbb, 0xf3, 0xff,
    0xc7, 0xec, 0xff, 0xff, 0xb0, 0xb4, 0xb7, 0xff, 0x00, 0x18, 0x31, 0xff, 0x18, 0x43, 0x5b, 0xff,
    0x2e, 0xc8, 0xf3, 0xfb, 0x26, 0xc4, 0xff, 0xff, 0x02, 0x8f, 0xec, 0x79, 0x00, 0x00, 0x00, 0x00,
    0x00, 0x00, 0x00, 0x00, 0x24, 0xac, 0xf1, 0x98, 0x30, 0xda, 0xff, 0xff, 0x1b, 0x73, 0x93, 0xfb,
    0x0a, 0x1d, 0x32, 0xff, 0x0f, 0x33, 0x4b, 0xff, 0x0b, 0x1a, 0x30, 0xff, 0x27, 0xae, 0xca, 0xff,
    0x32, 0xe8, 0xff, 0xff, 0x37, 0xe5, 0xfc, 0xff, 0x0e, 0xc3, 0xf5, 0xff, 0x91, 0xd5, 0xfc, 0xff,
    0xeb, 0xe7, 0xe4, 0xff, 0x11, 0x31, 0x48, 0xff, 0x03, 0x1c, 0x2b, 0xff, 0x13, 0x4f, 0x68, 0xff,
    0x30, 0xd1, 0xff, 0xfb, 0x22, 0xbe, 0xff, 0xfe, 0x00, 0x8b, 0xeb, 0x68, 0x00, 0x00, 0x00, 0x00,
    0x00, 0x00, 0x00, 0x00, 0x23, 0xa9, 0xf1, 0x83, 0x2f, 0xd5, 0xff, 0xfe, 0x1f, 0x86, 0xaa, 0xfb,
    0x22, 0x92, 0xaf, 0xff, 0x1e, 0x77, 0x91, 0xff, 0x0e, 0x45, 0x60, 0xff, 0x33, 0xe7, 0xff, 0xff,
    0x32, 0xe5, 0xfe, 0xff, 0x0d, 0xbe, 0xf3, 0xff, 0x86, 0xd0, 0xfb, 0xff, 0xf8, 0xf4, 0xf1, 0xff,
    0x2a, 0x44, 0x56, 0xff, 0x05, 0x26, 0x3f, 0xff, 0x2f, 0x3c, 0x71, 0xff, 0x2c, 0x8b, 0xbb, 0xff,
    0x2e, 0xd3, 0xff, 0xfd, 0x1b, 0xaf, 0xfb, 0xff, 0x00, 0x81, 0xea, 0x3d, 0x01, 0x00, 0x00, 0x00,
    0x00, 0x00, 0x00, 0x00, 0x21, 0xa4, 0xf4, 0x4c, 0x2b, 0xc3, 0xff, 0xff, 0x2f, 0xd5, 0xff, 0xfc,
    0x2d, 0xd1, 0xfa, 0xff, 0x00, 0x23, 0x4c, 0xff, 0x7f, 0x7b, 0x45, 0xff, 0x45, 0xe0, 0xe9, 0xff,
    0x12, 0xb6, 0xf8, 0xff, 0xab, 0xde, 0xff, 0xff, 0xe9, 0xe7, 0xe7, 0xff, 0x2e, 0x47, 0x59, 0xff,
    0x0b, 0x29, 0x48, 0xff, 0x63, 0x6b, 0xd1, 0xff, 0x72, 0x82, 0xf9, 0xff, 0x34, 0xc9, 0xff, 0xfd,
    0x2d, 0xca, 0xfc, 0xfe, 0x0f, 0x9d, 0xee, 0xe6, 0x00, 0x66, 0xe5, 0x0a, 0x01, 0x00, 0x00, 0x00,
    0x00, 0x00, 0xff, 0x01, 0x15, 0x94, 0xe9, 0x0c, 0x27, 0xaf, 0xf3, 0xe7, 0x25, 0xcb, 0xfd, 0xfd,
    0x50, 0xbf, 0xc9, 0xfd, 0xab, 0x87, 0x2d, 0xff, 0xf7, 0xae, 0x19, 0xff, 0xa8, 0xb9, 0x8c, 0xff,
    0xcc, 0xeb, 0xff, 0xff, 0xb7, 0xba, 0xbb, 0xff, 0x18, 0x37, 0x4f, 0xff, 0x00, 0x22, 0x35, 0xff,
    0x59, 0x64, 0xc1, 0xff, 0x7c, 0x7a, 0xfc, 0xff, 0x3d, 0xb3, 0xf1, 0xff, 0x29, 0xcf, 0xf7, 0xfb,
    0x26, 0xc2, 0xff, 0xff, 0x01, 0x8e, 0xeb, 0x83, 0x00, 0x00, 0x00, 0x00, 0x00, 0x7f, 0xff, 0x04,
    0x3f, 0xbf, 0xbf, 0x04, 0x00, 0x00, 0x00, 0x00, 0x2a, 0xa3, 0xec, 0x6d, 0x1d, 0xc9, 0xff, 0xff,
    0x8e, 0xbc, 0x92, 0xfa, 0xff, 0xc5, 0x34, 0xff, 0xf3, 0xb6, 0x28, 0xff, 0xfd, 0xbf, 0x3e, 0xff,
    0x5e, 0x68, 0x6d, 0xff, 0x00, 0x17, 0x33, 0xff, 0x04, 0x1e, 0x30, 0xff, 0x1f, 0x2f, 0x55, 0xff,
    0x6d, 0x7a, 0xed, 0xff, 0x41, 0xb3, 0xf5, 0xff, 0x28, 0xcf, 0xf8, 0xfc, 0x2f, 0xc8, 0xfe, 0xff,
    0x0e, 0x9d, 0xf0, 0xe4, 0x00, 0x6f, 0xef, 0x10, 0xff, 0xff, 0xff, 0x01, 0x00, 0xff, 0xff, 0x01,
    0x00, 0x00, 0x00, 0x01, 0x00, 0xaa, 0xaa, 0x03, 0x7f, 0x7f, 0x7f, 0x02, 0x11, 0xa9, 0xff, 0xb9,
    0xa9, 0xba, 0x8c, 0xff, 0xfd, 0xc8, 0x60, 0xfb, 0xef, 0xb1, 0x30, 0xff, 0xf7, 0xac, 0x20, 0xff,
    0x46, 0x57, 0x45, 0xff, 0x07, 0x3d, 0x5f, 0xff, 0x15, 0x4a, 0x60, 0xff, 0x26, 0x7c, 0xa5, 0xff,
    0x36, 0xc5, 0xfb, 0xff, 0x27, 0xce, 0xf6, 0xfc, 0x30, 0xc8, 0xfb, 0xff, 0x17, 0xac, 0xf7, 0xfd,
    0x00, 0x81, 0xe7, 0x41, 0x01, 0x00, 0x00, 0x00, 0x00, 0x55, 0xaa, 0x03, 0x00, 0x00, 0x00, 0x00,
    0x00, 0x00, 0x00, 0x00, 0x00, 0xff, 0xff, 0x01, 0xff, 0xff, 0x00, 0x01, 0x00, 0x9f, 0xff, 0x10,
    0xb5, 0xa1, 0x64, 0xcd, 0xff, 0xd5, 0x6f, 0xff, 0xeb, 0xa9, 0x34, 0xfa, 0xff, 0x9c, 0x0c, 0xfb,
    0x6f, 0xc0, 0xb6, 0xfd, 0x20, 0xcb, 0xfb, 0xfd, 0x30, 0xcc, 0xf8, 0xfd, 0x2c, 0xd4, 0xff, 0xfc,
    0x2b, 0xca, 0xf7, 0xfc, 0x2e, 0xc8, 0xff, 0xff, 0x16, 0xaa, 0xf7, 0xf8, 0x00, 0x84, 0xe7, 0x55,
    0x01, 0x00, 0x00, 0x00, 0x00, 0xaa, 0xff, 0x03, 0x00, 0x00, 0x00, 0x00, 0x00, 0x00, 0x00, 0x00,
    0x00, 0x00, 0x00, 0x00, 0x00, 0x00, 0x00, 0x00, 0xaa, 0x55, 0x55, 0x03, 0x01, 0x00, 0x00, 0x00,
    0xff, 0x82, 0x00, 0x25, 0xef, 0xa5, 0x38, 0xe7, 0xff, 0xa2, 0x22, 0xff, 0xc3, 0xa7, 0x5e, 0xff,
    0x31, 0xc5, 0xfb, 0xff, 0x2c, 0xca, 0xff, 0xff, 0x2e, 0xc8, 0xff, 0xff, 0x2c, 0xc6, 0xff, 0xff,
    0x24, 0xbb, 0xff, 0xff, 0x10, 0xa1, 0xf4, 0xc9, 0x00, 0x7d, 0xe2, 0x35, 0x00, 0x00, 0x00, 0x00,
    0x00, 0xaa, 0xff, 0x03, 0x00, 0x00, 0x00, 0x00, 0x00, 0x00, 0x00, 0x00, 0x00, 0x00, 0x00, 0x00,
    0x00, 0x00, 0x00, 0x00, 0x00, 0x00, 0x00, 0x00, 0x00, 0x00, 0x00, 0x00, 0x7f, 0x7f, 0x7f, 0x02,
    0x00, 0x00, 0x01, 0x00, 0xd4, 0x74, 0x00, 0x18, 0xd8, 0x92, 0x33, 0x50, 0x2f, 0xa3, 0xe7, 0x96,
    0x1a, 0xa8, 0xfc, 0xcb, 0x1f, 0xa6, 0xf3, 0xd9, 0x1b, 0xa4, 0xf5, 0xce, 0x13, 0x9f, 0xf7, 0xa1,
    0x03, 0x8f, 0xf2, 0x50, 0x00, 0x00, 0x00, 0x01, 0x00, 0x00, 0x00, 0x00, 0x00, 0xaa, 0xff, 0x03,
    0x00, 0x00, 0x00, 0x00, 0x00, 0x00, 0x00, 0x00, 0x00, 0x00, 0x00, 0x00, 0x00, 0x00, 0x00, 0x00,
    0x00, 0x00, 0x00, 0x00, 0x00, 0x00, 0x00, 0x00, 0x00, 0x00, 0x00, 0x00, 0x00, 0x00, 0x00, 0x00,
    0x7f, 0x7f, 0x00, 0x02, 0x00, 0x00, 0x00, 0x00, 0x00, 0x00, 0x00, 0x00, 0x00, 0x00, 0x00, 0x00,
    0x00, 0x00, 0x00, 0x00, 0x00, 0x3f, 0xff, 0x04, 0x00, 0x00, 0x00, 0x00, 0x00, 0x00, 0x00, 0x00,
    0x00, 0x00, 0x00, 0x00, 0x01, 0x00, 0x00, 0x00, 0x00, 0x7f, 0xff, 0x02, 0x00, 0x00, 0x00, 0x00,
    0x00, 0x00, 0x00, 0x00, 0x00, 0x00, 0x00, 0x00, 0x00, 0x00, 0x00, 0x00, 0x00, 0x00, 0x00, 0x00,
};

static const lv_image_dsc_t emoji_img_4 = {
    .header = {
        .magic = LV_IMAGE_HEADER_MAGIC,
        .cf = LV_COLOR_FORMAT_ARGB8888,
        .flags = 0,
        .w = 20,
        .h = 20,
        .stride = 20 * 4,
        .reserved_2 = 0,
    },
    .data_size = sizeof(emoji_img_4_data),
    .data = emoji_img_4_data,
    .reserved = NULL,
    .reserved_2 = NULL,
};

// LVGL image: emoji_img_5 (20x20 ARGB8888, BGRA byte order)
static const uint8_t emoji_img_5_data[] = {
    0x00, 0x00, 0x00, 0x00, 0x00, 0x00, 0x00, 0x00, 0x00, 0x00, 0x00, 0x00, 0x00, 0x00, 0x00, 0x00,
    0x00, 0x7f, 0xff, 0x02, 0x00, 0x01, 0x01, 0x00, 0x00, 0x00, 0x00, 0x00, 0x00, 0x00, 0x00, 0x00,
    0x00, 0x00, 0x00, 0x00, 0x00, 0x7f, 0xff, 0x04, 0x00, 0x3f, 0xff, 0x04, 0x00, 0x00, 0x00, 0x00,
    0x00, 0x00, 0x00, 0x00, 0x00, 0x00, 0x00, 0x00, 0x00, 0x7f, 0xff, 0x02, 0x00, 0x7f, 0xff, 0x02,
    0x00, 0x00, 0x00, 0x00, 0x00, 0x00, 0x00, 0x00, 0x00, 0x00, 0x00, 0x00, 0x00, 0x00, 0x00, 0x00,
    0x00, 0x00, 0x00, 0x00, 0x00, 0x00, 0x00, 0x00, 0x00, 0x00, 0x00, 0x00, 0x00, 0xaa, 0xaa, 0x03,
    0x00, 0x00, 0x00, 0x00, 0x00, 0x00, 0x00, 0x00, 0x20, 0xa7, 0xf7, 0x46, 0x27, 0xb4, 0xf9, 0x96,
    0x29, 0xb8, 0xf9, 0xc6, 0x29, 0xb9, 0xf7, 0xd9, 0x28, 0xb7, 0xf5, 0xda, 0x28, 0xb7, 0xf7, 0xc3,
    0x27, 0xb3, 0xf9, 0x8e, 0x21, 0xa3, 0xf6, 0x3d, 0x00, 0x00, 0x00, 0x00, 0x00, 0x00, 0x00, 0x00,
    0x00, 0x7f, 0xff, 0x02, 0x00, 0x00, 0x00, 0x00, 0x00, 0x00, 0x00, 0x00, 0x00, 0x00, 0x00, 0x00,
    0x00, 0x00, 0x00, 0x00, 0x00, 0x00, 0x00, 0x00, 0x00, 0xaa, 0xff, 0x03, 0x00, 0x00, 0x00, 0x00,
    0x1b, 0x95, 0xee, 0x2e, 0x26, 0xb2, 0xf9, 0xc1, 0x2b, 0xc4, 0xff, 0xff, 0x2e, 0xcf, 0xff, 0xff,
    0x2e, 0xcf, 0xff, 0xff, 0x2e, 0xce, 0xff, 0xff, 0x2e, 0xce, 0xff, 0xff, 0x2e, 0xcf, 0xff, 0xff,
    0x2e, 0xcf, 0xff, 0xff, 0x2a, 0xc1, 0xff, 0xff, 0x25, 0xb1, 0xf9, 0xb1, 0x18, 0x8b, 0xe6, 0x1f,
    0x00, 0x00, 0x00, 0x00, 0x00, 0x7f, 0xff, 0x02, 0x00, 0x00, 0x00, 0x00, 0x00, 0x00, 0x00, 0x00,
    0x00, 0x00, 0x00, 0x00, 0x00, 0x7f, 0xff, 0x02, 0x00, 0x00, 0x00, 0x00, 0x1e, 0x9a, 0xef, 0x42,
    0x26, 0xb5, 0xfa, 0xf2, 0x2d, 0xcb, 0xff, 0xff, 0x2c, 0xc8, 0xf7, 0xfc, 0x2c, 0xcc, 0xf9, 0xfb,
    0x2d, 0xcd, 0xf9, 0xfd, 0x2d, 0xcf, 0xf9, 0xfd, 0x2d, 0xcf, 0xf9, 0xfd, 0x2d, 0xce, 0xf9, 0xfc,
    0x2c, 0xcb, 0xf8, 0xfb, 0x2c, 0xc7, 0xf7, 0xfd, 0x2e, 0xcd, 0xff, 0xff, 0x26, 0xb2, 0xf9, 0xe3,
    0x1e, 0x97, 0xec, 0x2a, 0x00, 0x00, 0x00, 0x00, 0x00, 0x7f, 0xff, 0x02, 0x00, 0x00, 0x00, 0x00,
    0x00, 0x7f, 0xff, 0x02, 0x00, 0xff, 0xff, 0x01, 0x18, 0x94, 0xee, 0x1f, 0x25, 0xaf, 0xf8, 0xee,
    0x2d, 0xc8, 0xfe, 0xff, 0x2c, 0xc9, 0xf7, 0xfb, 0x2d, 0xcd, 0xf9, 0xff, 0x2e, 0xd2, 0xfa, 0xff,
    0x2e, 0xd6, 0xfb, 0xff, 0x2f, 0xd8, 0xfc, 0xff, 0x2f, 0xd8, 0xfc, 0xff, 0x2e, 0xd6, 0xfb, 0xff,
    0x2e, 0xd2, 0xfa, 0xff, 0x2d, 0xcd, 0xf9, 0xff, 0x2b, 0xc8, 0xf7, 0xfa, 0x2d, 0xcb, 0xff, 0xff,
    0x24, 0xab, 0xf6, 0xda, 0x12, 0x7f, 0xec, 0x0e, 0x00, 0x7f, 0xff, 0x02, 0x00, 0xff, 0xff, 0x01,
    0x55, 0xaa, 0xff, 0x03, 0x00, 0x00, 0x00, 0x00, 0x23, 0xa4, 0xf4, 0xa7, 0x2d, 0xc9, 0xff, 0xff,
    0x2c, 0xc8, 0xf7, 0xfb, 0x2d, 0xcd, 0xf9, 0xff, 0x2f, 0xd9, 0xff, 0xff, 0x30, 0xe0, 0xff, 0xff,
    0x30, 0xdd, 0xfb, 0xff, 0x30, 0xdf, 0xfd, 0xff, 0x30, 0xdf, 0xfd, 0xff, 0x2f, 0xdc, 0xfb, 0xff,
    0x30, 0xdf, 0xff, 0xff, 0x2f, 0xd8, 0xff, 0xff, 0x2d, 0xcd, 0xf9, 0xff, 0x2c, 0xc7, 0xf7, 0xfa,
    0x2c, 0xc8, 0xff, 0xff, 0x1a, 0x9f, 0xf1, 0x85, 0x00, 0x00, 0x00, 0x00, 0x3f, 0xbf, 0xff, 0x04,
    0x00, 0x00, 0x00, 0x00, 0x19, 0x90, 0xee, 0x1e, 0x25, 0xb1, 0xf7, 0xf9, 0x2c, 0xc7, 0xfa, 0xfe,
    0x2d, 0xcb, 0xf8, 0xfe, 0x30, 0xdb, 0xff, 0xff, 0x2d, 0xcf, 0xef, 0xff, 0x2c, 0xcb, 0xe8, 0xff,
    0x31, 0xe8, 0xff, 0xff, 0x30, 0xe0, 0xfd, 0xff, 0x30, 0xe0, 0xfd, 0xff, 0x31, 0xe8, 0xff, 0xff,
    0x2c, 0xcc, 0xe9, 0xff, 0x2d, 0xcd, 0xee, 0xff, 0x30, 0xdb, 0xff, 0xff, 0x2c, 0xcb, 0xf8, 0xfd,
    0x2e, 0xc9, 0xfc, 0xfe, 0x1f, 0xaa, 0xf4, 0xe8, 0x00, 0x73, 0xe7, 0x0b, 0x00, 0x00, 0x00, 0x00,
    0x00, 0x00, 0x00, 0x00, 0x21, 0xa0, 0xf3, 0x5c, 0x2b, 0xc4, 0xff, 0xff, 0x2c, 0xc7, 0xf5, 0xfc,
    0x2f, 0xd7, 0xfd, 0xff, 0x28, 0xb3, 0xd2, 0xff, 0x0e, 0x2f, 0x46, 0xff, 0x0a, 0x1e, 0x35, 0xff,
    0x22, 0x97, 0xb2, 0xff, 0x31, 0xe6, 0xff, 0xff, 0x31, 0xe7, 0xff, 0xff, 0x23, 0x9e, 0xb8, 0xff,
    0x0b, 0x20, 0x37, 0xff, 0x0d, 0x2c, 0x42, 0xff, 0x27, 0xad, 0xcd, 0xff, 0x2f, 0xd6, 0xfd, 0xff,
    0x2d, 0xc7, 0xf6, 0xfd, 0x26, 0xbb, 0xfd, 0xff, 0x08, 0x8f, 0xee, 0x3e, 0x00, 0x00, 0x00, 0x00,
    0x00, 0x00, 0x00, 0x00, 0x22, 0xa6, 0xf5, 0x85, 0x2d, 0xcb, 0xfe, 0xff, 0x2b, 0xc9, 0xf5, 0xfb,
    0x31, 0xe0, 0xff, 0xff, 0x19, 0x6a, 0x85, 0xff, 0x13, 0x4e, 0x66, 0xff, 0x1a, 0x6c, 0x86, 0xff,
    0x12, 0x43, 0x5c, 0xff, 0x31, 0xe3, 0xff, 0xff, 0x31, 0xe7, 0xff, 0xff, 0x13, 0x4a, 0x63, 0xff,
    0x19, 0x66, 0x7f, 0xff, 0x15, 0x54, 0x6c, 0xff, 0x17, 0x61, 0x7c, 0xff, 0x31, 0xdf, 0xff, 0xff,
    0x2b, 0xc9, 0xf6, 0xfb, 0x2a, 0xc7, 0xff, 0xfe, 0x0e, 0x99, 0xf0, 0x67, 0x00, 0x00, 0x00, 0x00,
    0x00, 0x00, 0x00, 0x00, 0x23, 0xa8, 0xf4, 0x97, 0x2d, 0xcc, 0xff, 0xff, 0x36, 0xbc, 0xf6, 0xfb,
    0x44, 0xba, 0xf8, 0xff, 0x39, 0xb7, 0xe9, 0xff, 0x30, 0xd9, 0xf9, 0xff, 0x31, 0xe6, 0xff, 0xff,
    0x2c, 0xcd, 0xe9, 0xff, 0x30, 0xe1, 0xfd, 0xff, 0x30, 0xe1, 0xfd, 0xff, 0x2c, 0xcd, 0xe9, 0xff,
    0x31, 0xe5, 0xff, 0xff, 0x30, 0xdb, 0xfa, 0xff, 0x38, 0xb7, 0xe9, 0xff, 0x44, 0xb9, 0xf8, 0xff,
    0x37, 0xbb, 0xf6, 0xfb, 0x2b, 0xc9, 0xff, 0xff, 0x0e, 0x9c, 0xf2, 0x7a, 0x00, 0x00, 0x00, 0x00,
    0x00, 0x00, 0x00, 0x00, 0x20, 0xa8, 0xf4, 0x94, 0x35, 0xc4, 0xff, 0xff, 0x4d, 0xa4, 0xf3, 0xfb,
    0x58, 0x96, 0xf1, 0xff, 0x4f, 0xaa, 0xf8, 0xff, 0x39, 0xcc, 0xf9, 0xff, 0x2e, 0xde, 0xfa, 0xff,
    0x31, 0xe5, 0xff, 0xff, 0x30, 0xe0, 0xfd, 0xff, 0x30, 0xe0, 0xfd, 0xff, 0x31, 0xe5, 0xff, 0xff,
    0x2f, 0xdf, 0xfa, 0xff, 0x38, 0xcc, 0xf9, 0xff, 0x4e, 0xab, 0xf9, 0xff, 0x58, 0x96, 0xf1, 0xff,
    0x4f, 0xa3, 0xf3, 0xfb, 0x32, 0xc0, 0xff, 0xff, 0x0a, 0x9b, 0xef, 0x76, 0x00, 0x00, 0x00, 0x00,
    0x00, 0x00, 0x00, 0x00, 0x1f, 0xa7, 0xf4, 0x7a, 0x37, 0xbe, 0xff, 0xfe, 0x53, 0x9e, 0xf2, 0xfb,
    0x5e, 0x8e, 0xf1, 0xff, 0x52, 0x9d, 0xf2, 0xff, 0x3d, 0xd2, 0xff, 0xff, 0x31, 0xea, 0xff, 0xff,
    0x30, 0xde, 0xfb, 0xff, 0x30, 0xde, 0xfb, 0xff, 0x30, 0xde, 0xfb, 0xff, 0x30, 0xde, 0xfb, 0xff,
    0x31, 0xea, 0xff, 0xff, 0x3d, 0xd3, 0xff, 0xff, 0x52, 0x9e, 0xf2, 0xff, 0x5e, 0x8d, 0xf0, 0xff,
    0x56, 0x9e, 0xf3, 0xfb, 0x32, 0xb6, 0xff, 0xff, 0x02, 0x92, 0xeb, 0x5c, 0x00, 0x00, 0x00, 0x00,
    0x00, 0x00, 0x00, 0x00, 0x1c, 0x9f, 0xf0, 0x48, 0x2d, 0xbb, 0xff, 0xff, 0x42, 0xac, 0xf2, 0xfd,
    0x50, 0xa8, 0xfa, 0xff, 0x40, 0x9d, 0xdc, 0xff, 0x19, 0x63, 0x7f, 0xff, 0x29, 0xbc, 0xd5, 0xff,
    0x31, 0xe7, 0xff, 0xff, 0x33, 0xed, 0xff, 0xff, 0x33, 0xed, 0xff, 0xff, 0x31, 0xe7, 0xff, 0xff,
    0x29, 0xbe, 0xd7, 0xff, 0x19, 0x64, 0x7f, 0xff, 0x3f, 0x9c, 0xda, 0xff, 0x50, 0xa7, 0xf9, 0xff,
    0x46, 0xad, 0xf4, 0xfe, 0x20, 0xaa, 0xf6, 0xfe, 0x00, 0x82, 0xe7, 0x2b, 0x01, 0x00, 0x00, 0x00,
    0x00, 0x00, 0x00, 0x00, 0x15, 0x7f, 0xe9, 0x0c, 0x24, 0xac, 0xf5, 0xe8, 0x2e, 0xc5, 0xfc, 0xfd,
    0x33, 0xc0, 0xf6, 0xfd, 0x33, 0xd1, 0xfb, 0xff, 0x1e, 0x87, 0xa3, 0xff, 0x0d, 0x2b, 0x42, 0xff,
    0x11, 0x41, 0x58, 0xff, 0x17, 0x60, 0x78, 0xff, 0x17, 0x60, 0x78, 0xff, 0x11, 0x42, 0x58, 0xff,
    0x0d, 0x2a, 0x42, 0xff, 0x1e, 0x84, 0xa0, 0xff, 0x33, 0xd1, 0xfa, 0xff, 0x32, 0xc0, 0xf6, 0xfc,
    0x2f, 0xc6, 0xff, 0xfe, 0x0c, 0x9c, 0xed, 0xcf, 0x00, 0x00, 0xff, 0x02, 0x00, 0xff, 0xff, 0x01,
    0x3f, 0x7f, 0xff, 0x04, 0x00, 0x00, 0x00, 0x00, 0x1e, 0x9d, 0xf2, 0x76, 0x2b, 0xc7, 0xff, 0xff,
    0x2c, 0xc9, 0xf8, 0xf9, 0x2c, 0xcd, 0xfa, 0xff, 0x31, 0xe1, 0xff, 0xff, 0x2a, 0xc2, 0xe2, 0xff,
    0x1d, 0x7b, 0x98, 0xff, 0x16, 0x58, 0x72, 0xff, 0x16, 0x58, 0x72, 0xff, 0x1c, 0x7a, 0x96, 0xff,
    0x2a, 0xc1, 0xe1, 0xff, 0x31, 0xe0, 0xff, 0xff, 0x2b, 0xcc, 0xf9, 0xff, 0x2e, 0xcc, 0xf9, 0xfa,
    0x1c, 0xb8, 0xff, 0xff, 0x00, 0x87, 0xe9, 0x53, 0x00, 0x00, 0x00, 0x00, 0x00, 0x7f, 0xbf, 0x04,
    0x00, 0x00, 0xff, 0x01, 0x00, 0xff, 0xff, 0x02, 0x00, 0x66, 0xcc, 0x05, 0x1c, 0xa4, 0xf2, 0xbf,
    0x2e, 0xcc, 0xff, 0xff, 0x2d, 0xc8, 0xf7, 0xfa, 0x2c, 0xc9, 0xf6, 0xfd, 0x2e, 0xd6, 0xff, 0xff,
    0x31, 0xe2, 0xff, 0xff, 0x31, 0xe3, 0xff, 0xff, 0x31, 0xe3, 0xff, 0xff, 0x30, 0xe2, 0xff, 0xff,
    0x2e, 0xd6, 0xff, 0xff, 0x2c, 0xc9, 0xf6, 0xfd, 0x30, 0xca, 0xf9, 0xfa, 0x22, 0xc2, 0xff, 0xff,
    0x04, 0x8f, 0xeb, 0xa0, 0x00, 0x00, 0x00, 0x00, 0x00, 0x55, 0xaa, 0x03, 0x00, 0x00, 0x00, 0x00,
    0x00, 0x00, 0x00, 0x00, 0x00, 0xff, 0xff, 0x01, 0x00, 0xff, 0xff, 0x01, 0x00, 0x7f, 0xdf, 0x10,
    0x18, 0xa5, 0xf5, 0xba, 0x29, 0xc7, 0xff, 0xff, 0x2f, 0xcc, 0xff, 0xff, 0x2e, 0xc9, 0xf6, 0xfd,
    0x2d, 0xca, 0xf6, 0xfb, 0x2d, 0xcc, 0xf7, 0xfb, 0x2d, 0xcc, 0xf7, 0xfb, 0x2e, 0xcb, 0xf6, 0xfb,
    0x2f, 0xca, 0xf7, 0xfd, 0x2d, 0xcb, 0xff, 0xff, 0x1c, 0xb9, 0xff, 0xff, 0x03, 0x91, 0xed, 0xa1,
    0x00, 0x3f, 0xbf, 0x04, 0x00, 0x7f, 0xff, 0x02, 0x00, 0x00, 0xff, 0x01, 0x00, 0x00, 0x00, 0x00,
    0x00, 0x00, 0x00, 0x00, 0x00, 0x00, 0x00, 0x00, 0x00, 0xff, 0xff, 0x01, 0x00, 0x00, 0x00, 0x00,
    0x00, 0x00, 0x00, 0x02, 0x0b, 0x99, 0xf1, 0x71, 0x19, 0xae, 0xf6, 0xdd, 0x23, 0xbe, 0xff, 0xff,
    0x29, 0xca, 0xff, 0xff, 0x2b, 0xce, 0xff, 0xff, 0x2a, 0xcc, 0xff, 0xff, 0x25, 0xc6, 0xff, 0xff,
    0x1c, 0xb4, 0xfc, 0xff, 0x0d, 0xa0, 0xf5, 0xd3, 0x00, 0x8a, 0xec, 0x5e, 0x00, 0x00, 0x00, 0x00,
    0x00, 0xff, 0xff, 0x01, 0x00, 0x00, 0xff, 0x01, 0x00, 0x00, 0x00, 0x00, 0x00, 0x00, 0x00, 0x00,
    0x00, 0x00, 0x00, 0x00, 0x00, 0x00, 0x00, 0x00, 0x00, 0x00, 0x00, 0x00, 0x00, 0xff, 0xff, 0x01,
    0x00, 0x01, 0x00, 0x00, 0x00, 0x00, 0x00, 0x00, 0x00, 0x38, 0xc6, 0x09, 0x00, 0x8c, 0xef, 0x43,
    0x08, 0x97, 0xef, 0x74, 0x0a, 0x9a, 0xed, 0x90, 0x07, 0x98, 0xee, 0x8e, 0x02, 0x93, 0xf1, 0x6f,
    0x00, 0x85, 0xf2, 0x3b, 0x00, 0x00, 0xaa, 0x03, 0x00, 0x00, 0x00, 0x00, 0x00, 0x7f, 0xff, 0x02,
    0x00, 0x00, 0xff, 0x01, 0x00, 0x00, 0x00, 0x00, 0x00, 0x00, 0x00, 0x00, 0x00, 0x00, 0x00, 0x00,
    0x00, 0x00, 0x00, 0x00, 0x00, 0x00, 0x00, 0x00, 0x00, 0x00, 0x00, 0x00, 0x00, 0x00, 0x00, 0x00,
    0x00, 0x00, 0xff, 0x01, 0x00, 0x7f, 0xbf, 0x04, 0x01, 0x00, 0x00, 0x00, 0x00, 0x00, 0x00, 0x00,
    0x00, 0x00, 0x00, 0x00, 0x00, 0x00, 0x00, 0x00, 0x00, 0x00, 0x00, 0x00, 0x00, 0x00, 0x00, 0x00,
    0x01, 0x00, 0x00, 0x00, 0x00, 0x00, 0x00, 0x00, 0x00, 0xaa, 0xff, 0x03, 0x00, 0x00, 0x00, 0x00,
    0x00, 0x00, 0x00, 0x00, 0x00, 0x00, 0x00, 0x00, 0x00, 0x00, 0x00, 0x00, 0x00, 0x00, 0x00, 0x00,
};

static const lv_image_dsc_t emoji_img_5 = {
    .header = {
        .magic = LV_IMAGE_HEADER_MAGIC,
        .cf = LV_COLOR_FORMAT_ARGB8888,
        .flags = 0,
        .w = 20,
        .h = 20,
        .stride = 20 * 4,
        .reserved_2 = 0,
    },
    .data_size = sizeof(emoji_img_5_data),
    .data = emoji_img_5_data,
    .reserved = NULL,
    .reserved_2 = NULL,
};

// LVGL image: emoji_img_6 (20x20 ARGB8888, BGRA byte order)
static const uint8_t emoji_img_6_data[] = {
    0x00, 0x00, 0x00, 0x00, 0x00, 0x00, 0x00, 0x00, 0x00, 0x00, 0x00, 0x00, 0x00, 0x00, 0x00, 0x00,
    0x00, 0x7f, 0xff, 0x02, 0x00, 0x01, 0x01, 0x00, 0x00, 0x00, 0x00, 0x00, 0x00, 0x00, 0x00, 0x00,
    0x00, 0x00, 0x00, 0x00, 0x00, 0x7f, 0xff, 0x04, 0x00, 0x3f, 0xff, 0x04, 0x00, 0x00, 0x00, 0x00,
    0x00, 0x00, 0x00, 0x00, 0x00, 0x00, 0x00, 0x00, 0x00, 0x7f, 0xff, 0x02, 0x00, 0x7f, 0xff, 0x02,
    0x00, 0x00, 0x00, 0x00, 0x00, 0x00, 0x00, 0x00, 0x00, 0x00, 0x00, 0x00, 0x00, 0x00, 0x00, 0x00,
    0x00, 0x00, 0x00, 0x00, 0x00, 0x00, 0x00, 0x00, 0x00, 0x00, 0x00, 0x00, 0x00, 0xaa, 0xff, 0x03,
    0x00, 0x00, 0x00, 0x00, 0x00, 0x00, 0x00, 0x00, 0x24, 0xa7, 0xf7, 0x46, 0x27, 0xb4, 0xf9, 0x96,
    0x29, 0xb8, 0xf9, 0xc6, 0x28, 0xb8, 0xf6, 0xda, 0x29, 0xb8, 0xf6, 0xd9, 0x28, 0xb8, 0xf8, 0xc3,
    0x27, 0xb3, 0xf9, 0x8e, 0x21, 0xa7, 0xf6, 0x3d, 0x00, 0x00, 0x00, 0x00, 0x00, 0x00, 0x00, 0x00,
    0x00, 0x7f, 0xff, 0x02, 0x00, 0x00, 0x00, 0x00, 0x00, 0x00, 0x00, 0x00, 0x00, 0x00, 0x00, 0x00,
    0x00, 0x00, 0x00, 0x00, 0x00, 0x00, 0x00, 0x00, 0x00, 0xaa, 0xff, 0x03, 0x00, 0x00, 0x00, 0x00,
    0x1b, 0x95, 0xee, 0x2e, 0x27, 0xb1, 0xf9, 0xc1, 0x2c, 0xc2, 0xff, 0xff, 0x2e, 0xcd, 0xff, 0xff,
    0x2e, 0xce, 0xff, 0xff, 0x2e, 0xcf, 0xff, 0xff, 0x2e, 0xcf, 0xff, 0xff, 0x2e, 0xce, 0xff, 0xff,
    0x2f, 0xcd, 0xff, 0xff, 0x2b, 0xbf, 0xff, 0xff, 0x26, 0xb0, 0xf9, 0xb2, 0x18, 0x94, 0xee, 0x1f,
    0x00, 0x00, 0x00, 0x00, 0x00, 0xff, 0xff, 0x02, 0x00, 0x00, 0x00, 0x00, 0x00, 0x00, 0x00, 0x00,
    0x00, 0x00, 0x00, 0x00, 0x00, 0x7f, 0xff, 0x02, 0x00, 0x00, 0x00, 0x00, 0x1e, 0x92, 0xef, 0x42,
    0x27, 0xb2, 0xfa, 0xf1, 0x2d, 0xcd, 0xff, 0xff, 0x2c, 0xd2, 0xf8, 0xfc, 0x2d, 0xd8, 0xfc, 0xfb,
    0x2d, 0xd3, 0xfa, 0xfd, 0x2d, 0xce, 0xf9, 0xfd, 0x2d, 0xcf, 0xf9, 0xfd, 0x2d, 0xd6, 0xfa, 0xfc,
    0x2b, 0xd4, 0xf9, 0xfb, 0x2c, 0xd0, 0xf9, 0xfd, 0x2e, 0xcb, 0xff, 0xff, 0x27, 0xb0, 0xf9, 0xe4,
    0x1e, 0x91, 0xec, 0x2a, 0x00, 0x00, 0x00, 0x00, 0x00, 0x7f, 0xff, 0x02, 0x00, 0x00, 0x00, 0x00,
    0x00, 0x7f, 0xff, 0x02, 0x00, 0x00, 0xff, 0x01, 0x20, 0xa4, 0xee, 0x1f, 0x26, 0xba, 0xfa, 0xee,
    0x2d, 0xd2, 0xff, 0xff, 0x2d, 0xc7, 0xf8, 0xfb, 0x2f, 0x81, 0xed, 0xff, 0x2a, 0x6b, 0xdc, 0xff,
    0x2d, 0xbd, 0xf3, 0xff, 0x2f, 0xdd, 0xfd, 0xff, 0x2e, 0xdc, 0xfb, 0xff, 0x30, 0xa3, 0xf9, 0xff,
    0x35, 0x70, 0xf3, 0xff, 0x2c, 0x96, 0xec, 0xff, 0x2b, 0xd4, 0xf9, 0xfa, 0x2c, 0xd2, 0xff, 0xff,
    0x24, 0xb5, 0xf8, 0xdb, 0x12, 0xb6, 0xff, 0x0e, 0x00, 0x7f, 0xff, 0x02, 0x00, 0xff, 0xff, 0x01,
    0x55, 0xaa, 0xff, 0x03, 0x00, 0x01, 0x00, 0x00, 0x21, 0x9e, 0xf4, 0xa7, 0x2a, 0x88, 0xf7, 0xff,
    0x29, 0xa0, 0xe6, 0xfb, 0x32, 0x83, 0xf8, 0xff, 0x37, 0x33, 0xf3, 0xff, 0x33, 0x2e, 0xe7, 0xff,
    0x2a, 0x43, 0xd2, 0xff, 0x30, 0xe3, 0xfb, 0xff, 0x2d, 0xbb, 0xfb, 0xff, 0x5c, 0x5f, 0xf9, 0xff,
    0x6a, 0x69, 0xfe, 0xff, 0x2b, 0x2e, 0xda, 0xff, 0x2d, 0x91, 0xec, 0xff, 0x34, 0x72, 0xf7, 0xfa,
    0x2d, 0x72, 0xf6, 0xff, 0x1a, 0x8f, 0xe7, 0x85, 0x00, 0x00, 0x00, 0x00, 0x3f, 0x7f, 0xbf, 0x04,
    0x00, 0x00, 0x00, 0x00, 0x11, 0x9e, 0xf6, 0x1d, 0x3c, 0x68, 0xf7, 0xf9, 0x50, 0x4e, 0xf7, 0xfe,
    0x2c, 0x2f, 0xd7, 0xfe, 0x31, 0x3c, 0xe4, 0xff, 0x37, 0x46, 0xf6, 0xff, 0x38, 0x49, 0xf9, 0xff,
    0x2f, 0x2f, 0xdc, 0xff, 0x2c, 0xc6, 0xf0, 0xff, 0x33, 0xa1, 0xfb, 0xff, 0x75, 0x72, 0xfd, 0xff,
    0x4a, 0x5d, 0xfa, 0xff, 0x2f, 0x39, 0xe7, 0xff, 0x32, 0x35, 0xe5, 0xff, 0x38, 0x3e, 0xf8, 0xfd,
    0x36, 0x32, 0xed, 0xfe, 0x20, 0x4c, 0xd3, 0xe8, 0x00, 0xff, 0xff, 0x0b, 0x00, 0x00, 0x00, 0x00,
    0x00, 0x00, 0x00, 0x00, 0x16, 0x74, 0xf1, 0x5c, 0x5f, 0x73, 0xff, 0xff, 0x72, 0x7d, 0xfd, 0xfc,
    0x31, 0x3f, 0xf4, 0xff, 0x36, 0x41, 0xf0, 0xff, 0x36, 0x44, 0xf4, 0xff, 0x37, 0x44, 0xf7, 0xff,
    0x30, 0x38, 0xe2, 0xff, 0x2d, 0xce, 0xf3, 0xff, 0x32, 0xad, 0xfc, 0xff, 0x49, 0x4a, 0xf6, 0xff,
    0x36, 0x46, 0xf4, 0xff, 0x36, 0x43, 0xf5, 0xff, 0x36, 0x44, 0xf5, 0xff, 0x36, 0x46, 0xf4, 0xff,
    0x37, 0x40, 0xf2, 0xfd, 0x27, 0x45, 0xdc, 0xff, 0x08, 0xa0, 0xee, 0x3e, 0x00, 0x00, 0x00, 0x00,
    0x00, 0x00, 0x00, 0x00, 0x1e, 0x9f, 0xf3, 0x86, 0x46, 0x6d, 0xfe, 0xff, 0x51, 0x55, 0xf7, 0xfb,
    0x33, 0x43, 0xf3, 0xff, 0x37, 0x45, 0xf5, 0xff, 0x36, 0x44, 0xf4, 0xff, 0x37, 0x3d, 0xf5, 0xff,
    0x2f, 0x55, 0xe4, 0xff, 0x2f, 0xe4, 0xfb, 0xff, 0x30, 0xd4, 0xfd, 0xff, 0x32, 0x49, 0xf4, 0xff,
    0x36, 0x41, 0xf4, 0xff, 0x36, 0x44, 0xf4, 0xff, 0x36, 0x43, 0xf3, 0xff, 0x37, 0x49, 0xf8, 0xff,
    0x33, 0x2d, 0xe5, 0xfb, 0x28, 0x72, 0xed, 0xfe, 0x0e, 0xb2, 0xf7, 0x67, 0x00, 0x00, 0x00, 0x00,
    0x00, 0x00, 0x00, 0x00, 0x23, 0xb3, 0xf4, 0x97, 0x2e, 0xa8, 0xff, 0xff, 0x32, 0x3e, 0xf3, 0xfb,
    0x35, 0x3c, 0xf4, 0xff, 0x36, 0x43, 0xf4, 0xff, 0x36, 0x48, 0xf5, 0xff, 0x35, 0x35, 0xef, 0xff,
    0x2e, 0x9b, 0xee, 0xff, 0x30, 0xe9, 0xff, 0xff, 0x30, 0xe8, 0xfd, 0xff, 0x33, 0x97, 0xf9, 0xff,
    0x36, 0x36, 0xf3, 0xff, 0x36, 0x48, 0xf4, 0xff, 0x37, 0x43, 0xf6, 0xff, 0x35, 0x33, 0xee, 0xff,
    0x2c, 0x53, 0xda, 0xfb, 0x2a, 0xc6, 0xfe, 0xff, 0x0e, 0x9e, 0xf2, 0x7a, 0x00, 0x00, 0x00, 0x00,
    0x00, 0x00, 0x00, 0x00, 0x24, 0xa5, 0xf4, 0x94, 0x2c, 0xd5, 0xff, 0xff, 0x34, 0xae, 0xf7, 0xfb,
    0x3c, 0x63, 0xf5, 0xff, 0x36, 0x43, 0xf4, 0xff, 0x37, 0x34, 0xf4, 0xff, 0x32, 0x5b, 0xed, 0xff,
    0x2e, 0xde, 0xf8, 0xff, 0x30, 0xdf, 0xfd, 0xff, 0x30, 0xdf, 0xfc, 0xff, 0x30, 0xe1, 0xfb, 0xff,
    0x34, 0x68, 0xf4, 0xff, 0x37, 0x31, 0xf3, 0xff, 0x33, 0x46, 0xed, 0xff, 0x2c, 0x7e, 0xe7, 0xff,
    0x2c, 0xcb, 0xf6, 0xfb, 0x2a, 0xcc, 0xff, 0xff, 0x0c, 0x95, 0xed, 0x76, 0x00, 0x00, 0x00, 0x00,
    0x00, 0x00, 0x00, 0x00, 0x23, 0xa5, 0xf4, 0x7a, 0x2c, 0xc9, 0xff, 0xfe, 0x2e, 0xcd, 0xf8, 0xfb,
    0x3e, 0xc3, 0xf8, 0xff, 0x40, 0xa9, 0xf7, 0xff, 0x37, 0x89, 0xf6, 0xff, 0x31, 0xc8, 0xff, 0xff,
    0x32, 0xf2, 0xff, 0xff, 0x31, 0xe3, 0xff, 0xff, 0x31, 0xe2, 0xff, 0xff, 0x32, 0xef, 0xff, 0xff,
    0x32, 0xd8, 0xff, 0xff, 0x31, 0x96, 0xf5, 0xff, 0x2e, 0xc9, 0xf6, 0xff, 0x2d, 0xdc, 0xfc, 0xff,
    0x2e, 0xcd, 0xf9, 0xfb, 0x26, 0xc1, 0xff, 0xff, 0x02, 0x90, 0xeb, 0x5c, 0x00, 0x00, 0x00, 0x00,
    0x00, 0x00, 0x00, 0x00, 0x20, 0x9e, 0xf4, 0x47, 0x2a, 0xbf, 0xff, 0xff, 0x2b, 0xc7, 0xf7, 0xfd,
    0x2d, 0xcd, 0xfa, 0xff, 0x32, 0xd5, 0xfa, 0xff, 0x32, 0xea, 0xff, 0xff, 0x2a, 0xc5, 0xde, 0xff,
    0x25, 0xa7, 0xc4, 0xff, 0x2d, 0xd0, 0xeb, 0xff, 0x2d, 0xd2, 0xee, 0xff, 0x26, 0xab, 0xc8, 0xff,
    0x28, 0xbc, 0xd6, 0xff, 0x30, 0xef, 0xff, 0xff, 0x2f, 0xda, 0xfc, 0xff, 0x2d, 0xcc, 0xf9, 0xff,
    0x2f, 0xc9, 0xf9, 0xfe, 0x1c, 0xae, 0xf6, 0xfe, 0x00, 0x7c, 0xe7, 0x2b, 0x01, 0x00, 0x00, 0x00,
    0x00, 0x00, 0x00, 0x00, 0x15, 0x94, 0xe9, 0x0c, 0x25, 0xac, 0xf5, 0xe8, 0x2d, 0xc9, 0xfc, 0xfd,
    0x2c, 0xca, 0xf8, 0xfd, 0x2d, 0xd5, 0xfd, 0xff, 0x2d, 0xcf, 0xf1, 0xff, 0x10, 0x38, 0x51, 0xff,
    0x0b, 0x20, 0x36, 0xff, 0x0f, 0x34, 0x4c, 0xff, 0x0f, 0x35, 0x4d, 0xff, 0x0b, 0x23, 0x3a, 0xff,
    0x0d, 0x2b, 0x43, 0xff, 0x2a, 0xc0, 0xe3, 0xff, 0x2f, 0xd6, 0xfe, 0xff, 0x2c, 0xca, 0xf7, 0xfc,
    0x2d, 0xca, 0xff, 0xfe, 0x0d, 0x9b, 0xed, 0xcf, 0x00, 0x00, 0xff, 0x02, 0xff, 0xff, 0xff, 0x01,
    0x3f, 0x7f, 0xff, 0x04, 0x00, 0x00, 0x00, 0x00, 0x1e, 0x9f, 0xf2, 0x76, 0x2c, 0xc7, 0xff, 0xff,
    0x2d, 0xc7, 0xf7, 0xf9, 0x2d, 0xce, 0xfb, 0xff, 0x2d, 0xcf, 0xf5, 0xff, 0x11, 0x42, 0x5b, 0xff,
    0x0b, 0x20, 0x36, 0xff, 0x0d, 0x2b, 0x42, 0xff, 0x0d, 0x2a, 0x41, 0xff, 0x0c, 0x23, 0x3a, 0xff,
    0x0f, 0x34, 0x4c, 0xff, 0x2b, 0xc4, 0xe9, 0xff, 0x2d, 0xcf, 0xfc, 0xff, 0x2f, 0xc9, 0xf8, 0xfa,
    0x1c, 0xb7, 0xff, 0xff, 0x00, 0x87, 0xe9, 0x53, 0x00, 0x00, 0x00, 0x00, 0x00, 0x7f, 0xbf, 0x04,
    0x00, 0x00, 0xff, 0x01, 0x00, 0xff, 0xff, 0x02, 0x00, 0x66, 0xcc, 0x05, 0x1c, 0xa4, 0xf2, 0xbf,
    0x2e, 0xcc, 0xff, 0xff, 0x2c, 0xc6, 0xf5, 0xfa, 0x2e, 0xd2, 0xfd, 0xfd, 0x28, 0xb4, 0xd9, 0xff,
    0x12, 0x46, 0x60, 0xff, 0x0c, 0x29, 0x3f, 0xff, 0x0c, 0x28, 0x3f, 0xff, 0x10, 0x3e, 0x57, 0xff,
    0x25, 0xa7, 0xcc, 0xff, 0x2e, 0xd3, 0xff, 0xfd, 0x2f, 0xc9, 0xf6, 0xfa, 0x22, 0xc3, 0xff, 0xff,
    0x03, 0x8f, 0xeb, 0xa0, 0x00, 0x00, 0x00, 0x00, 0x00, 0x55, 0xaa, 0x03, 0x00, 0x00, 0x00, 0x00,
    0x00, 0x00, 0x00, 0x00, 0x00, 0xff, 0xff, 0x01, 0x00, 0xff, 0xff, 0x01, 0x00, 0x7f, 0xdf, 0x10,
    0x18, 0xa5, 0xf5, 0xba, 0x29, 0xc8, 0xff, 0xff, 0x2f, 0xcb, 0xfe, 0xff, 0x2f, 0xd1, 0xff, 0xfd,
    0x2d, 0xce, 0xf8, 0xfb, 0x27, 0xad, 0xd5, 0xfb, 0x27, 0xab, 0xd3, 0xfb, 0x2d, 0xcb, 0xf5, 0xfb,
    0x31, 0xd3, 0xff, 0xfd, 0x2d, 0xca, 0xff, 0xff, 0x1c, 0xb9, 0xff, 0xff, 0x03, 0x91, 0xed, 0xa1,
    0x00, 0x3f, 0xbf, 0x04, 0x00, 0x7f, 0xff, 0x02, 0x00, 0x00, 0xff, 0x01, 0x00, 0x00, 0x00, 0x00,
    0x00, 0x00, 0x00, 0x00, 0x00, 0x00, 0x00, 0x00, 0x00, 0xff, 0xff, 0x01, 0x00, 0x00, 0x00, 0x00,
    0x00, 0x00, 0x00, 0x02, 0x0b, 0x99, 0xf1, 0x71, 0x19, 0xae, 0xf8, 0xdd, 0x23, 0xbc, 0xff, 0xff,
    0x29, 0xcb, 0xff, 0xff, 0x2c, 0xd5, 0xff, 0xff, 0x2b, 0xd4, 0xff, 0xff, 0x26, 0xc8, 0xff, 0xff,
    0x1b, 0xb2, 0xfa, 0xff, 0x0d, 0xa0, 0xf5, 0xd3, 0x00, 0x8a, 0xec, 0x5e, 0x00, 0x00, 0x00, 0x00,
    0x00, 0xff, 0xff, 0x01, 0x00, 0x00, 0xff, 0x01, 0x00, 0x00, 0x00, 0x00, 0x00, 0x00, 0x00, 0x00,
    0x00, 0x00, 0x00, 0x00, 0x00, 0x00, 0x00, 0x00, 0x00, 0x00, 0x00, 0x00, 0x00, 0xff, 0xff, 0x01,
    0x00, 0x01, 0x00, 0x00, 0x00, 0x00, 0x00, 0x00, 0x00, 0x38, 0xc6, 0x09, 0x00, 0x8c, 0xef, 0x43,
    0x08, 0x97, 0xef, 0x74, 0x08, 0x96, 0xeb, 0x90, 0x07, 0x95, 0xeb, 0x8e, 0x02, 0x90, 0xee, 0x6f,
    0x00, 0x85, 0xf2, 0x3b, 0x00, 0x00, 0xaa, 0x03, 0x00, 0x00, 0x00, 0x00, 0x00, 0x7f, 0xff, 0x02,
    0x00, 0x00, 0xff, 0x01, 0x00, 0x00, 0x00, 0x00, 0x00, 0x00, 0x00, 0x00, 0x00, 0x00, 0x00, 0x00,
    0x00, 0x00, 0x00, 0x00, 0x00, 0x00, 0x00, 0x00, 0x00, 0x00, 0x00, 0x00, 0x00, 0x00, 0x00, 0x00,
    0x00, 0x00, 0xff, 0x01, 0x00, 0x7f, 0xbf, 0x04, 0x01, 0x00, 0x00, 0x00, 0x00, 0x00, 0x00, 0x00,
    0x00, 0x00, 0x00, 0x00, 0x00, 0x00, 0x00, 0x00, 0x00, 0x00, 0x00, 0x00, 0x00, 0x00, 0x00, 0x00,
    0x01, 0x00, 0x00, 0x00, 0x00, 0x00, 0x00, 0x00, 0x00, 0xaa, 0xff, 0x03, 0x00, 0x00, 0x00, 0x00,
    0x00, 0x00, 0x00, 0x00, 0x00, 0x00, 0x00, 0x00, 0x00, 0x00, 0x00, 0x00, 0x00, 0x00, 0x00, 0x00,
};

static const lv_image_dsc_t emoji_img_6 = {
    .header = {
        .magic = LV_IMAGE_HEADER_MAGIC,
        .cf = LV_COLOR_FORMAT_ARGB8888,
        .flags = 0,
        .w = 20,
        .h = 20,
        .stride = 20 * 4,
        .reserved_2 = 0,
    },
    .data_size = sizeof(emoji_img_6_data),
    .data = emoji_img_6_data,
    .reserved = NULL,
    .reserved_2 = NULL,
};

// LVGL image: emoji_img_7 (20x20 ARGB8888, BGRA byte order)
static const uint8_t emoji_img_7_data[] = {
    0x00, 0x00, 0x00, 0x00, 0x00, 0x00, 0x00, 0x00, 0x00, 0x00, 0x00, 0x00, 0x00, 0x00, 0x00, 0x00,
    0x00, 0x7f, 0xff, 0x02, 0x00, 0x01, 0x01, 0x00, 0x00, 0x00, 0x00, 0x00, 0x00, 0x00, 0x00, 0x00,
    0x00, 0x00, 0x00, 0x00, 0x00, 0x3f, 0xff, 0x04, 0x00, 0x3f, 0xff, 0x04, 0x00, 0x00, 0x00, 0x00,
    0x00, 0x00, 0x00, 0x00, 0x00, 0x00, 0x00, 0x00, 0x00, 0x7f, 0xff, 0x02, 0x00, 0x7f, 0xff, 0x02,
    0x00, 0x00, 0x00, 0x00, 0x00, 0x00, 0x00, 0x00, 0x00, 0x00, 0x00, 0x00, 0x00, 0x00, 0x00, 0x00,
    0x00, 0x00, 0x00, 0x00, 0x00, 0x00, 0x00, 0x00, 0x00, 0x00, 0x00, 0x00, 0x00, 0xaa, 0xaa, 0x03,
    0x00, 0x00, 0x00, 0x00, 0x00, 0x00, 0x00, 0x00, 0x21, 0xaa, 0xf7, 0x45, 0x25, 0xb3, 0xf9, 0x95,
    0x27, 0xb8, 0xf8, 0xc6, 0x29, 0xb9, 0xf7, 0xd9, 0x29, 0xb9, 0xf6, 0xd9, 0x28, 0xb8, 0xf8, 0xc3,
    0x27, 0xb2, 0xf7, 0x8f, 0x21, 0xa7, 0xf6, 0x3d, 0x00, 0x00, 0x00, 0x00, 0x00, 0x00, 0x00, 0x00,
    0x00, 0x7f, 0xff, 0x02, 0x00, 0x00, 0x00, 0x00, 0x00, 0x00, 0x00, 0x00, 0x00, 0x00, 0x00, 0x00,
    0x00, 0x00, 0x00, 0x00, 0x00, 0x00, 0x00, 0x00, 0x00, 0xaa, 0xff, 0x03, 0x00, 0x00, 0x00, 0x00,
    0x21, 0x95, 0xee, 0x2e, 0x26, 0xb2, 0xf9, 0xc1, 0x2b, 0xc4, 0xff, 0xff, 0x2e, 0xd0, 0xff, 0xff,
    0x2e, 0xcf, 0xff, 0xff, 0x2e, 0xcf, 0xff, 0xff, 0x2e, 0xcf, 0xff, 0xff, 0x2e, 0xcf, 0xff, 0xff,
    0x2e, 0xcf, 0xff, 0xff, 0x2a, 0xc1, 0xff, 0xff, 0x25, 0xb1, 0xfa, 0xb1, 0x18, 0x94, 0xee, 0x1f,
    0x00, 0x00, 0x00, 0x00, 0x00, 0xff, 0xff, 0x02, 0x00, 0x00, 0x00, 0x00, 0x00, 0x00, 0x00, 0x00,
    0x00, 0x00, 0x00, 0x00, 0x33, 0x66, 0x99, 0x05, 0x00, 0x00, 0x00, 0x00, 0x1e, 0x8e, 0xe3, 0x42,
    0x26, 0xb2, 0xf7, 0xf2, 0x2d, 0xc9, 0xff, 0xff, 0x2c, 0xc5, 0xf5, 0xfc, 0x2c, 0xc9, 0xf6, 0xfb,
    0x2c, 0xcb, 0xf6, 0xfd, 0x2d, 0xce, 0xf7, 0xfd, 0x2d, 0xce, 0xf7, 0xfd, 0x2c, 0xcc, 0xf7, 0xfc,
    0x2c, 0xc9, 0xf6, 0xfb, 0x2c, 0xc5, 0xf4, 0xfd, 0x2d, 0xca, 0xff, 0xff, 0x26, 0xaf, 0xf6, 0xe4,
    0x1e, 0x8b, 0xe0, 0x2a, 0x00, 0x00, 0x00, 0x00, 0x00, 0x66, 0x99, 0x05, 0x00, 0x00, 0x00, 0x00,
    0x00, 0x7f, 0xff, 0x02, 0x00, 0x00, 0x00, 0x00, 0x2f, 0xe2, 0xff, 0x1b, 0x28, 0xbb, 0xff, 0xef,
    0x2f, 0xd3, 0xff, 0xff, 0x2e, 0xd4, 0xff, 0xfb, 0x30, 0xda, 0xff, 0xff, 0x30, 0xdf, 0xff, 0xff,
    0x30, 0xe0, 0xff, 0xff, 0x30, 0xe0, 0xff, 0xff, 0x30, 0xe0, 0xff, 0xff, 0x30, 0xdf, 0xff, 0xff,
    0x30, 0xdf, 0xff, 0xff, 0x30, 0xda, 0xff, 0xff, 0x2e, 0xd4, 0xff, 0xfa, 0x2f, 0xd6, 0xff, 0xff,
    0x26, 0xb7, 0xff, 0xdb, 0x1c, 0xff, 0xff, 0x09, 0x00, 0x00, 0x00, 0x00, 0x00, 0xff, 0xff, 0x01,
    0x00, 0xaa, 0xff, 0x03, 0x0c, 0x2b, 0x45, 0x3b, 0x17, 0x66, 0x9a, 0xb9, 0x1e, 0x86, 0xb1, 0xff,
    0x1e, 0x84, 0xa7, 0xfb, 0x20, 0x8a, 0xae, 0xff, 0x21, 0x90, 0xb1, 0xff, 0x24, 0x9e, 0xbd, 0xff,
    0x27, 0xb0, 0xcd, 0xff, 0x29, 0xbd, 0xd9, 0xff, 0x29, 0xbd, 0xd9, 0xff, 0x27, 0xb0, 0xcd, 0xff,
    0x23, 0x9c, 0xbb, 0xff, 0x1f, 0x8c, 0xab, 0xff, 0x20, 0x8a, 0xad, 0xff, 0x1f, 0x86, 0xab, 0xfb,
    0x1f, 0x88, 0xb7, 0xff, 0x12, 0x5a, 0x8c, 0xa3, 0x0d, 0x2c, 0x43, 0x39, 0x00, 0xaa, 0xaa, 0x03,
    0x00, 0x00, 0x00, 0x00, 0x0c, 0x29, 0x3f, 0xdc, 0x0d, 0x28, 0x3e, 0xff, 0x11, 0x30, 0x49, 0xfc,
    0x11, 0x2f, 0x49, 0xff, 0x0a, 0x1e, 0x32, 0xff, 0x0b, 0x20, 0x36, 0xff, 0x0b, 0x20, 0x37, 0xff,
    0x0c, 0x25, 0x3c, 0xff, 0x0b, 0x1f, 0x35, 0xff, 0x0b, 0x1f, 0x36, 0xff, 0x0b, 0x24, 0x3a, 0xff,
    0x0e, 0x27, 0x40, 0xff, 0x13, 0x35, 0x52, 0xff, 0x0b, 0x20, 0x35, 0xff, 0x0b, 0x20, 0x36, 0xff,
    0x0b, 0x20, 0x33, 0xfb, 0x0e, 0x2c, 0x44, 0xff, 0x0d, 0x29, 0x40, 0xd6, 0x00, 0x00, 0x00, 0x00,
    0x00, 0x00, 0x00, 0x00, 0x0f, 0x3e, 0x61, 0x76, 0x12, 0x39, 0x56, 0xfd, 0x24, 0x62, 0x8c, 0xfb,
    0x13, 0x3c, 0x57, 0xff, 0x0d, 0x2b, 0x42, 0xff, 0x0e, 0x2e, 0x45, 0xff, 0x0e, 0x2f, 0x46, 0xff,
    0x0c, 0x25, 0x3c, 0xff, 0x18, 0x66, 0x7f, 0xff, 0x18, 0x66, 0x7f, 0xff, 0x0a, 0x22, 0x38, 0xff,
    0x20, 0x5a, 0x80, 0xff, 0x1b, 0x4e, 0x70, 0xff, 0x0c, 0x2b, 0x41, 0xff, 0x0d, 0x2e, 0x46, 0xff,
    0x0d, 0x2c, 0x44, 0xfc, 0x0e, 0x2f, 0x48, 0xfc, 0x0c, 0x36, 0x52, 0x63, 0x00, 0x00, 0x00, 0x00,
    0x00, 0x00, 0x00, 0x00, 0x18, 0x72, 0xaa, 0x7f, 0x13, 0x3d, 0x5b, 0xff, 0x15, 0x40, 0x5d, 0xfb,
    0x0b, 0x27, 0x3c, 0xff, 0x0d, 0x2c, 0x43, 0xff, 0x0d, 0x2b, 0x42, 0xff, 0x0d, 0x2c, 0x43, 0xff,
    0x0c, 0x26, 0x3d, 0xff, 0x2c, 0xcd, 0xea, 0xff, 0x2c, 0xcc, 0xe9, 0xff, 0x0c, 0x25, 0x3c, 0xff,
    0x17, 0x45, 0x64, 0xff, 0x0d, 0x2c, 0x44, 0xff, 0x0d, 0x2a, 0x40, 0xff, 0x0d, 0x2b, 0x42, 0xff,
    0x0d, 0x29, 0x40, 0xfb, 0x0e, 0x33, 0x4e, 0xff, 0x0a, 0x60, 0x99, 0x5f, 0x00, 0x00, 0x00, 0x00,
    0x00, 0x00, 0x00, 0x00, 0x1f, 0x91, 0xd3, 0x98, 0x10, 0x38, 0x55, 0xff, 0x0b, 0x27, 0x3c, 0xfb,
    0x0e, 0x2e, 0x46, 0xff, 0x0d, 0x2d, 0x44, 0xff, 0x0e, 0x30, 0x47, 0xff, 0x0c, 0x24, 0x3b, 0xff,
    0x10, 0x3d, 0x56, 0xff, 0x2f, 0xdc, 0xf7, 0xff, 0x2f, 0xdc, 0xf7, 0xff, 0x10, 0x3d, 0x55, 0xff,
    0x0b, 0x22, 0x38, 0xff, 0x0e, 0x30, 0x47, 0xff, 0x0d, 0x2d, 0x44, 0xff, 0x0d, 0x2d, 0x44, 0xff,
    0x0d, 0x29, 0x40, 0xfb, 0x0e, 0x38, 0x57, 0xff, 0x0a, 0x7e, 0xc5, 0x7d, 0x00, 0x00, 0x00, 0x00,
    0x00, 0x00, 0x00, 0x00, 0x25, 0xb4, 0xff, 0x94, 0x1a, 0x6c, 0x96, 0xff, 0x09, 0x17, 0x2a, 0xfb,
    0x0b, 0x24, 0x3b, 0xff, 0x0b, 0x23, 0x3a, 0xff, 0x0a, 0x1e, 0x35, 0xff, 0x0b, 0x20, 0x37, 0xff,
    0x23, 0x9f, 0xb9, 0xff, 0x31, 0xe5, 0xfd, 0xff, 0x31, 0xe5, 0xfd, 0xff, 0x23, 0x9f, 0xb9, 0xff,
    0x0b, 0x21, 0x38, 0xff, 0x0a, 0x1e, 0x35, 0xff, 0x0b, 0x23, 0x3a, 0xff, 0x0b, 0x24, 0x3b, 0xff,
    0x0a, 0x17, 0x29, 0xfb, 0x17, 0x6a, 0x96, 0xff, 0x0f, 0xa7, 0xff, 0x77, 0x00, 0x00, 0x00, 0x00,
    0x00, 0x00, 0x00, 0x00, 0x23, 0xa9, 0xf8, 0x7a, 0x2c, 0xc7, 0xfb, 0xfe, 0x1c, 0x78, 0x99, 0xfb,
    0x15, 0x52, 0x6d, 0xff, 0x15, 0x53, 0x6c, 0xff, 0x1b, 0x71, 0x8b, 0xff, 0x2b, 0xc5, 0xdf, 0xff,
    0x34, 0xf6, 0xff, 0xff, 0x32, 0xea, 0xff, 0xff, 0x32, 0xea, 0xff, 0xff, 0x34, 0xf6, 0xff, 0xff,
    0x2a, 0xc4, 0xdf, 0xff, 0x1b, 0x71, 0x8b, 0xff, 0x15, 0x52, 0x6c, 0xff, 0x14, 0x51, 0x6c, 0xff,
    0x1e, 0x79, 0x9b, 0xfb, 0x25, 0xc0, 0xfc, 0xff, 0x05, 0x95, 0xf1, 0x5c, 0x00, 0x00, 0x00, 0x00,
    0x00, 0x00, 0x00, 0x00, 0x20, 0x9e, 0xf0, 0x47, 0x2a, 0xc0, 0xff, 0xff, 0x2e, 0xd2, 0xff, 0xfd,
    0x2e, 0xd3, 0xfe, 0xff, 0x31, 0xe7, 0xff, 0xff, 0x27, 0xb5, 0xd2, 0xff, 0x18, 0x64, 0x7d, 0xff,
    0x22, 0x97, 0xb1, 0xff, 0x26, 0xa9, 0xc4, 0xff, 0x26, 0xa9, 0xc4, 0xff, 0x22, 0x97, 0xb1, 0xff,
    0x18, 0x65, 0x7d, 0xff, 0x27, 0xb4, 0xd2, 0xff, 0x31, 0xe6, 0xff, 0xff, 0x2d, 0xd2, 0xfd, 0xff,
    0x31, 0xd4, 0xff, 0xfe, 0x1c, 0xaf, 0xf7, 0xfe, 0x00, 0x76, 0xe1, 0x2b, 0x01, 0x00, 0x00, 0x00,
    0x00, 0x00, 0x00, 0x00, 0x15, 0x94, 0xff, 0x0c, 0x25, 0xab, 0xf4, 0xe9, 0x2c, 0xc6, 0xfa, 0xfd,
    0x2c, 0xc9, 0xf6, 0xfd, 0x2e, 0xd6, 0xfb, 0xff, 0x2a, 0xc0, 0xdf, 0xff, 0x10, 0x38, 0x50, 0xff,
    0x08, 0x10, 0x26, 0xff, 0x09, 0x16, 0x2c, 0xff, 0x09, 0x16, 0x2d, 0xff, 0x08, 0x10, 0x26, 0xff,
    0x10, 0x38, 0x50, 0xff, 0x2a, 0xbf, 0xde, 0xff, 0x2e, 0xd6, 0xfb, 0xff, 0x2c, 0xc8, 0xf6, 0xfc,
    0x2d, 0xc8, 0xfc, 0xfe, 0x0d, 0x99, 0xec, 0xcf, 0x00, 0x00, 0xff, 0x02, 0xff, 0xff, 0xff, 0x01,
    0x3f, 0x7f, 0xff, 0x04, 0x00, 0x00, 0x00, 0x00, 0x1e, 0x9f, 0xf2, 0x76, 0x2b, 0xc7, 0xff, 0xff,
    0x2d, 0xc8, 0xf8, 0xf9, 0x2c, 0xcb, 0xf8, 0xff, 0x2f, 0xda, 0xff, 0xff, 0x2e, 0xd6, 0xf8, 0xff,
    0x21, 0x94, 0xb1, 0xff, 0x19, 0x6a, 0x85, 0xff, 0x19, 0x6a, 0x85, 0xff, 0x21, 0x93, 0xb1, 0xff,
    0x2e, 0xd6, 0xf8, 0xff, 0x2f, 0xda, 0xff, 0xff, 0x2c, 0xc9, 0xf8, 0xff, 0x30, 0xca, 0xf9, 0xfa,
    0x1c, 0xb7, 0xff, 0xff, 0x00, 0x87, 0xe9, 0x53, 0x00, 0x00, 0x00, 0x00, 0x00, 0xaa, 0xff, 0x03,
    0x00, 0x00, 0xff, 0x01, 0x00, 0xff, 0xff, 0x02, 0x00, 0x66, 0xcc, 0x05, 0x1c, 0xa4, 0xf2, 0xbf,
    0x2d, 0xcc, 0xff, 0xff, 0x2d, 0xc8, 0xf8, 0xfa, 0x2c, 0xca, 0xf7, 0xfd, 0x2e, 0xd2, 0xfc, 0xff,
    0x30, 0xe0, 0xff, 0xff, 0x30, 0xe1, 0xff, 0xff, 0x30, 0xe1, 0xff, 0xff, 0x30, 0xe0, 0xff, 0xff,
    0x2d, 0xd2, 0xfc, 0xff, 0x2c, 0xca, 0xf7, 0xfd, 0x30, 0xcc, 0xf9, 0xfa, 0x22, 0xc3, 0xff, 0xff,
    0x03, 0x8e, 0xeb, 0x9f, 0x00, 0x00, 0x00, 0x00, 0x00, 0x55, 0xaa, 0x03, 0x00, 0x00, 0x00, 0x00,
    0x00, 0x00, 0x00, 0x00, 0x00, 0xff, 0xff, 0x01, 0x00, 0xff, 0xff, 0x01, 0x00, 0x6f, 0xdf, 0x10,
    0x18, 0xa5, 0xf4, 0xba, 0x29, 0xc7, 0xff, 0xff, 0x2f, 0xcc, 0xff, 0xff, 0x2e, 0xca, 0xf7, 0xfd,
    0x2d, 0xca, 0xf6, 0xfb, 0x2d, 0xcc, 0xf6, 0xfb, 0x2d, 0xcc, 0xf6, 0xfb, 0x2e, 0xcb, 0xf6, 0xfb,
    0x2f, 0xcb, 0xf8, 0xfd, 0x2d, 0xcc, 0xff, 0xff, 0x1c, 0xb8, 0xff, 0xff, 0x03, 0x91, 0xed, 0xa1,
    0x00, 0x3f, 0xbf, 0x04, 0x00, 0x7f, 0xff, 0x02, 0x00, 0x00, 0xff, 0x01, 0x00, 0x00, 0x00, 0x00,
    0x00, 0x00, 0x00, 0x00, 0x00, 0x00, 0x00, 0x00, 0x00, 0xff, 0xff, 0x01, 0x00, 0x00, 0x00, 0x00,
    0x00, 0x00, 0x7f, 0x02, 0x0b, 0x99, 0xf1, 0x71, 0x19, 0xad, 0xf6, 0xde, 0x23, 0xbe, 0xff, 0xff,
    0x29, 0xcb, 0xff, 0xff, 0x2b, 0xce, 0xff, 0xff, 0x2a, 0xcd, 0xff, 0xff, 0x26, 0xc7, 0xff, 0xff,
    0x1c, 0xb4, 0xfc, 0xff, 0x0d, 0x9f, 0xf4, 0xd4, 0x00, 0x87, 0xec, 0x5e, 0x00, 0x00, 0x00, 0x00,
    0x00, 0xff, 0xff, 0x01, 0x00, 0x00, 0xff, 0x01, 0x00, 0x00, 0x00, 0x00, 0x00, 0x00, 0x00, 0x00,
    0x00, 0x00, 0x00, 0x00, 0x00, 0x00, 0x00, 0x00, 0x00, 0x00, 0x00, 0x00, 0x00, 0xff, 0xff, 0x01,
    0x00, 0x01, 0x00, 0x00, 0x00, 0x00, 0x00, 0x00, 0x00, 0x33, 0xcc, 0x0a, 0x00, 0x90, 0xef, 0x43,
    0x08, 0x97, 0xef, 0x74, 0x0a, 0x9a, 0xef, 0x90, 0x07, 0x96, 0xed, 0x8e, 0x02, 0x93, 0xf1, 0x6f,
    0x00, 0x85, 0xed, 0x3b, 0x00, 0x00, 0xaa, 0x03, 0x00, 0x00, 0x00, 0x00, 0x00, 0x7f, 0xff, 0x02,
    0x00, 0x00, 0xff, 0x01, 0x00, 0x00, 0x00, 0x00, 0x00, 0x00, 0x00, 0x00, 0x00, 0x00, 0x00, 0x00,
    0x00, 0x00, 0x00, 0x00, 0x00, 0x00, 0x00, 0x00, 0x00, 0x00, 0x00, 0x00, 0x00, 0x00, 0x00, 0x00,
    0x00, 0x00, 0xff, 0x01, 0x00, 0x7f, 0xbf, 0x04, 0x01, 0x00, 0x00, 0x00, 0x00, 0x00, 0x00, 0x00,
    0x00, 0x00, 0x00, 0x00, 0x00, 0x00, 0x00, 0x00, 0x00, 0x00, 0x00, 0x00, 0x00, 0x00, 0x00, 0x00,
    0x01, 0x00, 0x00, 0x00, 0x00, 0x00, 0x00, 0x00, 0x00, 0xaa, 0xff, 0x03, 0x00, 0x00, 0x00, 0x00,
    0x00, 0x00, 0x00, 0x00, 0x00, 0x00, 0x00, 0x00, 0x00, 0x00, 0x00, 0x00, 0x00, 0x00, 0x00, 0x00,
};

static const lv_image_dsc_t emoji_img_7 = {
    .header = {
        .magic = LV_IMAGE_HEADER_MAGIC,
        .cf = LV_COLOR_FORMAT_ARGB8888,
        .flags = 0,
        .w = 20,
        .h = 20,
        .stride = 20 * 4,
        .reserved_2 = 0,
    },
    .data_size = sizeof(emoji_img_7_data),
    .data = emoji_img_7_data,
    .reserved = NULL,
    .reserved_2 = NULL,
};

// LVGL image: emoji_img_8 (20x20 ARGB8888, BGRA byte order)
static const uint8_t emoji_img_8_data[] = {
    0x00, 0x00, 0x00, 0x00, 0x00, 0x00, 0x00, 0x00, 0x00, 0x00, 0x00, 0x00, 0x00, 0x00, 0x00, 0x00,
    0x00, 0xaa, 0xaa, 0x03, 0x00, 0x01, 0x00, 0x00, 0x00, 0x00, 0x00, 0x04, 0x00, 0x00, 0x00, 0x11,
    0x01, 0x07, 0x09, 0x00, 0x3f, 0xff, 0xff, 0x04, 0x00, 0x3f, 0xbf, 0x04, 0x00, 0x00, 0x00, 0x00,
    0x00, 0x00, 0x00, 0x00, 0x00, 0x00, 0x00, 0x00, 0x00, 0x7f, 0xff, 0x02, 0x00, 0x7f, 0xff, 0x02,
    0x00, 0x00, 0x00, 0x00, 0x00, 0x00, 0x00, 0x00, 0x00, 0x00, 0x00, 0x00, 0x00, 0x00, 0x00, 0x00,
    0x00, 0x00, 0x00, 0x00, 0x00, 0x00, 0x00, 0x00, 0x00, 0x00, 0x00, 0x00, 0x00, 0xaa, 0xaa, 0x03,
    0x00, 0x00, 0x00, 0x00, 0x00, 0x00, 0x00, 0x00, 0x13, 0x4e, 0x73, 0x9b, 0x0e, 0x30, 0x49, 0xe6,
    0x0f, 0x33, 0x50, 0xca, 0x24, 0xa3, 0xdb, 0xd9, 0x28, 0xbc, 0xf7, 0xda, 0x28, 0xb7, 0xf7, 0xc3,
    0x27, 0xb8, 0xff, 0x8e, 0x21, 0x9e, 0xee, 0x3d, 0x00, 0x00, 0x00, 0x00, 0x00, 0x00, 0x00, 0x00,
    0x00, 0x7f, 0xff, 0x02, 0x00, 0x00, 0x00, 0x00, 0x00, 0x00, 0x00, 0x00, 0x00, 0x00, 0x00, 0x00,
    0x00, 0x00, 0x00, 0x00, 0x00, 0x00, 0x00, 0x00, 0x00, 0xaa, 0xff, 0x03, 0x00, 0x00, 0x00, 0x00,
    0x21, 0x95, 0xee, 0x2e, 0x26, 0xb1, 0xf8, 0xc1, 0x2b, 0xc3, 0xff, 0xff, 0x2c, 0xca, 0xfc, 0xff,
    0x1d, 0x7b, 0x9f, 0xff, 0x1b, 0x71, 0x94, 0xff, 0x30, 0xd9, 0xff, 0xff, 0x2d, 0xcd, 0xff, 0xff,
    0x2c, 0xc6, 0xfe, 0xff, 0x2c, 0xca, 0xff, 0xff, 0x26, 0xb9, 0xff, 0xb1, 0x18, 0x83, 0xe6, 0x1f,
    0x00, 0x00, 0x00, 0x00, 0x00, 0x7f, 0xff, 0x02, 0x00, 0x00, 0x00, 0x00, 0x00, 0x00, 0x00, 0x00,
    0x00, 0x00, 0x00, 0x00, 0x00, 0x7f, 0xff, 0x02, 0x00, 0x00, 0x00, 0x00, 0x1e, 0x9a, 0xef, 0x42,
    0x26, 0xb4, 0xfa, 0xf2, 0x2e, 0xd1, 0xff, 0xff, 0x27, 0xab, 0xd7, 0xfd, 0x1d, 0x79, 0x9d, 0xfe,
    0x2c, 0xca, 0xf6, 0xfd, 0x2e, 0xd3, 0xfa, 0xfd, 0x2b, 0xc6, 0xef, 0xfd, 0x15, 0x56, 0x72, 0xfc,
    0x11, 0x42, 0x5a, 0xfb, 0x14, 0x4d, 0x69, 0xfd, 0x28, 0xb2, 0xe4, 0xff, 0x27, 0xb8, 0xfa, 0xe3,
    0x1e, 0x91, 0xe6, 0x2a, 0x00, 0x00, 0x00, 0x00, 0x00, 0x7f, 0xff, 0x02, 0x00, 0x00, 0x00, 0x00,
    0x00, 0x7f, 0xff, 0x02, 0x00, 0xff, 0xff, 0x01, 0x20, 0x9c, 0xf6, 0x1f, 0x26, 0xaf, 0xf8, 0xee,
    0x2c, 0xc7, 0xfe, 0xff, 0x2c, 0xcd, 0xfb, 0xfb, 0x19, 0x5b, 0x7b, 0xff, 0x0e, 0x1d, 0x36, 0xff,
    0x1c, 0x79, 0x96, 0xff, 0x32, 0xe7, 0xff, 0xff, 0x2e, 0xd4, 0xf6, 0xff, 0x2a, 0xbe, 0xe1, 0xff,
    0x25, 0xa8, 0xc9, 0xff, 0x1f, 0x8b, 0xad, 0xff, 0x24, 0xa0, 0xc8, 0xfa, 0x2f, 0xd2, 0xff, 0xff,
    0x24, 0xaa, 0xf3, 0xdb, 0x12, 0x7f, 0xec, 0x0e, 0x00, 0x7f, 0xff, 0x02, 0x00, 0xff, 0xff, 0x01,
    0x55, 0xaa, 0xff, 0x03, 0x00, 0x00, 0x00, 0x00, 0x23, 0xa4, 0xf4, 0xa7, 0x2c, 0xc9, 0xff, 0xff,
    0x2b, 0xc7, 0xf5, 0xfb, 0x2f, 0xd7, 0xff, 0xff, 0x17, 0x5d, 0x79, 0xff, 0x07, 0x0c, 0x22, 0xff,
    0x20, 0x8e, 0xaa, 0xff, 0x32, 0xe9, 0xff, 0xff, 0x31, 0xe6, 0xff, 0xff, 0x24, 0x97, 0xb5, 0xff,
    0x14, 0x36, 0x54, 0xff, 0x21, 0x97, 0xb8, 0xff, 0x31, 0xdf, 0xff, 0xff, 0x2b, 0xc4, 0xf5, 0xfa,
    0x2c, 0xc9, 0xff, 0xff, 0x1a, 0x9f, 0xf1, 0x85, 0x00, 0x00, 0x00, 0x00, 0x3f, 0xbf, 0xff, 0x04,
    0x00, 0x00, 0x00, 0x00, 0x19, 0x90, 0xee, 0x1e, 0x25, 0xb0, 0xf7, 0xf9, 0x2c, 0xc7, 0xf9, 0xfe,
    0x2d, 0xcb, 0xf8, 0xfe, 0x2f, 0xd9, 0xfd, 0xff, 0x2c, 0xc9, 0xea, 0xff, 0x23, 0x9e, 0xb9, 0xff,
    0x2f, 0xda, 0xf7, 0xff, 0x30, 0xde, 0xfa, 0xff, 0x32, 0xe9, 0xff, 0xff, 0x17, 0x5d, 0x76, 0xff,
    0x08, 0x0b, 0x22, 0xff, 0x17, 0x62, 0x7c, 0xff, 0x30, 0xdf, 0xfe, 0xff, 0x2c, 0xc9, 0xf6, 0xfd,
    0x2d, 0xc9, 0xfc, 0xfe, 0x1f, 0xaa, 0xf4, 0xe8, 0x00, 0x73, 0xe7, 0x0b, 0x00, 0x00, 0x00, 0x00,
    0x00, 0x00, 0x00, 0x00, 0x21, 0xa0, 0xf3, 0x5c, 0x2b, 0xc4, 0xff, 0xff, 0x2c, 0xc9, 0xf7, 0xfc,
    0x2d, 0xd0, 0xfb, 0xff, 0x2f, 0xd8, 0xfc, 0xff, 0x31, 0xe2, 0xff, 0xff, 0x32, 0xec, 0xff, 0xff,
    0x32, 0xe8, 0xff, 0xff, 0x31, 0xe5, 0xff, 0xff, 0x32, 0xe8, 0xfe, 0xff, 0x26, 0xab, 0xc7, 0xff,
    0x13, 0x4a, 0x61, 0xff, 0x28, 0xb5, 0xd1, 0xff, 0x30, 0xe0, 0xfe, 0xff, 0x2d, 0xce, 0xf8, 0xff,
    0x2d, 0xc9, 0xf8, 0xfd, 0x26, 0xbc, 0xfe, 0xff, 0x08, 0x8f, 0xee, 0x3e, 0x00, 0x00, 0x00, 0x00,
    0x00, 0x00, 0x00, 0x00, 0x22, 0xa5, 0xf3, 0x86, 0x2d, 0xcb, 0xfe, 0xff, 0x2c, 0xcb, 0xf8, 0xfb,
    0x2e, 0xd3, 0xfb, 0xff, 0x2f, 0xdb, 0xfc, 0xff, 0x31, 0xe6, 0xff, 0xff, 0x30, 0xe1, 0xfe, 0xff,
    0x2a, 0xc2, 0xde, 0xff, 0x2a, 0xc3, 0xdf, 0xff, 0x31, 0xe4, 0xff, 0xff, 0x33, 0xef, 0xff, 0xff,
    0x31, 0xe6, 0xff, 0xff, 0x31, 0xe6, 0xff, 0xff, 0x2f, 0xdb, 0xfc, 0xff, 0x2e, 0xd2, 0xfb, 0xff,
    0x2d, 0xcb, 0xf9, 0xfb, 0x2a, 0xc7, 0xff, 0xfe, 0x0e, 0x99, 0xf0, 0x67, 0x00, 0x00, 0x00, 0x00,
    0x00, 0x00, 0x00, 0x00, 0x24, 0xa9, 0xf4, 0x98, 0x2d, 0xce, 0xff, 0xff, 0x2c, 0xcd, 0xf9, 0xfb,
    0x2e, 0xd3, 0xfa, 0xff, 0x31, 0xe3, 0xfe, 0xff, 0x2b, 0xc5, 0xdf, 0xff, 0x15, 0x56, 0x6f, 0xff,
    0x10, 0x3d, 0x54, 0xff, 0x0f, 0x34, 0x4c, 0xff, 0x11, 0x42, 0x5b, 0xff, 0x27, 0xb4, 0xcf, 0xff,
    0x31, 0xe7, 0xff, 0xff, 0x30, 0xdd, 0xfa, 0xff, 0x2f, 0xdd, 0xfd, 0xff, 0x2e, 0xd4, 0xfb, 0xff,
    0x2d, 0xcd, 0xf9, 0xfb, 0x2b, 0xcb, 0xff, 0xff, 0x0e, 0x9c, 0xf0, 0x7a, 0x00, 0x00, 0x00, 0x00,
    0x00, 0x00, 0x00, 0x00, 0x27, 0xb0, 0xf6, 0x8f, 0x2f, 0xd2, 0xff, 0xff, 0x2d, 0xcf, 0xf9, 0xfb,
    0x2e, 0xd4, 0xfa, 0xff, 0x30, 0xe1, 0xfe, 0xff, 0x2b, 0xc6, 0xe4, 0xff, 0x2a, 0xb9, 0xd4, 0xff,
    0x32, 0xdc, 0xf4, 0xff, 0x2f, 0xd3, 0xec, 0xff, 0x22, 0x96, 0xaf, 0xff, 0x14, 0x4f, 0x69, 0xff,
    0x2c, 0xcb, 0xe6, 0xff, 0x31, 0xe4, 0xfe, 0xff, 0x2f, 0xdb, 0xfc, 0xff, 0x2e, 0xd4, 0xfb, 0xff,
    0x2d, 0xcf, 0xf9, 0xfb, 0x2b, 0xce, 0xff, 0xff, 0x0c, 0x9b, 0xef, 0x76, 0x00, 0x00, 0x00, 0x00,
    0x00, 0x00, 0x00, 0x00, 0x15, 0xa4, 0xef, 0x98, 0x21, 0xc0, 0xff, 0xff, 0x2b, 0xcc, 0xf9, 0xfb,
    0x2e, 0xd3, 0xfb, 0xff, 0x30, 0xda, 0xfc, 0xff, 0x32, 0xe6, 0xff, 0xff, 0x28, 0xde, 0xff, 0xff,
    0x21, 0xcb, 0xfb, 0xff, 0x27, 0xd4, 0xfe, 0xff, 0x33, 0xef, 0xff, 0xff, 0x2d, 0xd3, 0xf3, 0xff,
    0x2d, 0xd2, 0xf1, 0xff, 0x30, 0xe0, 0xfe, 0xff, 0x2f, 0xd9, 0xfc, 0xff, 0x2d, 0xd3, 0xfb, 0xff,
    0x2e, 0xd0, 0xfa, 0xfb, 0x27, 0xc9, 0xff, 0xff, 0x02, 0x92, 0xeb, 0x5c, 0x00, 0x00, 0x00, 0x00,
    0x00, 0x00, 0x00, 0x00, 0x1b, 0xae, 0xf3, 0x89, 0x3f, 0xda, 0xff, 0xff, 0x21, 0xbb, 0xf5, 0xfb,
    0x33, 0xd9, 0xfc, 0xff, 0x27, 0xcf, 0xfa, 0xff, 0x20, 0xbd, 0xf5, 0xff, 0x40, 0xc8, 0xf6, 0xff,
    0x65, 0xe1, 0xfa, 0xff, 0x39, 0xc0, 0xf5, 0xff, 0x25, 0xcd, 0xf7, 0xff, 0x32, 0xe0, 0xff, 0xff,
    0x2f, 0xdd, 0xff, 0xff, 0x2f, 0xd9, 0xfc, 0xff, 0x2e, 0xd5, 0xfb, 0xff, 0x2d, 0xcf, 0xfa, 0xff,
    0x2f, 0xcf, 0xfb, 0xfe, 0x1d, 0xb5, 0xf7, 0xfe, 0x00, 0x7c, 0xe7, 0x2b, 0x01, 0x00, 0x00, 0x00,
    0x00, 0x00, 0x00, 0x00, 0x08, 0x98, 0xee, 0x3e, 0x4b, 0xe1, 0xff, 0xff, 0x17, 0xa7, 0xf0, 0xfd,
    0x12, 0xa6, 0xf1, 0xff, 0x32, 0xbf, 0xf5, 0xff, 0x6b, 0xe5, 0xfc, 0xff, 0x6f, 0xea, 0xfd, 0xff,
    0x4a, 0xcd, 0xf8, 0xff, 0x27, 0xbe, 0xf6, 0xff, 0x2c, 0xd5, 0xfb, 0xff, 0x2f, 0xd7, 0xfb, 0xff,
    0x2e, 0xd6, 0xfb, 0xff, 0x2e, 0xd4, 0xfb, 0xff, 0x2d, 0xd0, 0xfa, 0xff, 0x2c, 0xcd, 0xf9, 0xfc,
    0x2e, 0xd2, 0xff, 0xfe, 0x0e, 0xa0, 0xed, 0xcf, 0x00, 0x00, 0x7f, 0x02, 0xff, 0xff, 0xff, 0x01,
    0x00, 0x00, 0x00, 0x00, 0x00, 0x8a, 0xe9, 0x23, 0x46, 0xd7, 0xfc, 0xfd, 0x52, 0xdd, 0xfc, 0xff,
    0x56, 0xd6, 0xf9, 0xfe, 0x77, 0xf1, 0xfe, 0xff, 0x50, 0xd3, 0xf9, 0xff, 0x16, 0xa1, 0xef, 0xff,
    0x19, 0xb9, 0xf5, 0xff, 0x2e, 0xd4, 0xfb, 0xff, 0x2e, 0xd2, 0xfb, 0xff, 0x2d, 0xd0, 0xfa, 0xff,
    0x2d, 0xcf, 0xfa, 0xff, 0x2d, 0xce, 0xfa, 0xff, 0x2c, 0xca, 0xf9, 0xff, 0x30, 0xcf, 0xfa, 0xfa,
    0x1d, 0xbe, 0xff, 0xff, 0x00, 0x87, 0xe9, 0x53, 0x00, 0x00, 0x00, 0x00, 0x00, 0x7f, 0xbf, 0x04,
    0x00, 0x00, 0x00, 0x00, 0x24, 0xb6, 0xf0, 0x23, 0x42, 0xda, 0xfd, 0xfc, 0x5b, 0xeb, 0xff, 0xff,
    0x6c, 0xf1, 0xff, 0xfe, 0x66, 0xe7, 0xfd, 0xff, 0x58, 0xd8, 0xfa, 0xff, 0x27, 0xb4, 0xf3, 0xff,
    0x2b, 0xc9, 0xf9, 0xff, 0x2d, 0xca, 0xf9, 0xff, 0x2c, 0xc9, 0xf9, 0xff, 0x2c, 0xc9, 0xf9, 0xff,
    0x2c, 0xc8, 0xf9, 0xff, 0x2c, 0xc7, 0xf7, 0xfd, 0x30, 0xcc, 0xf9, 0xfa, 0x23, 0xc8, 0xff, 0xff,
    0x04, 0x91, 0xeb, 0xa0, 0x00, 0x00, 0x00, 0x00, 0x00, 0x55, 0xaa, 0x03, 0x00, 0x00, 0x00, 0x00,
    0x00, 0x00, 0x00, 0x00, 0x31, 0xd5, 0xff, 0x1f, 0x3c, 0xdc, 0xff, 0xfc, 0x49, 0xdf, 0xfd, 0xfd,
    0x55, 0xe3, 0xff, 0xfe, 0x5c, 0xe6, 0xfe, 0xff, 0x49, 0xd3, 0xf9, 0xfe, 0x23, 0xb2, 0xf2, 0xfc,
    0x27, 0xc0, 0xf6, 0xfb, 0x2d, 0xc7, 0xf7, 0xfb, 0x2c, 0xc6, 0xf7, 0xfb, 0x2d, 0xc6, 0xf8, 0xfb,
    0x2e, 0xc6, 0xf8, 0xfd, 0x2c, 0xc9, 0xff, 0xff, 0x1c, 0xbb, 0xff, 0xff, 0x04, 0x93, 0xed, 0xa1,
    0x00, 0x3f, 0xbf, 0x04, 0x00, 0x7f, 0xff, 0x02, 0x00, 0x00, 0xff, 0x01, 0x00, 0x00, 0x00, 0x00,
    0x00, 0x7f, 0xff, 0x02, 0x00, 0xaa, 0xff, 0x03, 0x30, 0xd6, 0xfd, 0xce, 0x41, 0xf1, 0xff, 0xff,
    0x47, 0xe0, 0xff, 0xfd, 0x4d, 0xe2, 0xff, 0xfe, 0x3f, 0xd3, 0xfc, 0xff, 0x1a, 0xb3, 0xff, 0xff,
    0x23, 0xbd, 0xff, 0xff, 0x29, 0xc4, 0xff, 0xff, 0x27, 0xc2, 0xff, 0xff, 0x23, 0xbf, 0xff, 0xff,
    0x1a, 0xb1, 0xfc, 0xff, 0x0d, 0x9f, 0xf4, 0xd4, 0x00, 0x8a, 0xec, 0x5e, 0x00, 0x00, 0x00, 0x00,
    0x00, 0xff, 0xff, 0x01, 0x00, 0x00, 0xff, 0x01, 0x00, 0x00, 0x00, 0x00, 0x00, 0x00, 0x00, 0x00,
    0x00, 0xff, 0xff, 0x02, 0x00, 0x00, 0x00, 0x00, 0x1d, 0xb7, 0xf9, 0x2b, 0x23, 0xc7, 0xf8, 0xca,
    0x2e, 0xd0, 0xfb, 0xfe, 0x33, 0xd5, 0xff, 0xff, 0x25, 0xc2, 0xfa, 0xf9, 0x0e, 0x9f, 0xef, 0xa0,
    0x04, 0x8e, 0xea, 0x71, 0x06, 0x96, 0xef, 0x92, 0x05, 0x93, 0xed, 0x8e, 0x00, 0x90, 0xf1, 0x6f,
    0x00, 0x85, 0xed, 0x3b, 0x00, 0x00, 0xaa, 0x03, 0x00, 0x00, 0x00, 0x00, 0x00, 0x7f, 0xff, 0x02,
    0x00, 0x00, 0xff, 0x01, 0x00, 0x00, 0x00, 0x00, 0x00, 0x00, 0x00, 0x00, 0x00, 0x00, 0x00, 0x00,
    0x00, 0x00, 0x00, 0x00, 0x00, 0xff, 0xff, 0x01, 0x00, 0x00, 0x00, 0x00, 0x00, 0x00, 0x7f, 0x02,
    0x04, 0x98, 0xf1, 0x39, 0x06, 0x9c, 0xf8, 0x4e, 0x00, 0x7f, 0xe8, 0x2e, 0x00, 0x00, 0x00, 0x00,
    0x00, 0x00, 0x00, 0x00, 0x00, 0x00, 0x00, 0x00, 0x00, 0x00, 0x00, 0x00, 0x00, 0x00, 0x00, 0x00,
    0x01, 0x00, 0x00, 0x00, 0x00, 0x00, 0x00, 0x00, 0x00, 0xaa, 0xff, 0x03, 0x00, 0x00, 0x00, 0x00,
    0x00, 0x00, 0x00, 0x00, 0x00, 0x00, 0x00, 0x00, 0x00, 0x00, 0x00, 0x00, 0x00, 0x00, 0x00, 0x00,
};

static const lv_image_dsc_t emoji_img_8 = {
    .header = {
        .magic = LV_IMAGE_HEADER_MAGIC,
        .cf = LV_COLOR_FORMAT_ARGB8888,
        .flags = 0,
        .w = 20,
        .h = 20,
        .stride = 20 * 4,
        .reserved_2 = 0,
    },
    .data_size = sizeof(emoji_img_8_data),
    .data = emoji_img_8_data,
    .reserved = NULL,
    .reserved_2 = NULL,
};

// LVGL image: emoji_img_9 (20x20 ARGB8888, BGRA byte order)
static const uint8_t emoji_img_9_data[] = {
    0x00, 0x00, 0x00, 0x00, 0x00, 0x00, 0x00, 0x00, 0x00, 0x00, 0x00, 0x00, 0x00, 0x00, 0x00, 0x00,
    0x00, 0x7f, 0xff, 0x02, 0x00, 0x01, 0x01, 0x00, 0x00, 0x00, 0x00, 0x00, 0x00, 0x00, 0x00, 0x00,
    0x00, 0x00, 0x00, 0x00, 0x00, 0x7f, 0xff, 0x04, 0x00, 0x3f, 0xff, 0x04, 0x00, 0x00, 0x00, 0x00,
    0x00, 0x00, 0x00, 0x00, 0x00, 0x00, 0x00, 0x00, 0x00, 0x7f, 0xff, 0x02, 0x00, 0x7f, 0xff, 0x02,
    0x00, 0x00, 0x00, 0x00, 0x00, 0x00, 0x00, 0x00, 0x00, 0x00, 0x00, 0x00, 0x00, 0x00, 0x00, 0x00,
    0x00, 0x00, 0x00, 0x00, 0x00, 0x00, 0x00, 0x00, 0x00, 0x00, 0x00, 0x00, 0x00, 0xaa, 0xaa, 0x03,
    0x00, 0x00, 0x00, 0x00, 0x00, 0x00, 0x00, 0x00, 0x21, 0xaa, 0xfb, 0x45, 0x27, 0xb5, 0xfb, 0x95,
    0x27, 0xb9, 0xf9, 0xc6, 0x29, 0xb9, 0xf7, 0xd9, 0x29, 0xb9, 0xf6, 0xd9, 0x28, 0xb7, 0xf8, 0xc3,
    0x27, 0xb3, 0xf9, 0x8e, 0x21, 0xa7, 0xf6, 0x3d, 0x00, 0x00, 0x00, 0x00, 0x00, 0x00, 0x00, 0x00,
    0x00, 0x7f, 0xff, 0x02, 0x00, 0x00, 0x00, 0x00, 0x00, 0x00, 0x00, 0x00, 0x00, 0x00, 0x00, 0x00,
    0x00, 0x00, 0x00, 0x00, 0x00, 0x00, 0x00, 0x00, 0x00, 0xaa, 0xff, 0x03, 0x00, 0x00, 0x00, 0x00,
    0x21, 0x95, 0xee, 0x2e, 0x26, 0xb2, 0xf9, 0xc1, 0x2b, 0xc4, 0xff, 0xff, 0x2e, 0xd0, 0xff, 0xff,
    0x2e, 0xcf, 0xff, 0xff, 0x2e, 0xcf, 0xff, 0xff, 0x2e, 0xcf, 0xff, 0xff, 0x2e, 0xcf, 0xff, 0xff,
    0x2e, 0xcf, 0xff, 0xff, 0x2a, 0xc1, 0xff, 0xff, 0x25, 0xb0, 0xf9, 0xb2, 0x18, 0x8b, 0xe6, 0x1f,
    0x00, 0x00, 0x00, 0x00, 0x00, 0x7f, 0xff, 0x02, 0x00, 0x00, 0x00, 0x00, 0x00, 0x00, 0x00, 0x00,
    0x00, 0x00, 0x00, 0x00, 0x00, 0x7f, 0xff, 0x02, 0x00, 0x00, 0x00, 0x00, 0x1e, 0x9a, 0xef, 0x42,
    0x26, 0xb5, 0xfa, 0xf2, 0x2d, 0xcb, 0xff, 0xff, 0x2c, 0xc8, 0xf7, 0xfc, 0x2c, 0xcc, 0xf9, 0xfb,
    0x2d, 0xcd, 0xf8, 0xfd, 0x2d, 0xcf, 0xf9, 0xfd, 0x2d, 0xcf, 0xf9, 0xfd, 0x2d, 0xce, 0xf9, 0xfc,
    0x2c, 0xcb, 0xf8, 0xfb, 0x2c, 0xc7, 0xf7, 0xfd, 0x2d, 0xcc, 0xff, 0xff, 0x26, 0xb2, 0xfa, 0xe3,
    0x1e, 0x97, 0xec, 0x2a, 0x00, 0x00, 0x00, 0x00, 0x00, 0x7f, 0xff, 0x02, 0x00, 0x00, 0x00, 0x00,
    0x00, 0x7f, 0xff, 0x02, 0x00, 0xff, 0xff, 0x01, 0x20, 0x94, 0xf6, 0x1f, 0x26, 0xaf, 0xf8, 0xee,
    0x2c, 0xc6, 0xfb, 0xff, 0x2c, 0xcb, 0xfa, 0xfb, 0x2e, 0xd1, 0xfd, 0xff, 0x2e, 0xd3, 0xfa, 0xff,
    0x2e, 0xd7, 0xfb, 0xff, 0x2f, 0xd8, 0xfc, 0xff, 0x2f, 0xd8, 0xfc, 0xff, 0x2e, 0xd7, 0xfb, 0xff,
    0x2e, 0xd3, 0xfb, 0xff, 0x2e, 0xd1, 0xfd, 0xff, 0x2c, 0xca, 0xf9, 0xfa, 0x2d, 0xc9, 0xff, 0xff,
    0x24, 0xab, 0xf6, 0xda, 0x12, 0x7f, 0xec, 0x0e, 0x00, 0x7f, 0xff, 0x02, 0x00, 0xff, 0xff, 0x01,
    0x55, 0xaa, 0xff, 0x03, 0x00, 0x00, 0x00, 0x00, 0x23, 0xa4, 0xf4, 0xa7, 0x2d, 0xca, 0xff, 0xff,
    0x2e, 0xd5, 0xff, 0xfb, 0x2c, 0xc6, 0xf1, 0xff, 0x2c, 0xc8, 0xed, 0xff, 0x2f, 0xdd, 0xfd, 0xff,
    0x30, 0xde, 0xfd, 0xff, 0x30, 0xe0, 0xfd, 0xff, 0x30, 0xe0, 0xfd, 0xff, 0x30, 0xde, 0xfc, 0xff,
    0x2f, 0xdc, 0xfc, 0xff, 0x2b, 0xc6, 0xec, 0xff, 0x2c, 0xc8, 0xf3, 0xff, 0x2e, 0xd5, 0xff, 0xfa,
    0x2c, 0xc9, 0xff, 0xff, 0x1b, 0xa0, 0xf3, 0x84, 0x00, 0x00, 0x00, 0x00, 0x3f, 0xbf, 0xff, 0x04,
    0x00, 0x00, 0x00, 0x00, 0x19, 0x90, 0xee, 0x1e, 0x26, 0xb1, 0xf6, 0xf9, 0x2c, 0xc8, 0xf8, 0xfe,
    0x1d, 0x7e, 0xa1, 0xfe, 0x15, 0x52, 0x6d, 0xff, 0x23, 0x9d, 0xb8, 0xff, 0x31, 0xe4, 0xfc, 0xff,
    0x30, 0xdf, 0xfb, 0xff, 0x30, 0xe0, 0xfd, 0xff, 0x30, 0xe0, 0xfd, 0xff, 0x30, 0xdf, 0xfb, 0xff,
    0x31, 0xe3, 0xfb, 0xff, 0x22, 0x96, 0xb0, 0xff, 0x15, 0x51, 0x6c, 0xff, 0x1e, 0x84, 0xa7, 0xfd,
    0x2e, 0xcc, 0xfb, 0xfe, 0x1f, 0xa9, 0xf2, 0xe9, 0x00, 0x6a, 0xd4, 0x0c, 0x00, 0x00, 0x00, 0x00,
    0x00, 0x00, 0x00, 0x00, 0x21, 0x9b, 0xee, 0x5c, 0x2d, 0xcd, 0xff, 0xff, 0x23, 0x99, 0xc1, 0xfc,
    0x1c, 0x78, 0x96, 0xff, 0x31, 0xe4, 0xff, 0xff, 0x33, 0xf3, 0xff, 0xff, 0x32, 0xea, 0xff, 0xff,
    0x30, 0xe1, 0xfe, 0xff, 0x30, 0xe0, 0xfd, 0xff, 0x30, 0xe0, 0xfd, 0xff, 0x30, 0xe2, 0xff, 0xff,
    0x33, 0xee, 0xff, 0xff, 0x34, 0xf3, 0xff, 0xff, 0x30, 0xdd, 0xfc, 0xff, 0x1a, 0x71, 0x8f, 0xff,
    0x25, 0xa2, 0xca, 0xfd, 0x28, 0xc3, 0xff, 0xff, 0x08, 0x8b, 0xe6, 0x3e, 0x00, 0x00, 0x00, 0x00,
    0x00, 0x00, 0x00, 0x00, 0x22, 0xa6, 0xf5, 0x85, 0x2d, 0xcb, 0xff, 0xff, 0x2c, 0xca, 0xf7, 0xfb,
    0x2e, 0xd3, 0xfa, 0xff, 0x21, 0x94, 0xb2, 0xff, 0x1f, 0x88, 0xa3, 0xff, 0x25, 0xa9, 0xc5, 0xff,
    0x30, 0xdf, 0xfb, 0xff, 0x30, 0xe0, 0xfd, 0xff, 0x30, 0xe2, 0xfe, 0xff, 0x2f, 0xd8, 0xf4, 0xff,
    0x21, 0x95, 0xb1, 0xff, 0x1f, 0x88, 0xa2, 0xff, 0x25, 0xa8, 0xc5, 0xff, 0x2f, 0xd9, 0xff, 0xff,
    0x2c, 0xc9, 0xf6, 0xfb, 0x2a, 0xc7, 0xff, 0xfe, 0x0e, 0x99, 0xf0, 0x67, 0x00, 0x00, 0x00, 0x00,
    0x00, 0x00, 0x00, 0x00, 0x23, 0xa8, 0xf4, 0x97, 0x2d, 0xcc, 0xff, 0xff, 0x2d, 0xd1, 0xfd, 0xfb,
    0x2a, 0xc0, 0xe4, 0xff, 0x20, 0x8d, 0xa5, 0xff, 0x0f, 0x35, 0x4d, 0xff, 0x11, 0x27, 0x45, 0xff,
    0x2a, 0xc1, 0xdd, 0xff, 0x31, 0xe6, 0xff, 0xff, 0x31, 0xe2, 0xfd, 0xff, 0x2d, 0xcd, 0xea, 0xff,
    0x20, 0x8f, 0xa6, 0xff, 0x10, 0x39, 0x50, 0xff, 0x11, 0x24, 0x40, 0xff, 0x27, 0xb1, 0xd5, 0xff,
    0x2e, 0xd4, 0xff, 0xfb, 0x2b, 0xc8, 0xff, 0xff, 0x0e, 0x99, 0xee, 0x7b, 0x00, 0x00, 0x00, 0x00,
    0x00, 0x00, 0x00, 0x00, 0x22, 0xa7, 0xf4, 0x94, 0x2d, 0xcd, 0xff, 0xff, 0x2c, 0xcb, 0xf8, 0xfb,
    0x2f, 0xd5, 0xfc, 0xff, 0x34, 0xf4, 0xff, 0xff, 0x25, 0xa8, 0xc3, 0xff, 0x1d, 0x79, 0x94, 0xff,
    0x2f, 0xdc, 0xf7, 0xff, 0x30, 0xe1, 0xfd, 0xff, 0x30, 0xdf, 0xfc, 0xff, 0x30, 0xe1, 0xfe, 0xff,
    0x34, 0xf7, 0xff, 0xff, 0x26, 0xac, 0xc8, 0xff, 0x1c, 0x74, 0x90, 0xff, 0x2d, 0xcd, 0xf3, 0xff,
    0x2d, 0xce, 0xfa, 0xfb, 0x2a, 0xc8, 0xff, 0xff, 0x0a, 0x98, 0xed, 0x77, 0x00, 0x00, 0x00, 0x00,
    0x00, 0x00, 0x00, 0x00, 0x23, 0xa5, 0xf4, 0x7a, 0x2d, 0xca, 0xff, 0xfe, 0x2c, 0xcb, 0xf8, 0xfb,
    0x2e, 0xd2, 0xfa, 0xff, 0x2e, 0xd8, 0xf9, 0xff, 0x31, 0xe7, 0xff, 0xff, 0x32, 0xeb, 0xff, 0xff,
    0x30, 0xe2, 0xfe, 0xff, 0x30, 0xe0, 0xfd, 0xff, 0x30, 0xe0, 0xfd, 0xff, 0x30, 0xdf, 0xfc, 0xff,
    0x30, 0xde, 0xfc, 0xff, 0x33, 0xef, 0xff, 0xff, 0x31, 0xe6, 0xff, 0xff, 0x2e, 0xd3, 0xfc, 0xff,
    0x2e, 0xcb, 0xf8, 0xfb, 0x26, 0xc2, 0xff, 0xff, 0x02, 0x90, 0xeb, 0x5c, 0x00, 0x00, 0x00, 0x00,
    0x00, 0x00, 0x00, 0x00, 0x20, 0x9e, 0xf4, 0x47, 0x2a, 0xc0, 0xff, 0xff, 0x2c, 0xc8, 0xf7, 0xfd,
    0x2d, 0xcf, 0xfa, 0xff, 0x2f, 0xd8, 0xfb, 0xff, 0x30, 0xdd, 0xfb, 0xff, 0x2f, 0xdc, 0xf8, 0xff,
    0x2f, 0xdd, 0xfa, 0xff, 0x2f, 0xdd, 0xfa, 0xff, 0x2f, 0xdc, 0xf9, 0xff, 0x30, 0xe2, 0xfc, 0xff,
    0x2f, 0xd8, 0xf5, 0xff, 0x27, 0xb1, 0xcd, 0xff, 0x2f, 0xd7, 0xfa, 0xff, 0x2c, 0xcd, 0xf9, 0xff,
    0x2f, 0xc9, 0xf9, 0xfe, 0x1c, 0xae, 0xf6, 0xfe, 0x00, 0x7c, 0xe7, 0x2b, 0x01, 0x00, 0x00, 0x00,
    0x00, 0x00, 0x00, 0x00, 0x15, 0x7f, 0xff, 0x0c, 0x25, 0xac, 0xf5, 0xe8, 0x2d, 0xc9, 0xfc, 0xfd,
    0x2c, 0xcb, 0xf9, 0xfd, 0x2e, 0xd3, 0xfb, 0xff, 0x2f, 0xda, 0xfc, 0xff, 0x32, 0xea, 0xff, 0xff,
    0x33, 0xee, 0xff, 0xff, 0x33, 0xee, 0xff, 0xff, 0x33, 0xed, 0xff, 0xff, 0x34, 0xf4, 0xff, 0xff,
    0x1c, 0x79, 0x91, 0xff, 0x11, 0x3d, 0x53, 0xff, 0x30, 0xdd, 0xff, 0xff, 0x2c, 0xc9, 0xf6, 0xfc,
    0x2d, 0xca, 0xff, 0xfe, 0x0d, 0x9b, 0xed, 0xce, 0x00, 0x00, 0x7f, 0x02, 0xff, 0xff, 0xff, 0x01,
    0x3f, 0x7f, 0xff, 0x04, 0x00, 0x00, 0x00, 0x00, 0x1e, 0xa1, 0xf4, 0x75, 0x2b, 0xc7, 0xff, 0xff,
    0x2d, 0xc8, 0xf7, 0xf9, 0x2d, 0xcd, 0xfa, 0xff, 0x2e, 0xd3, 0xfa, 0xff, 0x24, 0xa4, 0xc2, 0xff,
    0x20, 0x8e, 0xa8, 0xff, 0x1f, 0x87, 0x9f, 0xff, 0x1b, 0x75, 0x8b, 0xff, 0x12, 0x47, 0x5c, 0xff,
    0x07, 0x10, 0x21, 0xff, 0x21, 0x92, 0xb2, 0xff, 0x2e, 0xd6, 0xfe, 0xff, 0x2f, 0xc8, 0xf6, 0xfa,
    0x1c, 0xb7, 0xff, 0xff, 0x00, 0x87, 0xe9, 0x53, 0x00, 0x00, 0x00, 0x00, 0x00, 0x7f, 0xbf, 0x04,
    0x00, 0x00, 0xff, 0x01, 0x00, 0xff, 0xff, 0x02, 0x00, 0x66, 0xcc, 0x05, 0x1c, 0xa4, 0xf2, 0xbf,
    0x2d, 0xcb, 0xff, 0xff, 0x2d, 0xc9, 0xf8, 0xfa, 0x2c, 0xc9, 0xf5, 0xfd, 0x13, 0x4e, 0x67, 0xff,
    0x0c, 0x27, 0x3c, 0xff, 0x0c, 0x26, 0x3b, 0xff, 0x0d, 0x2a, 0x3f, 0xff, 0x12, 0x44, 0x5c, 0xff,
    0x21, 0x96, 0xb9, 0xff, 0x2e, 0xd2, 0xfd, 0xfd, 0x2f, 0xca, 0xf8, 0xfa, 0x22, 0xc3, 0xff, 0xff,
    0x04, 0x8f, 0xea, 0xa0, 0x00, 0x00, 0x00, 0x00, 0x00, 0x55, 0xaa, 0x03, 0x00, 0x00, 0x00, 0x00,
    0x00, 0x00, 0x00, 0x00, 0x00, 0xff, 0xff, 0x01, 0x00, 0xff, 0xff, 0x01, 0x00, 0x7f, 0xdf, 0x10,
    0x18, 0xa5, 0xf4, 0xba, 0x29, 0xc7, 0xff, 0xff, 0x2f, 0xcd, 0xff, 0xff, 0x2f, 0xd0, 0xfd, 0xfd,
    0x2d, 0xcd, 0xf7, 0xfb, 0x2c, 0xca, 0xf3, 0xfb, 0x2d, 0xce, 0xf7, 0xfb, 0x30, 0xd8, 0xff, 0xfb,
    0x31, 0xd6, 0xff, 0xfd, 0x2d, 0xca, 0xff, 0xff, 0x1c, 0xb9, 0xff, 0xff, 0x03, 0x91, 0xed, 0xa1,
    0x00, 0x3f, 0xbf, 0x04, 0x00, 0x7f, 0xff, 0x02, 0x00, 0x00, 0xff, 0x01, 0x00, 0x00, 0x00, 0x00,
    0x00, 0x00, 0x00, 0x00, 0x00, 0x00, 0x00, 0x00, 0x00, 0xff, 0xff, 0x01, 0x00, 0x00, 0x00, 0x00,
    0x00, 0x00, 0x00, 0x02, 0x0b, 0x99, 0xf1, 0x71, 0x19, 0xae, 0xf6, 0xdd, 0x23, 0xbd, 0xff, 0xff,
    0x29, 0xcc, 0xff, 0xff, 0x2c, 0xd0, 0xff, 0xff, 0x2a, 0xce, 0xff, 0xff, 0x25, 0xc5, 0xff, 0xff,
    0x1b, 0xb2, 0xfa, 0xff, 0x0d, 0x9f, 0xf4, 0xd4, 0x00, 0x87, 0xec, 0x5e, 0x00, 0x00, 0x00, 0x00,
    0x00, 0xff, 0xff, 0x01, 0x00, 0x00, 0xff, 0x01, 0x00, 0x00, 0x00, 0x00, 0x00, 0x00, 0x00, 0x00,
    0x00, 0x00, 0x00, 0x00, 0x00, 0x00, 0x00, 0x00, 0x00, 0x00, 0x00, 0x00, 0x00, 0xff, 0xff, 0x01,
    0x00, 0x01, 0x00, 0x00, 0x00, 0x00, 0x00, 0x00, 0x00, 0x38, 0xc6, 0x09, 0x00, 0x8c, 0xef, 0x43,
    0x06, 0x97, 0xef, 0x74, 0x0a, 0x98, 0xed, 0x90, 0x07, 0x96, 0xed, 0x8e, 0x02, 0x93, 0xf1, 0x6f,
    0x00, 0x85, 0xf2, 0x3b, 0x00, 0x00, 0xaa, 0x03, 0x00, 0x00, 0x00, 0x00, 0x00, 0x7f, 0xff, 0x02,
    0x00, 0x00, 0xff, 0x01, 0x00, 0x00, 0x00, 0x00, 0x00, 0x00, 0x00, 0x00, 0x00, 0x00, 0x00, 0x00,
    0x00, 0x00, 0x00, 0x00, 0x00, 0x00, 0x00, 0x00, 0x00, 0x00, 0x00, 0x00, 0x00, 0x00, 0x00, 0x00,
    0x00, 0x00, 0xff, 0x01, 0x00, 0x7f, 0xbf, 0x04, 0x01, 0x00, 0x00, 0x00, 0x00, 0x00, 0x00, 0x00,
    0x00, 0x00, 0x00, 0x00, 0x00, 0x00, 0x00, 0x00, 0x00, 0x00, 0x00, 0x00, 0x00, 0x00, 0x00, 0x00,
    0x01, 0x00, 0x00, 0x00, 0x00, 0x00, 0x00, 0x00, 0x00, 0xaa, 0xff, 0x03, 0x00, 0x00, 0x00, 0x00,
    0x00, 0x00, 0x00, 0x00, 0x00, 0x00, 0x00, 0x00, 0x00, 0x00, 0x00, 0x00, 0x00, 0x00, 0x00, 0x00,
};

static const lv_image_dsc_t emoji_img_9 = {
    .header = {
        .magic = LV_IMAGE_HEADER_MAGIC,
        .cf = LV_COLOR_FORMAT_ARGB8888,
        .flags = 0,
        .w = 20,
        .h = 20,
        .stride = 20 * 4,
        .reserved_2 = 0,
    },
    .data_size = sizeof(emoji_img_9_data),
    .data = emoji_img_9_data,
    .reserved = NULL,
    .reserved_2 = NULL,
};

// LVGL image: emoji_img_10 (20x20 ARGB8888, BGRA byte order)
static const uint8_t emoji_img_10_data[] = {
    0x00, 0x00, 0x00, 0x00, 0x00, 0x00, 0x00, 0x00, 0x00, 0x00, 0x00, 0x00, 0x00, 0x00, 0x00, 0x00,
    0x00, 0x7f, 0xff, 0x02, 0x00, 0x01, 0x01, 0x00, 0x00, 0x00, 0x00, 0x00, 0x00, 0x00, 0x00, 0x00,
    0x00, 0x00, 0x00, 0x00, 0x00, 0x7f, 0xff, 0x04, 0x00, 0x3f, 0xff, 0x04, 0x00, 0x00, 0x00, 0x00,
    0x00, 0x00, 0x00, 0x00, 0x00, 0x00, 0x00, 0x00, 0x00, 0x7f, 0xff, 0x02, 0x00, 0x7f, 0xff, 0x02,
    0x00, 0x00, 0x00, 0x00, 0x00, 0x00, 0x00, 0x00, 0x00, 0x00, 0x00, 0x00, 0x00, 0x00, 0x00, 0x00,
    0x00, 0x00, 0x00, 0x00, 0x00, 0x00, 0x00, 0x00, 0x00, 0x00, 0x00, 0x00, 0x00, 0xaa, 0xaa, 0x03,
    0x00, 0x00, 0x00, 0x00, 0x00, 0x00, 0x00, 0x00, 0x20, 0xa7, 0xf4, 0x46, 0x25, 0xb4, 0xf9, 0x96,
    0x27, 0xb7, 0xf8, 0xc7, 0x28, 0xb8, 0xf6, 0xda, 0x29, 0xb8, 0xf6, 0xd9, 0x27, 0xb7, 0xf8, 0xc3,
    0x25, 0xb2, 0xf7, 0x8f, 0x21, 0xa3, 0xf6, 0x3d, 0x00, 0x00, 0x00, 0x00, 0x00, 0x00, 0x00, 0x00,
    0x00, 0x7f, 0xff, 0x02, 0x00, 0x00, 0x00, 0x00, 0x00, 0x00, 0x00, 0x00, 0x00, 0x00, 0x00, 0x00,
    0x00, 0x00, 0x00, 0x00, 0x00, 0x00, 0x00, 0x00, 0x00, 0xaa, 0xff, 0x03, 0x00, 0x00, 0x00, 0x00,
    0x1b, 0x95, 0xee, 0x2e, 0x26, 0xb1, 0xf9, 0xc1, 0x2b, 0xc4, 0xff, 0xff, 0x2e, 0xd0, 0xff, 0xff,
    0x2e, 0xcf, 0xff, 0xff, 0x2e, 0xce, 0xff, 0xff, 0x2e, 0xce, 0xff, 0xff, 0x2e, 0xcf, 0xff, 0xff,
    0x2e, 0xd0, 0xff, 0xff, 0x2a, 0xc1, 0xff, 0xff, 0x25, 0xb0, 0xf9, 0xb2, 0x18, 0x94, 0xee, 0x1f,
    0x00, 0x00, 0x00, 0x00, 0x00, 0x7f, 0xff, 0x02, 0x00, 0x00, 0x00, 0x00, 0x00, 0x00, 0x00, 0x00,
    0x00, 0x00, 0x00, 0x00, 0x00, 0x7f, 0xff, 0x02, 0x00, 0x00, 0x00, 0x00, 0x1e, 0x9a, 0xef, 0x42,
    0x26, 0xb4, 0xfa, 0xf2, 0x2d, 0xcc, 0xff, 0xff, 0x2c, 0xc8, 0xf7, 0xfc, 0x2c, 0xcc, 0xf9, 0xfb,
    0x2d, 0xcd, 0xf8, 0xfd, 0x2d, 0xcf, 0xf9, 0xfd, 0x2d, 0xcf, 0xf9, 0xfd, 0x2d, 0xce, 0xf9, 0xfc,
    0x2c, 0xcb, 0xf8, 0xfb, 0x2c, 0xc7, 0xf7, 0xfd, 0x2d, 0xcd, 0xff, 0xff, 0x26, 0xb1, 0xf9, 0xe4,
    0x1e, 0x97, 0xec, 0x2a, 0x00, 0x00, 0x00, 0x00, 0x00, 0x7f, 0xff, 0x02, 0x00, 0x00, 0x00, 0x00,
    0x00, 0x7f, 0xff, 0x02, 0x00, 0xff, 0xff, 0x01, 0x18, 0x94, 0xee, 0x1f, 0x25, 0xaf, 0xf8, 0xee,
    0x2d, 0xc8, 0xfe, 0xff, 0x2c, 0xc9, 0xf7, 0xfb, 0x2d, 0xcc, 0xf8, 0xff, 0x2e, 0xd1, 0xf8, 0xff,
    0x2e, 0xd6, 0xfb, 0xff, 0x2f, 0xd8, 0xfc, 0xff, 0x2f, 0xd9, 0xfc, 0xff, 0x2e, 0xd6, 0xfa, 0xff,
    0x2d, 0xd0, 0xf8, 0xff, 0x2d, 0xcc, 0xf8, 0xff, 0x2b, 0xc8, 0xf7, 0xfa, 0x2d, 0xca, 0xff, 0xff,
    0x24, 0xab, 0xf5, 0xdb, 0x12, 0x91, 0xec, 0x0e, 0x00, 0x7f, 0xff, 0x02, 0x00, 0xff, 0xff, 0x01,
    0x55, 0xaa, 0xff, 0x03, 0x00, 0x00, 0x00, 0x00, 0x21, 0xa4, 0xf4, 0xa7, 0x2d, 0xc9, 0xff, 0xff,
    0x2c, 0xc8, 0xf6, 0xfb, 0x2d, 0xcf, 0xfa, 0xff, 0x30, 0xdf, 0xff, 0xff, 0x31, 0xe6, 0xff, 0xff,
    0x30, 0xdf, 0xfe, 0xff, 0x30, 0xdf, 0xfd, 0xff, 0x30, 0xdf, 0xfd, 0xff, 0x30, 0xe1, 0xff, 0xff,
    0x31, 0xe7, 0xff, 0xff, 0x30, 0xdc, 0xff, 0xff, 0x2d, 0xce, 0xfa, 0xff, 0x2c, 0xc8, 0xf8, 0xfa,
    0x2c, 0xc8, 0xff, 0xff, 0x1a, 0x9f, 0xf1, 0x85, 0x00, 0x00, 0x00, 0x00, 0x3f, 0xbf, 0xff, 0x04,
    0x00, 0x00, 0x00, 0x00, 0x1a, 0x95, 0xf6, 0x1d, 0x25, 0xb0, 0xf7, 0xf9, 0x2c, 0xc7, 0xf9, 0xfe,
    0x2d, 0xcb, 0xf8, 0xfe, 0x2f, 0xda, 0xfc, 0xff, 0x22, 0x93, 0xb2, 0xff, 0x20, 0x88, 0xa3, 0xff,
    0x30, 0xe2, 0xfc, 0xff, 0x30, 0xe0, 0xfd, 0xff, 0x31, 0xe2, 0xfe, 0xff, 0x2e, 0xd7, 0xf3, 0xff,
    0x1d, 0x79, 0x95, 0xff, 0x25, 0xa9, 0xc9, 0xff, 0x30, 0xdb, 0xfe, 0xff, 0x2c, 0xca, 0xf7, 0xfd,
    0x2d, 0xc9, 0xfc, 0xfe, 0x1f, 0xaa, 0xf2, 0xe9, 0x00, 0x73, 0xe7, 0x0b, 0x00, 0x00, 0x00, 0x00,
    0x00, 0x00, 0x00, 0x00, 0x21, 0xa0, 0xf3, 0x5c, 0x2b, 0xc4, 0xff, 0xff, 0x2c, 0xc8, 0xf6, 0xfc,
    0x2f, 0xd6, 0xff, 0xff, 0x29, 0xc0, 0xe1, 0xff, 0x14, 0x3c, 0x58, 0xff, 0x0d, 0x22, 0x3b, 0xff,
    0x28, 0xb6, 0xd2, 0xff, 0x31, 0xe6, 0xff, 0xff, 0x32, 0xea, 0xff, 0xff, 0x21, 0x91, 0xad, 0xff,
    0x10, 0x23, 0x40, 0xff, 0x12, 0x45, 0x5d, 0xff, 0x2f, 0xda, 0xfc, 0xff, 0x2d, 0xcf, 0xfa, 0xff,
    0x2d, 0xc8, 0xf8, 0xfd, 0x26, 0xbb, 0xfd, 0xff, 0x0c, 0x8f, 0xee, 0x3e, 0x00, 0x00, 0x00, 0x00,
    0x00, 0x00, 0x00, 0x00, 0x22, 0xa6, 0xf5, 0x85, 0x2d, 0xcb, 0xfe, 0xff, 0x2c, 0xca, 0xf7, 0xfb,
    0x2f, 0xd6, 0xfd, 0xff, 0x2d, 0xce, 0xed, 0xff, 0x0e, 0x34, 0x4b, 0xff, 0x0c, 0x25, 0x3c, 0xff,
    0x2b, 0xc4, 0xdf, 0xff, 0x31, 0xe3, 0xfe, 0xff, 0x32, 0xe9, 0xff, 0xff, 0x24, 0x9f, 0xba, 0xff,
    0x08, 0x12, 0x28, 0xff, 0x16, 0x58, 0x71, 0xff, 0x30, 0xe0, 0xfd, 0xff, 0x2d, 0xd1, 0xfa, 0xff,
    0x2d, 0xcb, 0xf8, 0xfb, 0x2a, 0xc7, 0xff, 0xfe, 0x0e, 0x99, 0xf0, 0x67, 0x00, 0x00, 0x00, 0x00,
    0x00, 0x00, 0x00, 0x00, 0x23, 0xa7, 0xf3, 0x98, 0x2d, 0xcd, 0xff, 0xff, 0x2c, 0xcc, 0xf9, 0xfb,
    0x2e, 0xd3, 0xfa, 0xff, 0x31, 0xe4, 0xff, 0xff, 0x29, 0xbb, 0xd7, 0xff, 0x27, 0xb3, 0xce, 0xff,
    0x30, 0xe3, 0xfd, 0xff, 0x30, 0xe0, 0xfd, 0xff, 0x30, 0xe1, 0xfe, 0xff, 0x30, 0xde, 0xfb, 0xff,
    0x25, 0xa7, 0xc2, 0xff, 0x2c, 0xcb, 0xe8, 0xff, 0x30, 0xe2, 0xfe, 0xff, 0x2e, 0xd2, 0xfa, 0xff,
    0x2d, 0xcc, 0xf8, 0xfb, 0x2b, 0xca, 0xff, 0xff, 0x12, 0x9d, 0xee, 0x7b, 0x00, 0x00, 0x00, 0x00,
    0x00, 0x00, 0x00, 0x00, 0x24, 0xa7, 0xf4, 0x94, 0x2d, 0xcd, 0xff, 0xff, 0x2c, 0xcc, 0xf9, 0xfb,
    0x2e, 0xd4, 0xfb, 0xff, 0x2f, 0xdd, 0xfd, 0xff, 0x31, 0xe7, 0xff, 0xff, 0x32, 0xe9, 0xff, 0xff,
    0x32, 0xea, 0xff, 0xff, 0x2f, 0xde, 0xfb, 0xff, 0x2f, 0xdd, 0xfb, 0xff, 0x32, 0xec, 0xff, 0xff,
    0x32, 0xec, 0xff, 0xff, 0x31, 0xe4, 0xff, 0xff, 0x2f, 0xdc, 0xfd, 0xff, 0x2e, 0xd3, 0xfb, 0xff,
    0x2d, 0xcc, 0xf8, 0xfb, 0x2a, 0xc9, 0xff, 0xff, 0x0f, 0x99, 0xef, 0x76, 0x00, 0x00, 0x00, 0x00,
    0x00, 0x00, 0x00, 0x00, 0x23, 0xa5, 0xf4, 0x7a, 0x2c, 0xca, 0xff, 0xfe, 0x2c, 0xcb, 0xf8, 0xfb,
    0x2e, 0xd2, 0xfa, 0xff, 0x2f, 0xdb, 0xfb, 0xff, 0x30, 0xdf, 0xfb, 0xff, 0x30, 0xe0, 0xf9, 0xff,
    0x1e, 0x84, 0x9e, 0xff, 0x11, 0x42, 0x5a, 0xff, 0x11, 0x42, 0x5a, 0xff, 0x1f, 0x84, 0x9e, 0xff,
    0x30, 0xdf, 0xf9, 0xff, 0x30, 0xe0, 0xfc, 0xff, 0x2f, 0xda, 0xfb, 0xff, 0x2d, 0xd1, 0xfa, 0xff,
    0x2d, 0xcc, 0xf9, 0xfb, 0x25, 0xc2, 0xff, 0xff, 0x05, 0x90, 0xeb, 0x5c, 0x00, 0x00, 0x00, 0x00,
    0x00, 0x00, 0x00, 0x00, 0x20, 0x9e, 0xf4, 0x47, 0x2a, 0xbf, 0xff, 0xff, 0x2c, 0xc8, 0xf7, 0xfd,
    0x2d, 0xcf, 0xfa, 0xff, 0x2e, 0xd6, 0xf9, 0xff, 0x32, 0xe9, 0xff, 0xff, 0x1d, 0x7d, 0x98, 0xff,
    0x09, 0x17, 0x2d, 0xff, 0x0c, 0x27, 0x3e, 0xff, 0x0c, 0x27, 0x3e, 0xff, 0x09, 0x17, 0x2d, 0xff,
    0x1d, 0x7e, 0x98, 0xff, 0x32, 0xe8, 0xff, 0xff, 0x2e, 0xd5, 0xf9, 0xff, 0x2d, 0xce, 0xf9, 0xff,
    0x2f, 0xc9, 0xf9, 0xfe, 0x1c, 0xae, 0xf6, 0xfe, 0x00, 0x7c, 0xe7, 0x2b, 0x01, 0x00, 0x00, 0x00,
    0x00, 0x00, 0x00, 0x00, 0x15, 0x94, 0xe9, 0x0c, 0x25, 0xac, 0xf5, 0xe8, 0x2c, 0xc9, 0xfc, 0xfd,
    0x2c, 0xcb, 0xf8, 0xfd, 0x2e, 0xd4, 0xfc, 0xff, 0x2e, 0xd5, 0xf7, 0xff, 0x10, 0x39, 0x51, 0xff,
    0x0d, 0x2a, 0x42, 0xff, 0x0e, 0x2f, 0x47, 0xff, 0x0e, 0x2f, 0x47, 0xff, 0x0d, 0x2a, 0x42, 0xff,
    0x10, 0x39, 0x51, 0xff, 0x2e, 0xd5, 0xf7, 0xff, 0x2e, 0xd4, 0xfc, 0xff, 0x2c, 0xca, 0xf8, 0xfc,
    0x2d, 0xca, 0xff, 0xfe, 0x0e, 0x9b, 0xee, 0xce, 0x00, 0x00, 0x7f, 0x02, 0xff, 0xff, 0xff, 0x01,
    0x3f, 0x7f, 0xff, 0x04, 0x00, 0x00, 0x00, 0x00, 0x1e, 0xa1, 0xf4, 0x75, 0x2b, 0xc7, 0xff, 0xff,
    0x2d, 0xc8, 0xf7, 0xf9, 0x2d, 0xcc, 0xf9, 0xff, 0x2f, 0xd7, 0xfc, 0xff, 0x16, 0x59, 0x73, 0xff,
    0x09, 0x18, 0x2d, 0xff, 0x0b, 0x24, 0x3a, 0xff, 0x0b, 0x24, 0x3a, 0xff, 0x09, 0x18, 0x2d, 0xff,
    0x16, 0x59, 0x73, 0xff, 0x2f, 0xd7, 0xfc, 0xff, 0x2c, 0xcb, 0xf8, 0xff, 0x2f, 0xca, 0xf9, 0xfa,
    0x1c, 0xb7, 0xff, 0xff, 0x00, 0x8a, 0xe9, 0x53, 0x00, 0x00, 0x00, 0x00, 0x00, 0x7f, 0xbf, 0x04,
    0x00, 0x00, 0xff, 0x01, 0x00, 0xff, 0xff, 0x02, 0x00, 0x66, 0xcc, 0x05, 0x1c, 0xa4, 0xf2, 0xbf,
    0x2d, 0xcc, 0xff, 0xff, 0x2d, 0xc7, 0xf6, 0xfa, 0x2d, 0xcf, 0xfb, 0xfd, 0x2b, 0xc7, 0xee, 0xff,
    0x1c, 0x79, 0x98, 0xff, 0x15, 0x54, 0x6f, 0xff, 0x15, 0x54, 0x6f, 0xff, 0x1c, 0x79, 0x98, 0xff,
    0x2b, 0xc6, 0xee, 0xff, 0x2d, 0xce, 0xfa, 0xfd, 0x2f, 0xca, 0xf7, 0xfa, 0x22, 0xc3, 0xff, 0xff,
    0x04, 0x8f, 0xeb, 0xa0, 0x00, 0x00, 0x00, 0x00, 0x00, 0x55, 0xaa, 0x03, 0x00, 0x00, 0x00, 0x00,
    0x00, 0x00, 0x00, 0x00, 0x00, 0xff, 0xff, 0x01, 0x00, 0xff, 0xff, 0x01, 0x00, 0x7f, 0xdf, 0x10,
    0x18, 0xa5, 0xf5, 0xba, 0x29, 0xc8, 0xff, 0xff, 0x2e, 0xcb, 0xfe, 0xff, 0x2f, 0xcd, 0xfb, 0xfd,
    0x30, 0xd9, 0xff, 0xfb, 0x2f, 0xd5, 0xff, 0xfb, 0x2f, 0xd5, 0xff, 0xfb, 0x30, 0xda, 0xff, 0xfb,
    0x2f, 0xce, 0xfb, 0xfd, 0x2d, 0xca, 0xff, 0xff, 0x1c, 0xb9, 0xff, 0xff, 0x03, 0x91, 0xed, 0xa1,
    0x00, 0x3f, 0xbf, 0x04, 0x00, 0x7f, 0xff, 0x02, 0x00, 0x00, 0xff, 0x01, 0x00, 0x00, 0x00, 0x00,
    0x00, 0x00, 0x00, 0x00, 0x00, 0x00, 0x00, 0x00, 0x00, 0xff, 0xff, 0x01, 0x00, 0x00, 0x00, 0x00,
    0x00, 0x00, 0x00, 0x02, 0x0b, 0x9b, 0xf1, 0x71, 0x19, 0xae, 0xf8, 0xdd, 0x23, 0xbd, 0xff, 0xff,
    0x28, 0xc8, 0xff, 0xff, 0x2b, 0xcc, 0xff, 0xff, 0x29, 0xcb, 0xff, 0xff, 0x25, 0xc4, 0xff, 0xff,
    0x1b, 0xb3, 0xfb, 0xff, 0x0d, 0xa0, 0xf5, 0xd3, 0x00, 0x8a, 0xec, 0x5e, 0x00, 0x00, 0x00, 0x00,
    0x00, 0xff, 0xff, 0x01, 0x00, 0x00, 0xff, 0x01, 0x00, 0x00, 0x00, 0x00, 0x00, 0x00, 0x00, 0x00,
    0x00, 0x00, 0x00, 0x00, 0x00, 0x00, 0x00, 0x00, 0x00, 0x00, 0x00, 0x00, 0x00, 0xff, 0xff, 0x01,
    0x00, 0x01, 0x00, 0x00, 0x00, 0x00, 0x00, 0x00, 0x00, 0x38, 0xc6, 0x09, 0x00, 0x90, 0xef, 0x43,
    0x08, 0x97, 0xf1, 0x74, 0x0c, 0x9a, 0xed, 0x90, 0x08, 0x98, 0xee, 0x8e, 0x04, 0x93, 0xf1, 0x6f,
    0x00, 0x83, 0xee, 0x3c, 0x00, 0x00, 0xaa, 0x03, 0x00, 0x00, 0x00, 0x00, 0x00, 0x7f, 0xff, 0x02,
    0x00, 0x00, 0xff, 0x01, 0x00, 0x00, 0x00, 0x00, 0x00, 0x00, 0x00, 0x00, 0x00, 0x00, 0x00, 0x00,
    0x00, 0x00, 0x00, 0x00, 0x00, 0x00, 0x00, 0x00, 0x00, 0x00, 0x00, 0x00, 0x00, 0x00, 0x00, 0x00,
    0x00, 0x00, 0xff, 0x01, 0x00, 0x7f, 0xbf, 0x04, 0x01, 0x00, 0x00, 0x00, 0x00, 0x00, 0x00, 0x00,
    0x00, 0x00, 0x00, 0x00, 0x00, 0x00, 0x00, 0x00, 0x00, 0x00, 0x00, 0x00, 0x00, 0x00, 0x00, 0x00,
    0x01, 0x00, 0x00, 0x00, 0x00, 0x00, 0x00, 0x00, 0x00, 0xaa, 0xff, 0x03, 0x00, 0x00, 0x00, 0x00,
    0x00, 0x00, 0x00, 0x00, 0x00, 0x00, 0x00, 0x00, 0x00, 0x00, 0x00, 0x00, 0x00, 0x00, 0x00, 0x00,
};

static const lv_image_dsc_t emoji_img_10 = {
    .header = {
        .magic = LV_IMAGE_HEADER_MAGIC,
        .cf = LV_COLOR_FORMAT_ARGB8888,
        .flags = 0,
        .w = 20,
        .h = 20,
        .stride = 20 * 4,
        .reserved_2 = 0,
    },
    .data_size = sizeof(emoji_img_10_data),
    .data = emoji_img_10_data,
    .reserved = NULL,
    .reserved_2 = NULL,
};

// LVGL image: emoji_img_11 (20x20 ARGB8888, BGRA byte order)
static const uint8_t emoji_img_11_data[] = {
    0x00, 0x00, 0x00, 0x00, 0x00, 0x00, 0x00, 0x00, 0x00, 0x00, 0x00, 0x00, 0x00, 0x00, 0x00, 0x00,
    0x00, 0x7f, 0xff, 0x02, 0x00, 0x01, 0x01, 0x00, 0x00, 0x00, 0x00, 0x00, 0x00, 0x00, 0x00, 0x00,
    0x00, 0x00, 0x00, 0x00, 0x00, 0x7f, 0xff, 0x04, 0x00, 0x3f, 0xff, 0x04, 0x00, 0x00, 0x00, 0x00,
    0x00, 0x00, 0x00, 0x00, 0x00, 0x00, 0x00, 0x00, 0x00, 0x7f, 0xff, 0x02, 0x00, 0x7f, 0xff, 0x02,
    0x00, 0x00, 0x00, 0x00, 0x00, 0x00, 0x00, 0x00, 0x00, 0x00, 0x00, 0x00, 0x00, 0x00, 0x00, 0x00,
    0x00, 0x00, 0x00, 0x00, 0x00, 0x00, 0x00, 0x00, 0x00, 0x00, 0x00, 0x00, 0x00, 0xaa, 0xff, 0x03,
    0x00, 0x00, 0x00, 0x00, 0x00, 0x00, 0x00, 0x00, 0x21, 0xaa, 0xf7, 0x45, 0x27, 0xb3, 0xfb, 0x95,
    0x27, 0xb8, 0xf8, 0xc6, 0x29, 0xb9, 0xf7, 0xd9, 0x29, 0xb9, 0xf6, 0xd9, 0x28, 0xb8, 0xf8, 0xc3,
    0x27, 0xb4, 0xf7, 0x8f, 0x21, 0xa7, 0xf6, 0x3d, 0x00, 0x00, 0x00, 0x00, 0x00, 0x00, 0x00, 0x00,
    0x00, 0x7f, 0xff, 0x02, 0x00, 0x00, 0x00, 0x00, 0x00, 0x00, 0x00, 0x00, 0x00, 0x00, 0x00, 0x00,
    0x00, 0x00, 0x00, 0x00, 0x00, 0x00, 0x00, 0x00, 0x00, 0xaa, 0xff, 0x03, 0x00, 0x00, 0x00, 0x00,
    0x21, 0x95, 0xee, 0x2e, 0x26, 0xb2, 0xf9, 0xc1, 0x2b, 0xc3, 0xff, 0xff, 0x2e, 0xd0, 0xff, 0xff,
    0x2e, 0xcf, 0xff, 0xff, 0x2e, 0xcf, 0xff, 0xff, 0x2e, 0xcf, 0xff, 0xff, 0x2e, 0xcf, 0xff, 0xff,
    0x2e, 0xcf, 0xff, 0xff, 0x2b, 0xc1, 0xff, 0xff, 0x25, 0xb1, 0xfa, 0xb1, 0x18, 0x8b, 0xe6, 0x1f,
    0x00, 0x00, 0x00, 0x00, 0x00, 0x7f, 0xff, 0x02, 0x00, 0x00, 0x00, 0x00, 0x00, 0x00, 0x00, 0x00,
    0x00, 0x00, 0x00, 0x00, 0x00, 0x7f, 0xff, 0x02, 0x00, 0x00, 0x00, 0x00, 0x1e, 0x9a, 0xef, 0x42,
    0x26, 0xb5, 0xfa, 0xf2, 0x2d, 0xca, 0xff, 0xff, 0x2c, 0xc9, 0xf8, 0xfc, 0x2c, 0xcd, 0xf9, 0xfb,
    0x2d, 0xcd, 0xf8, 0xfd, 0x2d, 0xd0, 0xf9, 0xfd, 0x2d, 0xd0, 0xf9, 0xfd, 0x2d, 0xce, 0xf9, 0xfc,
    0x2c, 0xcd, 0xfa, 0xfb, 0x2c, 0xc8, 0xf7, 0xfd, 0x2d, 0xcb, 0xff, 0xff, 0x27, 0xb3, 0xfa, 0xe3,
    0x1e, 0x97, 0xf2, 0x2a, 0x00, 0x00, 0x00, 0x00, 0x00, 0x7f, 0xff, 0x02, 0x00, 0x00, 0x00, 0x00,
    0x00, 0x7f, 0xff, 0x02, 0x00, 0xff, 0xff, 0x01, 0x20, 0x94, 0xee, 0x1f, 0x26, 0xae, 0xf7, 0xef,
    0x2d, 0xc7, 0xfc, 0xff, 0x2e, 0xd3, 0xff, 0xfb, 0x2d, 0xcc, 0xf7, 0xff, 0x2d, 0xcf, 0xf6, 0xff,
    0x2f, 0xd8, 0xfc, 0xff, 0x2f, 0xd8, 0xfb, 0xff, 0x2f, 0xd8, 0xfb, 0xff, 0x2f, 0xd7, 0xfc, 0xff,
    0x2d, 0xcd, 0xf5, 0xff, 0x2d, 0xce, 0xfa, 0xff, 0x2d, 0xd2, 0xff, 0xfa, 0x2d, 0xc9, 0xff, 0xff,
    0x24, 0xab, 0xf6, 0xda, 0x12, 0x7f, 0xec, 0x0e, 0x00, 0x7f, 0xff, 0x02, 0x00, 0xff, 0xff, 0x01,
    0x55, 0xaa, 0xff, 0x03, 0x00, 0x00, 0x00, 0x00, 0x23, 0xa4, 0xf4, 0xa7, 0x2c, 0xc8, 0xff, 0xff,
    0x2e, 0xd3, 0xff, 0xfb, 0x22, 0x93, 0xb8, 0xff, 0x17, 0x5b, 0x77, 0xff, 0x2b, 0xc5, 0xe3, 0xff,
    0x30, 0xe2, 0xfd, 0xff, 0x30, 0xde, 0xfc, 0xff, 0x30, 0xde, 0xfb, 0xff, 0x31, 0xe4, 0xfd, 0xff,
    0x29, 0xba, 0xd7, 0xff, 0x16, 0x57, 0x73, 0xff, 0x24, 0xa0, 0xc5, 0xff, 0x2e, 0xd3, 0xff, 0xfa,
    0x2c, 0xc7, 0xff, 0xff, 0x19, 0xa0, 0xf3, 0x84, 0x00, 0x00, 0x00, 0x00, 0x3f, 0xbf, 0xff, 0x04,
    0x00, 0x00, 0x00, 0x00, 0x1a, 0x95, 0xf6, 0x1d, 0x25, 0xaf, 0xf5, 0xf9, 0x2e, 0xd1, 0xff, 0xfe,
    0x23, 0x98, 0xbe, 0xfe, 0x16, 0x5b, 0x74, 0xff, 0x2e, 0xd9, 0xf3, 0xff, 0x33, 0xee, 0xff, 0xff,
    0x30, 0xe1, 0xfe, 0xff, 0x30, 0xe0, 0xfd, 0xff, 0x30, 0xe0, 0xfd, 0xff, 0x30, 0xe1, 0xfe, 0xff,
    0x33, 0xef, 0xff, 0xff, 0x2d, 0xd0, 0xeb, 0xff, 0x15, 0x54, 0x6e, 0xff, 0x25, 0xa6, 0xce, 0xfd,
    0x2f, 0xd1, 0xff, 0xfe, 0x1f, 0xa9, 0xf1, 0xe8, 0x00, 0x73, 0xe7, 0x0b, 0x00, 0x00, 0x00, 0x00,
    0x00, 0x00, 0x00, 0x00, 0x21, 0xa0, 0xf3, 0x5c, 0x2b, 0xc3, 0xff, 0xff, 0x2d, 0xce, 0xfb, 0xfc,
    0x26, 0xa7, 0xcd, 0xff, 0x2e, 0xd6, 0xf4, 0xff, 0x26, 0xa2, 0xbc, 0xff, 0x1c, 0x74, 0x8f, 0xff,
    0x2f, 0xdc, 0xf6, 0xff, 0x30, 0xe1, 0xfd, 0xff, 0x30, 0xe2, 0xfe, 0xff, 0x2f, 0xd9, 0xf5, 0xff,
    0x1d, 0x73, 0x8e, 0xff, 0x25, 0xa6, 0xbf, 0xff, 0x2d, 0xcf, 0xed, 0xff, 0x26, 0xab, 0xd1, 0xff,
    0x2e, 0xcf, 0xfb, 0xfd, 0x26, 0xba, 0xfc, 0xff, 0x08, 0x8f, 0xea, 0x3e, 0x00, 0x00, 0x00, 0x00,
    0x00, 0x00, 0x00, 0x00, 0x24, 0xa5, 0xf3, 0x86, 0x2d, 0xcb, 0xff, 0xff, 0x2c, 0xc9, 0xf6, 0xfb,
    0x30, 0xde, 0xff, 0xff, 0x2d, 0xce, 0xed, 0xff, 0x15, 0x41, 0x5d, 0xff, 0x0c, 0x1d, 0x36, 0xff,
    0x23, 0xa2, 0xbd, 0xff, 0x32, 0xe9, 0xff, 0xff, 0x32, 0xea, 0xff, 0xff, 0x24, 0x9e, 0xb9, 0xff,
    0x11, 0x27, 0x43, 0xff, 0x0f, 0x37, 0x4f, 0xff, 0x2f, 0xd8, 0xf9, 0xff, 0x2f, 0xda, 0xff, 0xff,
    0x2d, 0xca, 0xf7, 0xfb, 0x2a, 0xc7, 0xff, 0xfe, 0x0e, 0x99, 0xf0, 0x67, 0x00, 0x00, 0x00, 0x00,
    0x00, 0x00, 0x00, 0x00, 0x25, 0xa8, 0xf4, 0x97, 0x2d, 0xcd, 0xff, 0xff, 0x2c, 0xcc, 0xf8, 0xfb,
    0x2e, 0xd4, 0xfb, 0xff, 0x2d, 0xda, 0xf9, 0xff, 0x10, 0x47, 0x60, 0xff, 0x0b, 0x1f, 0x37, 0xff,
    0x28, 0xba, 0xd5, 0xff, 0x31, 0xe6, 0xff, 0xff, 0x32, 0xe7, 0xff, 0xff, 0x27, 0xb2, 0xcd, 0xff,
    0x09, 0x1b, 0x31, 0xff, 0x14, 0x4f, 0x67, 0xff, 0x2f, 0xdd, 0xf9, 0xff, 0x2e, 0xd3, 0xf9, 0xff,
    0x2d, 0xcc, 0xf8, 0xfb, 0x2b, 0xca, 0xff, 0xff, 0x0e, 0x9b, 0xf0, 0x7b, 0x00, 0x00, 0x00, 0x00,
    0x00, 0x00, 0x00, 0x00, 0x24, 0xa8, 0xf4, 0x94, 0x2d, 0xcd, 0xff, 0xff, 0x2f, 0xcc, 0xf6, 0xfb,
    0x20, 0xd6, 0xfe, 0xff, 0x81, 0xd2, 0xab, 0xff, 0x7a, 0xb8, 0x92, 0xff, 0x1a, 0xba, 0xd7, 0xff,
    0x33, 0xe1, 0xfb, 0xff, 0x2f, 0xdd, 0xfa, 0xff, 0x2f, 0xdd, 0xfa, 0xff, 0x30, 0xe1, 0xfd, 0xff,
    0x28, 0xb5, 0xd1, 0xff, 0x2c, 0xcb, 0xe8, 0xff, 0x30, 0xe2, 0xfe, 0xff, 0x2e, 0xd2, 0xfa, 0xff,
    0x2d, 0xcc, 0xf8, 0xfb, 0x2a, 0xc9, 0xff, 0xff, 0x0c, 0x98, 0xed, 0x77, 0x00, 0x00, 0x00, 0x00,
    0x00, 0x00, 0x00, 0x00, 0x23, 0xa5, 0xf4, 0x7a, 0x2d, 0xca, 0xff, 0xfe, 0x2d, 0xcb, 0xf7, 0xfb,
    0x25, 0xd4, 0xfe, 0xff, 0xd7, 0xba, 0x49, 0xff, 0xd6, 0xc1, 0x51, 0xff, 0x29, 0xeb, 0xff, 0xff,
    0x33, 0xea, 0xff, 0xff, 0x33, 0xed, 0xff, 0xff, 0x32, 0xed, 0xff, 0xff, 0x32, 0xeb, 0xff, 0xff,
    0x32, 0xe9, 0xff, 0xff, 0x31, 0xe4, 0xff, 0xff, 0x2f, 0xda, 0xfc, 0xff, 0x2e, 0xd2, 0xfa, 0xff,
    0x2d, 0xcc, 0xf8, 0xfb, 0x26, 0xc2, 0xff, 0xff, 0x02, 0x90, 0xeb, 0x5c, 0x00, 0x00, 0x00, 0x00,
    0x00, 0x00, 0x00, 0x00, 0x20, 0x9e, 0xf4, 0x47, 0x2c, 0xbf, 0xfe, 0xff, 0x24, 0xc9, 0xff, 0xfd,
    0x53, 0xca, 0xd3, 0xff, 0xf8, 0xb6, 0x27, 0xff, 0xfa, 0xb5, 0x28, 0xff, 0x5a, 0xd1, 0xcb, 0xff,
    0x1c, 0xa9, 0xc9, 0xff, 0x1e, 0x76, 0x8e, 0xff, 0x1c, 0x76, 0x90, 0xff, 0x25, 0xa5, 0xc0, 0xff,
    0x31, 0xe3, 0xfe, 0xff, 0x30, 0xe1, 0xfe, 0xff, 0x2f, 0xd6, 0xfb, 0xff, 0x2d, 0xce, 0xf9, 0xff,
    0x2f, 0xc9, 0xf9, 0xfe, 0x1c, 0xae, 0xf6, 0xfe, 0x00, 0x7c, 0xe7, 0x2b, 0x01, 0x00, 0x00, 0x00,
    0x00, 0x00, 0x00, 0x00, 0x15, 0x94, 0xe9, 0x0c, 0x28, 0xab, 0xf1, 0xe8, 0x1f, 0xcb, 0xff, 0xfd,
    0x93, 0xbc, 0x8e, 0xfd, 0xff, 0xaf, 0x16, 0xff, 0xff, 0xcf, 0x5a, 0xff, 0x91, 0x85, 0x4e, 0xff,
    0x00, 0x0d, 0x2d, 0xff, 0x0c, 0x18, 0x2d, 0xff, 0x09, 0x18, 0x2e, 0xff, 0x08, 0x11, 0x27, 0xff,
    0x15, 0x53, 0x6b, 0xff, 0x2e, 0xd4, 0xf2, 0xff, 0x2e, 0xd4, 0xfb, 0xff, 0x2c, 0xca, 0xf7, 0xfc,
    0x2d, 0xca, 0xff, 0xfe, 0x0d, 0x9b, 0xee, 0xce, 0x00, 0x00, 0x7f, 0x02, 0xff, 0xff, 0xff, 0x01,
    0x3f, 0x7f, 0xff, 0x04, 0x00, 0x00, 0x00, 0x00, 0x25, 0x9f, 0xed, 0x75, 0x1f, 0xc9, 0xff, 0xff,
    0xb5, 0xae, 0x64, 0xf9, 0xfa, 0xa4, 0x14, 0xff, 0xff, 0xce, 0x66, 0xff, 0xbb, 0xa6, 0x5d, 0xff,
    0x17, 0x95, 0xb7, 0xff, 0x29, 0xb2, 0xce, 0xff, 0x27, 0xb1, 0xce, 0xff, 0x23, 0x9c, 0xba, 0xff,
    0x1a, 0x6d, 0x8a, 0xff, 0x2a, 0xbe, 0xe4, 0xff, 0x2d, 0xd0, 0xfd, 0xff, 0x2f, 0xc9, 0xf7, 0xfa,
    0x1c, 0xb8, 0xff, 0xff, 0x00, 0x87, 0xe9, 0x53, 0x00, 0x00, 0x00, 0x00, 0x00, 0x7f, 0xbf, 0x04,
    0x00, 0x00, 0xff, 0x01, 0x00, 0xff, 0xff, 0x02, 0x33, 0x66, 0x99, 0x05, 0x0e, 0xa6, 0xff, 0xbf,
    0x70, 0xbe, 0xc2, 0xff, 0xfc, 0x9b, 0x10, 0xfa, 0xff, 0xa5, 0x27, 0xfd, 0x7a, 0xc3, 0xb0, 0xff,
    0x26, 0xe2, 0xff, 0xff, 0x33, 0xdf, 0xff, 0xff, 0x30, 0xdf, 0xff, 0xff, 0x30, 0xdf, 0xff, 0xff,
    0x2f, 0xde, 0xff, 0xff, 0x2d, 0xce, 0xfa, 0xfd, 0x2f, 0xca, 0xf8, 0xfa, 0x22, 0xc3, 0xff, 0xff,
    0x03, 0x8f, 0xeb, 0xa0, 0x00, 0x00, 0x00, 0x00, 0x00, 0x55, 0xaa, 0x03, 0x00, 0x00, 0x00, 0x00,
    0x00, 0x00, 0x00, 0x00, 0x00, 0xff, 0xff, 0x01, 0x00, 0xff, 0xff, 0x01, 0x00, 0x6f, 0xdf, 0x10,
    0x0f, 0xa7, 0xff, 0xba, 0x57, 0xbd, 0xd5, 0xff, 0x5f, 0xbe, 0xc4, 0xff, 0x27, 0xca, 0xfb, 0xfd,
    0x2d, 0xcb, 0xf6, 0xfb, 0x2d, 0xcc, 0xf6, 0xfb, 0x2d, 0xcd, 0xf7, 0xfb, 0x2e, 0xcb, 0xf6, 0xfb,
    0x2f, 0xc9, 0xf6, 0xfd, 0x2d, 0xcb, 0xff, 0xff, 0x1c, 0xb9, 0xff, 0xff, 0x03, 0x91, 0xed, 0xa1,
    0x00, 0x3f, 0xbf, 0x04, 0x00, 0x7f, 0xff, 0x02, 0x00, 0x00, 0xff, 0x01, 0x00, 0x00, 0x00, 0x00,
    0x00, 0x00, 0x00, 0x00, 0x00, 0x00, 0x00, 0x00, 0x00, 0xff, 0xff, 0x01, 0x00, 0x00, 0x00, 0x00,
    0x00, 0x00, 0x00, 0x02, 0x00, 0x9d, 0xff, 0x71, 0x0f, 0xb1, 0xff, 0xdd, 0x24, 0xbe, 0xff, 0xff,
    0x29, 0xcb, 0xff, 0xff, 0x2b, 0xce, 0xff, 0xff, 0x2a, 0xcd, 0xff, 0xff, 0x25, 0xc7, 0xff, 0xff,
    0x1b, 0xb4, 0xfc, 0xff, 0x0d, 0xa0, 0xf5, 0xd3, 0x00, 0x8a, 0xec, 0x5e, 0x00, 0x00, 0x00, 0x00,
    0x00, 0xff, 0xff, 0x01, 0x00, 0x00, 0xff, 0x01, 0x00, 0x00, 0x00, 0x00, 0x00, 0x00, 0x00, 0x00,
    0x00, 0x00, 0x00, 0x00, 0x00, 0x00, 0x00, 0x00, 0x00, 0x00, 0x00, 0x00, 0x00, 0xff, 0xff, 0x01,
    0x00, 0x01, 0x00, 0x00, 0x01, 0x00, 0x00, 0x00, 0x00, 0x1c, 0x8d, 0x09, 0x00, 0x8c, 0xef, 0x43,
    0x08, 0x99, 0xf1, 0x74, 0x0a, 0x9a, 0xef, 0x90, 0x07, 0x96, 0xee, 0x8e, 0x02, 0x93, 0xf1, 0x6f,
    0x00, 0x83, 0xee, 0x3c, 0x00, 0x00, 0xaa, 0x03, 0x00, 0x00, 0x00, 0x00, 0x00, 0x7f, 0xff, 0x02,
    0x00, 0x00, 0xff, 0x01, 0x00, 0x00, 0x00, 0x00, 0x00, 0x00, 0x00, 0x00, 0x00, 0x00, 0x00, 0x00,
    0x00, 0x00, 0x00, 0x00, 0x00, 0x00, 0x00, 0x00, 0x00, 0x00, 0x00, 0x00, 0x00, 0x00, 0x00, 0x00,
    0x00, 0x00, 0xff, 0x01, 0x00, 0x7f, 0xbf, 0x04, 0x01, 0x00, 0x00, 0x00, 0x00, 0x00, 0x00, 0x00,
    0x00, 0x00, 0x00, 0x00, 0x00, 0x00, 0x00, 0x00, 0x00, 0x00, 0x00, 0x00, 0x00, 0x00, 0x00, 0x00,
    0x01, 0x00, 0x00, 0x00, 0x00, 0x00, 0x00, 0x00, 0x00, 0xaa, 0xff, 0x03, 0x00, 0x00, 0x00, 0x00,
    0x00, 0x00, 0x00, 0x00, 0x00, 0x00, 0x00, 0x00, 0x00, 0x00, 0x00, 0x00, 0x00, 0x00, 0x00, 0x00,
};

static const lv_image_dsc_t emoji_img_11 = {
    .header = {
        .magic = LV_IMAGE_HEADER_MAGIC,
        .cf = LV_COLOR_FORMAT_ARGB8888,
        .flags = 0,
        .w = 20,
        .h = 20,
        .stride = 20 * 4,
        .reserved_2 = 0,
    },
    .data_size = sizeof(emoji_img_11_data),
    .data = emoji_img_11_data,
    .reserved = NULL,
    .reserved_2 = NULL,
};

// LVGL image: emoji_img_12 (20x20 ARGB8888, BGRA byte order)
static const uint8_t emoji_img_12_data[] = {
    0x00, 0x00, 0x00, 0x00, 0x00, 0x00, 0x00, 0x00, 0x00, 0x00, 0x00, 0x00, 0x00, 0x00, 0x00, 0x00,
    0x00, 0x7f, 0xff, 0x02, 0x00, 0x01, 0x01, 0x00, 0x00, 0x00, 0x00, 0x00, 0x00, 0x00, 0x00, 0x00,
    0x00, 0x00, 0x00, 0x00, 0x00, 0x7f, 0xff, 0x04, 0x00, 0x3f, 0xff, 0x04, 0x00, 0x00, 0x00, 0x00,
    0x00, 0x00, 0x00, 0x00, 0x00, 0x00, 0x00, 0x00, 0x00, 0x7f, 0xff, 0x02, 0x00, 0x7f, 0xff, 0x02,
    0x00, 0x00, 0x00, 0x00, 0x00, 0x00, 0x00, 0x00, 0x00, 0x00, 0x00, 0x00, 0x00, 0x00, 0x00, 0x00,
    0x00, 0x00, 0x00, 0x00, 0x00, 0x00, 0x00, 0x00, 0x00, 0x00, 0x00, 0x00, 0x00, 0xaa, 0xaa, 0x03,
    0x00, 0x00, 0x00, 0x00, 0x00, 0x00, 0x00, 0x00, 0x24, 0xaa, 0xf7, 0x45, 0x27, 0xb5, 0xf9, 0x95,
    0x27, 0xb8, 0xf8, 0xc6, 0x29, 0xb9, 0xf7, 0xd9, 0x29, 0xb9, 0xf6, 0xd9, 0x28, 0xb7, 0xf8, 0xc3,
    0x27, 0xb2, 0xf9, 0x8f, 0x21, 0xa7, 0xf6, 0x3d, 0x00, 0x00, 0x00, 0x00, 0x00, 0x00, 0x00, 0x00,
    0x00, 0x7f, 0xff, 0x02, 0x00, 0x00, 0x00, 0x00, 0x00, 0x00, 0x00, 0x00, 0x00, 0x00, 0x00, 0x00,
    0x00, 0x00, 0x00, 0x00, 0x00, 0x00, 0x00, 0x00, 0x00, 0xaa, 0xff, 0x03, 0x00, 0x00, 0x00, 0x00,
    0x21, 0x95, 0xee, 0x2e, 0x24, 0xae, 0xf5, 0xc1, 0x2b, 0xc3, 0xff, 0xff, 0x2e, 0xd0, 0xff, 0xff,
    0x2e, 0xcf, 0xff, 0xff, 0x2d, 0xcf, 0xff, 0xff, 0x2e, 0xce, 0xff, 0xff, 0x2e, 0xcf, 0xff, 0xff,
    0x2e, 0xd0, 0xff, 0xff, 0x2a, 0xc0, 0xfe, 0xff, 0x25, 0xae, 0xf6, 0xb1, 0x18, 0x8b, 0xe6, 0x1f,
    0x00, 0x00, 0x00, 0x00, 0x00, 0xff, 0xff, 0x02, 0x00, 0x00, 0x00, 0x00, 0x00, 0x00, 0x00, 0x00,
    0x00, 0x00, 0x00, 0x00, 0x00, 0x7f, 0xff, 0x02, 0x00, 0x00, 0x00, 0x00, 0x1f, 0x99, 0xef, 0x41,
    0x26, 0xb4, 0xfa, 0xf2, 0x2f, 0xd7, 0xff, 0xff, 0x2d, 0xcc, 0xfc, 0xfc, 0x2c, 0xcb, 0xf8, 0xfb,
    0x2d, 0xcd, 0xf9, 0xfd, 0x2d, 0xcf, 0xf9, 0xfd, 0x2d, 0xcf, 0xf9, 0xfd, 0x2d, 0xce, 0xfa, 0xfc,
    0x2c, 0xca, 0xf8, 0xfb, 0x2d, 0xcd, 0xfd, 0xfd, 0x2f, 0xd8, 0xff, 0xff, 0x26, 0xb1, 0xf8, 0xe3,
    0x1f, 0x95, 0xf2, 0x29, 0x00, 0x00, 0x00, 0x00, 0x00, 0x7f, 0xff, 0x02, 0x00, 0x00, 0x00, 0x00,
    0x00, 0x7f, 0xff, 0x02, 0x00, 0xff, 0xff, 0x01, 0x20, 0x94, 0xe6, 0x1f, 0x26, 0xb2, 0xf9, 0xee,
    0x2d, 0xcd, 0xff, 0xff, 0x20, 0x8d, 0xb3, 0xfb, 0x28, 0xb5, 0xdf, 0xff, 0x2f, 0xd7, 0xfc, 0xff,
    0x2e, 0xd6, 0xfa, 0xff, 0x2f, 0xd8, 0xfc, 0xff, 0x2f, 0xd8, 0xfc, 0xff, 0x2e, 0xd5, 0xfa, 0xff,
    0x2f, 0xd7, 0xfc, 0xff, 0x27, 0xaf, 0xd7, 0xff, 0x20, 0x90, 0xb7, 0xfa, 0x2e, 0xd2, 0xff, 0xff,
    0x24, 0xae, 0xf6, 0xda, 0x12, 0x7f, 0xec, 0x0e, 0x00, 0x7f, 0xff, 0x02, 0x00, 0xff, 0xff, 0x01,
    0x55, 0xaa, 0xff, 0x03, 0x00, 0x00, 0x00, 0x00, 0x23, 0xa6, 0xf7, 0xa7, 0x2c, 0xc8, 0xfc, 0xff,
    0x14, 0x4f, 0x6a, 0xfb, 0x16, 0x5a, 0x75, 0xff, 0x2f, 0xd0, 0xf1, 0xff, 0x31, 0xe2, 0xff, 0xff,
    0x2f, 0xdc, 0xfa, 0xff, 0x30, 0xe0, 0xfd, 0xff, 0x30, 0xe0, 0xfd, 0xff, 0x2f, 0xdb, 0xfa, 0xff,
    0x31, 0xe4, 0xff, 0xff, 0x2d, 0xca, 0xea, 0xff, 0x15, 0x52, 0x6d, 0xff, 0x16, 0x59, 0x77, 0xfa,
    0x2d, 0xcc, 0xff, 0xff, 0x1a, 0x9f, 0xf1, 0x85, 0x00, 0x00, 0x00, 0x00, 0x3f, 0xbf, 0xff, 0x04,
    0x00, 0x00, 0x00, 0x00, 0x19, 0x7f, 0xd4, 0x1e, 0x28, 0xbd, 0xff, 0xf9, 0x1c, 0x77, 0x9d, 0xfe,
    0x1b, 0x74, 0x92, 0xfe, 0x31, 0xdb, 0xfe, 0xff, 0x21, 0xa9, 0xcb, 0xff, 0x2c, 0xd0, 0xee, 0xff,
    0x32, 0xea, 0xff, 0xff, 0x30, 0xdf, 0xfc, 0xff, 0x30, 0xdf, 0xfc, 0xff, 0x32, 0xea, 0xff, 0xff,
    0x2b, 0xc9, 0xe7, 0xff, 0x1f, 0xa3, 0xc5, 0xff, 0x2f, 0xd3, 0xf6, 0xff, 0x19, 0x67, 0x84, 0xfd,
    0x20, 0x88, 0xb2, 0xfe, 0x23, 0xb7, 0xff, 0xe8, 0x00, 0x45, 0xb9, 0x0b, 0x00, 0x00, 0x00, 0x00,
    0x00, 0x00, 0x00, 0x00, 0x21, 0xa0, 0xf3, 0x5c, 0x2b, 0xc4, 0xff, 0xff, 0x2a, 0xbe, 0xe8, 0xfc,
    0x25, 0xac, 0xd4, 0xff, 0x08, 0x33, 0x50, 0xff, 0x20, 0x2d, 0x35, 0xff, 0x10, 0x2f, 0x45, 0xff,
    0x27, 0xb2, 0xce, 0xff, 0x31, 0xe6, 0xfe, 0xff, 0x32, 0xe7, 0xff, 0xff, 0x24, 0xa6, 0xc1, 0xff,
    0x11, 0x29, 0x3d, 0xff, 0x27, 0x33, 0x38, 0xff, 0x09, 0x30, 0x4b, 0xff, 0x23, 0xa6, 0xce, 0xff,
    0x2b, 0xbf, 0xea, 0xfd, 0x26, 0xbc, 0xff, 0xff, 0x08, 0x8b, 0xea, 0x3e, 0x00, 0x00, 0x00, 0x00,
    0x00, 0x00, 0x00, 0x00, 0x24, 0xa7, 0xf5, 0x86, 0x2d, 0xc8, 0xff, 0xff, 0x30, 0xd9, 0xff, 0xfb,
    0x1b, 0x96, 0xbc, 0xff, 0x87, 0x7a, 0x48, 0xff, 0xf2, 0xc2, 0x38, 0xff, 0x66, 0x82, 0x5f, 0xff,
    0x18, 0xa0, 0xc4, 0xff, 0x37, 0xe8, 0xfe, 0xff, 0x36, 0xe8, 0xfd, 0xff, 0x18, 0x9b, 0xbe, 0xff,
    0x67, 0x8d, 0x70, 0xff, 0xf8, 0xce, 0x52, 0xff, 0x92, 0x7a, 0x33, 0xff, 0x1e, 0x9e, 0xc6, 0xff,
    0x30, 0xd8, 0xff, 0xfb, 0x29, 0xc4, 0xff, 0xfe, 0x11, 0x99, 0xf0, 0x67, 0x00, 0x00, 0x00, 0x00,
    0x00, 0x00, 0x00, 0x00, 0x23, 0xa8, 0xf4, 0x97, 0x2e, 0xcd, 0xff, 0xff, 0x2b, 0xcb, 0xf8, 0xfb,
    0x31, 0xd9, 0xfa, 0xff, 0xe2, 0xd0, 0x6a, 0xff, 0xff, 0xb9, 0x24, 0xff, 0x8d, 0xd9, 0xa5, 0xff,
    0x1d, 0xec, 0xff, 0xff, 0x26, 0xda, 0xf8, 0xff, 0x26, 0xda, 0xf8, 0xff, 0x1e, 0xed, 0xff, 0xff,
    0x81, 0xde, 0xb8, 0xff, 0xff, 0xc2, 0x41, 0xff, 0xe7, 0xc5, 0x48, 0xff, 0x36, 0xd9, 0xfa, 0xff,
    0x2a, 0xca, 0xf9, 0xfb, 0x2b, 0xca, 0xff, 0xff, 0x0e, 0x99, 0xee, 0x7b, 0x00, 0x00, 0x00, 0x00,
    0x00, 0x00, 0x00, 0x00, 0x24, 0xa8, 0xf4, 0x94, 0x2e, 0xcc, 0xff, 0xff, 0x2a, 0xcd, 0xfb, 0xfb,
    0x34, 0xd0, 0xee, 0xff, 0xda, 0xc2, 0x61, 0xff, 0xfe, 0xb9, 0x26, 0xff, 0x82, 0xbd, 0x95, 0xff,
    0x32, 0xc9, 0xff, 0xff, 0x5a, 0xca, 0xfa, 0xff, 0x5a, 0xca, 0xfa, 0xff, 0x33, 0xc8, 0xff, 0xff,
    0x77, 0xc1, 0xa5, 0xff, 0xfe, 0xc4, 0x47, 0xff, 0xdf, 0xb8, 0x3f, 0xff, 0x37, 0xd0, 0xee, 0xff,
    0x2a, 0xcc, 0xfb, 0xfb, 0x2b, 0xc8, 0xff, 0xff, 0x0c, 0x98, 0xed, 0x77, 0x00, 0x00, 0x00, 0x00,
    0x00, 0x00, 0x00, 0x00, 0x23, 0xa5, 0xf4, 0x7a, 0x2d, 0xca, 0xff, 0xfe, 0x29, 0xcc, 0xfc, 0xfb,
    0x37, 0xcf, 0xeb, 0xff, 0xe4, 0xc4, 0x5d, 0xff, 0xfc, 0xb8, 0x27, 0xff, 0xd4, 0xc6, 0x90, 0xff,
    0xcf, 0xda, 0xe7, 0xff, 0xd9, 0xd6, 0xd8, 0xff, 0xd8, 0xd6, 0xd8, 0xff, 0xd0, 0xd9, 0xe7, 0xff,
    0xd2, 0xc9, 0x9b, 0xff, 0xfc, 0xc3, 0x48, 0xff, 0xe9, 0xb9, 0x3b, 0xff, 0x3c, 0xcf, 0xeb, 0xff,
    0x2a, 0xcc, 0xfd, 0xfb, 0x27, 0xc2, 0xff, 0xff, 0x05, 0x90, 0xeb, 0x5c, 0x00, 0x00, 0x00, 0x00,
    0x00, 0x00, 0x00, 0x00, 0x1f, 0x9b, 0xf0, 0x48, 0x2b, 0xbf, 0xff, 0xff, 0x28, 0xc8, 0xfc, 0xfd,
    0x3a, 0xcc, 0xe7, 0xff, 0xe7, 0xc1, 0x57, 0xff, 0xff, 0xc4, 0x33, 0xff, 0x88, 0x76, 0x3c, 0xff,
    0x09, 0x29, 0x49, 0xff, 0x0c, 0x2b, 0x40, 0xff, 0x0c, 0x2b, 0x40, 0xff, 0x09, 0x29, 0x49, 0xff,
    0x81, 0x74, 0x42, 0xff, 0xff, 0xcf, 0x55, 0xff, 0xea, 0xb6, 0x35, 0xff, 0x40, 0xcb, 0xe4, 0xff,
    0x2a, 0xc9, 0xfd, 0xfe, 0x1d, 0xae, 0xf5, 0xfe, 0x00, 0x7c, 0xe7, 0x2b, 0x01, 0x00, 0x00, 0x00,
    0x00, 0x00, 0x00, 0x00, 0x15, 0x94, 0xff, 0x0c, 0x26, 0xac, 0xf4, 0xe8, 0x28, 0xca, 0xff, 0xfd,
    0x3f, 0xc7, 0xdf, 0xfd, 0xeb, 0xc1, 0x55, 0xff, 0xff, 0xc5, 0x34, 0xff, 0x74, 0x68, 0x33, 0xff,
    0x00, 0x1f, 0x42, 0xff, 0x11, 0x2a, 0x3f, 0xff, 0x11, 0x2a, 0x3f, 0xff, 0x00, 0x1f, 0x42, 0xff,
    0x6c, 0x65, 0x37, 0xff, 0xff, 0xd1, 0x59, 0xff, 0xee, 0xb6, 0x32, 0xff, 0x46, 0xc8, 0xdd, 0xfc,
    0x27, 0xcb, 0xff, 0xfe, 0x10, 0x99, 0xeb, 0xcf, 0x00, 0x00, 0x7f, 0x02, 0xff, 0xff, 0xff, 0x01,
    0x3f, 0x7f, 0xff, 0x04, 0x00, 0x00, 0x00, 0x00, 0x22, 0x9f, 0xed, 0x76, 0x28, 0xca, 0xff, 0xff,
    0x47, 0xc4, 0xd7, 0xfc, 0xee, 0xc0, 0x53, 0xff, 0xff, 0xc5, 0x34, 0xff, 0x7b, 0x67, 0x2e, 0xff,
    0x00, 0x1f, 0x44, 0xff, 0x13, 0x3a, 0x51, 0xff, 0x13, 0x3a, 0x51, 0xff, 0x00, 0x1f, 0x44, 0xff,
    0x6f, 0x60, 0x32, 0xff, 0xff, 0xd2, 0x5b, 0xff, 0xf1, 0xb5, 0x2e, 0xff, 0x52, 0xc7, 0xd5, 0xfd,
    0x17, 0xba, 0xff, 0xff, 0x00, 0x87, 0xe6, 0x53, 0x00, 0x00, 0x00, 0x00, 0x00, 0xaa, 0xff, 0x03,
    0x00, 0x00, 0xff, 0x01, 0x00, 0xff, 0xff, 0x02, 0x00, 0x66, 0xcc, 0x05, 0x01, 0xa4, 0xff, 0xb1,
    0x3c, 0xbd, 0xe3, 0xff, 0xf4, 0xc2, 0x4b, 0xfd, 0xff, 0xbd, 0x2a, 0xff, 0x8b, 0xa1, 0x6d, 0xff,
    0x18, 0xae, 0xdc, 0xff, 0x2e, 0xcb, 0xef, 0xff, 0x2e, 0xcb, 0xef, 0xff, 0x19, 0xaf, 0xdd, 0xff,
    0x7e, 0x9e, 0x76, 0xff, 0xff, 0xc9, 0x51, 0xff, 0xf8, 0xb9, 0x2d, 0xfd, 0x38, 0xb7, 0xe2, 0xfd,
    0x00, 0x8b, 0xff, 0x92, 0x01, 0x00, 0x00, 0x00, 0x00, 0x7f, 0xff, 0x02, 0x00, 0x00, 0x00, 0x00,
    0x00, 0x00, 0x00, 0x00, 0x7f, 0xff, 0x7f, 0x02, 0xff, 0xff, 0x00, 0x01, 0xc5, 0xad, 0x5f, 0x58,
    0xaa, 0xbd, 0x8c, 0xf7, 0xf8, 0xcb, 0x62, 0xfd, 0xff, 0xb7, 0x22, 0xfe, 0x8b, 0xc5, 0x9b, 0xff,
    0x13, 0xd5, 0xff, 0xfd, 0x31, 0xd1, 0xf8, 0xfb, 0x32, 0xd1, 0xf8, 0xfb, 0x14, 0xd5, 0xff, 0xfd,
    0x84, 0xc5, 0xa1, 0xff, 0xff, 0xc5, 0x4c, 0xfe, 0xf6, 0xbb, 0x34, 0xfe, 0xa6, 0xad, 0x6a, 0xf0,
    0xe8, 0xae, 0x3d, 0x4f, 0xff, 0xaa, 0x55, 0x03, 0x7f, 0x7f, 0x7f, 0x02, 0x00, 0x00, 0x00, 0x00,
    0xff, 0xff, 0x00, 0x01, 0xff, 0xff, 0x00, 0x01, 0xbf, 0x9f, 0x00, 0x08, 0xfa, 0xba, 0x30, 0xd8,
    0xff, 0xd9, 0x64, 0xff, 0xf7, 0xd7, 0x8b, 0xfa, 0xf9, 0xbf, 0x40, 0xfc, 0xd7, 0xb5, 0x40, 0xfd,
    0x68, 0xc6, 0xc1, 0xff, 0x27, 0xcd, 0xff, 0xff, 0x26, 0xcc, 0xff, 0xff, 0x63, 0xc5, 0xc4, 0xff,
    0xd2, 0xbe, 0x62, 0xfe, 0xf9, 0xcc, 0x68, 0xfd, 0xf3, 0xb6, 0x2c, 0xfa, 0xff, 0xc2, 0x20, 0xff,
    0xf6, 0xb5, 0x27, 0xe3, 0xe7, 0xa2, 0x2e, 0x0b, 0xff, 0xff, 0x00, 0x01, 0xff, 0xff, 0x00, 0x01,
    0x00, 0x00, 0x00, 0x00, 0xff, 0x7f, 0x00, 0x02, 0x00, 0x00, 0x00, 0x00, 0xef, 0xad, 0x14, 0x32,
    0xf8, 0xc3, 0x44, 0xf1, 0xff, 0xcc, 0x50, 0xff, 0xff, 0xbe, 0x2d, 0xff, 0xff, 0xc0, 0x20, 0xff,
    0xe8, 0xb1, 0x32, 0xc9, 0x07, 0x98, 0xef, 0x90, 0x03, 0x94, 0xf0, 0x8d, 0xe3, 0xb1, 0x39, 0xc3,
    0xff, 0xd5, 0x5b, 0xff, 0xff, 0xc6, 0x44, 0xff, 0xff, 0xbd, 0x26, 0xff, 0xf7, 0xbc, 0x2d, 0xf4,
    0xf1, 0xb4, 0x2b, 0x3a, 0x00, 0x00, 0x00, 0x00, 0xaa, 0xaa, 0x00, 0x03, 0x00, 0x00, 0x00, 0x00,
    0x00, 0x00, 0x00, 0x00, 0x00, 0x00, 0x00, 0x00, 0xff, 0xff, 0x00, 0x01, 0x00, 0x00, 0x00, 0x00,
    0xf1, 0xaa, 0x20, 0x27, 0xfa, 0xb8, 0x22, 0x69, 0xfa, 0xbb, 0x26, 0x78, 0xf2, 0xbc, 0x33, 0x54,
    0xff, 0xbf, 0x1f, 0x08, 0x00, 0x00, 0x00, 0x00, 0x00, 0x00, 0x00, 0x00, 0xff, 0xcc, 0x00, 0x05,
    0xf2, 0xb6, 0x25, 0x51, 0xfa, 0xba, 0x26, 0x77, 0xfa, 0xbc, 0x2a, 0x6b, 0xf2, 0xb0, 0x2a, 0x2a,
    0x00, 0x00, 0x00, 0x00, 0xff, 0xff, 0x00, 0x01, 0x00, 0x00, 0x00, 0x00, 0x00, 0x00, 0x00, 0x00,
};

static const lv_image_dsc_t emoji_img_12 = {
    .header = {
        .magic = LV_IMAGE_HEADER_MAGIC,
        .cf = LV_COLOR_FORMAT_ARGB8888,
        .flags = 0,
        .w = 20,
        .h = 20,
        .stride = 20 * 4,
        .reserved_2 = 0,
    },
    .data_size = sizeof(emoji_img_12_data),
    .data = emoji_img_12_data,
    .reserved = NULL,
    .reserved_2 = NULL,
};

// LVGL image: emoji_img_13 (20x20 ARGB8888, BGRA byte order)
static const uint8_t emoji_img_13_data[] = {
    0x00, 0x00, 0x00, 0x00, 0x00, 0x00, 0x00, 0x00, 0x00, 0x00, 0x00, 0x00, 0x00, 0x00, 0x00, 0x00,
    0x00, 0x7f, 0xff, 0x02, 0x00, 0x01, 0x01, 0x00, 0x00, 0x00, 0x00, 0x00, 0x00, 0x00, 0x00, 0x00,
    0x00, 0x00, 0x00, 0x00, 0x00, 0x7f, 0xff, 0x04, 0x00, 0x3f, 0xff, 0x04, 0x00, 0x00, 0x00, 0x00,
    0x00, 0x00, 0x00, 0x00, 0x00, 0x00, 0x00, 0x00, 0x00, 0x7f, 0xff, 0x02, 0x00, 0x7f, 0xff, 0x02,
    0x00, 0x00, 0x00, 0x00, 0x00, 0x00, 0x00, 0x00, 0x00, 0x00, 0x00, 0x00, 0x00, 0x00, 0x00, 0x00,
    0x00, 0x00, 0x00, 0x00, 0x00, 0x00, 0x00, 0x00, 0x00, 0x00, 0x00, 0x00, 0x00, 0xaa, 0xaa, 0x03,
    0x00, 0x00, 0x00, 0x00, 0x00, 0x00, 0x00, 0x00, 0x21, 0xa2, 0xf0, 0x45, 0x27, 0xb2, 0xf8, 0x96,
    0x27, 0xb8, 0xf9, 0xc6, 0x29, 0xb9, 0xf7, 0xd9, 0x29, 0xb9, 0xf6, 0xd9, 0x28, 0xb8, 0xf8, 0xc3,
    0x27, 0xb3, 0xf7, 0x8e, 0x21, 0x9a, 0xea, 0x3d, 0x00, 0x00, 0x00, 0x00, 0x00, 0x00, 0x00, 0x00,
    0x00, 0x7f, 0xff, 0x02, 0x00, 0x00, 0x00, 0x00, 0x00, 0x00, 0x00, 0x00, 0x00, 0x00, 0x00, 0x00,
    0x00, 0x00, 0x00, 0x00, 0x00, 0x00, 0x00, 0x00, 0x00, 0xaa, 0xff, 0x03, 0x00, 0x00, 0x00, 0x00,
    0x1b, 0x95, 0xee, 0x2e, 0x26, 0xb3, 0xfb, 0xc1, 0x2d, 0xce, 0xff, 0xff, 0x2f, 0xd2, 0xff, 0xff,
    0x2e, 0xcd, 0xff, 0xff, 0x2e, 0xcf, 0xff, 0xff, 0x2e, 0xcf, 0xff, 0xff, 0x2e, 0xce, 0xff, 0xff,
    0x2f, 0xd2, 0xff, 0xff, 0x2d, 0xce, 0xff, 0xff, 0x28, 0xb5, 0xff, 0xb2, 0x18, 0x8b, 0xee, 0x1f,
    0x00, 0x00, 0x00, 0x00, 0x00, 0xff, 0xff, 0x02, 0x00, 0x00, 0x00, 0x00, 0x00, 0x00, 0x00, 0x00,
    0x00, 0x00, 0x00, 0x00, 0x00, 0x7f, 0xff, 0x02, 0x00, 0x00, 0x00, 0x00, 0x1e, 0x9a, 0xef, 0x42,
    0x28, 0xb7, 0xfb, 0xf1, 0x2d, 0xc7, 0xfe, 0xff, 0x23, 0x97, 0xc1, 0xfc, 0x2b, 0xc3, 0xee, 0xfb,
    0x2f, 0xd7, 0xff, 0xfd, 0x2d, 0xce, 0xf8, 0xfd, 0x2d, 0xce, 0xf8, 0xfd, 0x2e, 0xd7, 0xff, 0xfc,
    0x2b, 0xc4, 0xef, 0xfb, 0x1e, 0x81, 0xa6, 0xfd, 0x29, 0xb6, 0xec, 0xff, 0x27, 0xb7, 0xf9, 0xe4,
    0x1e, 0x91, 0xe6, 0x2a, 0x00, 0x00, 0x00, 0x00, 0x00, 0x7f, 0xff, 0x02, 0x00, 0x00, 0x00, 0x00,
    0x00, 0x7f, 0xff, 0x02, 0x00, 0xff, 0xff, 0x01, 0x20, 0x94, 0xee, 0x1f, 0x26, 0xaf, 0xf8, 0xee,
    0x2d, 0xc9, 0xfd, 0xff, 0x2b, 0xc6, 0xf2, 0xfb, 0x1c, 0x79, 0x95, 0xff, 0x12, 0x44, 0x5e, 0xff,
    0x25, 0xa7, 0xc6, 0xff, 0x30, 0xe1, 0xff, 0xff, 0x30, 0xdd, 0xfd, 0xff, 0x28, 0xb6, 0xd7, 0xff,
    0x12, 0x45, 0x5f, 0xff, 0x1b, 0x74, 0x91, 0xff, 0x29, 0xbb, 0xe7, 0xfa, 0x2e, 0xcd, 0xff, 0xff,
    0x24, 0xab, 0xf4, 0xdb, 0x12, 0x91, 0xec, 0x0e, 0x00, 0x7f, 0xff, 0x02, 0x00, 0xff, 0xff, 0x01,
    0x55, 0xaa, 0xff, 0x03, 0x00, 0x00, 0x00, 0x00, 0x23, 0xa4, 0xf4, 0xa7, 0x2d, 0xc9, 0xff, 0xff,
    0x2c, 0xc8, 0xf7, 0xfb, 0x2d, 0xce, 0xf9, 0xff, 0x31, 0xe4, 0xff, 0xff, 0x29, 0xbe, 0xd9, 0xff,
    0x14, 0x4d, 0x66, 0xff, 0x2c, 0xcb, 0xe6, 0xff, 0x31, 0xe6, 0xfe, 0xff, 0x17, 0x60, 0x79, 0xff,
    0x26, 0xac, 0xcb, 0xff, 0x32, 0xe8, 0xff, 0xff, 0x2d, 0xd0, 0xfc, 0xff, 0x2c, 0xc7, 0xf7, 0xfa,
    0x2c, 0xc9, 0xff, 0xff, 0x1a, 0x9f, 0xf1, 0x85, 0x00, 0x00, 0x00, 0x00, 0x3f, 0xbf, 0xff, 0x04,
    0x00, 0x00, 0x00, 0x00, 0x19, 0x90, 0xee, 0x1e, 0x25, 0xb1, 0xf7, 0xf9, 0x2c, 0xc7, 0xf9, 0xfe,
    0x2d, 0xcc, 0xf9, 0xfe, 0x30, 0xdc, 0xff, 0xff, 0x2f, 0xdd, 0xfe, 0xff, 0x32, 0xeb, 0xff, 0xff,
    0x2e, 0xd7, 0xf4, 0xff, 0x2d, 0xd3, 0xf0, 0xff, 0x31, 0xe3, 0xff, 0xff, 0x30, 0xde, 0xfb, 0xff,
    0x31, 0xe8, 0xff, 0xff, 0x30, 0xde, 0xff, 0xff, 0x2f, 0xd8, 0xff, 0xff, 0x2c, 0xcb, 0xf8, 0xfd,
    0x2e, 0xc9, 0xfc, 0xfe, 0x1f, 0xaa, 0xf2, 0xe9, 0x00, 0x6a, 0xd4, 0x0c, 0x00, 0x00, 0x00, 0x00,
    0x00, 0x00, 0x00, 0x00, 0x21, 0xa0, 0xf3, 0x5c, 0x2b, 0xc4, 0xff, 0xff, 0x2c, 0xc8, 0xf6, 0xfc,
    0x2e, 0xd3, 0xfc, 0xff, 0x29, 0xb8, 0xd8, 0xff, 0x2c, 0xcd, 0xea, 0xff, 0x30, 0xde, 0xfa, 0xff,
    0x29, 0xbe, 0xd9, 0xff, 0x30, 0xe0, 0xfd, 0xff, 0x2d, 0xd3, 0xf0, 0xff, 0x29, 0xbc, 0xd7, 0xff,
    0x30, 0xe2, 0xfc, 0xff, 0x2b, 0xc5, 0xe1, 0xff, 0x2a, 0xc1, 0xe3, 0xff, 0x2e, 0xd3, 0xfb, 0xff,
    0x2d, 0xc8, 0xf7, 0xfd, 0x26, 0xbc, 0xfe, 0xff, 0x08, 0x8f, 0xee, 0x3e, 0x00, 0x00, 0x00, 0x00,
    0x00, 0x00, 0x00, 0x00, 0x22, 0xa5, 0xf3, 0x86, 0x2d, 0xcb, 0xfe, 0xff, 0x2c, 0xc9, 0xf5, 0xfb,
    0x30, 0xde, 0xff, 0xff, 0x1b, 0x73, 0x8d, 0xff, 0x0b, 0x1e, 0x31, 0xff, 0x0d, 0x2a, 0x3d, 0xff,
    0x0f, 0x39, 0x4e, 0xff, 0x30, 0xdd, 0xf8, 0xff, 0x2b, 0xc6, 0xe1, 0xff, 0x0d, 0x2c, 0x41, 0xff,
    0x0f, 0x30, 0x42, 0xff, 0x0b, 0x21, 0x33, 0xff, 0x22, 0x9a, 0xb6, 0xff, 0x30, 0xdd, 0xff, 0xff,
    0x2c, 0xc9, 0xf6, 0xfb, 0x2a, 0xc7, 0xff, 0xfe, 0x0e, 0x99, 0xf0, 0x67, 0x00, 0x00, 0x00, 0x00,
    0x00, 0x00, 0x00, 0x00, 0x26, 0xa8, 0xf3, 0x97, 0x31, 0xce, 0xff, 0xff, 0x2f, 0xcd, 0xf8, 0xfb,
    0x2f, 0xd5, 0xfb, 0xff, 0x34, 0xe0, 0xfd, 0xff, 0x25, 0xa9, 0xc3, 0xff, 0x1e, 0x93, 0xad, 0xff,
    0x2e, 0xd1, 0xed, 0xff, 0x31, 0xe3, 0xfe, 0xff, 0x31, 0xe4, 0xff, 0xff, 0x2d, 0xcd, 0xe9, 0xff,
    0x1f, 0x98, 0xb2, 0xff, 0x28, 0xb9, 0xd4, 0xff, 0x34, 0xe2, 0xff, 0xff, 0x2f, 0xd3, 0xfb, 0xff,
    0x30, 0xcd, 0xf8, 0xfb, 0x2e, 0xcb, 0xff, 0xff, 0x10, 0x9b, 0xec, 0x7b, 0x00, 0x00, 0x00, 0x00,
    0x00, 0x00, 0x00, 0x00, 0x1f, 0xa7, 0xf8, 0x94, 0x1e, 0xc9, 0xff, 0xff, 0x20, 0xc9, 0xf8, 0xfb,
    0x2a, 0xd3, 0xfb, 0xff, 0x20, 0xdb, 0xfd, 0xff, 0x33, 0xec, 0xff, 0xff, 0x41, 0xee, 0xff, 0xff,
    0x2e, 0xe1, 0xfe, 0xff, 0x30, 0xe0, 0xfd, 0xff, 0x30, 0xdf, 0xfd, 0xff, 0x2e, 0xe2, 0xff, 0xff,
    0x41, 0xee, 0xff, 0xff, 0x33, 0xe9, 0xff, 0xff, 0x1f, 0xd9, 0xfc, 0xff, 0x2a, 0xd2, 0xfb, 0xff,
    0x21, 0xc9, 0xf7, 0xfb, 0x1b, 0xc5, 0xff, 0xff, 0x02, 0x93, 0xf0, 0x77, 0x00, 0x00, 0x00, 0x00,
    0x00, 0x00, 0x00, 0x00, 0x43, 0xac, 0xe2, 0x75, 0xa1, 0xe6, 0xf9, 0xff, 0x83, 0xe2, 0xfd, 0xfb,
    0x3b, 0xd5, 0xfa, 0xff, 0x85, 0xeb, 0xff, 0xff, 0xd4, 0xef, 0xec, 0xff, 0x5a, 0xe1, 0xf0, 0xff,
    0x2a, 0xef, 0xff, 0xff, 0x32, 0xe3, 0xff, 0xff, 0x32, 0xe3, 0xff, 0xff, 0x2a, 0xef, 0xff, 0xff,
    0x5a, 0xe1, 0xf0, 0xff, 0xd4, 0xef, 0xed, 0xff, 0x85, 0xeb, 0xff, 0xff, 0x3b, 0xd4, 0xfa, 0xff,
    0x83, 0xe2, 0xfd, 0xfb, 0x9e, 0xe2, 0xf7, 0xff, 0x3d, 0x9f, 0xd4, 0x5b, 0x00, 0x00, 0x00, 0x00,
    0x00, 0x00, 0x00, 0x00, 0xf5, 0xdb, 0xb0, 0xa0, 0xff, 0xff, 0xfe, 0xff, 0xff, 0xff, 0xff, 0xfc,
    0xf1, 0xfc, 0xfe, 0xff, 0xff, 0xff, 0xf9, 0xff, 0xc9, 0xe6, 0xd1, 0xff, 0x21, 0xc8, 0xe4, 0xff,
    0x19, 0x60, 0x77, 0xff, 0x0f, 0x33, 0x47, 0xff, 0x0f, 0x33, 0x47, 0xff, 0x19, 0x60, 0x77, 0xff,
    0x21, 0xc8, 0xe4, 0xff, 0xc9, 0xe6, 0xd1, 0xff, 0xff, 0xff, 0xf9, 0xff, 0xf1, 0xfc, 0xfe, 0xff,
    0xff, 0xff, 0xff, 0xfc, 0xff, 0xff, 0xfe, 0xff, 0xf8, 0xdd, 0xb0, 0xa0, 0x00, 0x00, 0x00, 0x00,
    0x00, 0x00, 0x00, 0x00, 0xef, 0xd9, 0xae, 0xa2, 0xfc, 0xfe, 0xff, 0xff, 0xfb, 0xfc, 0xfd, 0xfc,
    0xff, 0xff, 0xff, 0xff, 0xf5, 0xe7, 0xc7, 0xff, 0x59, 0xbe, 0xc3, 0xff, 0x08, 0x44, 0x5f, 0xff,
    0x19, 0x5c, 0x70, 0xff, 0x20, 0x8c, 0xa3, 0xff, 0x20, 0x8c, 0xa4, 0xff, 0x19, 0x5d, 0x71, 0xff,
    0x08, 0x44, 0x60, 0xff, 0x59, 0xbe, 0xc3, 0xff, 0xf5, 0xe7, 0xc7, 0xff, 0xff, 0xff, 0xff, 0xff,
    0xfb, 0xfc, 0xfd, 0xfc, 0xfc, 0xfe, 0xff, 0xff, 0xef, 0xd9, 0xae, 0xa2, 0x00, 0x00, 0x00, 0x00,
    0xff, 0x00, 0x00, 0x01, 0xfa, 0xf2, 0xe5, 0xa3, 0xff, 0xff, 0xfd, 0xfe, 0xff, 0xff, 0xff, 0xfa,
    0xfd, 0xff, 0xff, 0xfe, 0xf4, 0xe8, 0xcb, 0xff, 0x56, 0xc3, 0xd0, 0xff, 0x23, 0xc5, 0xe9, 0xff,
    0x35, 0xee, 0xff, 0xff, 0x32, 0xed, 0xff, 0xff, 0x32, 0xec, 0xff, 0xff, 0x35, 0xee, 0xff, 0xff,
    0x23, 0xc5, 0xe9, 0xff, 0x56, 0xc3, 0xd0, 0xff, 0xf4, 0xe8, 0xcb, 0xff, 0xfd, 0xff, 0xff, 0xfe,
    0xff, 0xff, 0xff, 0xfa, 0xff, 0xff, 0xfd, 0xfe, 0xfa, 0xf2, 0xe5, 0xa3, 0xff, 0x00, 0x00, 0x01,
    0xd4, 0x55, 0x00, 0x06, 0xf9, 0xef, 0xdd, 0xe9, 0xff, 0xff, 0xff, 0xff, 0xff, 0xf6, 0xe4, 0xff,
    0xff, 0xff, 0xff, 0xff, 0xff, 0xf1, 0xd8, 0xfc, 0x9e, 0xcc, 0xb9, 0xfd, 0x20, 0xd6, 0xff, 0xff,
    0x31, 0xd0, 0xf6, 0xff, 0x2e, 0xd3, 0xf8, 0xff, 0x2e, 0xd2, 0xf8, 0xff, 0x30, 0xd0, 0xf6, 0xff,
    0x1f, 0xd5, 0xff, 0xff, 0x9f, 0xcd, 0xb9, 0xfd, 0xff, 0xf1, 0xd8, 0xfc, 0xff, 0xff, 0xff, 0xff,
    0xff, 0xf6, 0xe4, 0xff, 0xff, 0xff, 0xff, 0xff, 0xf9, 0xef, 0xde, 0xe9, 0xd4, 0x55, 0x00, 0x06,
    0x00, 0x00, 0x00, 0x00, 0xee, 0xd4, 0xa3, 0x7d, 0xfb, 0xe8, 0xc1, 0xf4, 0xea, 0xcb, 0x94, 0xd0,
    0xf0, 0xd6, 0xa9, 0xf1, 0xf2, 0xdb, 0xac, 0xff, 0x62, 0xcc, 0xe1, 0xff, 0x25, 0xca, 0xfb, 0xfd,
    0x30, 0xce, 0xf7, 0xfb, 0x2d, 0xce, 0xf9, 0xfb, 0x2e, 0xcf, 0xf9, 0xfb, 0x30, 0xce, 0xf8, 0xfb,
    0x26, 0xca, 0xfb, 0xfe, 0x5f, 0xca, 0xe2, 0xff, 0xf1, 0xda, 0xaa, 0xff, 0xf0, 0xd5, 0xa8, 0xf2,
    0xeb, 0xcc, 0x96, 0xd1, 0xfb, 0xe8, 0xc1, 0xf5, 0xed, 0xd3, 0xa4, 0x81, 0x00, 0x00, 0x00, 0x00,
    0x00, 0x00, 0x00, 0x00, 0x00, 0x00, 0x00, 0x00, 0xeb, 0xb0, 0x4e, 0x1a, 0x7f, 0x7f, 0xff, 0x02,
    0xf6, 0xbd, 0x62, 0x1f, 0x52, 0xaa, 0xd2, 0x72, 0x11, 0xad, 0xfb, 0xdd, 0x24, 0xbe, 0xff, 0xff,
    0x29, 0xcb, 0xff, 0xff, 0x2b, 0xce, 0xff, 0xff, 0x2a, 0xcd, 0xff, 0xff, 0x26, 0xc7, 0xff, 0xff,
    0x1d, 0xb5, 0xfc, 0xff, 0x03, 0x9e, 0xf7, 0xd3, 0x5b, 0xaa, 0xcc, 0x64, 0xff, 0xc5, 0x62, 0x1f,
    0x55, 0xaa, 0xaa, 0x03, 0xe2, 0xb3, 0x55, 0x1b, 0x00, 0x00, 0x00, 0x00, 0x00, 0x00, 0x00, 0x00,
    0x00, 0x00, 0x00, 0x00, 0xff, 0xff, 0xff, 0x01, 0x00, 0x00, 0x00, 0x00, 0x00, 0x00, 0x00, 0x00,
    0x00, 0x00, 0x00, 0x00, 0x00, 0x00, 0x00, 0x00, 0x00, 0x38, 0xc6, 0x09, 0x00, 0x8c, 0xef, 0x43,
    0x06, 0x97, 0xf1, 0x74, 0x0a, 0x9a, 0xef, 0x90, 0x07, 0x96, 0xed, 0x8e, 0x02, 0x93, 0xf1, 0x6f,
    0x00, 0x85, 0xed, 0x3b, 0x00, 0x00, 0x55, 0x03, 0x00, 0x00, 0x00, 0x00, 0x00, 0x00, 0x00, 0x00,
    0x00, 0x00, 0x00, 0x00, 0x00, 0x00, 0x00, 0x00, 0xff, 0xff, 0xff, 0x01, 0x00, 0x00, 0x00, 0x00,
    0x00, 0x00, 0x00, 0x00, 0x00, 0x00, 0x00, 0x00, 0xff, 0x7f, 0x7f, 0x02, 0xff, 0x00, 0x00, 0x01,
    0xff, 0x7f, 0x7f, 0x02, 0x7f, 0xbf, 0xbf, 0x04, 0x01, 0x00, 0x00, 0x00, 0x00, 0x00, 0x00, 0x00,
    0x00, 0x00, 0x00, 0x00, 0x00, 0x00, 0x00, 0x00, 0x00, 0x00, 0x00, 0x00, 0x00, 0x00, 0x00, 0x00,
    0x01, 0x00, 0x00, 0x00, 0x00, 0x00, 0x00, 0x00, 0x7f, 0xbf, 0xbf, 0x04, 0xff, 0x7f, 0x7f, 0x02,
    0xff, 0xff, 0x00, 0x01, 0xff, 0x7f, 0x7f, 0x02, 0x00, 0x00, 0x00, 0x00, 0x00, 0x00, 0x00, 0x00,
};

static const lv_image_dsc_t emoji_img_13 = {
    .header = {
        .magic = LV_IMAGE_HEADER_MAGIC,
        .cf = LV_COLOR_FORMAT_ARGB8888,
        .flags = 0,
        .w = 20,
        .h = 20,
        .stride = 20 * 4,
        .reserved_2 = 0,
    },
    .data_size = sizeof(emoji_img_13_data),
    .data = emoji_img_13_data,
    .reserved = NULL,
    .reserved_2 = NULL,
};

// LVGL image: emoji_img_14 (20x20 ARGB8888, BGRA byte order)
static const uint8_t emoji_img_14_data[] = {
    0x00, 0x00, 0x00, 0x00, 0x00, 0x00, 0x00, 0x00, 0x00, 0x00, 0x00, 0x00, 0x00, 0x00, 0x00, 0x00,
    0x00, 0x7f, 0xff, 0x02, 0x00, 0x00, 0x00, 0x00, 0x00, 0x00, 0x00, 0x00, 0x00, 0x00, 0x00, 0x00,
    0x00, 0x00, 0x00, 0x00, 0x00, 0x00, 0xff, 0x04, 0x00, 0x00, 0xff, 0x04, 0x00, 0x00, 0x00, 0x00,
    0x00, 0x00, 0x00, 0x00, 0x00, 0x00, 0x00, 0x00, 0x00, 0x7f, 0xff, 0x02, 0x00, 0x7f, 0xff, 0x02,
    0x00, 0x00, 0x00, 0x00, 0x00, 0x00, 0x00, 0x00, 0x00, 0x00, 0x00, 0x00, 0x00, 0x00, 0x00, 0x00,
    0x00, 0x00, 0x00, 0x00, 0x00, 0x00, 0x00, 0x00, 0x00, 0x00, 0x00, 0x00, 0x00, 0x55, 0xff, 0x03,
    0x00, 0x00, 0x00, 0x00, 0x00, 0x00, 0x00, 0x00, 0x00, 0x55, 0xff, 0x45, 0x05, 0x5c, 0xff, 0x95,
    0x09, 0x61, 0xff, 0xc6, 0x0a, 0x65, 0xff, 0xd9, 0x0a, 0x63, 0xff, 0xd9, 0x07, 0x60, 0xff, 0xc3,
    0x05, 0x5c, 0xff, 0x8f, 0x00, 0x53, 0xff, 0x3d, 0x00, 0x00, 0x00, 0x00, 0x00, 0x00, 0x00, 0x00,
    0x00, 0x7f, 0xff, 0x02, 0x00, 0x00, 0x00, 0x00, 0x00, 0x00, 0x00, 0x00, 0x00, 0x00, 0x00, 0x00,
    0x00, 0x00, 0x00, 0x00, 0x00, 0x00, 0x00, 0x00, 0x00, 0x55, 0xff, 0x03, 0x00, 0x00, 0x00, 0x00,
    0x00, 0x4d, 0xff, 0x2e, 0x03, 0x5b, 0xff, 0xc1, 0x0c, 0x6b, 0xff, 0xff, 0x13, 0x7a, 0xff, 0xff,
    0x18, 0x82, 0xff, 0xff, 0x1b, 0x85, 0xff, 0xff, 0x1b, 0x85, 0xff, 0xff, 0x18, 0x81, 0xff, 0xff,
    0x12, 0x7a, 0xff, 0xff, 0x0b, 0x69, 0xff, 0xff, 0x04, 0x5a, 0xfd, 0xb2, 0x00, 0x4a, 0xff, 0x1f,
    0x00, 0x00, 0x00, 0x00, 0x00, 0x7f, 0xff, 0x02, 0x00, 0x00, 0x00, 0x00, 0x00, 0x00, 0x00, 0x00,
    0x00, 0x00, 0x00, 0x00, 0x00, 0x7f, 0xff, 0x02, 0x00, 0x00, 0x00, 0x00, 0x00, 0x4d, 0xff, 0x42,
    0x05, 0x5d, 0xff, 0xf2, 0x11, 0x75, 0xff, 0xff, 0x1b, 0x83, 0xfc, 0xfc, 0x22, 0x90, 0xfc, 0xfb,
    0x26, 0x97, 0xfb, 0xfd, 0x28, 0x9a, 0xfb, 0xfd, 0x28, 0x9a, 0xfb, 0xfd, 0x26, 0x96, 0xfc, 0xfc,
    0x22, 0x8f, 0xfc, 0xfb, 0x1a, 0x82, 0xfc, 0xfd, 0x10, 0x75, 0xff, 0xff, 0x04, 0x5c, 0xff, 0xe3,
    0x00, 0x48, 0xff, 0x2a, 0x00, 0x00, 0x00, 0x00, 0x00, 0x7f, 0xff, 0x02, 0x00, 0x00, 0x00, 0x00,
    0x00, 0x7f, 0xff, 0x02, 0x00, 0x00, 0xff, 0x01, 0x00, 0x4a, 0xff, 0x1f, 0x03, 0x59, 0xff, 0xef,
    0x12, 0x74, 0xff, 0xff, 0x1e, 0x89, 0xfb, 0xfb, 0x27, 0x97, 0xfc, 0xff, 0x2d, 0xa1, 0xfb, 0xff,
    0x30, 0xa8, 0xfb, 0xff, 0x32, 0xab, 0xfb, 0xff, 0x32, 0xab, 0xfb, 0xff, 0x30, 0xa7, 0xfb, 0xff,
    0x2c, 0xa1, 0xfb, 0xff, 0x26, 0x97, 0xfc, 0xff, 0x1d, 0x86, 0xfc, 0xfa, 0x10, 0x74, 0xff, 0xff,
    0x03, 0x57, 0xff, 0xda, 0x00, 0x36, 0xec, 0x0e, 0x00, 0x7f, 0xff, 0x02, 0x00, 0x00, 0xff, 0x01,
    0x00, 0x55, 0xff, 0x03, 0x00, 0x00, 0x00, 0x00, 0x01, 0x52, 0xff, 0xa7, 0x0d, 0x6f, 0xff, 0xff,
    0x1c, 0x86, 0xfb, 0xfb, 0x27, 0x99, 0xfc, 0xff, 0x2f, 0xa6, 0xfb, 0xff, 0x35, 0xb0, 0xfb, 0xff,
    0x38, 0xb6, 0xfb, 0xff, 0x3a, 0xb8, 0xfb, 0xff, 0x3a, 0xb8, 0xfb, 0xff, 0x38, 0xb6, 0xfb, 0xff,
    0x34, 0xaf, 0xfb, 0xff, 0x2f, 0xa5, 0xfb, 0xff, 0x27, 0x97, 0xfc, 0xff, 0x1b, 0x84, 0xfc, 0xfa,
    0x0c, 0x6e, 0xff, 0xff, 0x05, 0x4d, 0xf5, 0x84, 0x00, 0x00, 0x00, 0x00, 0x00, 0x3f, 0xff, 0x04,
    0x00, 0x00, 0x00, 0x00, 0x00, 0x4c, 0xff, 0x1e, 0x05, 0x5b, 0xff, 0xf9, 0x16, 0x7a, 0xfd, 0xfe,
    0x24, 0x93, 0xfc, 0xfe, 0x2e, 0xa4, 0xfb, 0xff, 0x35, 0xb1, 0xfa, 0xff, 0x3b, 0xba, 0xfb, 0xff,
    0x3d, 0xbe, 0xfb, 0xff, 0x3e, 0xc1, 0xfb, 0xff, 0x3e, 0xc1, 0xfb, 0xff, 0x3d, 0xbe, 0xfb, 0xff,
    0x3a, 0xb9, 0xfb, 0xff, 0x35, 0xb0, 0xfa, 0xff, 0x2d, 0xa3, 0xfb, 0xff, 0x23, 0x92, 0xfb, 0xfd,
    0x14, 0x7a, 0xff, 0xfe, 0x07, 0x56, 0xf8, 0xe8, 0x17, 0x2e, 0xd0, 0x0b, 0x00, 0x00, 0x00, 0x00,
    0x00, 0x00, 0x00, 0x00, 0x00, 0x50, 0xff, 0x5c, 0x0a, 0x6a, 0xff, 0xff, 0x1c, 0x85, 0xfc, 0xfc,
    0x29, 0x9b, 0xfc, 0xff, 0x33, 0xad, 0xfc, 0xff, 0x3b, 0xbb, 0xfe, 0xff, 0x3d, 0xbe, 0xf8, 0xff,
    0x3f, 0xc3, 0xf9, 0xff, 0x40, 0xc5, 0xfa, 0xff, 0x40, 0xc5, 0xfa, 0xff, 0x40, 0xc3, 0xfa, 0xff,
    0x3d, 0xbd, 0xf8, 0xff, 0x3a, 0xb9, 0xfd, 0xff, 0x32, 0xad, 0xfd, 0xff, 0x29, 0x9a, 0xfb, 0xff,
    0x1a, 0x84, 0xff, 0xfd, 0x0b, 0x64, 0xff, 0xff, 0x0c, 0x41, 0xe2, 0x3e, 0x00, 0x00, 0x00, 0x00,
    0x00, 0x00, 0x00, 0x00, 0x00, 0x51, 0xfd, 0x86, 0x0f, 0x72, 0xff, 0xff, 0x20, 0x8d, 0xfb, 0xfb,
    0x2d, 0xa2, 0xfc, 0xff, 0x35, 0xaf, 0xf8, 0xff, 0x3a, 0xb5, 0xf2, 0xff, 0x43, 0xcd, 0xff, 0xff,
    0x41, 0xc7, 0xfb, 0xff, 0x41, 0xc6, 0xf9, 0xff, 0x41, 0xc7, 0xfa, 0xff, 0x40, 0xc5, 0xf9, 0xff,
    0x43, 0xcd, 0xff, 0xff, 0x3b, 0xb8, 0xf6, 0xff, 0x33, 0xab, 0xf4, 0xff, 0x2c, 0xa1, 0xfc, 0xff,
    0x1f, 0x8b, 0xfc, 0xfb, 0x0e, 0x6e, 0xff, 0xfe, 0x0c, 0x47, 0xe8, 0x67, 0x00, 0x00, 0x00, 0x00,
    0x00, 0x00, 0x00, 0x00, 0x01, 0x54, 0xff, 0x97, 0x10, 0x76, 0xff, 0xff, 0x22, 0x8f, 0xfa, 0xfb,
    0x2f, 0xa7, 0xfe, 0xff, 0x33, 0xa7, 0xe8, 0xff, 0x14, 0x41, 0x5e, 0xff, 0x24, 0x71, 0x97, 0xff,
    0x41, 0xc8, 0xfa, 0xff, 0x42, 0xcb, 0xfd, 0xff, 0x41, 0xc7, 0xfa, 0xff, 0x43, 0xcd, 0xff, 0xff,
    0x2c, 0x88, 0xb2, 0xff, 0x13, 0x3b, 0x56, 0xff, 0x2b, 0x8e, 0xca, 0xff, 0x2f, 0xaa, 0xff, 0xff,
    0x20, 0x8c, 0xfa, 0xfb, 0x10, 0x72, 0xff, 0xff, 0x0c, 0x48, 0xe8, 0x7b, 0x00, 0x00, 0x00, 0x00,
    0x00, 0x00, 0x00, 0x00, 0x01, 0x54, 0xff, 0x94, 0x10, 0x75, 0xff, 0xff, 0x22, 0x8f, 0xfb, 0xfb,
    0x2d, 0xa2, 0xfa, 0xff, 0x39, 0xb9, 0xff, 0xff, 0x30, 0x97, 0xcb, 0xff, 0x0e, 0x2e, 0x47, 0xff,
    0x17, 0x49, 0x67, 0xff, 0x3d, 0xbb, 0xea, 0xff, 0x41, 0xc8, 0xfa, 0xff, 0x21, 0x67, 0x8b, 0xff,
    0x0b, 0x25, 0x3d, 0xff, 0x25, 0x76, 0xa2, 0xff, 0x39, 0xba, 0xfe, 0xff, 0x2c, 0xa0, 0xf9, 0xff,
    0x20, 0x8d, 0xfc, 0xfb, 0x10, 0x71, 0xff, 0xff, 0x0c, 0x46, 0xe3, 0x77, 0x00, 0x00, 0x00, 0x00,
    0x00, 0x00, 0x00, 0x00, 0x00, 0x50, 0xfc, 0x7b, 0x0d, 0x71, 0xff, 0xfe, 0x1f, 0x8b, 0xfb, 0xfb,
    0x2b, 0x9e, 0xf9, 0xff, 0x38, 0xba, 0xff, 0xff, 0x2b, 0x89, 0xbb, 0xff, 0x0e, 0x2c, 0x45, 0xff,
    0x0e, 0x2e, 0x46, 0xff, 0x3a, 0xb3, 0xe4, 0xff, 0x41, 0xc7, 0xf7, 0xff, 0x18, 0x4c, 0x6c, 0xff,
    0x0b, 0x24, 0x3a, 0xff, 0x1f, 0x63, 0x8b, 0xff, 0x38, 0xba, 0xff, 0xff, 0x2a, 0x9c, 0xf8, 0xff,
    0x1d, 0x8a, 0xff, 0xfb, 0x0f, 0x6a, 0xff, 0xff, 0x10, 0x3f, 0xda, 0x5c, 0x00, 0x00, 0x00, 0x00,
    0x00, 0x00, 0x00, 0x00, 0x00, 0x4d, 0xfb, 0x48, 0x09, 0x66, 0xff, 0xff, 0x1b, 0x82, 0xfc, 0xfd,
    0x28, 0x98, 0xfa, 0xff, 0x33, 0xaf, 0xfe, 0xff, 0x31, 0x9e, 0xdb, 0xff, 0x10, 0x35, 0x4e, 0xff,
    0x28, 0x7c, 0xa5, 0xff, 0x46, 0xd7, 0xff, 0xff, 0x46, 0xd7, 0xff, 0xff, 0x32, 0x9a, 0xcb, 0xff,
    0x0e, 0x2f, 0x47, 0xff, 0x29, 0x87, 0xbd, 0xff, 0x33, 0xb0, 0xfe, 0xff, 0x27, 0x96, 0xf9, 0xff,
    0x18, 0x81, 0xff, 0xfe, 0x0d, 0x5a, 0xf5, 0xfe, 0x11, 0x35, 0xc9, 0x2b, 0x00, 0x00, 0x00, 0x00,
    0x00, 0x00, 0x00, 0x00, 0x00, 0x3f, 0xff, 0x0c, 0x03, 0x58, 0xff, 0xe9, 0x13, 0x77, 0xff, 0xfd,
    0x22, 0x90, 0xfc, 0xfd, 0x2c, 0xa0, 0xfb, 0xff, 0x35, 0xb1, 0xfe, 0xff, 0x3c, 0xc0, 0xff, 0xff,
    0x39, 0xb2, 0xef, 0xff, 0x2a, 0x83, 0xaf, 0xff, 0x28, 0x7d, 0xa8, 0xff, 0x35, 0xa8, 0xe1, 0xff,
    0x3b, 0xbf, 0xff, 0xff, 0x34, 0xb1, 0xff, 0xff, 0x2b, 0x9f, 0xfb, 0xff, 0x21, 0x8e, 0xfc, 0xfc,
    0x12, 0x76, 0xff, 0xfe, 0x0e, 0x4b, 0xe3, 0xcf, 0x00, 0x00, 0x7f, 0x02, 0x00, 0xff, 0xff, 0x01,
    0x00, 0x3f, 0xff, 0x04, 0x00, 0x00, 0x00, 0x00, 0x02, 0x50, 0xfc, 0x75, 0x0a, 0x6b, 0xff, 0xff,
    0x19, 0x81, 0xfd, 0xf9, 0x25, 0x93, 0xfa, 0xff, 0x2e, 0xa7, 0xff, 0xff, 0x26, 0x81, 0xbb, 0xff,
    0x0e, 0x2d, 0x43, 0xff, 0x10, 0x35, 0x51, 0xff, 0x11, 0x3a, 0x57, 0xff, 0x0d, 0x29, 0x3e, 0xff,
    0x1f, 0x69, 0x9a, 0xff, 0x2d, 0xa5, 0xfe, 0xff, 0x24, 0x91, 0xfa, 0xff, 0x17, 0x81, 0xff, 0xfa,
    0x0f, 0x5f, 0xfd, 0xff, 0x12, 0x3d, 0xd3, 0x53, 0x00, 0x00, 0x00, 0x00, 0x00, 0x3f, 0xbf, 0x04,
    0x00, 0x00, 0xff, 0x01, 0x00, 0x7f, 0xff, 0x02, 0x33, 0x33, 0xcc, 0x05, 0x06, 0x51, 0xf5, 0xbf,
    0x0d, 0x71, 0xff, 0xff, 0x1a, 0x85, 0xff, 0xfa, 0x22, 0x88, 0xe7, 0xfd, 0x12, 0x3f, 0x63, 0xff,
    0x24, 0x7f, 0xc4, 0xff, 0x31, 0xaa, 0xfd, 0xff, 0x31, 0xab, 0xff, 0xff, 0x28, 0x8f, 0xda, 0xff,
    0x13, 0x40, 0x64, 0xff, 0x1e, 0x75, 0xc7, 0xfd, 0x19, 0x89, 0xff, 0xfa, 0x10, 0x68, 0xff, 0xff,
    0x11, 0x41, 0xda, 0x9f, 0x00, 0x00, 0x00, 0x00, 0x00, 0x55, 0xaa, 0x03, 0x00, 0x00, 0x00, 0x00,
    0x00, 0x00, 0x00, 0x00, 0x00, 0x00, 0xff, 0x01, 0x00, 0x00, 0x01, 0x00, 0x11, 0x33, 0xcc, 0x0f,
    0x0a, 0x52, 0xef, 0xba, 0x0e, 0x6e, 0xff, 0xff, 0x15, 0x79, 0xfb, 0xff, 0x1d, 0x85, 0xf2, 0xfd,
    0x24, 0x9a, 0xff, 0xfb, 0x24, 0x95, 0xfc, 0xfb, 0x24, 0x94, 0xfb, 0xfb, 0x23, 0x98, 0xff, 0xfb,
    0x1d, 0x8a, 0xfc, 0xfd, 0x14, 0x75, 0xf7, 0xff, 0x11, 0x62, 0xff, 0xff, 0x11, 0x42, 0xdd, 0xa0,
    0x00, 0x00, 0xaa, 0x03, 0x00, 0x7f, 0xff, 0x02, 0x00, 0x00, 0xff, 0x01, 0x00, 0x00, 0x00, 0x00,
    0x00, 0x00, 0x00, 0x00, 0x00, 0x00, 0x00, 0x00, 0x00, 0x00, 0xff, 0x01, 0x00, 0x00, 0x00, 0x00,
    0x7f, 0x00, 0x00, 0x02, 0x0f, 0x47, 0xe4, 0x72, 0x0d, 0x5a, 0xf5, 0xdd, 0x11, 0x6a, 0xff, 0xff,
    0x14, 0x75, 0xff, 0xff, 0x16, 0x7c, 0xff, 0xff, 0x16, 0x7b, 0xff, 0xff, 0x14, 0x71, 0xff, 0xff,
    0x12, 0x61, 0xfa, 0xff, 0x10, 0x4f, 0xec, 0xd4, 0x12, 0x3b, 0xd6, 0x5e, 0x00, 0x00, 0x00, 0x00,
    0x00, 0xff, 0xff, 0x01, 0x00, 0x00, 0xff, 0x01, 0x00, 0x00, 0x00, 0x00, 0x00, 0x00, 0x00, 0x00,
    0x00, 0x00, 0x00, 0x00, 0x00, 0x00, 0x00, 0x00, 0x00, 0x00, 0x00, 0x00, 0x00, 0x00, 0xff, 0x01,
    0x00, 0x00, 0x01, 0x00, 0x00, 0x00, 0x00, 0x00, 0x1c, 0x00, 0x8d, 0x09, 0x0f, 0x3d, 0xdc, 0x42,
    0x0f, 0x46, 0xe4, 0x73, 0x0f, 0x48, 0xe2, 0x90, 0x10, 0x46, 0xe0, 0x8e, 0x12, 0x42, 0xde, 0x6f,
    0x11, 0x33, 0xcf, 0x3b, 0x55, 0x00, 0x00, 0x03, 0x00, 0x00, 0x00, 0x00, 0x00, 0x7f, 0xff, 0x02,
    0x00, 0x00, 0x00, 0x01, 0x00, 0x00, 0x00, 0x00, 0x00, 0x00, 0x00, 0x00, 0x00, 0x00, 0x00, 0x00,
    0x00, 0x00, 0x00, 0x00, 0x00, 0x00, 0x00, 0x00, 0x00, 0x00, 0x00, 0x00, 0x00, 0x00, 0x00, 0x00,
    0x00, 0x00, 0x00, 0x01, 0x00, 0x3f, 0xbf, 0x04, 0x00, 0x00, 0x00, 0x00, 0x00, 0x00, 0x00, 0x00,
    0x00, 0x00, 0x00, 0x00, 0x00, 0x00, 0x00, 0x00, 0x00, 0x00, 0x00, 0x00, 0x00, 0x00, 0x00, 0x00,
    0x00, 0x00, 0x00, 0x00, 0x00, 0x00, 0x00, 0x00, 0x00, 0x55, 0xff, 0x03, 0x00, 0x00, 0x00, 0x00,
    0x00, 0x00, 0x00, 0x00, 0x00, 0x00, 0x00, 0x00, 0x00, 0x00, 0x00, 0x00, 0x00, 0x00, 0x00, 0x00,
};

static const lv_image_dsc_t emoji_img_14 = {
    .header = {
        .magic = LV_IMAGE_HEADER_MAGIC,
        .cf = LV_COLOR_FORMAT_ARGB8888,
        .flags = 0,
        .w = 20,
        .h = 20,
        .stride = 20 * 4,
        .reserved_2 = 0,
    },
    .data_size = sizeof(emoji_img_14_data),
    .data = emoji_img_14_data,
    .reserved = NULL,
    .reserved_2 = NULL,
};

// LVGL image: emoji_img_15 (20x20 ARGB8888, BGRA byte order)
static const uint8_t emoji_img_15_data[] = {
    0x00, 0x00, 0x00, 0x00, 0x00, 0x00, 0x00, 0x00, 0x00, 0x00, 0x00, 0x00, 0x00, 0x00, 0x00, 0x00,
    0x00, 0x7f, 0xff, 0x02, 0x00, 0x01, 0x01, 0x00, 0x00, 0x00, 0x00, 0x00, 0x00, 0x00, 0x00, 0x00,
    0x00, 0x00, 0x00, 0x00, 0x00, 0x7f, 0xff, 0x04, 0x00, 0x3f, 0xff, 0x04, 0x00, 0x00, 0x00, 0x00,
    0x00, 0x00, 0x00, 0x00, 0x00, 0x00, 0x00, 0x00, 0x00, 0x00, 0x00, 0x00, 0x00, 0x00, 0x00, 0x00,
    0x33, 0x3f, 0xed, 0x95, 0x32, 0x38, 0xed, 0xee, 0x27, 0x27, 0xc4, 0x94, 0x00, 0x00, 0x7f, 0x02,
    0x00, 0x00, 0x00, 0x00, 0x00, 0x00, 0x00, 0x00, 0x00, 0x00, 0x00, 0x00, 0x00, 0xaa, 0xff, 0x03,
    0x00, 0x00, 0x00, 0x00, 0x00, 0x00, 0x00, 0x00, 0x24, 0xa7, 0xf7, 0x46, 0x27, 0xb4, 0xf9, 0x96,
    0x29, 0xb8, 0xf9, 0xc6, 0x28, 0xb8, 0xf6, 0xda, 0x29, 0xb8, 0xf6, 0xd9, 0x28, 0xb6, 0xf8, 0xc4,
    0x26, 0xb7, 0xf5, 0x8c, 0x29, 0x65, 0xf4, 0x5d, 0x2b, 0x2b, 0xd8, 0x9d, 0x2c, 0x2f, 0xd0, 0x85,
    0x36, 0x44, 0xf6, 0xff, 0x39, 0x47, 0xfd, 0xff, 0x30, 0x36, 0xe3, 0xff, 0x24, 0x20, 0xba, 0x3f,
    0x00, 0x00, 0x00, 0x00, 0x00, 0x00, 0x00, 0x00, 0x00, 0xaa, 0xff, 0x03, 0x00, 0x00, 0x00, 0x00,
    0x21, 0x95, 0xee, 0x2e, 0x26, 0xb3, 0xfb, 0xc0, 0x2b, 0xc3, 0xff, 0xff, 0x2e, 0xce, 0xff, 0xff,
    0x2e, 0xcf, 0xff, 0xff, 0x2e, 0xcf, 0xff, 0xff, 0x2e, 0xce, 0xff, 0xff, 0x2f, 0xd2, 0xff, 0xff,
    0x2a, 0xc2, 0xff, 0xff, 0x53, 0x72, 0xff, 0xff, 0x54, 0x5d, 0xff, 0xff, 0x2e, 0x38, 0xed, 0xff,
    0x36, 0x41, 0xef, 0xfe, 0x36, 0x44, 0xf6, 0xfc, 0x35, 0x3f, 0xf2, 0xfe, 0x26, 0x26, 0xc2, 0x5d,
    0x00, 0x00, 0x00, 0x00, 0x00, 0x7f, 0xff, 0x02, 0x00, 0x00, 0x00, 0x00, 0x1e, 0x9a, 0xef, 0x42,
    0x28, 0xb5, 0xfb, 0xf1, 0x2d, 0xca, 0xff, 0xff, 0x2c, 0xca, 0xfa, 0xfc, 0x2d, 0xd1, 0xff, 0xfb,
    0x2d, 0xcc, 0xf7, 0xfd, 0x2d, 0xcf, 0xf9, 0xfd, 0x2d, 0xce, 0xf9, 0xfd, 0x2e, 0xd1, 0xf8, 0xfc,
    0x28, 0xbd, 0xfd, 0xfb, 0x62, 0x6f, 0xfb, 0xfc, 0x61, 0x6c, 0xfa, 0xfb, 0x30, 0x40, 0xf5, 0xfc,
    0x37, 0x44, 0xf3, 0xff, 0x37, 0x45, 0xf7, 0xff, 0x32, 0x3c, 0xe9, 0xfc, 0x25, 0x25, 0xbf, 0x30,
    0x00, 0x7f, 0xff, 0x02, 0x00, 0xff, 0xff, 0x01, 0x20, 0x94, 0xee, 0x1f, 0x26, 0xaf, 0xf8, 0xee,
    0x2d, 0xc7, 0xfd, 0xff, 0x2d, 0xcf, 0xfd, 0xfb, 0x2c, 0xc6, 0xf1, 0xff, 0x2a, 0xbf, 0xe4, 0xff,
    0x30, 0xdd, 0xff, 0xff, 0x2f, 0xd8, 0xfc, 0xff, 0x2f, 0xd9, 0xfc, 0xff, 0x30, 0xdb, 0xff, 0xff,
    0x27, 0xc2, 0xe2, 0xff, 0x39, 0x81, 0xf1, 0xff, 0x4f, 0x4f, 0xfd, 0xff, 0x34, 0x3d, 0xf2, 0xff,
    0x35, 0x44, 0xf3, 0xfc, 0x39, 0x49, 0xff, 0xff, 0x31, 0x3a, 0xe5, 0xc8, 0x00, 0x00, 0x00, 0x02,
    0x55, 0xaa, 0xff, 0x03, 0x00, 0x00, 0x00, 0x00, 0x23, 0xa4, 0xf2, 0xa7, 0x2c, 0xc8, 0xff, 0xff,
    0x2d, 0xcd, 0xfb, 0xfb, 0x29, 0xb6, 0xdd, 0xff, 0x0f, 0x38, 0x50, 0xff, 0x0a, 0x1b, 0x31, 0xff,
    0x1f, 0x89, 0xa4, 0xff, 0x31, 0xe6, 0xff, 0xff, 0x31, 0xe4, 0xfe, 0xff, 0x1d, 0x7d, 0x98, 0xff,
    0x0a, 0x19, 0x2e, 0xff, 0x0f, 0x40, 0x58, 0xff, 0x2a, 0x7c, 0xe2, 0xff, 0x36, 0x56, 0xf8, 0xff,
    0x36, 0x3d, 0xf3, 0xfc, 0x39, 0x3d, 0xfa, 0xfb, 0x31, 0x37, 0xde, 0x4e, 0x00, 0x00, 0x00, 0x00,
    0x00, 0x00, 0x00, 0x00, 0x1a, 0x95, 0xf6, 0x1d, 0x26, 0xb0, 0xf6, 0xf9, 0x2c, 0xc4, 0xf6, 0xfe,
    0x2f, 0xdb, 0xff, 0xfe, 0x1b, 0x76, 0x95, 0xff, 0x12, 0x42, 0x5a, 0xff, 0x1b, 0x75, 0x8e, 0xff,
    0x0f, 0x38, 0x4f, 0xff, 0x30, 0xe0, 0xfd, 0xff, 0x2e, 0xd6, 0xf3, 0xff, 0x0e, 0x31, 0x48, 0xff,
    0x1c, 0x7a, 0x95, 0xff, 0x11, 0x3b, 0x52, 0xff, 0x1e, 0x8e, 0xa4, 0xff, 0x2e, 0xd7, 0xff, 0xfe,
    0x2f, 0xa5, 0xf9, 0xff, 0x29, 0x7f, 0xf0, 0xec, 0x00, 0x7f, 0xe5, 0x0a, 0x00, 0x00, 0x00, 0x00,
    0x00, 0x00, 0x00, 0x00, 0x24, 0xa0, 0xf3, 0x5c, 0x2b, 0xc5, 0xff, 0xff, 0x2d, 0xc6, 0xf6, 0xfc,
    0x34, 0xc9, 0xfa, 0xff, 0x2f, 0xc6, 0xed, 0xff, 0x2e, 0xd7, 0xf4, 0xff, 0x32, 0xe8, 0xff, 0xff,
    0x2c, 0xcb, 0xe7, 0xff, 0x30, 0xe1, 0xfd, 0xff, 0x30, 0xdf, 0xfc, 0xff, 0x2c, 0xca, 0xe7, 0xff,
    0x32, 0xeb, 0xff, 0xff, 0x2d, 0xd5, 0xf2, 0xff, 0x2f, 0xc7, 0xef, 0xff, 0x33, 0xca, 0xfa, 0xff,
    0x2e, 0xcd, 0xf8, 0xfd, 0x24, 0xc2, 0xfd, 0xff, 0x08, 0x8d, 0xea, 0x3f, 0x00, 0x00, 0x00, 0x00,
    0x00, 0x00, 0x00, 0x00, 0x24, 0xa5, 0xf3, 0x86, 0x2f, 0xc5, 0xfe, 0xff, 0x41, 0xb0, 0xf4, 0xfb,
    0x4e, 0xab, 0xf3, 0xff, 0x48, 0xc0, 0xfb, 0xff, 0x36, 0xdf, 0xff, 0xff, 0x2f, 0xde, 0xfb, 0xff,
    0x31, 0xe5, 0xff, 0xff, 0x30, 0xe0, 0xfd, 0xff, 0x30, 0xe0, 0xfd, 0xff, 0x31, 0xe5, 0xff, 0xff,
    0x2f, 0xdf, 0xfb, 0xff, 0x35, 0xda, 0xfe, 0xff, 0x45, 0xb9, 0xf8, 0xff, 0x4d, 0xa6, 0xf4, 0xff,
    0x43, 0xaf, 0xf5, 0xfb, 0x2d, 0xc2, 0xff, 0xff, 0x0c, 0x9a, 0xed, 0x68, 0x00, 0x00, 0x00, 0x00,
    0x00, 0x00, 0xff, 0x01, 0x22, 0xb3, 0xf4, 0x95, 0x38, 0xcc, 0xff, 0xff, 0x52, 0xa5, 0xf5, 0xfb,
    0x42, 0x63, 0xeb, 0xff, 0x34, 0x46, 0xd8, 0xff, 0x35, 0x9e, 0xea, 0xff, 0x30, 0xe5, 0xfd, 0xff,
    0x2f, 0xda, 0xf8, 0xff, 0x2f, 0xdd, 0xfa, 0xff, 0x2f, 0xdd, 0xfa, 0xff, 0x2f, 0xdc, 0xf9, 0xff,
    0x2e, 0xdf, 0xfb, 0xff, 0x3d, 0xca, 0xfc, 0xff, 0x56, 0xaa, 0xff, 0xff, 0x5d, 0x90, 0xf2, 0xff,
    0x53, 0x9d, 0xf1, 0xfb, 0x37, 0xbe, 0xff, 0xff, 0x0c, 0x9e, 0xf0, 0x7a, 0x00, 0x00, 0x00, 0x00,
    0x00, 0x00, 0x00, 0x00, 0x25, 0x70, 0xf0, 0x9e, 0x33, 0x77, 0xee, 0xff, 0x3c, 0x6e, 0xea, 0xfb,
    0x34, 0x3e, 0xf7, 0xff, 0x34, 0x38, 0xf0, 0xff, 0x2c, 0x3c, 0xd5, 0xff, 0x32, 0xe0, 0xff, 0xff,
    0x33, 0xf0, 0xff, 0xff, 0x32, 0xec, 0xff, 0xff, 0x32, 0xec, 0xff, 0xff, 0x32, 0xed, 0xff, 0xff,
    0x31, 0xed, 0xff, 0xff, 0x39, 0xc9, 0xf5, 0xff, 0x31, 0x69, 0xa0, 0xff, 0x2d, 0x54, 0x89, 0xff,
    0x52, 0xa6, 0xf8, 0xfb, 0x33, 0xbe, 0xff, 0xff, 0x08, 0x9b, 0xef, 0x76, 0x00, 0x00, 0x00, 0x00,
    0x27, 0x35, 0xf0, 0x34, 0x59, 0x60, 0xfa, 0xf4, 0x41, 0x43, 0xf0, 0xfe, 0x2b, 0x30, 0xdd, 0xfe,
    0x37, 0x44, 0xf3, 0xff, 0x38, 0x48, 0xf9, 0xff, 0x30, 0x35, 0xdc, 0xff, 0x19, 0x58, 0x83, 0xff,
    0x1f, 0x8d, 0xa3, 0xff, 0x23, 0x9c, 0xb8, 0xff, 0x23, 0x9c, 0xb7, 0xff, 0x20, 0x8b, 0xa4, 0xff,
    0x18, 0x62, 0x7c, 0xff, 0x0e, 0x2e, 0x43, 0xff, 0x10, 0x41, 0x56, 0xff, 0x3a, 0xa0, 0xdb, 0xff,
    0x3c, 0xbc, 0xfb, 0xfb, 0x26, 0xc0, 0xff, 0xff, 0x02, 0x90, 0xeb, 0x5c, 0x00, 0x00, 0x00, 0x00,
    0x2a, 0x36, 0xef, 0x54, 0x73, 0x80, 0xff, 0xff, 0x4e, 0x5d, 0xf7, 0xfb, 0x32, 0x40, 0xf5, 0xff,
    0x36, 0x43, 0xf3, 0xff, 0x37, 0x43, 0xf8, 0xff, 0x2f, 0x3f, 0xdc, 0xff, 0x0f, 0x30, 0x4d, 0xff,
    0x09, 0x14, 0x2a, 0xff, 0x08, 0x13, 0x2a, 0xff, 0x08, 0x13, 0x29, 0xff, 0x09, 0x14, 0x2c, 0xff,
    0x0e, 0x32, 0x45, 0xff, 0x18, 0x74, 0x94, 0xff, 0x2c, 0xc9, 0xf6, 0xff, 0x31, 0xd9, 0xff, 0xff,
    0x2e, 0xc6, 0xf8, 0xfe, 0x1c, 0xaf, 0xf7, 0xff, 0x00, 0x7c, 0xe7, 0x2b, 0x01, 0x00, 0x00, 0x00,
    0x00, 0x12, 0xec, 0x0e, 0x4c, 0x58, 0xf7, 0xd5, 0x4d, 0x59, 0xff, 0xff, 0x32, 0x3d, 0xf2, 0xfb,
    0x36, 0x48, 0xf5, 0xff, 0x36, 0x38, 0xf3, 0xff, 0x2f, 0x75, 0xeb, 0xff, 0x2d, 0xdf, 0xf4, 0xff,
    0x27, 0xaf, 0xcd, 0xff, 0x22, 0x9a, 0xb4, 0xff, 0x22, 0x99, 0xb4, 0xff, 0x28, 0xb6, 0xcd, 0xff,
    0x2c, 0xbe, 0xf2, 0xff, 0x4e, 0x7c, 0xff, 0xff, 0x4a, 0x60, 0xf6, 0xff, 0x29, 0x97, 0xeb, 0xfc,
    0x2c, 0xd7, 0xff, 0xff, 0x0c, 0x9c, 0xee, 0xc9, 0x00, 0x00, 0xaa, 0x03, 0xff, 0xff, 0xff, 0x01,
    0x00, 0x00, 0x00, 0x00, 0x22, 0x2a, 0xee, 0x1e, 0x33, 0x45, 0xf8, 0xb7, 0x39, 0x4b, 0xff, 0xff,
    0x37, 0x37, 0xf4, 0xfb, 0x35, 0x3c, 0xf0, 0xff, 0x2e, 0xb8, 0xf4, 0xff, 0x2f, 0xe1, 0xff, 0xff,
    0x31, 0xe5, 0xff, 0xff, 0x32, 0xea, 0xff, 0xff, 0x33, 0xe9, 0xff, 0xff, 0x2e, 0xed, 0xff, 0xff,
    0x3e, 0x86, 0xfb, 0xff, 0x79, 0x73, 0xfc, 0xff, 0x4b, 0x4e, 0xf5, 0xff, 0x2a, 0x4a, 0xda, 0xfb,
    0x28, 0xa5, 0xff, 0xff, 0x0e, 0x6b, 0xe4, 0x6b, 0x00, 0x00, 0x00, 0x00, 0x00, 0x7f, 0xff, 0x04,
    0x00, 0x00, 0xff, 0x02, 0x00, 0x00, 0x00, 0x00, 0x00, 0x04, 0x00, 0x00, 0x20, 0x8e, 0xf4, 0xbf,
    0x33, 0x8d, 0xff, 0xff, 0x30, 0x91, 0xf3, 0xfa, 0x2c, 0xd2, 0xf9, 0xfd, 0x2d, 0xce, 0xf9, 0xff,
    0x2d, 0xd1, 0xf9, 0xff, 0x2e, 0xd2, 0xf8, 0xff, 0x2e, 0xd2, 0xf8, 0xff, 0x2b, 0xd4, 0xf8, 0xff,
    0x3c, 0x6d, 0xf6, 0xff, 0x46, 0x4d, 0xf7, 0xff, 0x30, 0x3f, 0xf1, 0xff, 0x32, 0x3c, 0xe4, 0xfe,
    0x38, 0x41, 0xf9, 0xfe, 0x34, 0x38, 0xea, 0xe9, 0x28, 0x22, 0xbf, 0x2c, 0x00, 0x00, 0x00, 0x00,
    0x00, 0x00, 0x00, 0x00, 0x00, 0x55, 0xff, 0x03, 0x00, 0x00, 0xff, 0x01, 0x00, 0xaf, 0xdf, 0x10,
    0x17, 0xb3, 0xf5, 0xba, 0x28, 0xce, 0xff, 0xff, 0x2f, 0xcb, 0xff, 0xff, 0x2e, 0xcb, 0xf8, 0xfd,
    0x2d, 0xcd, 0xf9, 0xfb, 0x2d, 0xce, 0xf9, 0xfb, 0x2d, 0xcd, 0xf9, 0xfb, 0x2e, 0xd7, 0xf9, 0xfb,
    0x33, 0x71, 0xf5, 0xfd, 0x34, 0x37, 0xf3, 0xff, 0x37, 0x46, 0xf4, 0xff, 0x36, 0x44, 0xf5, 0xff,
    0x36, 0x44, 0xf5, 0xf9, 0x37, 0x43, 0xff, 0xff, 0x28, 0x28, 0xc3, 0x78, 0x00, 0x00, 0x00, 0x00,
    0x00, 0x00, 0x00, 0x00, 0x00, 0x00, 0x00, 0x00, 0x00, 0xff, 0xff, 0x01, 0x00, 0x00, 0x00, 0x00,
    0x00, 0x00, 0x00, 0x02, 0x0b, 0x94, 0xf1, 0x71, 0x19, 0xae, 0xf8, 0xdd, 0x23, 0xbe, 0xff, 0xff,
    0x29, 0xca, 0xff, 0xff, 0x2b, 0xce, 0xff, 0xff, 0x2a, 0xcb, 0xff, 0xff, 0x24, 0xce, 0xff, 0xff,
    0x27, 0x89, 0xfe, 0xff, 0x38, 0x3c, 0xf4, 0xff, 0x35, 0x44, 0xf3, 0xfd, 0x36, 0x44, 0xf4, 0xff,
    0x39, 0x48, 0xff, 0xff, 0x31, 0x37, 0xe9, 0xff, 0x23, 0x23, 0xbb, 0x40, 0x00, 0x00, 0x00, 0x00,
    0x00, 0x00, 0x00, 0x00, 0x00, 0x00, 0x00, 0x00, 0x00, 0x00, 0x00, 0x00, 0x00, 0xff, 0xff, 0x01,
    0x00, 0x01, 0x00, 0x00, 0x00, 0x00, 0x00, 0x00, 0x00, 0x38, 0xe2, 0x09, 0x00, 0x8c, 0xef, 0x43,
    0x08, 0x97, 0xef, 0x74, 0x0a, 0x9a, 0xef, 0x90, 0x07, 0x95, 0xee, 0x8f, 0x00, 0x92, 0xea, 0x6e,
    0x0d, 0x72, 0xee, 0x4e, 0x36, 0x41, 0xf3, 0xf6, 0x39, 0x46, 0xff, 0xff, 0x34, 0x3f, 0xf0, 0xfc,
    0x30, 0x36, 0xe4, 0xd6, 0x26, 0x26, 0xbf, 0x5d, 0x00, 0x00, 0x00, 0x00, 0x00, 0x00, 0x7f, 0x02,
    0x00, 0x00, 0x00, 0x00, 0x00, 0x00, 0x00, 0x00, 0x00, 0x00, 0x00, 0x00, 0x00, 0x00, 0x00, 0x00,
    0x00, 0x00, 0xff, 0x01, 0x00, 0x7f, 0xbf, 0x04, 0x01, 0x00, 0x00, 0x00, 0x00, 0x00, 0x00, 0x00,
    0x00, 0x00, 0x00, 0x00, 0x00, 0x00, 0x00, 0x00, 0x00, 0x00, 0x00, 0x00, 0x00, 0x00, 0x00, 0x00,
    0x00, 0x00, 0x00, 0x00, 0x34, 0x3e, 0xee, 0x4d, 0x32, 0x3a, 0xec, 0x60, 0x29, 0x29, 0xd0, 0x37,
    0x00, 0x00, 0x48, 0x07, 0x00, 0x00, 0x00, 0x00, 0x00, 0x00, 0xff, 0x01, 0x00, 0x00, 0x00, 0x00,
};

static const lv_image_dsc_t emoji_img_15 = {
    .header = {
        .magic = LV_IMAGE_HEADER_MAGIC,
        .cf = LV_COLOR_FORMAT_ARGB8888,
        .flags = 0,
        .w = 20,
        .h = 20,
        .stride = 20 * 4,
        .reserved_2 = 0,
    },
    .data_size = sizeof(emoji_img_15_data),
    .data = emoji_img_15_data,
    .reserved = NULL,
    .reserved_2 = NULL,
};

// LVGL image: emoji_img_16 (20x20 ARGB8888, BGRA byte order)
static const uint8_t emoji_img_16_data[] = {
    0x00, 0x00, 0x00, 0x00, 0x00, 0x00, 0x00, 0x00, 0x00, 0x00, 0x00, 0x00, 0x00, 0x00, 0x00, 0x00,
    0x00, 0x00, 0x00, 0x00, 0x00, 0x00, 0x00, 0x00, 0x00, 0x00, 0x00, 0x00, 0x00, 0x00, 0x00, 0x00,
    0x00, 0x00, 0x00, 0x00, 0x00, 0x00, 0x00, 0x00, 0x00, 0x00, 0x00, 0x00, 0x00, 0x00, 0x00, 0x00,
    0x00, 0x00, 0x00, 0x00, 0x00, 0x00, 0x00, 0x00, 0x00, 0x00, 0x00, 0x00, 0x00, 0x00, 0x00, 0x00,
    0x00, 0x00, 0x00, 0x00, 0x00, 0x00, 0x00, 0x00, 0x00, 0x00, 0x00, 0x00, 0x00, 0x00, 0x00, 0x00,
    0x00, 0x00, 0x00, 0x00, 0x00, 0x00, 0x00, 0x00, 0x00, 0x00, 0x00, 0x00, 0x00, 0x00, 0x00, 0x00,
    0x00, 0x00, 0x00, 0x00, 0x00, 0x00, 0x00, 0x00, 0x00, 0x00, 0x00, 0x00, 0x00, 0xff, 0xff, 0x01,
    0x00, 0x00, 0x00, 0x00, 0x00, 0x93, 0xff, 0x13, 0x0c, 0xb6, 0xfc, 0xb1, 0x16, 0x90, 0xdd, 0x91,
    0x00, 0x00, 0x55, 0x06, 0x00, 0xff, 0xff, 0x01, 0x00, 0x00, 0x00, 0x01, 0x00, 0x00, 0x00, 0x00,
    0x00, 0x00, 0x00, 0x00, 0x00, 0x00, 0x00, 0x00, 0x00, 0x00, 0x00, 0x00, 0x00, 0x00, 0x00, 0x00,
    0x00, 0x00, 0x00, 0x00, 0x00, 0x00, 0x00, 0x00, 0x00, 0x00, 0x00, 0x00, 0x00, 0x00, 0x00, 0x00,
    0x00, 0x00, 0x00, 0x00, 0x00, 0x00, 0x00, 0x00, 0x00, 0x00, 0x00, 0x00, 0x00, 0xaa, 0xff, 0x03,
    0x00, 0x00, 0x00, 0x00, 0x00, 0xa3, 0xf6, 0x3d, 0x22, 0xd5, 0xff, 0xff, 0x2c, 0xd1, 0xff, 0xff,
    0x1a, 0x77, 0xc4, 0x69, 0x00, 0x00, 0x00, 0x00, 0x00, 0x7f, 0xbf, 0x04, 0x00, 0x00, 0x00, 0x00,
    0x00, 0x00, 0x00, 0x00, 0x00, 0x00, 0x00, 0x00, 0x00, 0x00, 0x00, 0x00, 0x00, 0x00, 0x00, 0x00,
    0x00, 0x00, 0x00, 0x00, 0x00, 0x00, 0x00, 0x00, 0x00, 0x00, 0x00, 0x00, 0x00, 0x00, 0x00, 0x00,
    0x00, 0x00, 0x00, 0x00, 0x00, 0x00, 0x00, 0x00, 0x00, 0x00, 0x00, 0x00, 0x00, 0xaa, 0xff, 0x03,
    0x00, 0x00, 0x00, 0x00, 0x0b, 0x89, 0xdf, 0x41, 0x23, 0xc4, 0xff, 0xfc, 0x2b, 0xd9, 0xff, 0xfc,
    0x20, 0x97, 0xdd, 0xbc, 0x00, 0x00, 0x00, 0x00, 0x00, 0xff, 0xff, 0x02, 0x00, 0x00, 0x00, 0x00,
    0x00, 0x00, 0x00, 0x00, 0x00, 0x00, 0x00, 0x00, 0x00, 0x00, 0x00, 0x00, 0x00, 0x00, 0x00, 0x00,
    0x00, 0x00, 0x00, 0x00, 0x00, 0x00, 0x00, 0x00, 0x00, 0x00, 0x00, 0x00, 0x00, 0x00, 0x00, 0x00,
    0x00, 0x00, 0x00, 0x00, 0x00, 0x00, 0x00, 0x00, 0x00, 0x00, 0x00, 0x00, 0x00, 0x7f, 0xbf, 0x04,
    0x00, 0x7f, 0xff, 0x02, 0x18, 0x73, 0xc3, 0x52, 0x27, 0xc5, 0xff, 0xff, 0x2a, 0xd5, 0xfe, 0xff,
    0x20, 0x92, 0xd8, 0xcf, 0x00, 0x00, 0x00, 0x00, 0x00, 0x02, 0x01, 0x00, 0x00, 0x00, 0x00, 0x00,
    0x00, 0x00, 0x00, 0x00, 0x00, 0x00, 0x00, 0x00, 0x00, 0x00, 0x00, 0x00, 0x00, 0x00, 0x00, 0x00,
    0x00, 0x00, 0x00, 0x00, 0x00, 0x00, 0x00, 0x00, 0x00, 0x00, 0x00, 0x00, 0x00, 0x00, 0x00, 0x00,
    0x00, 0x00, 0x00, 0x00, 0x00, 0x00, 0x00, 0x00, 0x00, 0x00, 0x00, 0x00, 0x00, 0xbf, 0xff, 0x04,
    0x00, 0x00, 0x00, 0x00, 0x1d, 0x80, 0xce, 0xae, 0x2a, 0xd1, 0xff, 0xff, 0x29, 0xcf, 0xff, 0xff,
    0x1b, 0x7a, 0xca, 0xb3, 0x00, 0xbf, 0xff, 0x04, 0x00, 0xb6, 0xff, 0x07, 0x00, 0xaa, 0xff, 0x03,
    0x00, 0xff, 0xff, 0x01, 0x00, 0x00, 0x00, 0x00, 0x00, 0x00, 0x00, 0x00, 0x00, 0x00, 0x00, 0x00,
    0x00, 0x00, 0x00, 0x00, 0x00, 0x00, 0x00, 0x00, 0x00, 0x00, 0x00, 0x00, 0x00, 0x00, 0x00, 0x00,
    0x00, 0x00, 0x00, 0x00, 0x00, 0x00, 0x00, 0x00, 0x00, 0x7f, 0xbf, 0x04, 0x00, 0x00, 0x00, 0x00,
    0x19, 0x66, 0xbb, 0x78, 0x26, 0xbb, 0xf8, 0xff, 0x29, 0xd5, 0xff, 0xfa, 0x26, 0xb7, 0xf8, 0xff,
    0x1c, 0x42, 0x9f, 0x50, 0x00, 0x00, 0x00, 0x00, 0x00, 0x00, 0x00, 0x00, 0x00, 0x00, 0x00, 0x00,
    0x00, 0x00, 0x00, 0x00, 0x00, 0xff, 0xff, 0x01, 0x00, 0x00, 0x00, 0x00, 0x00, 0x00, 0x00, 0x00,
    0x00, 0x00, 0x00, 0x00, 0x00, 0x00, 0x00, 0x00, 0x00, 0x00, 0x00, 0x00, 0x00, 0x00, 0x00, 0x00,
    0x00, 0x00, 0x00, 0x00, 0x00, 0x55, 0xaa, 0x03, 0x00, 0x00, 0x00, 0x00, 0x18, 0x60, 0xb6, 0x74,
    0x26, 0xb8, 0xf8, 0xff, 0x29, 0xd1, 0xff, 0xfb, 0x29, 0xcf, 0xff, 0xfe, 0x1f, 0x94, 0xdb, 0xfc,
    0x01, 0x90, 0xe7, 0x8d, 0x01, 0xa5, 0xf7, 0x83, 0x00, 0x99, 0xee, 0x6e, 0x00, 0x98, 0xef, 0x43,
    0x00, 0x7f, 0xff, 0x08, 0x00, 0x00, 0x00, 0x00, 0x00, 0x00, 0xff, 0x01, 0x00, 0x00, 0x00, 0x00,
    0x00, 0x00, 0x00, 0x00, 0x00, 0x00, 0x00, 0x00, 0x00, 0x00, 0x00, 0x00, 0x00, 0x00, 0xff, 0x01,
    0x00, 0x7f, 0xbf, 0x04, 0x00, 0xff, 0xff, 0x02, 0x14, 0x3e, 0xa1, 0x31, 0x23, 0xa2, 0xe7, 0xfe,
    0x29, 0xd6, 0xff, 0xfc, 0x27, 0xc6, 0xfc, 0xfe, 0x2a, 0xd0, 0xff, 0xff, 0x1d, 0x8e, 0xd8, 0xff,
    0x09, 0x8f, 0xec, 0xff, 0x11, 0x8c, 0xe5, 0xff, 0x1a, 0x97, 0xe8, 0xff, 0x1d, 0xb6, 0xfa, 0xff,
    0x10, 0xb8, 0xfc, 0xd5, 0x00, 0x95, 0xf6, 0x1d, 0x00, 0xff, 0xff, 0x01, 0x00, 0x7f, 0xff, 0x02,
    0x00, 0x00, 0x00, 0x00, 0x00, 0x00, 0x00, 0x00, 0x00, 0x00, 0xff, 0x01, 0x00, 0x00, 0x00, 0x00,
    0x00, 0x00, 0x00, 0x00, 0x00, 0x00, 0x00, 0x00, 0x1c, 0x79, 0xc7, 0xb3, 0x29, 0xd1, 0xff, 0xff,
    0x28, 0xcb, 0xff, 0xfb, 0x27, 0xc9, 0xff, 0xff, 0x2a, 0xce, 0xff, 0xff, 0x1a, 0x99, 0xe1, 0xff,
    0x00, 0x9e, 0xf5, 0xfc, 0x1a, 0xbc, 0xfc, 0xfb, 0x2c, 0xd0, 0xff, 0xfb, 0x2d, 0xd1, 0xff, 0xf9,
    0x24, 0xda, 0xff, 0xff, 0x00, 0xa7, 0xf9, 0x60, 0x00, 0x00, 0x00, 0x00, 0x00, 0xbf, 0xff, 0x04,
    0x00, 0x00, 0x00, 0x00, 0x00, 0x00, 0x00, 0x00, 0x00, 0x00, 0x00, 0x00, 0x00, 0x3f, 0xff, 0x04,
    0x00, 0xa2, 0xff, 0x16, 0x08, 0x65, 0xc5, 0x5d, 0x21, 0xac, 0xee, 0xfd, 0x29, 0xd1, 0xff, 0xfd,
    0x28, 0xc8, 0xfe, 0xff, 0x28, 0xc9, 0xfe, 0xff, 0x29, 0xd0, 0xff, 0xff, 0x1e, 0x8e, 0xd7, 0xff,
    0x05, 0x8c, 0xe4, 0xff, 0x1a, 0xbe, 0xfc, 0xff, 0x29, 0xc6, 0xfb, 0xff, 0x27, 0xc0, 0xf7, 0xfd,
    0x1b, 0xb7, 0xf6, 0xfc, 0x00, 0xa0, 0xf6, 0x3e, 0x00, 0x00, 0x00, 0x00, 0x00, 0xaa, 0xff, 0x03,
    0x00, 0xff, 0xff, 0x01, 0x00, 0x00, 0x00, 0x00, 0x17, 0xb9, 0xff, 0x16, 0x08, 0xaf, 0xfb, 0xd3,
    0x09, 0xaf, 0xfc, 0xf2, 0x16, 0xb9, 0xff, 0xff, 0x28, 0xcc, 0xff, 0xff, 0x28, 0xca, 0xff, 0xff,
    0x28, 0xca, 0xff, 0xff, 0x28, 0xc8, 0xfe, 0xff, 0x29, 0xd1, 0xff, 0xff, 0x1d, 0x83, 0xcf, 0xff,
    0x0b, 0x7a, 0xd3, 0xff, 0x13, 0x94, 0xe1, 0xff, 0x23, 0x9c, 0xdf, 0xff, 0x21, 0x9b, 0xde, 0xfc,
    0x20, 0xb3, 0xf1, 0xfe, 0x07, 0xae, 0xfb, 0x8f, 0x00, 0x00, 0x00, 0x00, 0x00, 0xaa, 0xff, 0x03,
    0x00, 0xaa, 0xff, 0x03, 0x00, 0x00, 0x00, 0x00, 0x28, 0xc8, 0xff, 0x38, 0x29, 0xd5, 0xff, 0xff,
    0x29, 0xcc, 0xff, 0xff, 0x2a, 0xcd, 0xff, 0xfd, 0x28, 0xca, 0xfe, 0xff, 0x28, 0xca, 0xff, 0xff,
    0x28, 0xc9, 0xff, 0xff, 0x28, 0xcf, 0xff, 0xff, 0x28, 0xbb, 0xf4, 0xff, 0x16, 0x71, 0xc6, 0xff,
    0x00, 0xab, 0xff, 0xff, 0x1c, 0xc7, 0xff, 0xff, 0x2b, 0xd2, 0xff, 0xff, 0x28, 0xd3, 0xff, 0xfb,
    0x2c, 0xe0, 0xff, 0xff, 0x0d, 0xb3, 0xfc, 0xc0, 0x00, 0x00, 0x00, 0x00, 0x00, 0xff, 0xff, 0x03,
    0x00, 0xff, 0xff, 0x03, 0x00, 0x00, 0x00, 0x00, 0x27, 0xc8, 0xff, 0x41, 0x2a, 0xd2, 0xff, 0xfd,
    0x28, 0xc9, 0xff, 0xfc, 0x28, 0xc9, 0xff, 0xff, 0x28, 0xca, 0xff, 0xff, 0x28, 0xca, 0xff, 0xff,
    0x28, 0xcb, 0xfe, 0xff, 0x28, 0xc2, 0xf7, 0xff, 0x16, 0x90, 0xdd, 0xff, 0x08, 0x8c, 0xe1, 0xff,
    0x0e, 0x7a, 0xd1, 0xff, 0x19, 0xa9, 0xed, 0xff, 0x26, 0xb9, 0xf2, 0xff, 0x26, 0xb6, 0xf0, 0xfd,
    0x1a, 0xb2, 0xf1, 0xfb, 0x03, 0xa5, 0xf8, 0x4a, 0x00, 0x00, 0x00, 0x00, 0x00, 0xaa, 0xff, 0x03,
    0x00, 0xaa, 0xff, 0x03, 0x00, 0x00, 0x00, 0x00, 0x26, 0xc7, 0xff, 0x3c, 0x29, 0xd1, 0xff, 0xff,
    0x28, 0xca, 0xff, 0xfd, 0x28, 0xca, 0xff, 0xff, 0x28, 0xca, 0xff, 0xff, 0x28, 0xca, 0xff, 0xff,
    0x27, 0xca, 0xff, 0xff, 0x2a, 0xc5, 0xfb, 0xff, 0x12, 0xb9, 0xfd, 0xff, 0x04, 0x93, 0xe9, 0xff,
    0x08, 0x8d, 0xe2, 0xff, 0x14, 0x9b, 0xe6, 0xff, 0x24, 0xa5, 0xe5, 0xff, 0x25, 0xac, 0xea, 0xfc,
    0x1c, 0xbb, 0xf5, 0xfb, 0x00, 0xa6, 0xfb, 0x4b, 0x00, 0x00, 0x00, 0x00, 0x00, 0xaa, 0xff, 0x03,
    0x00, 0xaa, 0xff, 0x03, 0x00, 0x00, 0x00, 0x00, 0x27, 0xc6, 0xff, 0x2d, 0x28, 0xcb, 0xff, 0xfd,
    0x28, 0xc8, 0xfd, 0xfd, 0x28, 0xc9, 0xfd, 0xfd, 0x28, 0xc8, 0xfd, 0xfe, 0x28, 0xc8, 0xfd, 0xfe,
    0x28, 0xc9, 0xfe, 0xff, 0x29, 0xcb, 0xff, 0xff, 0x23, 0xcb, 0xff, 0xff, 0x0a, 0x96, 0xe7, 0xff,
    0x04, 0x90, 0xe7, 0xff, 0x1b, 0xcb, 0xff, 0xff, 0x2c, 0xd7, 0xff, 0xff, 0x2c, 0xd5, 0xff, 0xfc,
    0x21, 0xd9, 0xff, 0xff, 0x00, 0xa3, 0xf9, 0x59, 0x00, 0x00, 0x00, 0x00, 0x00, 0xbf, 0xff, 0x04,
    0x00, 0x7f, 0xff, 0x02, 0x00, 0x00, 0x00, 0x00, 0x21, 0xc7, 0xff, 0x17, 0x28, 0xca, 0xff, 0xfd,
    0x2a, 0xd8, 0xff, 0xff, 0x2a, 0xd3, 0xff, 0xff, 0x29, 0xd3, 0xff, 0xff, 0x29, 0xd2, 0xff, 0xff,
    0x28, 0xd0, 0xff, 0xfb, 0x27, 0xc9, 0xff, 0xfc, 0x2a, 0xce, 0xff, 0xfc, 0x19, 0xb4, 0xf5, 0xfd,
    0x0d, 0x71, 0xca, 0xfc, 0x14, 0x8f, 0xdb, 0xfd, 0x23, 0xa5, 0xe5, 0xfc, 0x1e, 0xaf, 0xef, 0xfc,
    0x0a, 0xac, 0xf8, 0x97, 0x00, 0x7f, 0xe5, 0x0a, 0x00, 0x7f, 0x7f, 0x02, 0x00, 0x00, 0xff, 0x01,
    0x00, 0x00, 0x00, 0x00, 0x00, 0x00, 0xff, 0x01, 0x00, 0x7f, 0xff, 0x02, 0x13, 0xb3, 0xf8, 0x9e,
    0x19, 0xa7, 0xee, 0xd5, 0x1b, 0x9b, 0xe2, 0xde, 0x1d, 0x91, 0xd8, 0xe8, 0x20, 0x8c, 0xd5, 0xf6,
    0x27, 0xc0, 0xff, 0xff, 0x2a, 0xd0, 0xff, 0xff, 0x2a, 0xd9, 0xff, 0xff, 0x2a, 0xbe, 0xfb, 0xff,
    0x06, 0x96, 0xf1, 0xff, 0x11, 0xbe, 0xff, 0xff, 0x2e, 0xc3, 0xf8, 0xff, 0x1f, 0xc7, 0xff, 0xff,
    0x00, 0xa0, 0xfa, 0x36, 0x00, 0x00, 0x00, 0x00, 0x00, 0xaa, 0xff, 0x03, 0x00, 0x00, 0x00, 0x00,
    0x00, 0x00, 0x00, 0x00, 0x00, 0x00, 0x00, 0x00, 0x00, 0x00, 0x00, 0x00, 0x00, 0x00, 0x00, 0x00,
    0x00, 0x00, 0x00, 0x00, 0x00, 0x00, 0x00, 0x06, 0x00, 0x00, 0x45, 0x0b, 0x11, 0x22, 0x88, 0x1e,
    0x18, 0x60, 0xb9, 0x6a, 0x1d, 0x7a, 0xc9, 0xa6, 0x1e, 0x86, 0xd2, 0xc3, 0x1e, 0x84, 0xcf, 0xca,
    0x13, 0x6a, 0xc2, 0xb8, 0x10, 0x9e, 0xeb, 0xd4, 0x1d, 0xc6, 0xff, 0xe8, 0x10, 0xb9, 0xff, 0xbb,
    0x00, 0x9f, 0xff, 0x18, 0x00, 0xff, 0xff, 0x01, 0x00, 0xff, 0xff, 0x01, 0x00, 0x00, 0x00, 0x00,
    0x00, 0x00, 0x00, 0x00, 0x00, 0x00, 0x00, 0x00, 0x00, 0x00, 0x00, 0x00, 0x00, 0xff, 0xff, 0x02,
    0x00, 0x02, 0x01, 0x00, 0x00, 0x01, 0x00, 0x00, 0x00, 0x01, 0x00, 0x00, 0x00, 0x00, 0x00, 0x00,
    0x00, 0x00, 0x00, 0x00, 0x00, 0x00, 0x00, 0x00, 0x00, 0x00, 0x00, 0x00, 0x00, 0x00, 0x00, 0x00,
    0x00, 0x00, 0x00, 0x00, 0x3f, 0x00, 0x00, 0x04, 0x00, 0x71, 0xe2, 0x12, 0x00, 0x00, 0x00, 0x00,
    0x00, 0x00, 0x00, 0x00, 0x00, 0x00, 0x00, 0x00, 0x00, 0x00, 0x00, 0x00, 0x00, 0x00, 0x00, 0x00,
};

static const lv_image_dsc_t emoji_img_16 = {
    .header = {
        .magic = LV_IMAGE_HEADER_MAGIC,
        .cf = LV_COLOR_FORMAT_ARGB8888,
        .flags = 0,
        .w = 20,
        .h = 20,
        .stride = 20 * 4,
        .reserved_2 = 0,
    },
    .data_size = sizeof(emoji_img_16_data),
    .data = emoji_img_16_data,
    .reserved = NULL,
    .reserved_2 = NULL,
};

// LVGL image: emoji_img_17 (20x20 ARGB8888, BGRA byte order)
static const uint8_t emoji_img_17_data[] = {
    0x00, 0x00, 0x00, 0x00, 0x00, 0x00, 0x00, 0x00, 0x00, 0x00, 0x00, 0x00, 0x00, 0xbf, 0xbf, 0x04,
    0x00, 0xbf, 0xff, 0x04, 0x00, 0xff, 0xff, 0x03, 0x00, 0xff, 0xff, 0x02, 0x00, 0x01, 0x00, 0x00,
    0x00, 0x00, 0x00, 0x00, 0x00, 0x00, 0x00, 0x00, 0x00, 0x00, 0x00, 0x00, 0x00, 0x00, 0x00, 0x00,
    0x00, 0x00, 0x00, 0x00, 0x00, 0x00, 0x00, 0x00, 0x00, 0x00, 0x00, 0x00, 0x00, 0x00, 0x00, 0x00,
    0x00, 0x00, 0x00, 0x00, 0x00, 0x00, 0x00, 0x00, 0x00, 0x00, 0x00, 0x00, 0x00, 0x00, 0x00, 0x00,
    0x00, 0x00, 0x00, 0x00, 0x00, 0x00, 0x00, 0x00, 0x00, 0x00, 0x00, 0x00, 0x00, 0x00, 0x00, 0x00,
    0x00, 0x00, 0x00, 0x00, 0x00, 0x00, 0x00, 0x00, 0x00, 0x00, 0x00, 0x00, 0x00, 0x00, 0x00, 0x02,
    0x15, 0x41, 0xa7, 0x3a, 0x1a, 0x66, 0xbc, 0x73, 0x1b, 0x73, 0xc4, 0x94, 0x1c, 0x75, 0xc6, 0x9a,
    0x18, 0x60, 0xb6, 0x89, 0x10, 0x8f, 0xdf, 0xa9, 0x16, 0xbe, 0xfd, 0xc1, 0x0c, 0xb3, 0xfd, 0x8d,
    0x00, 0x9c, 0xeb, 0x0d, 0x00, 0xff, 0xff, 0x01, 0x00, 0x00, 0xff, 0x01, 0x00, 0x00, 0x00, 0x00,
    0x00, 0x00, 0x00, 0x00, 0x00, 0x00, 0xff, 0x01, 0x00, 0x00, 0x00, 0x00, 0x0d, 0xaa, 0xf6, 0x73,
    0x16, 0x96, 0xe2, 0xa9, 0x19, 0x89, 0xd5, 0xb4, 0x1a, 0x80, 0xcd, 0xbd, 0x1c, 0x7b, 0xc9, 0xd5,
    0x23, 0xa8, 0xeb, 0xff, 0x28, 0xc4, 0xff, 0xff, 0x29, 0xd2, 0xff, 0xff, 0x2a, 0xbb, 0xfc, 0xff,
    0x08, 0x94, 0xf1, 0xff, 0x11, 0xc8, 0xff, 0xff, 0x2f, 0xd4, 0xff, 0xff, 0x20, 0xd1, 0xff, 0xff,
    0x00, 0xa5, 0xfa, 0x36, 0x00, 0x00, 0x00, 0x00, 0x00, 0xaa, 0xff, 0x03, 0x00, 0x00, 0x00, 0x00,
    0x00, 0xff, 0xff, 0x01, 0x00, 0x00, 0x00, 0x00, 0x1c, 0xc6, 0xff, 0x12, 0x25, 0xc7, 0xff, 0xfb,
    0x29, 0xd9, 0xff, 0xff, 0x29, 0xd4, 0xff, 0xff, 0x29, 0xd2, 0xff, 0xff, 0x29, 0xcf, 0xff, 0xff,
    0x29, 0xd1, 0xff, 0xfe, 0x28, 0xcd, 0xff, 0xfb, 0x2a, 0xd1, 0xff, 0xfb, 0x1d, 0xb5, 0xf5, 0xfb,
    0x0b, 0x77, 0xd0, 0xfb, 0x12, 0x8e, 0xdd, 0xfb, 0x23, 0x9f, 0xe0, 0xfb, 0x1d, 0xab, 0xeb, 0xfc,
    0x04, 0xa6, 0xf8, 0x73, 0x00, 0x00, 0xff, 0x01, 0x00, 0x7f, 0xff, 0x02, 0x00, 0x00, 0x00, 0x00,
    0x00, 0xff, 0xff, 0x02, 0x00, 0x00, 0x00, 0x00, 0x23, 0xc3, 0xf9, 0x2b, 0x28, 0xcc, 0xff, 0xfb,
    0x28, 0xcb, 0xff, 0xfb, 0x28, 0xca, 0xff, 0xfb, 0x28, 0xca, 0xff, 0xfc, 0x28, 0xca, 0xff, 0xfd,
    0x28, 0xc8, 0xfe, 0xff, 0x28, 0xca, 0xfe, 0xff, 0x26, 0xcb, 0xfe, 0xff, 0x0b, 0x9d, 0xec, 0xff,
    0x07, 0x83, 0xdb, 0xff, 0x1a, 0xbf, 0xfd, 0xff, 0x2b, 0xd3, 0xff, 0xff, 0x2a, 0xd2, 0xff, 0xfc,
    0x1d, 0xcd, 0xff, 0xff, 0x00, 0xa4, 0xf8, 0x49, 0x00, 0x00, 0x00, 0x00, 0x00, 0xaa, 0xff, 0x03,
    0x00, 0xaa, 0xff, 0x03, 0x00, 0x00, 0x00, 0x00, 0x26, 0xc7, 0xff, 0x3c, 0x29, 0xd1, 0xff, 0xff,
    0x28, 0xc9, 0xff, 0xfe, 0x28, 0xca, 0xff, 0xff, 0x28, 0xca, 0xff, 0xff, 0x28, 0xca, 0xff, 0xff,
    0x27, 0xca, 0xff, 0xff, 0x2b, 0xc9, 0xfd, 0xff, 0x14, 0xc1, 0xff, 0xff, 0x05, 0x8f, 0xe5, 0xff,
    0x04, 0x98, 0xec, 0xff, 0x14, 0xab, 0xf2, 0xff, 0x27, 0xb3, 0xee, 0xff, 0x26, 0xb9, 0xf2, 0xfc,
    0x20, 0xc9, 0xfb, 0xfd, 0x02, 0xa9, 0xf9, 0x59, 0x00, 0x00, 0x00, 0x00, 0x00, 0xbf, 0xff, 0x04,
    0x00, 0xff, 0xff, 0x03, 0x00, 0x00, 0x00, 0x00, 0x26, 0xc8, 0xff, 0x42, 0x2a, 0xd1, 0xff, 0xfe,
    0x27, 0xc8, 0xff, 0xfd, 0x28, 0xc9, 0xff, 0xff, 0x28, 0xca, 0xff, 0xff, 0x28, 0xca, 0xff, 0xff,
    0x28, 0xcc, 0xff, 0xff, 0x28, 0xbe, 0xf5, 0xff, 0x12, 0x93, 0xe1, 0xff, 0x05, 0x94, 0xe9, 0xff,
    0x10, 0x74, 0xcb, 0xff, 0x17, 0x99, 0xe2, 0xff, 0x24, 0xaa, 0xe8, 0xff, 0x24, 0xaa, 0xe8, 0xfd,
    0x18, 0xab, 0xed, 0xfa, 0x00, 0xa1, 0xfa, 0x39, 0x00, 0x00, 0x00, 0x00, 0x00, 0xaa, 0xff, 0x03,
    0x00, 0xff, 0xff, 0x03, 0x00, 0x00, 0x00, 0x00, 0x29, 0xc9, 0xff, 0x3e, 0x2c, 0xd5, 0xff, 0xff,
    0x2b, 0xcc, 0xff, 0xfc, 0x2a, 0xcc, 0xff, 0xfc, 0x28, 0xc9, 0xff, 0xff, 0x28, 0xca, 0xff, 0xff,
    0x28, 0xc9, 0xfe, 0xff, 0x29, 0xd0, 0xff, 0xff, 0x25, 0xaf, 0xec, 0xff, 0x14, 0x70, 0xc6, 0xff,
    0x00, 0xa6, 0xfa, 0xff, 0x1c, 0xcc, 0xff, 0xff, 0x2c, 0xd8, 0xff, 0xff, 0x29, 0xd6, 0xff, 0xfb,
    0x2a, 0xdc, 0xff, 0xff, 0x0d, 0xb3, 0xfc, 0xaf, 0x00, 0x00, 0x00, 0x00, 0x00, 0xff, 0xff, 0x03,
    0x00, 0x7f, 0xff, 0x02, 0x00, 0x00, 0x00, 0x00, 0x17, 0xb9, 0xf7, 0x21, 0x0f, 0xb4, 0xfb, 0xf4,
    0x10, 0xbc, 0xff, 0xff, 0x1b, 0xc8, 0xff, 0xff, 0x29, 0xcc, 0xff, 0xfe, 0x28, 0xc9, 0xff, 0xff,
    0x28, 0xca, 0xff, 0xff, 0x28, 0xc9, 0xfe, 0xff, 0x29, 0xcf, 0xff, 0xff, 0x1b, 0x82, 0xcf, 0xff,
    0x07, 0x88, 0xdf, 0xff, 0x13, 0x99, 0xe5, 0xff, 0x24, 0xa3, 0xe4, 0xff, 0x22, 0xa4, 0xe5, 0xfc,
    0x24, 0xc1, 0xf7, 0xff, 0x0c, 0xb1, 0xfb, 0xa8, 0x00, 0x00, 0x00, 0x00, 0x00, 0xaa, 0xff, 0x03,
    0x00, 0x00, 0x00, 0x00, 0x00, 0x00, 0x00, 0x00, 0x00, 0x00, 0x00, 0x00, 0x00, 0x92, 0xf7, 0x21,
    0x00, 0xa1, 0xff, 0x3c, 0x07, 0x7d, 0xd6, 0x8a, 0x23, 0xb8, 0xf8, 0xff, 0x29, 0xcf, 0xff, 0xfd,
    0x28, 0xc9, 0xfe, 0xff, 0x28, 0xc8, 0xfe, 0xff, 0x29, 0xd1, 0xff, 0xff, 0x1f, 0x89, 0xd3, 0xff,
    0x09, 0x7d, 0xd6, 0xff, 0x17, 0xaf, 0xf3, 0xff, 0x27, 0xb8, 0xf2, 0xff, 0x25, 0xb2, 0xed, 0xfd,
    0x1a, 0xad, 0xf0, 0xfd, 0x00, 0x9c, 0xf7, 0x41, 0x00, 0x00, 0x00, 0x00, 0x00, 0xaa, 0xff, 0x03,
    0x00, 0x00, 0x00, 0x00, 0x00, 0x00, 0x00, 0x00, 0x00, 0x00, 0x00, 0x00, 0x01, 0x00, 0x00, 0x00,
    0x01, 0x00, 0x00, 0x00, 0x00, 0x00, 0x00, 0x00, 0x1d, 0x83, 0xcf, 0xca, 0x2a, 0xd3, 0xff, 0xfe,
    0x28, 0xc9, 0xff, 0xfc, 0x27, 0xc9, 0xff, 0xff, 0x2a, 0xce, 0xff, 0xff, 0x1a, 0x9a, 0xe2, 0xff,
    0x00, 0xa4, 0xfb, 0xfc, 0x1a, 0xc7, 0xff, 0xfc, 0x2c, 0xd8, 0xff, 0xfb, 0x2c, 0xd5, 0xff, 0xf7,
    0x25, 0xd7, 0xff, 0xff, 0x02, 0xa9, 0xf9, 0x5f, 0x00, 0x00, 0x00, 0x00, 0x00, 0xbf, 0xff, 0x04,
    0x00, 0x00, 0x00, 0x00, 0x00, 0x00, 0x00, 0x00, 0x00, 0x00, 0x00, 0x00, 0x00, 0x7f, 0xff, 0x02,
    0x00, 0x7f, 0xd4, 0x06, 0x00, 0xff, 0xff, 0x02, 0x18, 0x4f, 0xac, 0x4a, 0x25, 0xb4, 0xf6, 0xff,
    0x29, 0xd4, 0xff, 0xfa, 0x27, 0xc7, 0xfd, 0xff, 0x2a, 0xd0, 0xff, 0xff, 0x1d, 0x90, 0xd9, 0xff,
    0x09, 0x8e, 0xe9, 0xff, 0x14, 0x8f, 0xe4, 0xff, 0x21, 0xa4, 0xee, 0xff, 0x25, 0xc4, 0xff, 0xff,
    0x15, 0xbf, 0xfd, 0xf4, 0x00, 0xa0, 0xf9, 0x2e, 0x00, 0x00, 0x00, 0x00, 0x00, 0xff, 0xff, 0x02,
    0x00, 0x00, 0x00, 0x00, 0x00, 0x00, 0x00, 0x00, 0x00, 0x00, 0x00, 0x00, 0x00, 0x00, 0x00, 0x00,
    0x00, 0x00, 0x00, 0x00, 0x00, 0xaa, 0xaa, 0x03, 0x00, 0x00, 0x00, 0x00, 0x1b, 0x72, 0xc4, 0x9c,
    0x29, 0xca, 0xff, 0xff, 0x28, 0xce, 0xff, 0xfb, 0x29, 0xd0, 0xff, 0xff, 0x1d, 0x91, 0xd9, 0xfc,
    0x02, 0x93, 0xe9, 0xb6, 0x05, 0x97, 0xe9, 0xb6, 0x03, 0x8a, 0xe2, 0xa0, 0x04, 0x97, 0xef, 0x74,
    0x00, 0xa1, 0xff, 0x26, 0x00, 0x00, 0x00, 0x00, 0x00, 0xff, 0xff, 0x01, 0x00, 0x00, 0x00, 0x00,
    0x00, 0x00, 0x00, 0x00, 0x00, 0x00, 0x00, 0x00, 0x00, 0x00, 0x00, 0x00, 0x00, 0x00, 0x00, 0x00,
    0x00, 0x00, 0x00, 0x00, 0x00, 0x00, 0xff, 0x01, 0x00, 0xaa, 0xff, 0x03, 0x00, 0x00, 0x00, 0x02,
    0x1c, 0x78, 0xc9, 0xa3, 0x28, 0xc8, 0xff, 0xff, 0x29, 0xd5, 0xff, 0xfa, 0x24, 0xae, 0xf1, 0xfe,
    0x1a, 0x3c, 0x9c, 0x43, 0x00, 0x00, 0x00, 0x00, 0x00, 0x00, 0x00, 0x00, 0x00, 0x00, 0x00, 0x00,
    0x00, 0x00, 0x00, 0x00, 0x00, 0xff, 0xff, 0x01, 0x00, 0x00, 0x00, 0x00, 0x00, 0x00, 0x00, 0x00,
    0x00, 0x00, 0x00, 0x00, 0x00, 0x00, 0x00, 0x00, 0x00, 0x00, 0x00, 0x00, 0x00, 0x00, 0x00, 0x00,
    0x00, 0x00, 0x00, 0x00, 0x00, 0x00, 0x00, 0x00, 0x00, 0x00, 0xff, 0x01, 0x00, 0xff, 0xff, 0x01,
    0x00, 0x00, 0x00, 0x01, 0x1e, 0x8c, 0xd7, 0xc7, 0x29, 0xd3, 0xff, 0xfe, 0x29, 0xcc, 0xff, 0xff,
    0x1b, 0x73, 0xc4, 0xa5, 0x00, 0x7f, 0xff, 0x02, 0x00, 0x91, 0xda, 0x07, 0x00, 0x7f, 0xff, 0x04,
    0x00, 0x7f, 0xff, 0x02, 0x00, 0x00, 0x00, 0x00, 0x00, 0x00, 0x00, 0x00, 0x00, 0x00, 0x00, 0x00,
    0x00, 0x00, 0x00, 0x00, 0x00, 0x00, 0x00, 0x00, 0x00, 0x00, 0x00, 0x00, 0x00, 0x00, 0x00, 0x00,
    0x00, 0x00, 0x00, 0x00, 0x00, 0x00, 0x00, 0x00, 0x00, 0x00, 0x00, 0x00, 0x00, 0x66, 0xcc, 0x05,
    0x00, 0x01, 0x01, 0x00, 0x1a, 0x73, 0xc3, 0x5f, 0x28, 0xc8, 0xff, 0xff, 0x2a, 0xd5, 0xff, 0xff,
    0x1f, 0x8d, 0xd5, 0xcd, 0x00, 0x00, 0x00, 0x00, 0x00, 0x02, 0x01, 0x00, 0x00, 0x00, 0x00, 0x00,
    0x00, 0x00, 0x00, 0x00, 0x00, 0x00, 0x00, 0x00, 0x00, 0x00, 0x00, 0x00, 0x00, 0x00, 0x00, 0x00,
    0x00, 0x00, 0x00, 0x00, 0x00, 0x00, 0x00, 0x00, 0x00, 0x00, 0x00, 0x00, 0x00, 0x00, 0x00, 0x00,
    0x00, 0x00, 0x00, 0x00, 0x00, 0x00, 0x00, 0x00, 0x00, 0x00, 0x00, 0x00, 0x00, 0xaa, 0xff, 0x03,
    0x00, 0x00, 0x00, 0x01, 0x0e, 0x81, 0xd2, 0x45, 0x23, 0xc3, 0xff, 0xfd, 0x2b, 0xd8, 0xff, 0xfc,
    0x20, 0x9b, 0xde, 0xc2, 0x00, 0x00, 0x00, 0x00, 0x00, 0xff, 0xff, 0x02, 0x00, 0x00, 0x00, 0x00,
    0x00, 0x00, 0x00, 0x00, 0x00, 0x00, 0x00, 0x00, 0x00, 0x00, 0x00, 0x00, 0x00, 0x00, 0x00, 0x00,
    0x00, 0x00, 0x00, 0x00, 0x00, 0x00, 0x00, 0x00, 0x00, 0x00, 0x00, 0x00, 0x00, 0x00, 0x00, 0x00,
    0x00, 0x00, 0x00, 0x00, 0x00, 0x00, 0x00, 0x00, 0x00, 0x00, 0x00, 0x00, 0x00, 0xaa, 0xff, 0x03,
    0x00, 0x00, 0x00, 0x00, 0x00, 0xa3, 0xf3, 0x43, 0x24, 0xd2, 0xff, 0xff, 0x2d, 0xd8, 0xff, 0xff,
    0x1d, 0x84, 0xcf, 0x7b, 0x00, 0x00, 0x00, 0x00, 0x3f, 0xbf, 0xff, 0x04, 0x00, 0x00, 0x00, 0x00,
    0x00, 0x00, 0x00, 0x00, 0x00, 0x00, 0x00, 0x00, 0x00, 0x00, 0x00, 0x00, 0x00, 0x00, 0x00, 0x00,
    0x00, 0x00, 0x00, 0x00, 0x00, 0x00, 0x00, 0x00, 0x00, 0x00, 0x00, 0x00, 0x00, 0x00, 0x00, 0x00,
    0x00, 0x00, 0x00, 0x00, 0x00, 0x00, 0x00, 0x00, 0x00, 0x00, 0x00, 0x00, 0x00, 0x7f, 0xff, 0x02,
    0x00, 0x00, 0x00, 0x00, 0x00, 0x9f, 0xf7, 0x20, 0x12, 0xbc, 0xfd, 0xd8, 0x1b, 0x9d, 0xe4, 0xb9,
    0x0f, 0x2f, 0x8f, 0x10, 0x00, 0xff, 0xff, 0x01, 0x00, 0x00, 0xff, 0x01, 0x00, 0x00, 0x00, 0x00,
    0x00, 0x00, 0x00, 0x00, 0x00, 0x00, 0x00, 0x00, 0x00, 0x00, 0x00, 0x00, 0x00, 0x00, 0x00, 0x00,
    0x00, 0x00, 0x00, 0x00, 0x00, 0x00, 0x00, 0x00, 0x00, 0x00, 0x00, 0x00, 0x00, 0x00, 0x00, 0x00,
    0x00, 0x00, 0x00, 0x00, 0x00, 0x00, 0x00, 0x00, 0x00, 0x00, 0x00, 0x00, 0x00, 0x00, 0x00, 0x00,
    0x00, 0x00, 0x00, 0x00, 0x00, 0x00, 0x00, 0x00, 0x00, 0x00, 0xff, 0x05, 0x00, 0x00, 0x00, 0x00,
    0x00, 0x00, 0x00, 0x00, 0x00, 0x00, 0x00, 0x00, 0x00, 0x00, 0x00, 0x00, 0x00, 0x00, 0x00, 0x00,
    0x00, 0x00, 0x00, 0x00, 0x00, 0x00, 0x00, 0x00, 0x00, 0x00, 0x00, 0x00, 0x00, 0x00, 0x00, 0x00,
};

static const lv_image_dsc_t emoji_img_17 = {
    .header = {
        .magic = LV_IMAGE_HEADER_MAGIC,
        .cf = LV_COLOR_FORMAT_ARGB8888,
        .flags = 0,
        .w = 20,
        .h = 20,
        .stride = 20 * 4,
        .reserved_2 = 0,
    },
    .data_size = sizeof(emoji_img_17_data),
    .data = emoji_img_17_data,
    .reserved = NULL,
    .reserved_2 = NULL,
};

// LVGL image: emoji_img_18 (20x20 ARGB8888, BGRA byte order)
static const uint8_t emoji_img_18_data[] = {
    0x00, 0x00, 0x00, 0x00, 0x00, 0x00, 0x00, 0x00, 0x00, 0x00, 0x00, 0x00, 0x00, 0x00, 0x00, 0x00,
    0x00, 0x00, 0x00, 0x00, 0x00, 0x00, 0x00, 0x00, 0x00, 0x00, 0x00, 0x00, 0x00, 0x00, 0x00, 0x00,
    0x00, 0xff, 0xff, 0x01, 0x00, 0x3f, 0xff, 0x04, 0x00, 0x00, 0x00, 0x00, 0x00, 0xff, 0xff, 0x01,
    0x00, 0x00, 0x00, 0x00, 0x00, 0x00, 0x00, 0x00, 0x00, 0x00, 0x00, 0x00, 0x00, 0x00, 0x00, 0x00,
    0x00, 0x00, 0x00, 0x00, 0x00, 0x00, 0x00, 0x00, 0x00, 0x00, 0x00, 0x00, 0x00, 0x00, 0x00, 0x00,
    0x00, 0x00, 0x00, 0x00, 0x00, 0x00, 0x00, 0x00, 0x00, 0x00, 0x00, 0x00, 0x00, 0x00, 0x00, 0x00,
    0x00, 0x00, 0x00, 0x00, 0x00, 0x00, 0x00, 0x00, 0x00, 0x00, 0x00, 0x00, 0x00, 0x00, 0x00, 0x00,
    0x00, 0x00, 0x00, 0x00, 0x13, 0xba, 0xfc, 0xc1, 0x0d, 0xb1, 0xfb, 0x84, 0x00, 0x00, 0x00, 0x00,
    0x00, 0xaa, 0xff, 0x03, 0x00, 0x00, 0x00, 0x00, 0x00, 0x00, 0x00, 0x00, 0x00, 0x00, 0x00, 0x00,
    0x00, 0x00, 0x00, 0x00, 0x00, 0x00, 0x00, 0x00, 0x00, 0x00, 0x00, 0x00, 0x00, 0x00, 0x00, 0x00,
    0x00, 0x00, 0x00, 0x00, 0x00, 0x00, 0x00, 0x00, 0x00, 0x00, 0x00, 0x00, 0x00, 0x00, 0x00, 0x00,
    0x00, 0x00, 0x00, 0x00, 0x00, 0x00, 0x00, 0x00, 0x00, 0xaa, 0xff, 0x03, 0x00, 0x00, 0x00, 0x00,
    0x00, 0x97, 0xf1, 0x5e, 0x1b, 0xb4, 0xfc, 0xff, 0x25, 0xd9, 0xff, 0xff, 0x08, 0x9f, 0xf1, 0x75,
    0x00, 0x00, 0x00, 0x00, 0x00, 0xaa, 0xff, 0x03, 0x00, 0x00, 0x00, 0x00, 0x00, 0x00, 0x00, 0x00,
    0x00, 0x00, 0x00, 0x00, 0x00, 0x00, 0x00, 0x00, 0x00, 0x00, 0x00, 0x00, 0x00, 0x00, 0x00, 0x00,
    0x00, 0x00, 0x00, 0x00, 0x00, 0x00, 0x00, 0x00, 0x00, 0x00, 0x00, 0x00, 0x00, 0x00, 0x00, 0x00,
    0x00, 0x00, 0x00, 0x00, 0x00, 0x00, 0x00, 0x00, 0x00, 0xaa, 0xff, 0x03, 0x00, 0x00, 0x00, 0x00,
    0x00, 0xb1, 0xff, 0x5c, 0x09, 0x95, 0xee, 0xfd, 0x29, 0xbc, 0xf3, 0xf9, 0x23, 0xbc, 0xf6, 0xff,
    0x18, 0x52, 0xac, 0x3e, 0x00, 0x01, 0x00, 0x00, 0x00, 0x55, 0xaa, 0x03, 0x00, 0x00, 0x00, 0x00,
    0x00, 0x00, 0x00, 0x00, 0x00, 0x00, 0x00, 0x00, 0x00, 0x00, 0x00, 0x00, 0x00, 0x00, 0x00, 0x00,
    0x00, 0x00, 0x00, 0x00, 0x00, 0x00, 0x00, 0x00, 0x00, 0x00, 0x00, 0x00, 0x00, 0x00, 0x00, 0x00,
    0x00, 0x00, 0x00, 0x00, 0x00, 0x00, 0x00, 0x00, 0x00, 0xaa, 0xff, 0x03, 0x00, 0x00, 0x00, 0x00,
    0x03, 0xac, 0xfb, 0x53, 0x00, 0xa9, 0xf9, 0xf7, 0x16, 0x8d, 0xdb, 0xfb, 0x2d, 0xd5, 0xff, 0xff,
    0x1f, 0x95, 0xdc, 0xd8, 0x00, 0x00, 0x5f, 0x08, 0x00, 0x7f, 0xff, 0x02, 0x00, 0x00, 0x00, 0x01,
    0x00, 0x00, 0x00, 0x00, 0x00, 0x00, 0x00, 0x00, 0x00, 0x00, 0x00, 0x00, 0x00, 0x00, 0x00, 0x00,
    0x00, 0x00, 0x00, 0x00, 0x00, 0x00, 0x00, 0x00, 0x00, 0x00, 0x00, 0x00, 0x00, 0x00, 0x00, 0x00,
    0x00, 0x00, 0x00, 0x00, 0x00, 0x00, 0x00, 0x00, 0x00, 0xbf, 0xff, 0x04, 0x00, 0x00, 0x00, 0x00,
    0x02, 0xa8, 0xfa, 0x79, 0x05, 0xad, 0xff, 0xff, 0x07, 0x8b, 0xe0, 0xfc, 0x24, 0xaf, 0xed, 0xfb,
    0x29, 0xd0, 0xff, 0xff, 0x19, 0x6c, 0xbf, 0x6c, 0x00, 0x00, 0x00, 0x00, 0x00, 0x7f, 0xbf, 0x04,
    0x00, 0x00, 0x00, 0x00, 0x00, 0x00, 0x00, 0x00, 0x00, 0x00, 0x00, 0x00, 0x00, 0x00, 0x00, 0x00,
    0x00, 0x00, 0x00, 0x00, 0x00, 0x00, 0x00, 0x00, 0x00, 0x00, 0x00, 0x00, 0x00, 0x00, 0x00, 0x00,
    0x00, 0x00, 0x00, 0x00, 0x00, 0x00, 0x00, 0x00, 0x00, 0x7f, 0xff, 0x02, 0x00, 0x02, 0x01, 0x00,
    0x00, 0x00, 0x00, 0x00, 0x03, 0x97, 0xec, 0xd4, 0x05, 0x8e, 0xe9, 0xff, 0x17, 0x97, 0xe2, 0xfa,
    0x2c, 0xd8, 0xff, 0xfe, 0x20, 0x96, 0xdc, 0xdd, 0x00, 0x00, 0x5f, 0x08, 0x00, 0xff, 0xff, 0x01,
    0x00, 0x00, 0x00, 0x01, 0x00, 0x00, 0x00, 0x00, 0x00, 0x00, 0x00, 0x00, 0x00, 0x00, 0x00, 0x00,
    0x00, 0x00, 0x00, 0x00, 0x00, 0x00, 0x00, 0x00, 0x00, 0x00, 0x00, 0x00, 0x00, 0x00, 0x00, 0x00,
    0x00, 0x00, 0x00, 0x00, 0x00, 0x7f, 0xff, 0x02, 0x00, 0x00, 0x00, 0x00, 0x00, 0x00, 0x00, 0x03,
    0x19, 0x63, 0xbb, 0x5a, 0x1a, 0x8f, 0xdc, 0xd4, 0x19, 0x8f, 0xdd, 0xfe, 0x14, 0x76, 0xcb, 0xfd,
    0x28, 0xc5, 0xfa, 0xfd, 0x27, 0xc0, 0xfb, 0xff, 0x17, 0x58, 0xb0, 0x4b, 0x00, 0x00, 0x00, 0x00,
    0x00, 0xaa, 0xff, 0x03, 0x00, 0x00, 0x00, 0x00, 0x00, 0x00, 0x00, 0x00, 0x00, 0x00, 0x00, 0x00,
    0x00, 0x00, 0x00, 0x00, 0x00, 0x00, 0x00, 0x00, 0x00, 0x00, 0x00, 0x00, 0x00, 0x00, 0x00, 0x00,
    0x00, 0x7f, 0xff, 0x02, 0x00, 0x00, 0x00, 0x00, 0x0f, 0x2e, 0x9a, 0x21, 0x1f, 0x8e, 0xd7, 0xc3,
    0x28, 0xc8, 0xff, 0xff, 0x2b, 0xd6, 0xff, 0xff, 0x2a, 0xd2, 0xff, 0xfc, 0x25, 0xae, 0xeb, 0xff,
    0x1f, 0x95, 0xdb, 0xfb, 0x2a, 0xd0, 0xff, 0xfe, 0x1d, 0x82, 0xce, 0x9e, 0x00, 0x00, 0x00, 0x00,
    0x00, 0x7f, 0xbf, 0x04, 0x00, 0x00, 0x00, 0x00, 0x00, 0x00, 0x00, 0x00, 0x00, 0x00, 0x00, 0x00,
    0x00, 0x00, 0x00, 0x00, 0x00, 0x00, 0x00, 0x00, 0x00, 0x00, 0x00, 0x00, 0x00, 0x7f, 0xff, 0x02,
    0x00, 0x00, 0x00, 0x00, 0x00, 0x8e, 0xf0, 0x22, 0x18, 0xb4, 0xf3, 0xdd, 0x2d, 0xdd, 0xff, 0xff,
    0x26, 0xb9, 0xf7, 0xff, 0x22, 0xa4, 0xe6, 0xff, 0x27, 0xc3, 0xff, 0xff, 0x29, 0xd5, 0xff, 0xff,
    0x27, 0xc1, 0xf8, 0xfd, 0x2a, 0xd1, 0xff, 0xff, 0x20, 0x95, 0xda, 0xd4, 0x00, 0x00, 0x00, 0x02,
    0x00, 0x02, 0x01, 0x00, 0x00, 0x00, 0x00, 0x00, 0x00, 0x00, 0x00, 0x00, 0x00, 0x00, 0x00, 0x00,
    0x00, 0x00, 0x00, 0x00, 0x00, 0x00, 0x00, 0x00, 0x00, 0x00, 0xff, 0x01, 0x7f, 0x7f, 0xff, 0x02,
    0x00, 0x6d, 0xda, 0x07, 0x12, 0xbd, 0xff, 0xd1, 0x2d, 0xe7, 0xff, 0xff, 0x20, 0x92, 0xdb, 0xdd,
    0x16, 0x50, 0xab, 0x59, 0x14, 0x34, 0x96, 0x31, 0x19, 0x64, 0xba, 0x98, 0x25, 0xb3, 0xf3, 0xff,
    0x28, 0xcf, 0xff, 0xfc, 0x2a, 0xd4, 0xff, 0xff, 0x22, 0x9c, 0xe0, 0xe1, 0x00, 0x00, 0x00, 0x08,
    0x00, 0x01, 0x00, 0x00, 0x00, 0x00, 0xff, 0x01, 0x00, 0x00, 0x00, 0x00, 0x00, 0x00, 0x00, 0x00,
    0x00, 0x00, 0x00, 0x00, 0x00, 0x00, 0x00, 0x00, 0x00, 0x00, 0x00, 0x01, 0x00, 0x00, 0x00, 0x01,
    0x00, 0x7f, 0xff, 0x06, 0x18, 0x90, 0xdc, 0xc6, 0x21, 0x8c, 0xd5, 0xae, 0x09, 0x1c, 0x84, 0x1b,
    0x00, 0x00, 0x00, 0x00, 0x00, 0x00, 0x00, 0x00, 0x00, 0x00, 0x00, 0x00, 0x1c, 0x7c, 0xca, 0xcf,
    0x29, 0xcf, 0xff, 0xff, 0x29, 0xd3, 0xff, 0xff, 0x22, 0x9d, 0xe0, 0xe1, 0x00, 0x00, 0x00, 0x08,
    0x00, 0x01, 0x00, 0x00, 0x00, 0x00, 0xff, 0x01, 0x00, 0x00, 0x00, 0x00, 0x00, 0x00, 0x00, 0x00,
    0x00, 0x00, 0x00, 0x00, 0x00, 0x00, 0x00, 0x00, 0x00, 0x7f, 0xff, 0x02, 0x00, 0x00, 0x00, 0x00,
    0x12, 0x97, 0xe2, 0x36, 0x1d, 0x90, 0xe1, 0xe3, 0x13, 0x64, 0xbc, 0x6b, 0x00, 0x00, 0x00, 0x00,
    0x1f, 0x7f, 0xbf, 0x08, 0x00, 0x7f, 0xbf, 0x08, 0x55, 0xff, 0xff, 0x03, 0x1c, 0x77, 0xc5, 0x98,
    0x29, 0xcd, 0xff, 0xff, 0x2a, 0xd3, 0xff, 0xff, 0x21, 0x99, 0xdd, 0xde, 0x00, 0x00, 0x00, 0x06,
    0x00, 0x01, 0x00, 0x00, 0x00, 0x00, 0x00, 0x01, 0x00, 0x00, 0x00, 0x00, 0x00, 0x00, 0x00, 0x00,
    0x00, 0x00, 0x00, 0x00, 0x00, 0x00, 0x00, 0x00, 0x00, 0x55, 0xaa, 0x03, 0x00, 0x00, 0x00, 0x00,
    0x13, 0x51, 0xad, 0x35, 0x29, 0xc3, 0xfe, 0xff, 0x1a, 0xc3, 0xfd, 0xf7, 0x00, 0x6d, 0xe6, 0x15,
    0x00, 0x00, 0x00, 0x00, 0x00, 0x01, 0x00, 0x00, 0x00, 0x00, 0x00, 0x00, 0x1e, 0x89, 0xd4, 0xc6,
    0x29, 0xd2, 0xff, 0xff, 0x2a, 0xd3, 0xff, 0xff, 0x20, 0x98, 0xde, 0xd3, 0x00, 0x00, 0x00, 0x00,
    0x00, 0x02, 0x01, 0x00, 0x00, 0x00, 0x00, 0x00, 0x00, 0x00, 0x00, 0x00, 0x00, 0x00, 0x00, 0x00,
    0x00, 0x00, 0x00, 0x00, 0x00, 0x00, 0x00, 0x00, 0x00, 0x00, 0x00, 0x00, 0x00, 0xff, 0xff, 0x01,
    0x00, 0x00, 0x00, 0x04, 0x21, 0x95, 0xda, 0xd7, 0x2a, 0xdd, 0xff, 0xfe, 0x0e, 0xb4, 0xfc, 0xb5,
    0x00, 0x7c, 0xdb, 0x2b, 0x17, 0x2f, 0x8f, 0x20, 0x1b, 0x76, 0xc7, 0x94, 0x27, 0xbf, 0xfa, 0xff,
    0x28, 0xcd, 0xff, 0xfb, 0x2a, 0xd5, 0xff, 0xff, 0x20, 0x94, 0xda, 0xc6, 0x00, 0x00, 0x00, 0x00,
    0x00, 0xff, 0xff, 0x01, 0x00, 0x00, 0x00, 0x00, 0x00, 0x00, 0x00, 0x00, 0x00, 0x00, 0x00, 0x00,
    0x00, 0x00, 0x00, 0x00, 0x00, 0x00, 0x00, 0x00, 0x00, 0x00, 0x00, 0x00, 0x00, 0x7f, 0xbf, 0x04,
    0x00, 0x00, 0x00, 0x00, 0x19, 0x65, 0xba, 0x6c, 0x29, 0xc2, 0xfe, 0xff, 0x28, 0xd6, 0xff, 0xff,
    0x20, 0xb7, 0xf5, 0xfd, 0x23, 0xb0, 0xed, 0xf8, 0x29, 0xcc, 0xff, 0xff, 0x29, 0xce, 0xff, 0xfe,
    0x27, 0xc9, 0xff, 0xfc, 0x2a, 0xd5, 0xff, 0xfd, 0x1e, 0x8e, 0xd6, 0xb6, 0x00, 0x00, 0x00, 0x00,
    0x00, 0xff, 0xff, 0x02, 0x00, 0x00, 0x00, 0x00, 0x00, 0x00, 0x00, 0x00, 0x00, 0x00, 0x00, 0x00,
    0x00, 0x00, 0x00, 0x00, 0x00, 0x00, 0x00, 0x00, 0x00, 0x00, 0x00, 0x00, 0x00, 0x00, 0x00, 0x01,
    0x00, 0x7f, 0xff, 0x02, 0x00, 0x00, 0x00, 0x04, 0x1b, 0x75, 0xc5, 0xb9, 0x29, 0xca, 0xff, 0xff,
    0x2a, 0xd6, 0xff, 0xfb, 0x29, 0xce, 0xff, 0xfe, 0x28, 0xcb, 0xff, 0xfc, 0x28, 0xc9, 0xff, 0xfd,
    0x28, 0xc9, 0xff, 0xf8, 0x2c, 0xdc, 0xff, 0xff, 0x1e, 0x8c, 0xd5, 0xb7, 0x00, 0x00, 0x00, 0x00,
    0x00, 0xff, 0xff, 0x03, 0x00, 0x00, 0x00, 0x00, 0x00, 0x00, 0x00, 0x00, 0x00, 0x00, 0x00, 0x00,
    0x00, 0x00, 0x00, 0x00, 0x00, 0x00, 0x00, 0x00, 0x00, 0x00, 0x00, 0x00, 0x00, 0x00, 0x00, 0x00,
    0x00, 0x00, 0xff, 0x01, 0x00, 0xff, 0xff, 0x01, 0x00, 0x00, 0x6a, 0x0c, 0x1b, 0x71, 0xc5, 0xb2,
    0x25, 0xb3, 0xf6, 0xff, 0x2a, 0xd1, 0xff, 0xff, 0x29, 0xce, 0xff, 0xff, 0x29, 0xd0, 0xff, 0xff,
    0x2b, 0xda, 0xff, 0xff, 0x28, 0xcf, 0xff, 0xd8, 0x23, 0xab, 0xed, 0x3a, 0x00, 0xff, 0xff, 0x01,
    0x00, 0x7f, 0xff, 0x02, 0x00, 0x00, 0x00, 0x00, 0x00, 0x00, 0x00, 0x00, 0x00, 0x00, 0x00, 0x00,
    0x00, 0x00, 0x00, 0x00, 0x00, 0x00, 0x00, 0x00, 0x00, 0x00, 0x00, 0x00, 0x00, 0x00, 0x00, 0x00,
    0x00, 0x00, 0x00, 0x00, 0x00, 0x00, 0xff, 0x01, 0x00, 0x01, 0x00, 0x00, 0x00, 0x00, 0x00, 0x00,
    0x16, 0x4e, 0xb0, 0x4e, 0x1d, 0x7b, 0xcb, 0xb6, 0x24, 0xb1, 0xf0, 0xfc, 0x27, 0xd2, 0xff, 0xd9,
    0x28, 0xcc, 0xff, 0x78, 0x13, 0xb0, 0xff, 0x0d, 0x00, 0x00, 0x00, 0x00, 0x00, 0xff, 0xff, 0x01,
    0x00, 0x00, 0x00, 0x00, 0x00, 0x00, 0x00, 0x00, 0x00, 0x00, 0x00, 0x00, 0x00, 0x00, 0x00, 0x00,
    0x00, 0x00, 0x00, 0x00, 0x00, 0x00, 0x00, 0x00, 0x00, 0x00, 0x00, 0x00, 0x00, 0x00, 0x00, 0x00,
    0x00, 0x00, 0x00, 0x00, 0x00, 0x00, 0x00, 0x00, 0x00, 0x00, 0xff, 0x01, 0x00, 0xff, 0xff, 0x01,
    0x00, 0x00, 0x00, 0x00, 0x00, 0x00, 0x00, 0x00, 0x1c, 0x69, 0xc5, 0x35, 0x19, 0xe5, 0xff, 0x0a,
    0x00, 0x00, 0x00, 0x00, 0x00, 0x00, 0x00, 0x00, 0x00, 0x7f, 0xff, 0x02, 0x00, 0x00, 0x00, 0x00,
    0x00, 0x00, 0x00, 0x00, 0x00, 0x00, 0x00, 0x00, 0x00, 0x00, 0x00, 0x00, 0x00, 0x00, 0x00, 0x00,
};

static const lv_image_dsc_t emoji_img_18 = {
    .header = {
        .magic = LV_IMAGE_HEADER_MAGIC,
        .cf = LV_COLOR_FORMAT_ARGB8888,
        .flags = 0,
        .w = 20,
        .h = 20,
        .stride = 20 * 4,
        .reserved_2 = 0,
    },
    .data_size = sizeof(emoji_img_18_data),
    .data = emoji_img_18_data,
    .reserved = NULL,
    .reserved_2 = NULL,
};

// LVGL image: emoji_img_19 (20x20 ARGB8888, BGRA byte order)
static const uint8_t emoji_img_19_data[] = {
    0x00, 0x00, 0x00, 0x00, 0x00, 0x00, 0x00, 0x00, 0x00, 0x00, 0x00, 0x00, 0x00, 0x00, 0x00, 0x00,
    0x00, 0x00, 0x00, 0x00, 0x00, 0x00, 0x00, 0x00, 0x00, 0x00, 0xff, 0x01, 0x00, 0x00, 0x00, 0x00,
    0x00, 0xc6, 0xff, 0x09, 0x0b, 0x8e, 0xe5, 0x5b, 0x1e, 0x51, 0xad, 0x19, 0x00, 0x00, 0x00, 0x00,
    0x00, 0xff, 0xff, 0x01, 0x00, 0x00, 0x00, 0x00, 0x00, 0x00, 0x00, 0x00, 0x00, 0x00, 0x00, 0x00,
    0x00, 0x00, 0x00, 0x00, 0x00, 0x00, 0x00, 0x00, 0x00, 0x00, 0x00, 0x00, 0x00, 0x00, 0x00, 0x00,
    0x00, 0x00, 0x00, 0x00, 0x00, 0x00, 0x00, 0x00, 0x00, 0x00, 0x00, 0x00, 0x00, 0x00, 0x00, 0x00,
    0x00, 0x00, 0x00, 0x00, 0x00, 0x00, 0x00, 0x00, 0x00, 0xbf, 0xff, 0x04, 0x00, 0x00, 0x00, 0x00,
    0x02, 0xac, 0xfc, 0x57, 0x21, 0xd5, 0xff, 0xff, 0x21, 0x7e, 0xca, 0x83, 0x00, 0x00, 0x00, 0x00,
    0x7f, 0x7f, 0xff, 0x02, 0x00, 0xad, 0xff, 0x19, 0x07, 0xaf, 0xfb, 0x84, 0x16, 0x78, 0xca, 0x22,
    0x00, 0x00, 0x00, 0x00, 0x00, 0xff, 0xff, 0x01, 0x00, 0x00, 0x00, 0x00, 0x00, 0x00, 0x00, 0x00,
    0x00, 0x00, 0x00, 0x00, 0x00, 0x00, 0x00, 0x00, 0x00, 0x00, 0x00, 0x00, 0x00, 0x00, 0x00, 0x00,
    0x00, 0x00, 0x00, 0x00, 0x00, 0x00, 0x00, 0x00, 0x00, 0xbf, 0xff, 0x04, 0x00, 0x00, 0x00, 0x00,
    0x02, 0xaa, 0xf9, 0x60, 0x28, 0xe0, 0xff, 0xfd, 0x22, 0x92, 0xd7, 0xb3, 0x00, 0x00, 0x00, 0x00,
    0x00, 0x00, 0x00, 0x00, 0x05, 0xad, 0xfb, 0x86, 0x25, 0xe8, 0xff, 0xff, 0x1e, 0x86, 0xd1, 0x8c,
    0x00, 0x00, 0x00, 0x00, 0x3f, 0xbf, 0xff, 0x04, 0x00, 0x00, 0x00, 0x00, 0x00, 0x00, 0x00, 0x00,
    0x00, 0x00, 0x00, 0x00, 0x00, 0x00, 0x00, 0x00, 0x00, 0x00, 0x00, 0x00, 0x00, 0x00, 0x00, 0x00,
    0x00, 0x00, 0x00, 0x00, 0x00, 0x00, 0x00, 0x00, 0x00, 0xaa, 0xff, 0x03, 0x00, 0x00, 0x00, 0x00,
    0x00, 0xa3, 0xfb, 0x4b, 0x23, 0xd8, 0xff, 0xff, 0x23, 0x9c, 0xdf, 0xd5, 0x00, 0x00, 0x00, 0x03,
    0x00, 0x00, 0x00, 0x00, 0x0e, 0xb6, 0xfd, 0xc2, 0x2c, 0xda, 0xff, 0xfb, 0x1c, 0x7c, 0xca, 0x75,
    0x00, 0x00, 0x00, 0x00, 0x3f, 0x7f, 0xff, 0x04, 0x00, 0x00, 0x00, 0x00, 0x00, 0x00, 0x00, 0x00,
    0x00, 0x00, 0x00, 0x00, 0x00, 0x00, 0x00, 0x00, 0x00, 0x00, 0x00, 0x00, 0x00, 0x00, 0x00, 0x00,
    0x00, 0x00, 0x00, 0x00, 0x00, 0x00, 0x00, 0x00, 0x00, 0xaa, 0xaa, 0x03, 0x00, 0x00, 0x00, 0x00,
    0x00, 0x9d, 0xf5, 0x37, 0x21, 0xcf, 0xff, 0xff, 0x24, 0xa8, 0xe6, 0xf3, 0x0f, 0x00, 0x5a, 0x11,
    0x00, 0x9f, 0xff, 0x10, 0x17, 0xbe, 0xff, 0xf1, 0x2a, 0xc7, 0xff, 0xff, 0x16, 0x65, 0xba, 0x4e,
    0x00, 0x00, 0x00, 0x00, 0x00, 0x7f, 0xbf, 0x04, 0x00, 0x00, 0x00, 0x00, 0x00, 0x00, 0x00, 0x00,
    0x00, 0x00, 0x00, 0x00, 0x00, 0x00, 0x00, 0x00, 0x00, 0x00, 0x00, 0x00, 0x00, 0x00, 0x00, 0x00,
    0x00, 0x00, 0x00, 0x00, 0x00, 0x00, 0x00, 0x00, 0x00, 0xaa, 0xff, 0x03, 0xff, 0xff, 0xff, 0x01,
    0x00, 0x91, 0xf0, 0x23, 0x1c, 0xc4, 0xff, 0xfb, 0x27, 0xba, 0xf8, 0xff, 0x20, 0x2d, 0x8f, 0x27,
    0x00, 0xae, 0xff, 0x3c, 0x21, 0xd1, 0xff, 0xff, 0x26, 0xb3, 0xef, 0xfc, 0x11, 0x41, 0xa6, 0x2b,
    0x00, 0x00, 0x00, 0x00, 0x00, 0x7f, 0xff, 0x02, 0x00, 0x00, 0x00, 0x00, 0x00, 0x00, 0x00, 0x00,
    0x00, 0x00, 0x00, 0x00, 0x00, 0x00, 0x00, 0x00, 0x00, 0x00, 0x00, 0x00, 0x00, 0x00, 0x00, 0x00,
    0x00, 0x00, 0x00, 0x00, 0x00, 0xbf, 0xff, 0x04, 0x00, 0x00, 0x00, 0x00, 0x00, 0x00, 0x00, 0x00,
    0x00, 0x19, 0xcc, 0x0a, 0x1a, 0xc3, 0xff, 0xe4, 0x2b, 0xce, 0xff, 0xff, 0x1d, 0x5b, 0xae, 0x46,
    0x04, 0xb5, 0xff, 0x72, 0x28, 0xe0, 0xff, 0xff, 0x23, 0xa5, 0xe5, 0xe5, 0x00, 0x00, 0x62, 0x0d,
    0x00, 0x00, 0x00, 0x00, 0x00, 0x00, 0xff, 0x01, 0x00, 0x00, 0x00, 0x00, 0x00, 0x00, 0x00, 0x00,
    0x00, 0x00, 0x00, 0x00, 0x00, 0x00, 0x00, 0x00, 0x00, 0x00, 0x00, 0x00, 0x00, 0x00, 0x00, 0x00,
    0x00, 0x00, 0x00, 0x00, 0x00, 0x00, 0x00, 0x00, 0x00, 0xaa, 0xff, 0x06, 0x10, 0xb7, 0xfa, 0xb9,
    0x18, 0x8b, 0xd7, 0xbb, 0x18, 0xb4, 0xf6, 0xdf, 0x2d, 0xd9, 0xfe, 0xff, 0x16, 0x66, 0xbb, 0x72,
    0x0d, 0xb7, 0xff, 0xa7, 0x2d, 0xe3, 0xff, 0xff, 0x20, 0x98, 0xde, 0xc4, 0x00, 0x00, 0x00, 0x00,
    0x00, 0xff, 0xff, 0x01, 0x00, 0x00, 0x00, 0x00, 0x00, 0x00, 0x00, 0x00, 0x00, 0x00, 0x00, 0x00,
    0x00, 0x00, 0x00, 0x00, 0x00, 0x00, 0x00, 0x00, 0x00, 0x00, 0xff, 0x01, 0x00, 0x00, 0x00, 0x00,
    0x00, 0xa2, 0xff, 0x0b, 0x08, 0xa4, 0xf4, 0x79, 0x0d, 0x8d, 0xde, 0x96, 0x24, 0xd7, 0xff, 0xff,
    0x28, 0xbc, 0xfa, 0xff, 0x19, 0x9a, 0xe3, 0xff, 0x2c, 0xdd, 0xff, 0xff, 0x1f, 0xad, 0xed, 0xcb,
    0x1d, 0xc3, 0xff, 0xe2, 0x2d, 0xd9, 0xff, 0xff, 0x1e, 0x88, 0xd2, 0xa1, 0x00, 0x00, 0x00, 0x00,
    0x3f, 0xbf, 0xbf, 0x04, 0x00, 0x00, 0x00, 0x00, 0x00, 0x00, 0x00, 0x00, 0x00, 0x00, 0x00, 0x00,
    0x00, 0x00, 0x00, 0x00, 0x00, 0x00, 0x00, 0x00, 0x00, 0xbf, 0xff, 0x04, 0x00, 0x00, 0x00, 0x00,
    0x09, 0xad, 0xfa, 0x6e, 0x25, 0xe3, 0xff, 0xff, 0x23, 0xa9, 0xed, 0xff, 0x24, 0xb0, 0xed, 0xfc,
    0x2a, 0xd6, 0xff, 0xfd, 0x14, 0x8a, 0xd9, 0xff, 0x1a, 0xa2, 0xe8, 0xff, 0x24, 0xa8, 0xea, 0xff,
    0x27, 0xc0, 0xf7, 0xfe, 0x2a, 0xd4, 0xff, 0xff, 0x1a, 0x78, 0xc7, 0x7b, 0x00, 0x00, 0x00, 0x00,
    0x3f, 0x7f, 0xbf, 0x04, 0x00, 0x00, 0x00, 0x00, 0x00, 0x00, 0x00, 0x00, 0x00, 0x00, 0x00, 0x00,
    0x00, 0x00, 0x00, 0x00, 0x00, 0x00, 0x00, 0x00, 0x00, 0xbf, 0xff, 0x04, 0x00, 0x00, 0x00, 0x00,
    0x0e, 0xad, 0xf6, 0x90, 0x28, 0xcd, 0xfd, 0xfb, 0x2c, 0xce, 0xff, 0xf8, 0x1b, 0x95, 0xde, 0xff,
    0x16, 0x99, 0xe1, 0xff, 0x19, 0x86, 0xd3, 0xff, 0x22, 0xa2, 0xe3, 0xff, 0x27, 0xb4, 0xec, 0xfe,
    0x1e, 0x90, 0xd9, 0xfa, 0x24, 0xaf, 0xf1, 0xff, 0x1c, 0x7c, 0xca, 0x62, 0x00, 0x00, 0x00, 0x01,
    0x00, 0x7f, 0xbf, 0x04, 0x00, 0x00, 0x00, 0x00, 0x00, 0x00, 0x00, 0x00, 0x00, 0x00, 0x00, 0x00,
    0x00, 0x00, 0x00, 0x00, 0x00, 0x00, 0x00, 0x00, 0x00, 0xbf, 0xff, 0x04, 0x00, 0x00, 0x00, 0x00,
    0x0f, 0xaa, 0xf4, 0x96, 0x17, 0x95, 0xeb, 0xff, 0x0d, 0xba, 0xff, 0xfb, 0x0b, 0x84, 0xda, 0xff,
    0x23, 0x9b, 0xde, 0xff, 0x2c, 0xda, 0xff, 0xff, 0x24, 0xd3, 0xff, 0xff, 0x1e, 0xc8, 0xff, 0xff,
    0x29, 0xcc, 0xff, 0xfb, 0x20, 0x94, 0xe3, 0xff, 0x16, 0x58, 0xb2, 0x7c, 0x00, 0x00, 0x00, 0x00,
    0x00, 0x7f, 0xbf, 0x04, 0x00, 0x00, 0x00, 0x00, 0x00, 0x00, 0x00, 0x00, 0x00, 0x00, 0x00, 0x00,
    0x00, 0x00, 0x00, 0x00, 0x00, 0x00, 0x00, 0x00, 0x3f, 0xbf, 0xff, 0x04, 0x00, 0x00, 0x00, 0x00,
    0x14, 0xc0, 0xff, 0x9f, 0x17, 0xb6, 0xfb, 0xff, 0x04, 0x82, 0xdc, 0xfb, 0x0e, 0x80, 0xd5, 0xff,
    0x1f, 0x91, 0xd8, 0xff, 0x17, 0xa8, 0xec, 0xff, 0x0b, 0x8a, 0xde, 0xff, 0x03, 0x8d, 0xe5, 0xff,
    0x13, 0xc0, 0xff, 0xfd, 0x2c, 0xd3, 0xff, 0xff, 0x1c, 0x82, 0xce, 0xe1, 0x12, 0x12, 0x7f, 0x0e,
    0x00, 0x01, 0x01, 0x00, 0x00, 0x00, 0xff, 0x01, 0x00, 0x00, 0x00, 0x00, 0x00, 0x00, 0x00, 0x00,
    0x00, 0x00, 0x00, 0x00, 0x00, 0x00, 0x00, 0x00, 0x00, 0xbf, 0xff, 0x04, 0x00, 0x00, 0x00, 0x00,
    0x12, 0xb4, 0xfb, 0x8d, 0x28, 0xd9, 0xff, 0xff, 0x12, 0xa7, 0xf0, 0xfb, 0x02, 0x9c, 0xf1, 0xff,
    0x02, 0x9b, 0xf0, 0xff, 0x0b, 0x78, 0xd1, 0xff, 0x22, 0x89, 0xd1, 0xff, 0x16, 0x89, 0xd7, 0xff,
    0x01, 0x93, 0xec, 0xff, 0x1e, 0xc8, 0xff, 0xfe, 0x26, 0xaf, 0xef, 0xff, 0x13, 0x39, 0x9e, 0x35,
    0x00, 0x00, 0x00, 0x00, 0x00, 0x55, 0xaa, 0x03, 0x00, 0x00, 0x00, 0x00, 0x00, 0x00, 0x00, 0x00,
    0x00, 0x00, 0x00, 0x00, 0x00, 0x00, 0x00, 0x00, 0x00, 0xbf, 0xff, 0x04, 0x00, 0x00, 0x00, 0x00,
    0x05, 0xae, 0xfc, 0x5f, 0x26, 0xd2, 0xff, 0xff, 0x2a, 0xcf, 0xff, 0xfb, 0x1c, 0xc0, 0xff, 0xff,
    0x03, 0xae, 0xff, 0xff, 0x10, 0x92, 0xe2, 0xff, 0x2a, 0xcc, 0xff, 0xff, 0x29, 0xc4, 0xfa, 0xff,
    0x22, 0xaf, 0xed, 0xfe, 0x25, 0xcf, 0xfe, 0xff, 0x22, 0xa5, 0xe6, 0xfa, 0x0e, 0x33, 0x91, 0x23,
    0x00, 0x00, 0x00, 0x00, 0x00, 0x7f, 0x7f, 0x02, 0x00, 0x00, 0x00, 0x00, 0x00, 0x00, 0x00, 0x00,
    0x00, 0x00, 0x00, 0x00, 0x00, 0x00, 0x00, 0x00, 0x00, 0x7f, 0xff, 0x02, 0x00, 0x00, 0x00, 0x00,
    0x00, 0x9d, 0xff, 0x22, 0x1d, 0xc2, 0xfd, 0xfb, 0x2a, 0xcc, 0xff, 0xfd, 0x2b, 0xcd, 0xff, 0xff,
    0x22, 0xbf, 0xfa, 0xff, 0x1d, 0xa1, 0xe5, 0xff, 0x2a, 0xcd, 0xff, 0xff, 0x28, 0xcb, 0xff, 0xff,
    0x29, 0xce, 0xff, 0xfc, 0x2b, 0xd6, 0xff, 0xfe, 0x1e, 0x89, 0xd3, 0xc6, 0x00, 0x00, 0x00, 0x00,
    0x00, 0xff, 0xff, 0x02, 0x00, 0x00, 0x00, 0x00, 0x00, 0x00, 0x00, 0x00, 0x00, 0x00, 0x00, 0x00,
    0x00, 0x00, 0x00, 0x00, 0x00, 0x00, 0x00, 0x00, 0x00, 0x00, 0x00, 0x00, 0x7f, 0xff, 0xff, 0x02,
    0x00, 0x00, 0x00, 0x00, 0x0f, 0xb5, 0xfc, 0xb4, 0x2a, 0xd9, 0xff, 0xff, 0x27, 0xc9, 0xff, 0xf9,
    0x28, 0xc7, 0xfd, 0xff, 0x27, 0xc0, 0xf8, 0xff, 0x28, 0xca, 0xfe, 0xff, 0x28, 0xc6, 0xfc, 0xfe,
    0x28, 0xd3, 0xff, 0xf9, 0x26, 0xb8, 0xf8, 0xff, 0x16, 0x57, 0xae, 0x4f, 0x00, 0x00, 0x00, 0x00,
    0x00, 0x55, 0xff, 0x03, 0x00, 0x00, 0x00, 0x00, 0x00, 0x00, 0x00, 0x00, 0x00, 0x00, 0x00, 0x00,
    0x00, 0x00, 0x00, 0x00, 0x00, 0x00, 0x00, 0x00, 0x00, 0x00, 0x00, 0x00, 0x00, 0xff, 0xff, 0x02,
    0x00, 0xff, 0xff, 0x01, 0x00, 0x99, 0xf2, 0x28, 0x18, 0xbc, 0xfa, 0xf1, 0x2b, 0xd9, 0xff, 0xff,
    0x28, 0xd0, 0xff, 0xfe, 0x29, 0xd0, 0xff, 0xfd, 0x29, 0xce, 0xff, 0xfe, 0x2a, 0xd5, 0xff, 0xff,
    0x28, 0xc8, 0xff, 0xff, 0x1a, 0x6f, 0xc1, 0xa3, 0x00, 0x00, 0x00, 0x00, 0x00, 0x7f, 0xff, 0x02,
    0x00, 0x00, 0x00, 0x00, 0x00, 0x00, 0x00, 0x00, 0x00, 0x00, 0x00, 0x00, 0x00, 0x00, 0x00, 0x00,
    0x00, 0x00, 0x00, 0x00, 0x00, 0x00, 0x00, 0x00, 0x00, 0x00, 0x00, 0x00, 0x00, 0x00, 0x00, 0x00,
    0x00, 0x7f, 0x7f, 0x02, 0x00, 0x00, 0x00, 0x00, 0x09, 0x70, 0xcd, 0x34, 0x1f, 0x9b, 0xdf, 0xc8,
    0x24, 0xad, 0xeb, 0xfe, 0x26, 0xba, 0xf9, 0xff, 0x25, 0xb6, 0xf4, 0xff, 0x21, 0x9f, 0xe3, 0xec,
    0x1b, 0x6c, 0xc1, 0x8d, 0x00, 0x00, 0x00, 0x04, 0x00, 0x7f, 0xff, 0x02, 0x00, 0x00, 0xff, 0x01,
    0x00, 0x00, 0x00, 0x00, 0x00, 0x00, 0x00, 0x00, 0x00, 0x00, 0x00, 0x00, 0x00, 0x00, 0x00, 0x00,
    0x00, 0x00, 0x00, 0x00, 0x00, 0x00, 0x00, 0x00, 0x00, 0x00, 0x00, 0x00, 0x00, 0x00, 0x00, 0x00,
    0x00, 0x00, 0x00, 0x00, 0x00, 0x7f, 0xff, 0x02, 0x00, 0x00, 0x00, 0x00, 0x00, 0x00, 0x00, 0x01,
    0x15, 0x4a, 0xab, 0x3a, 0x18, 0x5f, 0xb7, 0x5d, 0x16, 0x58, 0xb3, 0x4e, 0x12, 0x12, 0x7f, 0x1c,
    0x00, 0x00, 0x00, 0x00, 0x00, 0x01, 0x01, 0x00, 0x00, 0x00, 0x00, 0x01, 0x00, 0x00, 0x00, 0x00,
    0x00, 0x00, 0x00, 0x00, 0x00, 0x00, 0x00, 0x00, 0x00, 0x00, 0x00, 0x00, 0x00, 0x00, 0x00, 0x00,
};

static const lv_image_dsc_t emoji_img_19 = {
    .header = {
        .magic = LV_IMAGE_HEADER_MAGIC,
        .cf = LV_COLOR_FORMAT_ARGB8888,
        .flags = 0,
        .w = 20,
        .h = 20,
        .stride = 20 * 4,
        .reserved_2 = 0,
    },
    .data_size = sizeof(emoji_img_19_data),
    .data = emoji_img_19_data,
    .reserved = NULL,
    .reserved_2 = NULL,
};

// LVGL image: emoji_img_20 (20x20 ARGB8888, BGRA byte order)
static const uint8_t emoji_img_20_data[] = {
    0x00, 0x00, 0x00, 0x00, 0x00, 0x00, 0x00, 0x00, 0x00, 0x00, 0x00, 0x00, 0x00, 0x00, 0x00, 0x00,
    0x00, 0x00, 0x00, 0x00, 0x00, 0x00, 0x00, 0x00, 0x00, 0x00, 0x00, 0x00, 0x00, 0x00, 0x00, 0x00,
    0x00, 0x00, 0x00, 0x00, 0x00, 0xff, 0xff, 0x01, 0x00, 0x00, 0x00, 0x00, 0x00, 0x00, 0x00, 0x00,
    0x00, 0x00, 0x00, 0x00, 0x00, 0x00, 0x00, 0x00, 0x00, 0x00, 0x00, 0x00, 0xd4, 0xc9, 0xb9, 0x30,
    0xbf, 0xbf, 0xbf, 0x04, 0xff, 0xff, 0xff, 0x01, 0x00, 0x00, 0x00, 0x00, 0x00, 0x00, 0x00, 0x00,
    0x00, 0x00, 0x00, 0x00, 0x00, 0x00, 0x00, 0x00, 0x00, 0x00, 0x00, 0x00, 0x00, 0x00, 0x00, 0x00,
    0x00, 0x00, 0x00, 0x00, 0x00, 0x00, 0xff, 0x01, 0x00, 0xaa, 0xff, 0x03, 0x00, 0x7f, 0xff, 0x04,
    0x00, 0xaa, 0xff, 0x03, 0x00, 0x00, 0x00, 0x00, 0x55, 0xaa, 0xff, 0x03, 0x00, 0x00, 0x00, 0x00,
    0xd4, 0xcc, 0xbd, 0x42, 0xd4, 0xc9, 0xbf, 0x18, 0xcc, 0xcc, 0xb2, 0x14, 0xd3, 0xcc, 0xbc, 0xb0,
    0xff, 0xff, 0xff, 0x02, 0x00, 0x00, 0x00, 0x00, 0x00, 0x00, 0x00, 0x00, 0x00, 0x00, 0x00, 0x00,
    0x00, 0x00, 0x00, 0x00, 0x00, 0x00, 0x00, 0x00, 0x00, 0x00, 0x00, 0x00, 0x00, 0x00, 0x00, 0x00,
    0x00, 0xaa, 0xff, 0x03, 0x00, 0x00, 0x00, 0x00, 0x00, 0x00, 0x00, 0x00, 0x00, 0x00, 0x00, 0x00,
    0x00, 0x00, 0x00, 0x00, 0x00, 0xb6, 0xff, 0x07, 0x03, 0x00, 0x00, 0x00, 0x00, 0xff, 0xff, 0x01,
    0xd2, 0xcc, 0xbc, 0x7e, 0xd1, 0xc9, 0xbc, 0x64, 0xd0, 0xca, 0xbe, 0x57, 0xd5, 0xcc, 0xbd, 0x74,
    0xff, 0xff, 0xff, 0x01, 0xd6, 0xd0, 0xbb, 0x26, 0x00, 0x00, 0x00, 0x00, 0xff, 0xff, 0xff, 0x01,
    0x00, 0x00, 0x00, 0x00, 0x00, 0x00, 0x00, 0x00, 0x00, 0x00, 0x00, 0x00, 0x00, 0x00, 0x00, 0x00,
    0x00, 0x00, 0x00, 0x00, 0x00, 0xaa, 0xff, 0x03, 0x00, 0xab, 0xfa, 0x37, 0x00, 0xa8, 0xfc, 0x6d,
    0x08, 0x94, 0xe5, 0x5b, 0x03, 0x9f, 0xf3, 0xdb, 0x01, 0xa8, 0xfb, 0x88, 0x00, 0x00, 0x00, 0x00,
    0xc6, 0xc6, 0xc1, 0x32, 0xd8, 0xcd, 0xbb, 0x71, 0xe0, 0xd0, 0xb9, 0x7d, 0xd2, 0xcb, 0xbd, 0x4a,
    0xd2, 0xcb, 0xbd, 0xb3, 0xd5, 0xcc, 0xbd, 0x55, 0x00, 0x00, 0x00, 0x00, 0xff, 0xff, 0xaa, 0x03,
    0x00, 0x00, 0x00, 0x00, 0x00, 0x00, 0x00, 0x00, 0x00, 0xff, 0xff, 0x01, 0x00, 0xbf, 0xff, 0x04,
    0x0a, 0xae, 0xfb, 0x49, 0x05, 0xa9, 0xf9, 0x86, 0x21, 0xcc, 0xff, 0xff, 0x0a, 0xb9, 0xff, 0xff,
    0x01, 0x9f, 0xf7, 0xff, 0x0a, 0x93, 0xe8, 0xff, 0x00, 0xb6, 0xff, 0xff, 0x00, 0xa1, 0xf5, 0x4f,
    0x00, 0x00, 0x00, 0x00, 0x1c, 0xaa, 0xe2, 0x12, 0x36, 0xb0, 0xe6, 0x2a, 0xda, 0xcd, 0xbe, 0x53,
    0xe1, 0xcf, 0xba, 0x55, 0x00, 0x00, 0x00, 0x00, 0x7f, 0x7f, 0x7f, 0x02, 0x00, 0x00, 0x00, 0x00,
    0x00, 0x00, 0x00, 0x00, 0x00, 0xff, 0xff, 0x01, 0x01, 0x00, 0x00, 0x00, 0x00, 0x2a, 0xd4, 0x06,
    0x1a, 0xc3, 0xff, 0xf0, 0x1e, 0xb4, 0xfa, 0xff, 0x22, 0xb3, 0xf0, 0xfc, 0x29, 0xcf, 0xff, 0xfc,
    0x08, 0xb1, 0xfd, 0xfd, 0x07, 0x89, 0xdf, 0xfc, 0x04, 0xa3, 0xf5, 0xfd, 0x00, 0xac, 0xfc, 0xe7,
    0x00, 0x7f, 0xda, 0x0e, 0x14, 0xbc, 0xff, 0xad, 0x1e, 0xb6, 0xf5, 0xee, 0x00, 0x00, 0x55, 0x06,
    0x00, 0x7f, 0xff, 0x0a, 0xff, 0xff, 0xff, 0x01, 0x00, 0x00, 0x00, 0x00, 0x00, 0x00, 0x00, 0x00,
    0x00, 0x00, 0x00, 0x00, 0x00, 0xff, 0xff, 0x01, 0x01, 0x00, 0x00, 0x00, 0x00, 0x99, 0xf6, 0x1e,
    0x13, 0xb1, 0xf9, 0xd9, 0x2b, 0xd5, 0xff, 0xfc, 0x1f, 0x95, 0xdc, 0xfd, 0x27, 0xc1, 0xf7, 0xff,
    0x28, 0xcf, 0xff, 0xff, 0x0e, 0xad, 0xf7, 0xff, 0x08, 0x84, 0xdb, 0xfd, 0x01, 0xb1, 0xff, 0xff,
    0x00, 0xa2, 0xf9, 0xaa, 0x1e, 0xc6, 0xff, 0xef, 0x29, 0xb7, 0xf0, 0xfb, 0x05, 0x94, 0xe9, 0xbe,
    0x02, 0xab, 0xfc, 0xf0, 0x00, 0xa2, 0xf3, 0x16, 0x00, 0x00, 0x00, 0x00, 0x00, 0x7f, 0xff, 0x02,
    0x00, 0x00, 0x00, 0x00, 0x00, 0xbf, 0xff, 0x04, 0x00, 0x00, 0x00, 0x00, 0x12, 0xbe, 0xff, 0x87,
    0x1f, 0xaf, 0xfa, 0xff, 0x21, 0xb8, 0xf4, 0xfa, 0x28, 0xc6, 0xf9, 0xff, 0x1e, 0x8a, 0xd4, 0xff,
    0x28, 0xc7, 0xfb, 0xff, 0x29, 0xd3, 0xff, 0xff, 0x18, 0xa1, 0xe9, 0xff, 0x04, 0x90, 0xe6, 0xfe,
    0x00, 0xad, 0xff, 0xff, 0x1f, 0xc5, 0xff, 0xfe, 0x28, 0xb8, 0xf0, 0xfe, 0x07, 0x9d, 0xf5, 0xff,
    0x00, 0xaa, 0xfc, 0xf1, 0x00, 0xa1, 0xf1, 0x13, 0x00, 0x00, 0x00, 0x00, 0x00, 0xff, 0xff, 0x01,
    0x00, 0x00, 0x00, 0x00, 0x00, 0xaa, 0xff, 0x03, 0x00, 0x00, 0x00, 0x00, 0x03, 0xa7, 0xfb, 0x43,
    0x23, 0xca, 0xff, 0xfe, 0x20, 0x91, 0xd8, 0xfd, 0x28, 0xcc, 0xfc, 0xff, 0x25, 0xb6, 0xee, 0xff,
    0x1e, 0x87, 0xd2, 0xff, 0x28, 0xc8, 0xfa, 0xff, 0x2b, 0xcc, 0xfe, 0xff, 0x1b, 0xb2, 0xf4, 0xff,
    0x00, 0xa5, 0xf9, 0xfe, 0x1c, 0xc1, 0xff, 0xff, 0x2c, 0xc3, 0xf7, 0xfd, 0x0d, 0x93, 0xe6, 0xfd,
    0x00, 0xaa, 0xfc, 0xe4, 0x19, 0x99, 0xe5, 0x0a, 0x00, 0x00, 0x00, 0x00, 0x00, 0xff, 0xff, 0x01,
    0x00, 0x00, 0x00, 0x00, 0xff, 0xff, 0xff, 0x01, 0x00, 0x00, 0x00, 0x00, 0x12, 0xac, 0xf4, 0xa6,
    0x1c, 0xb4, 0xf7, 0xfe, 0x26, 0xbe, 0xf6, 0xfd, 0x1e, 0x8c, 0xd6, 0xff, 0x2a, 0xd6, 0xff, 0xff,
    0x23, 0xab, 0xe9, 0xff, 0x20, 0x92, 0xda, 0xff, 0x29, 0xd0, 0xff, 0xff, 0x2b, 0xcd, 0xff, 0xff,
    0x1f, 0xc2, 0xfd, 0xff, 0x21, 0xc4, 0xfe, 0xff, 0x2b, 0xcb, 0xfd, 0xfe, 0x15, 0x95, 0xe3, 0xff,
    0x00, 0xa4, 0xf9, 0xea, 0x00, 0xbb, 0xff, 0x0f, 0x00, 0x00, 0x00, 0x00, 0x00, 0xff, 0xff, 0x01,
    0x00, 0x00, 0x00, 0x00, 0x7f, 0xff, 0xff, 0x02, 0x00, 0x00, 0x00, 0x00, 0x18, 0xc0, 0xff, 0xcd,
    0x22, 0xab, 0xf1, 0xfe, 0x23, 0xc0, 0xf9, 0xfc, 0x25, 0xb2, 0xed, 0xff, 0x1f, 0x8e, 0xd7, 0xff,
    0x28, 0xce, 0xfe, 0xff, 0x27, 0xc4, 0xfb, 0xff, 0x28, 0xca, 0xff, 0xff, 0x27, 0xc9, 0xff, 0xff,
    0x2a, 0xcb, 0xff, 0xff, 0x29, 0xca, 0xfe, 0xff, 0x29, 0xcf, 0xff, 0xfe, 0x1d, 0x9e, 0xe5, 0xff,
    0x00, 0x9c, 0xf2, 0xf4, 0x00, 0xc1, 0xff, 0x19, 0x00, 0x00, 0x00, 0x00, 0x00, 0x7f, 0xff, 0x02,
    0x00, 0x00, 0x00, 0x00, 0x33, 0xcc, 0xff, 0x05, 0xff, 0xff, 0xff, 0x02, 0x0a, 0xaf, 0xfc, 0x63,
    0x24, 0xcd, 0xff, 0xff, 0x20, 0x91, 0xd9, 0xfc, 0x29, 0xd3, 0xff, 0xff, 0x23, 0xa5, 0xe5, 0xff,
    0x25, 0xb9, 0xf4, 0xff, 0x29, 0xcf, 0xff, 0xff, 0x28, 0xc9, 0xff, 0xff, 0x28, 0xca, 0xff, 0xff,
    0x28, 0xca, 0xff, 0xff, 0x28, 0xc9, 0xfe, 0xff, 0x29, 0xd0, 0xff, 0xfe, 0x22, 0xa7, 0xe8, 0xff,
    0x03, 0x96, 0xeb, 0xfc, 0x00, 0xc0, 0xff, 0x25, 0x00, 0x00, 0x00, 0x00, 0x00, 0x7f, 0xff, 0x02,
    0x00, 0x00, 0x00, 0x00, 0x00, 0x00, 0x00, 0x00, 0x00, 0x00, 0x00, 0x00, 0x00, 0x00, 0xff, 0x01,
    0x17, 0xbf, 0xff, 0xda, 0x27, 0xb8, 0xf1, 0xfe, 0x1f, 0x90, 0xd7, 0xfd, 0x29, 0xd1, 0xff, 0xff,
    0x28, 0xcb, 0xff, 0xff, 0x28, 0xc9, 0xff, 0xff, 0x28, 0xca, 0xff, 0xff, 0x28, 0xca, 0xff, 0xff,
    0x28, 0xca, 0xff, 0xff, 0x28, 0xc9, 0xfe, 0xff, 0x29, 0xd0, 0xff, 0xfe, 0x25, 0xab, 0xea, 0xff,
    0x05, 0x90, 0xe6, 0xff, 0x00, 0xc2, 0xff, 0x2a, 0x00, 0x00, 0x00, 0x00, 0x00, 0x7f, 0xff, 0x02,
    0x00, 0x00, 0x00, 0x00, 0xd4, 0xca, 0xba, 0x4e, 0xe6, 0xe2, 0xd3, 0xa9, 0xe8, 0xd2, 0xb9, 0x66,
    0x00, 0x98, 0xff, 0x39, 0x23, 0xd5, 0xff, 0xff, 0x24, 0xa9, 0xe7, 0xfa, 0x25, 0xbf, 0xf8, 0xff,
    0x28, 0xcc, 0xff, 0xff, 0x28, 0xca, 0xff, 0xff, 0x28, 0xca, 0xff, 0xff, 0x28, 0xca, 0xff, 0xff,
    0x28, 0xca, 0xff, 0xff, 0x28, 0xc9, 0xfe, 0xff, 0x29, 0xd0, 0xff, 0xfe, 0x25, 0xab, 0xeb, 0xff,
    0x06, 0x8e, 0xe3, 0xf5, 0x00, 0xdf, 0xff, 0x18, 0x00, 0x00, 0x00, 0x00, 0x00, 0x7f, 0xff, 0x02,
    0x00, 0x00, 0x00, 0x00, 0xca, 0xca, 0xb8, 0x1d, 0xff, 0xef, 0xdf, 0x20, 0xcf, 0xc9, 0xbd, 0x65,
    0xff, 0xd6, 0xa8, 0x32, 0x00, 0xa6, 0xff, 0x7c, 0x2a, 0xe0, 0xff, 0xff, 0x29, 0xcc, 0xff, 0xfa,
    0x27, 0xc9, 0xff, 0xff, 0x28, 0xca, 0xff, 0xff, 0x28, 0xca, 0xff, 0xff, 0x28, 0xca, 0xff, 0xff,
    0x28, 0xca, 0xff, 0xff, 0x28, 0xc8, 0xfe, 0xff, 0x29, 0xd1, 0xff, 0xfc, 0x20, 0xa5, 0xec, 0xfd,
    0x02, 0x94, 0xeb, 0xcd, 0x00, 0xff, 0xff, 0x01, 0x00, 0xff, 0xff, 0x01, 0x00, 0x00, 0x00, 0x00,
    0x7f, 0x7f, 0x7f, 0x02, 0x00, 0x00, 0x00, 0x00, 0xd1, 0xc8, 0xba, 0x70, 0xd2, 0xcb, 0xbd, 0xb2,
    0xd5, 0xce, 0xbd, 0x4a, 0xff, 0xcc, 0xb6, 0x38, 0x0f, 0xb4, 0xff, 0xa4, 0x2b, 0xda, 0xff, 0xff,
    0x29, 0xcc, 0xff, 0xfa, 0x27, 0xc8, 0xff, 0xfd, 0x28, 0xc9, 0xff, 0xfe, 0x28, 0xc9, 0xff, 0xfe,
    0x28, 0xc7, 0xfd, 0xfe, 0x28, 0xcd, 0xff, 0xfc, 0x2b, 0xc7, 0xfb, 0xf9, 0x12, 0x9a, 0xf1, 0xff,
    0x00, 0xa7, 0xfc, 0x60, 0x00, 0x00, 0x00, 0x00, 0x00, 0x7f, 0xbf, 0x04, 0x00, 0x00, 0x00, 0x00,
    0x00, 0x00, 0x00, 0x00, 0xd5, 0xcd, 0xbe, 0x43, 0xd4, 0xcb, 0xbc, 0xa2, 0x00, 0x00, 0x00, 0x00,
    0xd0, 0xca, 0xbe, 0x7f, 0xd8, 0xce, 0xbb, 0x6a, 0x00, 0x00, 0x00, 0x00, 0x12, 0xb6, 0xfa, 0xb0,
    0x24, 0xd5, 0xff, 0xff, 0x2b, 0xd3, 0xff, 0xff, 0x29, 0xd0, 0xff, 0xff, 0x29, 0xd0, 0xff, 0xff,
    0x2a, 0xd4, 0xff, 0xff, 0x2a, 0xcf, 0xff, 0xff, 0x1a, 0xa3, 0xf4, 0xff, 0x03, 0x95, 0xeb, 0x9f,
    0x00, 0xff, 0xff, 0x01, 0x00, 0xff, 0xff, 0x02, 0x00, 0x00, 0x00, 0x00, 0x00, 0x00, 0x00, 0x00,
    0x00, 0x00, 0x00, 0x00, 0xff, 0xff, 0xff, 0x01, 0x00, 0x00, 0x00, 0x00, 0x00, 0x00, 0x00, 0x00,
    0xd3, 0xcb, 0xbc, 0x86, 0xcc, 0xcc, 0xc1, 0x19, 0x00, 0xff, 0x00, 0x01, 0x00, 0x00, 0x00, 0x00,
    0x04, 0xae, 0xfc, 0x6c, 0x18, 0xb9, 0xf7, 0xd1, 0x23, 0xb4, 0xf2, 0xf5, 0x23, 0xb2, 0xee, 0xf9,
    0x22, 0xa6, 0xe7, 0xe4, 0x17, 0x8e, 0xdd, 0xc1, 0x02, 0x8f, 0xe8, 0x65, 0x00, 0x01, 0x01, 0x00,
    0x00, 0x00, 0xff, 0x01, 0x00, 0xff, 0xff, 0x01, 0x00, 0x00, 0x00, 0x00, 0x00, 0x00, 0x00, 0x00,
    0x00, 0x00, 0x00, 0x00, 0x00, 0x00, 0x00, 0x00, 0xff, 0xff, 0xff, 0x02, 0x00, 0x00, 0x00, 0x00,
    0x00, 0x00, 0x00, 0x00, 0x00, 0x00, 0x00, 0x00, 0x00, 0x00, 0x00, 0x00, 0x00, 0x01, 0x00, 0x00,
    0x00, 0x00, 0x00, 0x00, 0x00, 0x00, 0x00, 0x00, 0x12, 0x3f, 0xa3, 0x1c, 0x10, 0x41, 0xa4, 0x1f,
    0x00, 0x00, 0x5c, 0x0b, 0x00, 0x00, 0x00, 0x00, 0x00, 0x00, 0x00, 0x00, 0x00, 0x00, 0x00, 0x01,
    0x00, 0x00, 0x00, 0x00, 0x00, 0x00, 0x00, 0x00, 0x00, 0x00, 0x00, 0x00, 0x00, 0x00, 0x00, 0x00,
    0x00, 0x00, 0x00, 0x00, 0x00, 0x00, 0x00, 0x00, 0x00, 0x00, 0x00, 0x00, 0x00, 0x00, 0x00, 0x00,
    0x00, 0x00, 0x00, 0x00, 0x00, 0x00, 0x00, 0x01, 0x00, 0x00, 0x00, 0x00, 0x00, 0x00, 0xff, 0x01,
    0x00, 0xbf, 0xff, 0x04, 0x00, 0x01, 0x00, 0x00, 0x00, 0x00, 0x00, 0x00, 0x00, 0x00, 0x00, 0x00,
    0x00, 0x00, 0x00, 0x00, 0x00, 0x7f, 0xff, 0x02, 0x00, 0x7f, 0xbf, 0x04, 0x00, 0x00, 0x00, 0x00,
    0x00, 0x00, 0x00, 0x00, 0x00, 0x00, 0x00, 0x00, 0x00, 0x00, 0x00, 0x00, 0x00, 0x00, 0x00, 0x00,
};

static const lv_image_dsc_t emoji_img_20 = {
    .header = {
        .magic = LV_IMAGE_HEADER_MAGIC,
        .cf = LV_COLOR_FORMAT_ARGB8888,
        .flags = 0,
        .w = 20,
        .h = 20,
        .stride = 20 * 4,
        .reserved_2 = 0,
    },
    .data_size = sizeof(emoji_img_20_data),
    .data = emoji_img_20_data,
    .reserved = NULL,
    .reserved_2 = NULL,
};

// LVGL image: emoji_img_21 (20x20 ARGB8888, BGRA byte order)
static const uint8_t emoji_img_21_data[] = {
    0x00, 0x00, 0x00, 0x00, 0x00, 0x00, 0x00, 0x00, 0x00, 0x00, 0x00, 0x00, 0x00, 0x00, 0x00, 0x00,
    0x00, 0x00, 0x00, 0x00, 0x00, 0x00, 0x00, 0x00, 0xff, 0xff, 0xff, 0x01, 0xaa, 0xaa, 0xaa, 0x03,
    0x00, 0x00, 0x00, 0x00, 0xcc, 0xcc, 0x99, 0x05, 0xbf, 0xbf, 0xbf, 0x04, 0x00, 0x00, 0x00, 0x00,
    0xaa, 0xaa, 0xaa, 0x03, 0x00, 0x00, 0x00, 0x01, 0x00, 0x00, 0x00, 0x00, 0x00, 0x00, 0x00, 0x00,
    0x00, 0x00, 0x00, 0x00, 0x00, 0x00, 0x00, 0x00, 0x00, 0x00, 0x00, 0x00, 0x00, 0x00, 0x00, 0x00,
    0x00, 0x00, 0x00, 0x00, 0x00, 0x00, 0x00, 0x00, 0x00, 0x00, 0x00, 0x00, 0x00, 0x00, 0x00, 0x00,
    0x00, 0x00, 0x00, 0x00, 0x00, 0x00, 0x00, 0x00, 0x00, 0x00, 0x00, 0x00, 0x00, 0x00, 0x00, 0x00,
    0xff, 0xff, 0xff, 0x01, 0xc3, 0xbd, 0xb1, 0x52, 0xc5, 0xbd, 0xb1, 0x42, 0xff, 0xff, 0xff, 0x01,
    0x00, 0x00, 0x00, 0x00, 0x00, 0x00, 0x00, 0x00, 0x00, 0x00, 0x00, 0x00, 0x00, 0x00, 0x00, 0x00,
    0x00, 0x00, 0x00, 0x00, 0x00, 0x00, 0x00, 0x00, 0x00, 0x00, 0x00, 0x00, 0x00, 0x00, 0x00, 0x00,
    0x00, 0x00, 0x00, 0x00, 0x00, 0x00, 0x00, 0x00, 0x00, 0x00, 0x00, 0x00, 0x00, 0x7f, 0xff, 0x02,
    0x7f, 0x7f, 0x7f, 0x02, 0x00, 0x00, 0x00, 0x00, 0xbd, 0xbd, 0xb4, 0x1f, 0xc3, 0xbf, 0xb0, 0x44,
    0x00, 0x00, 0x00, 0x00, 0xc5, 0xbd, 0xb0, 0x62, 0xc4, 0xbe, 0xb1, 0x4f, 0x00, 0x00, 0x00, 0x00,
    0xc2, 0xbf, 0xb1, 0x4c, 0xb6, 0xb6, 0xb6, 0x15, 0x00, 0x00, 0x00, 0x00, 0x7f, 0x7f, 0xff, 0x02,
    0x00, 0x7f, 0xff, 0x02, 0x00, 0x00, 0x00, 0x00, 0x00, 0x00, 0x00, 0x00, 0x00, 0x00, 0x00, 0x00,
    0x00, 0x00, 0x00, 0x00, 0x00, 0x00, 0x00, 0x00, 0x00, 0x00, 0x00, 0x00, 0x00, 0x00, 0x00, 0x00,
    0x00, 0x00, 0x00, 0x00, 0x00, 0x55, 0xaa, 0x03, 0xff, 0xff, 0x55, 0x06, 0xca, 0xc0, 0xb0, 0x9f,
    0xc6, 0xbf, 0xb1, 0x24, 0xc5, 0xbf, 0xb0, 0x58, 0xc5, 0xbd, 0xad, 0x42, 0xc4, 0xbf, 0xb0, 0x34,
    0xca, 0xbe, 0xad, 0x96, 0x05, 0x01, 0x00, 0x00, 0x55, 0x55, 0xaa, 0x03, 0x00, 0x00, 0x00, 0x00,
    0x00, 0x00, 0x00, 0x00, 0x00, 0x00, 0x00, 0x00, 0x00, 0x00, 0x00, 0x00, 0x00, 0x00, 0x00, 0x00,
    0x00, 0x00, 0x00, 0x00, 0x00, 0xff, 0xff, 0x01, 0x00, 0x99, 0xcc, 0x05, 0x05, 0x94, 0xed, 0x2b,
    0x0f, 0xb0, 0xf5, 0x71, 0x1d, 0x9d, 0xe3, 0x9d, 0x00, 0x91, 0xf0, 0x23, 0x85, 0xac, 0xbe, 0x3b,
    0xc7, 0xbf, 0xb0, 0x61, 0xbb, 0xbb, 0xaa, 0x0f, 0xb9, 0xb9, 0xb9, 0x0b, 0xc8, 0xbe, 0xb0, 0x6b,
    0x68, 0xb3, 0xd0, 0x2c, 0x00, 0x90, 0xea, 0x25, 0x18, 0xab, 0xf1, 0xa5, 0x19, 0x8c, 0xd7, 0x66,
    0x0b, 0x94, 0xe1, 0x2b, 0x00, 0x99, 0xcc, 0x05, 0x00, 0x7f, 0x7f, 0x02, 0x00, 0x00, 0x00, 0x00,
    0x00, 0x00, 0xff, 0x01, 0x00, 0x00, 0x00, 0x00, 0x00, 0x00, 0x00, 0x00, 0x18, 0xac, 0xf1, 0xcd,
    0x18, 0xa9, 0xed, 0xcd, 0x1e, 0xa4, 0xe7, 0xc2, 0x17, 0xac, 0xf1, 0xd6, 0x17, 0x8d, 0xda, 0x61,
    0x00, 0x00, 0x00, 0x00, 0x00, 0x00, 0xff, 0x01, 0x00, 0x7f, 0xff, 0x02, 0x00, 0x00, 0x00, 0x00,
    0x0b, 0xba, 0xff, 0x73, 0x1a, 0xa3, 0xe8, 0xd0, 0x1c, 0xae, 0xf0, 0xc4, 0x18, 0xa0, 0xe7, 0xcd,
    0x1a, 0xa0, 0xe5, 0xc7, 0x00, 0x00, 0x00, 0x00, 0x00, 0x01, 0x00, 0x00, 0x00, 0x00, 0x00, 0x00,
    0x00, 0x00, 0x00, 0x00, 0x0f, 0xb1, 0xf7, 0x21, 0x10, 0x9b, 0xe7, 0x79, 0x1b, 0xae, 0xf1, 0xcb,
    0x1a, 0xa6, 0xeb, 0xd3, 0x1c, 0xa4, 0xe8, 0xc3, 0x1c, 0xb2, 0xf3, 0xe2, 0x25, 0x93, 0xd7, 0x66,
    0x00, 0xff, 0xff, 0x01, 0x33, 0x99, 0xcc, 0x05, 0x00, 0x99, 0xcc, 0x05, 0xff, 0xff, 0xff, 0x01,
    0x14, 0xbe, 0xff, 0x7a, 0x1e, 0xa6, 0xe9, 0xdd, 0x1b, 0xab, 0xee, 0xc4, 0x1a, 0xa5, 0xea, 0xd2,
    0x1d, 0xa7, 0xea, 0xc6, 0x13, 0x8c, 0xda, 0x78, 0x1b, 0x76, 0xc8, 0x1c, 0x00, 0x00, 0x00, 0x00,
    0x00, 0x00, 0x00, 0x00, 0x11, 0xbe, 0xff, 0x47, 0x1a, 0xa3, 0xe9, 0xe1, 0x1a, 0xaa, 0xed, 0xd1,
    0x1b, 0xa9, 0xec, 0xdf, 0x1c, 0xa5, 0xea, 0xd0, 0x1c, 0xb1, 0xf3, 0xee, 0x22, 0x8b, 0xd2, 0x61,
    0x00, 0x7f, 0xff, 0x02, 0x00, 0x9f, 0xdf, 0x08, 0x00, 0xbf, 0xff, 0x08, 0x00, 0x7f, 0xff, 0x02,
    0x11, 0xbd, 0xff, 0x75, 0x1c, 0xa6, 0xe9, 0xe9, 0x1a, 0xaa, 0xef, 0xd1, 0x1b, 0xa4, 0xea, 0xdf,
    0x1c, 0xa8, 0xec, 0xcf, 0x17, 0x99, 0xe2, 0xe1, 0x21, 0x70, 0xc0, 0x3d, 0x00, 0x00, 0x00, 0x00,
    0x00, 0x00, 0x00, 0x00, 0x14, 0xc1, 0xff, 0x4b, 0x1a, 0xa1, 0xe8, 0xe6, 0x19, 0xa8, 0xec, 0xdc,
    0x1b, 0xa5, 0xea, 0xe9, 0x1c, 0xa6, 0xeb, 0xd9, 0x1c, 0xaf, 0xf0, 0xfa, 0x21, 0x89, 0xd2, 0x62,
    0x00, 0x00, 0x00, 0x00, 0x00, 0x00, 0x00, 0x00, 0x00, 0x00, 0x00, 0x00, 0x00, 0x00, 0x00, 0x00,
    0x11, 0xbe, 0xff, 0x76, 0x1b, 0xa1, 0xe7, 0xf7, 0x1a, 0xa8, 0xec, 0xda, 0x19, 0xa4, 0xea, 0xe8,
    0x1b, 0xa6, 0xea, 0xdc, 0x19, 0x9b, 0xe3, 0xe5, 0x1e, 0x73, 0xc1, 0x42, 0x00, 0x00, 0x00, 0x00,
    0x00, 0x00, 0x00, 0x00, 0x14, 0xbd, 0xff, 0x4a, 0x1d, 0xb3, 0xf1, 0xfa, 0x1e, 0xb8, 0xf5, 0xf1,
    0x23, 0xbd, 0xf7, 0xf9, 0x21, 0xb9, 0xf6, 0xef, 0x25, 0xc2, 0xfa, 0xff, 0x23, 0x7a, 0xc4, 0x4f,
    0x00, 0xb7, 0xff, 0x20, 0x11, 0xb7, 0xff, 0x72, 0x12, 0xba, 0xff, 0x70, 0x00, 0xaa, 0xff, 0x18,
    0x11, 0xbb, 0xff, 0x5a, 0x23, 0xbf, 0xf5, 0xff, 0x20, 0xba, 0xf6, 0xf1, 0x22, 0xbd, 0xf7, 0xfb,
    0x20, 0xb6, 0xf4, 0xef, 0x1d, 0xa8, 0xec, 0xfa, 0x1f, 0x6d, 0xc0, 0x41, 0x00, 0x00, 0x00, 0x00,
    0x00, 0x00, 0x00, 0x00, 0x0f, 0xb5, 0xff, 0x42, 0x27, 0xd4, 0xff, 0xff, 0x29, 0xcc, 0xff, 0xfe,
    0x29, 0xcc, 0xff, 0xff, 0x2a, 0xd0, 0xff, 0xff, 0x22, 0xc3, 0xfd, 0xff, 0x0d, 0x89, 0xdc, 0x86,
    0x1c, 0xc7, 0xff, 0xe7, 0x1d, 0x98, 0xe0, 0xd6, 0x1f, 0x9c, 0xe2, 0xde, 0x1e, 0xc4, 0xff, 0xdd,
    0x01, 0xa8, 0xfb, 0x87, 0x20, 0xcd, 0xff, 0xff, 0x2b, 0xcd, 0xff, 0xfe, 0x29, 0xcc, 0xff, 0xff,
    0x29, 0xd0, 0xff, 0xff, 0x27, 0xbf, 0xfc, 0xff, 0x19, 0x5f, 0xb5, 0x3b, 0x00, 0x00, 0x00, 0x00,
    0x00, 0x00, 0x00, 0x00, 0x11, 0xae, 0xf6, 0x3c, 0x27, 0xcd, 0xff, 0xfe, 0x28, 0xca, 0xff, 0xfd,
    0x29, 0xcb, 0xfe, 0xff, 0x18, 0xbb, 0xfc, 0xff, 0x17, 0xb7, 0xfa, 0xfd, 0x25, 0xce, 0xff, 0xff,
    0x22, 0xa3, 0xe5, 0xec, 0x00, 0x00, 0x00, 0x07, 0x0f, 0x00, 0x4f, 0x10, 0x22, 0xa7, 0xea, 0xf3,
    0x23, 0xcf, 0xff, 0xff, 0x15, 0xb7, 0xfb, 0xfe, 0x19, 0xbd, 0xfd, 0xff, 0x2a, 0xca, 0xfe, 0xff,
    0x28, 0xcc, 0xff, 0xfe, 0x26, 0xba, 0xf7, 0xfe, 0x17, 0x5e, 0xb8, 0x36, 0x00, 0x00, 0x00, 0x00,
    0x00, 0x00, 0x00, 0x00, 0x1b, 0x61, 0xb8, 0x2f, 0x26, 0xbe, 0xf9, 0xff, 0x2a, 0xcd, 0xff, 0xfe,
    0x23, 0xc5, 0xfe, 0xff, 0x15, 0xba, 0xfd, 0xff, 0x2b, 0xcd, 0xff, 0xfb, 0x2b, 0xd5, 0xff, 0xff,
    0x1c, 0x7e, 0xca, 0x91, 0x00, 0x01, 0x00, 0x00, 0x00, 0x00, 0x00, 0x00, 0x1d, 0x85, 0xcf, 0x9d,
    0x2c, 0xd7, 0xff, 0xfe, 0x2a, 0xcc, 0xff, 0xfb, 0x15, 0xb9, 0xfd, 0xff, 0x24, 0xc5, 0xfd, 0xff,
    0x2a, 0xd0, 0xfe, 0xff, 0x24, 0xb0, 0xee, 0xfe, 0x12, 0x3e, 0x9b, 0x29, 0x00, 0x00, 0x00, 0x00,
    0x00, 0xff, 0xff, 0x01, 0x15, 0x15, 0x7f, 0x0c, 0x21, 0xa6, 0xe8, 0xea, 0x2c, 0xd9, 0xff, 0xff,
    0x21, 0xc3, 0xfd, 0xfd, 0x22, 0xc3, 0xfd, 0xfe, 0x2b, 0xd6, 0xff, 0xff, 0x22, 0xa9, 0xea, 0xfb,
    0x14, 0x4b, 0xac, 0x25, 0x00, 0xff, 0xff, 0x01, 0x00, 0xff, 0xff, 0x01, 0x16, 0x55, 0xaf, 0x2d,
    0x23, 0xae, 0xee, 0xff, 0x2b, 0xd5, 0xff, 0xfe, 0x22, 0xc3, 0xfd, 0xfe, 0x23, 0xc4, 0xfd, 0xfd,
    0x2c, 0xda, 0xff, 0xff, 0x20, 0x99, 0xde, 0xe3, 0x00, 0x00, 0x5f, 0x08, 0x00, 0xff, 0xff, 0x01,
    0x00, 0xaa, 0xff, 0x03, 0x00, 0x00, 0x00, 0x00, 0x1b, 0x77, 0xc6, 0x5e, 0x26, 0xbd, 0xf4, 0xfb,
    0x28, 0xcd, 0xff, 0xfd, 0x29, 0xcd, 0xff, 0xfd, 0x24, 0xb4, 0xef, 0xfb, 0x19, 0x69, 0xbb, 0x66,
    0x00, 0x00, 0x00, 0x00, 0x00, 0x55, 0xaa, 0x03, 0x00, 0x7f, 0xff, 0x02, 0x00, 0x00, 0x00, 0x00,
    0x1b, 0x6a, 0xbd, 0x71, 0x25, 0xb7, 0xf1, 0xfd, 0x29, 0xcd, 0xff, 0xfd, 0x29, 0xcd, 0xff, 0xfd,
    0x25, 0xb9, 0xf3, 0xf9, 0x1b, 0x6c, 0xc0, 0x55, 0x00, 0x00, 0x00, 0x00, 0x00, 0xaa, 0xff, 0x03,
    0x00, 0x00, 0x00, 0x01, 0x00, 0x01, 0x01, 0x00, 0x00, 0x00, 0x00, 0x00, 0x21, 0xa1, 0xe4, 0xdb,
    0x29, 0xd2, 0xff, 0xff, 0x2a, 0xd3, 0xff, 0xff, 0x21, 0x98, 0xde, 0xcf, 0x00, 0x00, 0x00, 0x00,
    0x00, 0xff, 0xff, 0x02, 0x00, 0x00, 0x00, 0x00, 0x00, 0x00, 0x00, 0x01, 0x00, 0xff, 0xff, 0x01,
    0x00, 0x00, 0x00, 0x00, 0x21, 0x9d, 0xe1, 0xd7, 0x29, 0xd2, 0xff, 0xff, 0x2a, 0xd3, 0xff, 0xff,
    0x20, 0x9b, 0xdf, 0xd2, 0x00, 0x00, 0x00, 0x00, 0x00, 0x02, 0x01, 0x00, 0x00, 0x00, 0x00, 0x00,
    0x00, 0x00, 0xff, 0x01, 0x00, 0x01, 0x00, 0x00, 0x00, 0x2a, 0x55, 0x06, 0x23, 0xa6, 0xe5, 0xde,
    0x29, 0xd2, 0xff, 0xff, 0x2a, 0xd3, 0xff, 0xff, 0x21, 0x9a, 0xde, 0xc6, 0x00, 0x7f, 0xff, 0x02,
    0x00, 0xff, 0xff, 0x01, 0x00, 0x00, 0x00, 0x00, 0x00, 0x00, 0x00, 0x00, 0x00, 0x02, 0x01, 0x00,
    0x00, 0x7f, 0xff, 0x02, 0x21, 0x9f, 0xe1, 0xce, 0x2a, 0xd3, 0xff, 0xff, 0x2a, 0xd2, 0xff, 0xff,
    0x23, 0xa0, 0xe1, 0xd3, 0x00, 0x7f, 0xff, 0x02, 0x00, 0x02, 0x01, 0x00, 0x00, 0x00, 0x00, 0x01,
    0x00, 0x00, 0xff, 0x01, 0x00, 0x01, 0x00, 0x00, 0x00, 0x00, 0x00, 0x05, 0x22, 0xa6, 0xe6, 0xe3,
    0x2a, 0xd5, 0xff, 0xff, 0x2b, 0xd6, 0xff, 0xff, 0x1f, 0x92, 0xd8, 0xcc, 0x00, 0x00, 0x00, 0x00,
    0x00, 0xff, 0xff, 0x01, 0x00, 0x00, 0x00, 0x00, 0x00, 0x00, 0x00, 0x00, 0x00, 0x02, 0x01, 0x00,
    0x00, 0x00, 0x00, 0x00, 0x20, 0x97, 0xdc, 0xd4, 0x2b, 0xd6, 0xff, 0xff, 0x2b, 0xd6, 0xff, 0xff,
    0x21, 0xa3, 0xe4, 0xdb, 0x00, 0x00, 0x00, 0x01, 0x00, 0x01, 0x01, 0x00, 0x00, 0x00, 0x00, 0x01,
    0x00, 0x00, 0x00, 0x00, 0x00, 0x00, 0x00, 0x00, 0x00, 0x00, 0x00, 0x01, 0x25, 0xa7, 0xe6, 0x29,
    0x25, 0xd3, 0xff, 0x2f, 0x2b, 0xd3, 0xff, 0x2f, 0x22, 0x90, 0xd5, 0x25, 0x00, 0x00, 0x00, 0x00,
    0x00, 0x00, 0x00, 0x00, 0x00, 0x00, 0x00, 0x00, 0x00, 0x00, 0x00, 0x00, 0x00, 0x00, 0x00, 0x00,
    0x00, 0x00, 0x00, 0x00, 0x21, 0x93, 0xdd, 0x26, 0x2b, 0xd3, 0xff, 0x2f, 0x2b, 0xd3, 0xff, 0x2f,
    0x20, 0xaa, 0xeb, 0x27, 0x00, 0x00, 0x00, 0x00, 0x00, 0x00, 0x00, 0x00, 0x00, 0x00, 0x00, 0x00,
    0x00, 0x00, 0x00, 0x00, 0x00, 0x00, 0x00, 0x00, 0x00, 0x00, 0x00, 0x00, 0x00, 0x00, 0x00, 0x00,
    0x00, 0x00, 0x00, 0x00, 0x00, 0x00, 0x00, 0x00, 0x00, 0x00, 0x00, 0x00, 0x00, 0x00, 0x00, 0x00,
    0x00, 0x00, 0x00, 0x00, 0x00, 0x00, 0x00, 0x00, 0x00, 0x00, 0x00, 0x00, 0x00, 0x00, 0x00, 0x00,
    0x00, 0x00, 0x00, 0x00, 0x00, 0x00, 0x00, 0x00, 0x00, 0x00, 0x00, 0x00, 0x00, 0x00, 0x00, 0x00,
    0x00, 0x00, 0x00, 0x00, 0x00, 0x00, 0x00, 0x00, 0x00, 0x00, 0x00, 0x00, 0x00, 0x00, 0x00, 0x00,
};

static const lv_image_dsc_t emoji_img_21 = {
    .header = {
        .magic = LV_IMAGE_HEADER_MAGIC,
        .cf = LV_COLOR_FORMAT_ARGB8888,
        .flags = 0,
        .w = 20,
        .h = 20,
        .stride = 20 * 4,
        .reserved_2 = 0,
    },
    .data_size = sizeof(emoji_img_21_data),
    .data = emoji_img_21_data,
    .reserved = NULL,
    .reserved_2 = NULL,
};

// LVGL image: emoji_img_22 (20x20 ARGB8888, BGRA byte order)
static const uint8_t emoji_img_22_data[] = {
    0x00, 0x00, 0x00, 0x00, 0x00, 0x00, 0x00, 0x00, 0x00, 0x00, 0x00, 0x00, 0x00, 0x00, 0x00, 0x00,
    0x00, 0x00, 0x00, 0x00, 0x00, 0x00, 0x00, 0x00, 0x00, 0x00, 0x00, 0x00, 0x00, 0x00, 0x00, 0x00,
    0x00, 0x00, 0x00, 0x00, 0x00, 0x00, 0x00, 0x00, 0x00, 0x00, 0x00, 0x00, 0x00, 0x00, 0x00, 0x00,
    0x00, 0x00, 0x00, 0x00, 0x00, 0x00, 0x00, 0x00, 0x00, 0x00, 0x00, 0x00, 0x00, 0x00, 0x00, 0x00,
    0x00, 0x00, 0x00, 0x00, 0x00, 0x00, 0x00, 0x00, 0x00, 0x00, 0x00, 0x00, 0x00, 0x00, 0x00, 0x00,
    0x00, 0x00, 0x00, 0x00, 0x00, 0x00, 0x00, 0x00, 0x00, 0x00, 0x00, 0x00, 0x00, 0x00, 0x00, 0x00,
    0x00, 0x00, 0x00, 0x00, 0x00, 0x00, 0x00, 0x00, 0x00, 0xaa, 0xff, 0x03, 0x00, 0x00, 0x00, 0x00,
    0x0f, 0xb2, 0xf8, 0x53, 0x1b, 0x84, 0xd2, 0xa7, 0x1b, 0x84, 0xd2, 0xa7, 0x0f, 0xb2, 0xf8, 0x53,
    0x00, 0x00, 0x00, 0x00, 0x00, 0xaa, 0xff, 0x03, 0x00, 0x00, 0x00, 0x00, 0x00, 0x00, 0x00, 0x00,
    0x00, 0x00, 0x00, 0x00, 0x00, 0x00, 0x00, 0x00, 0x00, 0x00, 0x00, 0x00, 0x00, 0x00, 0x00, 0x00,
    0x00, 0x00, 0x00, 0x00, 0x00, 0x00, 0x00, 0x00, 0x00, 0x00, 0x00, 0x00, 0x00, 0x00, 0x00, 0x00,
    0x00, 0x00, 0x00, 0x00, 0x00, 0x00, 0x00, 0x00, 0x00, 0xbf, 0xff, 0x04, 0x00, 0x00, 0x00, 0x00,
    0x16, 0x94, 0xdf, 0x92, 0x21, 0x94, 0xe9, 0xff, 0x21, 0x94, 0xe9, 0xff, 0x16, 0x94, 0xdf, 0x92,
    0x00, 0x00, 0x00, 0x00, 0x00, 0xbf, 0xff, 0x04, 0x00, 0x00, 0x00, 0x00, 0x00, 0x00, 0x00, 0x00,
    0x00, 0x00, 0x00, 0x00, 0x00, 0x00, 0x00, 0x00, 0x00, 0x00, 0x00, 0x00, 0x00, 0x00, 0x00, 0x00,
    0x00, 0x00, 0x00, 0x00, 0x00, 0x00, 0x00, 0x00, 0x00, 0x00, 0x00, 0x00, 0x00, 0x00, 0x00, 0x00,
    0x00, 0x00, 0x00, 0x00, 0x00, 0x00, 0x00, 0x00, 0x55, 0xff, 0xff, 0x03, 0x00, 0x00, 0x00, 0x00,
    0x23, 0xa2, 0xe3, 0xa6, 0x24, 0xad, 0xf0, 0xfc, 0x24, 0xad, 0xf0, 0xfc, 0x23, 0xa2, 0xe3, 0xa6,
    0x00, 0x00, 0x00, 0x00, 0x55, 0xff, 0xff, 0x03, 0x00, 0x00, 0x00, 0x00, 0x00, 0x00, 0x00, 0x00,
    0x00, 0x00, 0x00, 0x00, 0x00, 0x00, 0x00, 0x00, 0x00, 0x00, 0x00, 0x00, 0x00, 0x00, 0x00, 0x00,
    0x00, 0x00, 0x00, 0x00, 0x00, 0x00, 0x00, 0x00, 0x00, 0x00, 0x00, 0x00, 0x00, 0x00, 0x00, 0x00,
    0x00, 0x00, 0x00, 0x00, 0x00, 0x00, 0x00, 0x00, 0x00, 0x01, 0x01, 0x00, 0x00, 0x00, 0x55, 0x03,
    0x1d, 0x87, 0xd2, 0xd8, 0x1f, 0x8c, 0xd8, 0xff, 0x1f, 0x8c, 0xd8, 0xff, 0x1d, 0x87, 0xd2, 0xd8,
    0x00, 0x00, 0x55, 0x03, 0x00, 0x01, 0x01, 0x00, 0x00, 0x00, 0x00, 0x00, 0x00, 0x00, 0x00, 0x00,
    0x00, 0x00, 0x00, 0x00, 0x00, 0x00, 0x00, 0x00, 0x00, 0x00, 0x00, 0x00, 0x00, 0x00, 0x00, 0x00,
    0x00, 0x00, 0x00, 0x00, 0x00, 0x00, 0x00, 0x00, 0x00, 0x00, 0x00, 0x00, 0x00, 0x00, 0x00, 0x00,
    0x00, 0x00, 0x00, 0x00, 0x00, 0x7f, 0x7f, 0x02, 0x00, 0x00, 0x00, 0x00, 0x11, 0x3d, 0x9e, 0x1d,
    0x20, 0x92, 0xd8, 0xf7, 0x24, 0xac, 0xeb, 0xff, 0x24, 0xac, 0xeb, 0xff, 0x20, 0x92, 0xd8, 0xf7,
    0x11, 0x3d, 0x9e, 0x1d, 0x00, 0x00, 0x00, 0x00, 0x00, 0x7f, 0x7f, 0x02, 0x00, 0x00, 0x00, 0x00,
    0x00, 0x00, 0x00, 0x00, 0x00, 0x00, 0x00, 0x00, 0x00, 0x00, 0x00, 0x00, 0x00, 0x00, 0x00, 0x00,
    0x00, 0x00, 0x00, 0x00, 0x00, 0x00, 0x00, 0x00, 0x00, 0x00, 0x00, 0x00, 0x00, 0x00, 0x00, 0x00,
    0x00, 0x00, 0x00, 0x00, 0x00, 0x55, 0xff, 0x03, 0x00, 0x00, 0x00, 0x00, 0x1b, 0x57, 0xaf, 0x40,
    0x24, 0xa8, 0xed, 0xff, 0x23, 0xa6, 0xe5, 0xfd, 0x23, 0xa6, 0xe5, 0xfd, 0x24, 0xa8, 0xed, 0xff,
    0x1b, 0x57, 0xaf, 0x40, 0x00, 0x00, 0x00, 0x00, 0x00, 0x55, 0xff, 0x03, 0x00, 0x00, 0x00, 0x00,
    0x00, 0x00, 0x00, 0x00, 0x00, 0x00, 0x00, 0x00, 0x00, 0x00, 0x00, 0x00, 0x00, 0x00, 0x00, 0x00,
    0x00, 0x00, 0x00, 0x00, 0x00, 0x00, 0x00, 0x00, 0x00, 0x00, 0x00, 0x00, 0x00, 0x00, 0x00, 0x00,
    0x00, 0x00, 0x00, 0x00, 0x00, 0x7f, 0xbf, 0x04, 0x00, 0x00, 0x00, 0x00, 0x11, 0x94, 0xe2, 0x90,
    0x25, 0xbc, 0xfd, 0xff, 0x21, 0x9b, 0xde, 0xfb, 0x21, 0x9b, 0xde, 0xfb, 0x25, 0xbc, 0xfd, 0xff,
    0x11, 0x94, 0xe2, 0x90, 0x00, 0x00, 0x00, 0x00, 0x00, 0x7f, 0xbf, 0x04, 0x00, 0x00, 0x00, 0x00,
    0x00, 0x00, 0x00, 0x00, 0x00, 0x00, 0x00, 0x00, 0x00, 0x00, 0x00, 0x00, 0x00, 0x00, 0x00, 0x00,
    0x00, 0x00, 0x00, 0x00, 0x00, 0x00, 0x00, 0x00, 0x00, 0x00, 0x00, 0x00, 0x00, 0x00, 0x00, 0x00,
    0x00, 0x00, 0x00, 0x00, 0x01, 0x00, 0x00, 0x00, 0x00, 0x02, 0x02, 0x00, 0x13, 0xa1, 0xea, 0xd4,
    0x28, 0xc3, 0xff, 0xff, 0x22, 0xa4, 0xe4, 0xfd, 0x22, 0xa4, 0xe4, 0xfd, 0x28, 0xc3, 0xff, 0xff,
    0x13, 0xa1, 0xeb, 0xd3, 0x00, 0x02, 0x01, 0x00, 0x01, 0x00, 0x00, 0x00, 0x00, 0x00, 0x00, 0x00,
    0x00, 0x00, 0x00, 0x00, 0x00, 0x00, 0x00, 0x00, 0x00, 0x00, 0x00, 0x00, 0x00, 0x00, 0x00, 0x00,
    0x00, 0x00, 0x00, 0x00, 0x00, 0x00, 0x00, 0x00, 0x00, 0x00, 0x00, 0x00, 0x00, 0x00, 0x00, 0x00,
    0x00, 0xff, 0xff, 0x01, 0x00, 0x00, 0x00, 0x00, 0x00, 0xaa, 0xff, 0x0f, 0x18, 0xb0, 0xf3, 0xeb,
    0x2a, 0xce, 0xff, 0xff, 0x25, 0xb5, 0xf0, 0xfe, 0x25, 0xb5, 0xf0, 0xfe, 0x2a, 0xcd, 0xff, 0xff,
    0x19, 0xb0, 0xf4, 0xea, 0x00, 0xb6, 0xff, 0x0e, 0x00, 0x00, 0x00, 0x00, 0x00, 0xff, 0xff, 0x01,
    0x00, 0x00, 0x00, 0x00, 0x00, 0x00, 0x00, 0x00, 0x00, 0x00, 0x00, 0x00, 0x00, 0x00, 0x00, 0x00,
    0x00, 0x00, 0x00, 0x00, 0x00, 0x00, 0x00, 0x00, 0x00, 0x00, 0x00, 0x00, 0x00, 0x00, 0x00, 0x00,
    0x00, 0x7f, 0xff, 0x02, 0x00, 0x00, 0xff, 0x01, 0x00, 0xa1, 0xf9, 0x31, 0x1f, 0xc5, 0xff, 0xff,
    0x2b, 0xd1, 0xff, 0xfe, 0x25, 0xb6, 0xf1, 0xff, 0x25, 0xb6, 0xf1, 0xff, 0x2b, 0xd1, 0xff, 0xfe,
    0x1f, 0xc5, 0xff, 0xff, 0x00, 0x9f, 0xf9, 0x30, 0x00, 0x00, 0xff, 0x01, 0x00, 0x7f, 0xff, 0x02,
    0x00, 0x00, 0x00, 0x00, 0x00, 0x00, 0x00, 0x00, 0x00, 0x00, 0x00, 0x00, 0x00, 0x00, 0x00, 0x00,
    0x00, 0x00, 0x00, 0x00, 0x00, 0x00, 0x00, 0x00, 0x00, 0x00, 0x00, 0x00, 0x01, 0x00, 0x00, 0x00,
    0x3f, 0x9f, 0x9f, 0x08, 0x00, 0x01, 0x00, 0x00, 0x02, 0xa7, 0xf9, 0x5a, 0x24, 0xd0, 0xff, 0xff,
    0x2a, 0xcf, 0xff, 0xfb, 0x25, 0xb6, 0xf2, 0xff, 0x25, 0xb6, 0xf2, 0xff, 0x2a, 0xcf, 0xff, 0xfb,
    0x24, 0xd0, 0xff, 0xff, 0x02, 0xa7, 0xf9, 0x5a, 0x00, 0x01, 0x00, 0x00, 0x3f, 0x9f, 0x9f, 0x08,
    0x01, 0x00, 0x00, 0x00, 0x00, 0x00, 0x00, 0x00, 0x00, 0x00, 0x00, 0x00, 0x00, 0x00, 0x00, 0x00,
    0x00, 0x00, 0x00, 0x00, 0x00, 0x00, 0x00, 0x00, 0x7f, 0x7f, 0x00, 0x02, 0x00, 0x00, 0x01, 0x00,
    0x00, 0x00, 0x00, 0x00, 0x00, 0x00, 0x00, 0x00, 0x0d, 0xb4, 0xfc, 0xbd, 0x29, 0xd2, 0xfe, 0xff,
    0x28, 0xce, 0xff, 0xfc, 0x26, 0xb7, 0xf2, 0xfe, 0x26, 0xb7, 0xf2, 0xfe, 0x28, 0xce, 0xff, 0xfc,
    0x29, 0xd2, 0xfe, 0xff, 0x0d, 0xb4, 0xfc, 0xbd, 0x00, 0x00, 0x00, 0x00, 0x00, 0x00, 0x00, 0x00,
    0x00, 0x00, 0x01, 0x00, 0x7f, 0x7f, 0x00, 0x02, 0x00, 0x00, 0x00, 0x00, 0x00, 0x00, 0x00, 0x00,
    0x00, 0x00, 0x00, 0x00, 0xff, 0x00, 0x00, 0x01, 0x00, 0x00, 0x00, 0x00, 0xff, 0x3f, 0x00, 0x04,
    0x97, 0x90, 0x61, 0x51, 0x09, 0xb6, 0xff, 0xb4, 0x26, 0xcf, 0xff, 0xff, 0x2a, 0xcb, 0xff, 0xfd,
    0x2c, 0xd0, 0xff, 0xfe, 0x1e, 0xb3, 0xf3, 0xff, 0x1e, 0xb3, 0xf3, 0xff, 0x2c, 0xd0, 0xff, 0xfe,
    0x2a, 0xcb, 0xff, 0xfd, 0x26, 0xcf, 0xff, 0xff, 0x09, 0xb6, 0xff, 0xb4, 0x97, 0x90, 0x61, 0x51,
    0xff, 0x3f, 0x00, 0x04, 0x00, 0x00, 0x00, 0x00, 0xff, 0x00, 0x00, 0x01, 0x00, 0x00, 0x00, 0x00,
    0xff, 0x7f, 0x00, 0x02, 0xff, 0xff, 0x00, 0x01, 0xc5, 0x86, 0x26, 0x35, 0xd0, 0x8b, 0x25, 0xc6,
    0xcc, 0x8f, 0x30, 0xff, 0x41, 0xc6, 0xe5, 0xff, 0x25, 0xcf, 0xff, 0xfe, 0x22, 0xc2, 0xfa, 0xfc,
    0x17, 0xbe, 0xff, 0xff, 0x05, 0xa6, 0xf6, 0xfc, 0x05, 0xa6, 0xf6, 0xfc, 0x17, 0xbe, 0xff, 0xff,
    0x22, 0xc2, 0xfa, 0xfc, 0x25, 0xcf, 0xff, 0xfe, 0x41, 0xc6, 0xe5, 0xff, 0xcc, 0x8f, 0x30, 0xff,
    0xd0, 0x8b, 0x25, 0xc6, 0xc5, 0x86, 0x26, 0x35, 0xff, 0xff, 0x00, 0x01, 0xff, 0x7f, 0x00, 0x02,
    0xff, 0xaa, 0x00, 0x03, 0x00, 0x00, 0x00, 0x00, 0xc4, 0x86, 0x24, 0x46, 0xd4, 0x92, 0x2c, 0xff,
    0xcd, 0x82, 0x1a, 0xf9, 0xac, 0x93, 0x4c, 0xfc, 0x13, 0xb7, 0xf6, 0xfe, 0x01, 0xaf, 0xff, 0xff,
    0x00, 0xad, 0xfd, 0xfc, 0x00, 0xa6, 0xfc, 0x6d, 0x00, 0xa6, 0xfc, 0x6d, 0x00, 0xad, 0xfd, 0xfc,
    0x01, 0xaf, 0xff, 0xff, 0x13, 0xb7, 0xf6, 0xfe, 0xac, 0x93, 0x4c, 0xfc, 0xcd, 0x82, 0x1a, 0xf9,
    0xd4, 0x92, 0x2c, 0xff, 0xc4, 0x86, 0x24, 0x46, 0x00, 0x00, 0x00, 0x00, 0xff, 0xaa, 0x00, 0x03,
    0x00, 0x00, 0x00, 0x00, 0xff, 0x7f, 0x00, 0x02, 0x00, 0x00, 0x00, 0x00, 0xc4, 0x85, 0x25, 0xb7,
    0xcf, 0x8f, 0x2c, 0xff, 0xd3, 0x81, 0x15, 0xfa, 0x7c, 0x93, 0x79, 0xfc, 0x02, 0xad, 0xff, 0xb8,
    0x09, 0xa6, 0xf0, 0x34, 0x01, 0x00, 0x00, 0x00, 0x01, 0x00, 0x00, 0x00, 0x09, 0xa6, 0xf0, 0x34,
    0x02, 0xad, 0xff, 0xb8, 0x7c, 0x93, 0x79, 0xfc, 0xd3, 0x81, 0x15, 0xfa, 0xcf, 0x8f, 0x2c, 0xff,
    0xc4, 0x85, 0x25, 0xb7, 0x00, 0x00, 0x00, 0x00, 0xff, 0x7f, 0x00, 0x02, 0x00, 0x00, 0x00, 0x00,
    0x00, 0x00, 0x00, 0x00, 0xff, 0x7f, 0x00, 0x02, 0xff, 0x00, 0x00, 0x01, 0xc4, 0x89, 0x27, 0x27,
    0xcb, 0x89, 0x26, 0xf6, 0xc7, 0x87, 0x27, 0xfe, 0xde, 0x93, 0x25, 0xff, 0xd7, 0x82, 0x12, 0x54,
    0x00, 0x00, 0x00, 0x00, 0x7f, 0x7f, 0x7f, 0x06, 0x7f, 0x7f, 0x7f, 0x06, 0x00, 0x00, 0x00, 0x00,
    0xd7, 0x82, 0x12, 0x54, 0xde, 0x93, 0x25, 0xff, 0xc7, 0x87, 0x27, 0xfe, 0xcb, 0x89, 0x26, 0xf6,
    0xc4, 0x89, 0x27, 0x27, 0xff, 0x00, 0x00, 0x01, 0xff, 0x7f, 0x00, 0x02, 0x00, 0x00, 0x00, 0x00,
    0x00, 0x00, 0x00, 0x00, 0x00, 0x00, 0x00, 0x00, 0xaa, 0x55, 0x00, 0x03, 0x00, 0x00, 0x00, 0x00,
    0xc3, 0x84, 0x24, 0x4d, 0xd2, 0x8e, 0x28, 0xfb, 0xc6, 0x87, 0x28, 0xab, 0xb2, 0x8c, 0x33, 0x14,
    0x3f, 0x7f, 0x7f, 0x04, 0xff, 0x00, 0x00, 0x01, 0xff, 0x00, 0x00, 0x01, 0x3f, 0x7f, 0x7f, 0x04,
    0xb2, 0x8c, 0x33, 0x14, 0xc6, 0x87, 0x28, 0xab, 0xd2, 0x8e, 0x28, 0xfb, 0xc3, 0x84, 0x24, 0x4d,
    0x00, 0x00, 0x00, 0x00, 0xaa, 0x55, 0x00, 0x03, 0x00, 0x00, 0x00, 0x00, 0x00, 0x00, 0x00, 0x00,
    0x00, 0x00, 0x00, 0x00, 0x00, 0x00, 0x00, 0x00, 0x00, 0x00, 0x00, 0x00, 0xff, 0x7f, 0x00, 0x02,
    0x00, 0x00, 0x00, 0x00, 0xc2, 0x81, 0x26, 0x3b, 0xb6, 0x91, 0x24, 0x07, 0x00, 0x00, 0x00, 0x00,
    0xff, 0x00, 0x00, 0x01, 0x00, 0x00, 0x00, 0x00, 0x00, 0x00, 0x00, 0x00, 0xff, 0x00, 0x00, 0x01,
    0x00, 0x00, 0x00, 0x00, 0xb6, 0x91, 0x24, 0x07, 0xc2, 0x81, 0x26, 0x3b, 0x00, 0x00, 0x00, 0x00,
    0xff, 0x7f, 0x00, 0x02, 0x00, 0x00, 0x00, 0x00, 0x00, 0x00, 0x00, 0x00, 0x00, 0x00, 0x00, 0x00,
};

static const lv_image_dsc_t emoji_img_22 = {
    .header = {
        .magic = LV_IMAGE_HEADER_MAGIC,
        .cf = LV_COLOR_FORMAT_ARGB8888,
        .flags = 0,
        .w = 20,
        .h = 20,
        .stride = 20 * 4,
        .reserved_2 = 0,
    },
    .data_size = sizeof(emoji_img_22_data),
    .data = emoji_img_22_data,
    .reserved = NULL,
    .reserved_2 = NULL,
};

// LVGL image: emoji_img_23 (20x20 ARGB8888, BGRA byte order)
static const uint8_t emoji_img_23_data[] = {
    0x00, 0x00, 0x00, 0x00, 0x00, 0x00, 0x00, 0x00, 0x00, 0x00, 0x00, 0x00, 0x00, 0x00, 0x00, 0x00,
    0x00, 0x00, 0x00, 0x00, 0x00, 0x00, 0x00, 0x00, 0x00, 0x00, 0x00, 0x00, 0x00, 0x7f, 0xff, 0x02,
    0x00, 0x00, 0x00, 0x00, 0x00, 0x00, 0x00, 0x00, 0x00, 0x97, 0xf5, 0x1b, 0x00, 0xff, 0xff, 0x02,
    0x00, 0xff, 0xff, 0x01, 0x00, 0x00, 0x00, 0x00, 0x00, 0x00, 0x00, 0x00, 0x00, 0x00, 0x00, 0x00,
    0x00, 0x00, 0x00, 0x00, 0x00, 0x00, 0x00, 0x00, 0x00, 0x00, 0x00, 0x00, 0x00, 0x00, 0x00, 0x00,
    0x00, 0x00, 0x00, 0x00, 0x00, 0x00, 0x00, 0x00, 0x00, 0x00, 0x00, 0x00, 0x00, 0x00, 0x00, 0x00,
    0x00, 0x00, 0x00, 0x00, 0x00, 0x00, 0x00, 0x00, 0x00, 0xaa, 0xff, 0x03, 0x00, 0x00, 0x00, 0x00,
    0x00, 0x73, 0xff, 0x0b, 0x0e, 0xb6, 0xfb, 0x89, 0x20, 0xcf, 0xff, 0xee, 0x0f, 0xab, 0xf5, 0x71,
    0x00, 0x00, 0x00, 0x00, 0x00, 0xaa, 0xff, 0x03, 0x00, 0x00, 0x00, 0x00, 0x00, 0x00, 0x00, 0x00,
    0x00, 0x00, 0x00, 0x00, 0x00, 0x00, 0x00, 0x00, 0x00, 0x00, 0x00, 0x00, 0x00, 0x00, 0x00, 0x00,
    0x00, 0x00, 0x00, 0x00, 0x00, 0x00, 0x00, 0x00, 0x00, 0x00, 0x00, 0x00, 0x00, 0x00, 0x00, 0x00,
    0x00, 0x00, 0x00, 0x00, 0x00, 0x7f, 0xff, 0x02, 0x01, 0x00, 0x00, 0x00, 0x00, 0x93, 0xf8, 0x26,
    0x12, 0xb9, 0xfc, 0xd2, 0x29, 0xdc, 0xff, 0xff, 0x28, 0xbd, 0xf7, 0xff, 0x20, 0xaa, 0xed, 0xf2,
    0x18, 0x7b, 0xcd, 0x1f, 0x00, 0x01, 0x01, 0x00, 0x00, 0x7f, 0xff, 0x02, 0x00, 0x00, 0x00, 0x00,
    0x00, 0x00, 0x00, 0x00, 0x00, 0x00, 0x00, 0x00, 0x00, 0x00, 0x00, 0x00, 0x00, 0x00, 0x00, 0x00,
    0x00, 0x00, 0x00, 0x00, 0x00, 0x00, 0x00, 0x00, 0x00, 0x00, 0x00, 0x00, 0x00, 0x00, 0x00, 0x00,
    0x00, 0x7f, 0xff, 0x02, 0x00, 0x00, 0x00, 0x00, 0x00, 0x97, 0xf8, 0x25, 0x11, 0xb9, 0xfc, 0xe5,
    0x2b, 0xd3, 0xff, 0xff, 0x29, 0xce, 0xff, 0xfa, 0x1d, 0x8c, 0xd5, 0xfb, 0x21, 0x9e, 0xe9, 0xff,
    0x20, 0x98, 0xdc, 0xb3, 0x00, 0x00, 0x00, 0x00, 0x00, 0xff, 0xff, 0x02, 0x00, 0x00, 0x00, 0x00,
    0x00, 0x00, 0x00, 0x00, 0x00, 0x00, 0x00, 0x00, 0x00, 0x00, 0x00, 0x00, 0x00, 0x00, 0x00, 0x00,
    0x00, 0x00, 0x00, 0x00, 0x00, 0x00, 0x00, 0x00, 0x00, 0x00, 0x00, 0x00, 0x00, 0xff, 0xff, 0x01,
    0x00, 0xaa, 0xff, 0x03, 0x00, 0x7f, 0xff, 0x06, 0x0c, 0xb0, 0xfb, 0xcf, 0x29, 0xd7, 0xff, 0xff,
    0x29, 0xd0, 0xff, 0xfa, 0x27, 0xca, 0xfd, 0xfb, 0x22, 0xa8, 0xe8, 0xf9, 0x22, 0xae, 0xf2, 0xff,
    0x19, 0x88, 0xd5, 0x9f, 0x00, 0x00, 0x00, 0x00, 0x00, 0xaa, 0xff, 0x03, 0x00, 0x00, 0x00, 0x00,
    0x00, 0x00, 0x00, 0x00, 0x00, 0x00, 0x00, 0x00, 0x00, 0x00, 0x00, 0x00, 0x00, 0x00, 0x00, 0x00,
    0x00, 0x00, 0x00, 0x00, 0x00, 0x00, 0x00, 0x00, 0x00, 0x00, 0x00, 0x00, 0x00, 0xbf, 0xff, 0x04,
    0x00, 0x00, 0x00, 0x00, 0x02, 0xa4, 0xfa, 0x6e, 0x22, 0xd5, 0xff, 0xff, 0x28, 0xb9, 0xf2, 0xfc,
    0x23, 0xad, 0xee, 0xff, 0x2a, 0xd4, 0xff, 0xff, 0x24, 0xc0, 0xfe, 0xff, 0x1c, 0xb1, 0xee, 0xda,
    0x0d, 0x7f, 0xd5, 0x5c, 0x00, 0x00, 0x00, 0x00, 0x00, 0xaa, 0xff, 0x03, 0x00, 0x00, 0x00, 0x00,
    0x00, 0x00, 0x00, 0x00, 0x00, 0x00, 0x00, 0x00, 0x00, 0x00, 0x00, 0x00, 0x00, 0x00, 0x00, 0x00,
    0x00, 0x00, 0x00, 0x00, 0x00, 0x00, 0x00, 0x00, 0x00, 0xff, 0xff, 0x01, 0xff, 0xff, 0xff, 0x01,
    0x00, 0x86, 0xf1, 0x13, 0x11, 0xb5, 0xfb, 0xe9, 0x2d, 0xda, 0xff, 0xfe, 0x1f, 0xa6, 0xe9, 0xde,
    0x17, 0x4a, 0xa6, 0x37, 0x1c, 0x8c, 0xd6, 0x64, 0x14, 0x68, 0xc3, 0x49, 0x00, 0x00, 0x00, 0x04,
    0x00, 0x00, 0x00, 0x00, 0x00, 0x00, 0x00, 0x00, 0x00, 0x00, 0x00, 0x00, 0x00, 0x00, 0x00, 0x00,
    0x00, 0x00, 0x00, 0x00, 0x00, 0x00, 0x00, 0x00, 0x00, 0x00, 0x00, 0x00, 0x00, 0x00, 0x00, 0x00,
    0x00, 0x00, 0x00, 0x00, 0x00, 0x00, 0x00, 0x00, 0x00, 0xbf, 0xff, 0x04, 0x00, 0x00, 0x00, 0x00,
    0x04, 0xa7, 0xfa, 0x7e, 0x24, 0xd0, 0xff, 0xff, 0x29, 0xd3, 0xff, 0xff, 0x0d, 0xaa, 0xf4, 0xae,
    0x00, 0x00, 0x00, 0x00, 0x00, 0x00, 0x00, 0x00, 0x00, 0x00, 0x00, 0x00, 0x55, 0xff, 0xff, 0x03,
    0x33, 0xcc, 0xff, 0x05, 0x00, 0xbf, 0xff, 0x04, 0x00, 0xaa, 0xff, 0x03, 0x00, 0x00, 0x00, 0x00,
    0x00, 0x00, 0x00, 0x00, 0x00, 0x00, 0x00, 0x00, 0x00, 0x00, 0x00, 0x00, 0x00, 0x00, 0x00, 0x00,
    0x00, 0x00, 0x00, 0x00, 0x00, 0xff, 0xff, 0x01, 0x01, 0x00, 0x00, 0x00, 0x00, 0x89, 0xeb, 0x0d,
    0x10, 0xb5, 0xfc, 0xe6, 0x2b, 0xcf, 0xff, 0xfd, 0x27, 0xd3, 0xff, 0xff, 0x09, 0xb1, 0xfb, 0xa4,
    0x00, 0x55, 0xaa, 0x03, 0x17, 0xa2, 0xe7, 0x0b, 0x00, 0x00, 0x00, 0x00, 0x00, 0x00, 0x00, 0x00,
    0x00, 0x00, 0x00, 0x00, 0x00, 0x00, 0x00, 0x00, 0x00, 0x00, 0x00, 0x00, 0x00, 0x7f, 0xff, 0x02,
    0x00, 0x00, 0x00, 0x00, 0x00, 0x00, 0x00, 0x00, 0x00, 0x00, 0x00, 0x00, 0x00, 0x00, 0x00, 0x00,
    0x00, 0x00, 0x00, 0x00, 0x00, 0x7f, 0xbf, 0x04, 0x00, 0x00, 0x00, 0x00, 0x00, 0xa4, 0xf8, 0x52,
    0x1e, 0xcb, 0xff, 0xff, 0x2b, 0xcc, 0xff, 0xf8, 0x27, 0xd4, 0xff, 0xff, 0x07, 0xae, 0xfa, 0xa5,
    0x00, 0x00, 0xff, 0x01, 0x00, 0x00, 0x00, 0x00, 0x17, 0x39, 0x9c, 0x2c, 0x1a, 0x8a, 0xda, 0x7d,
    0x13, 0xbc, 0xff, 0x9e, 0x10, 0xb8, 0xfd, 0x8a, 0x0f, 0xb8, 0xff, 0x41, 0x00, 0x00, 0x00, 0x00,
    0x00, 0x00, 0x00, 0x00, 0x00, 0x00, 0x00, 0x00, 0x00, 0x00, 0x00, 0x00, 0x00, 0x00, 0x00, 0x00,
    0x00, 0x00, 0x00, 0x00, 0x00, 0xbf, 0xff, 0x04, 0x00, 0x00, 0x00, 0x00, 0x08, 0xad, 0xfa, 0x99,
    0x27, 0xd4, 0xff, 0xfe, 0x2a, 0xcc, 0xff, 0xf7, 0x26, 0xd3, 0xff, 0xff, 0x06, 0xab, 0xfb, 0xa8,
    0x00, 0x00, 0x00, 0x00, 0x18, 0x5b, 0xb2, 0x72, 0x21, 0xa0, 0xe5, 0xfb, 0x29, 0xd2, 0xff, 0xff,
    0x2a, 0xd7, 0xff, 0xff, 0x29, 0xd6, 0xff, 0xff, 0x27, 0xd3, 0xff, 0xff, 0x2a, 0xcc, 0xff, 0x9c,
    0xaa, 0xff, 0xff, 0x03, 0x00, 0xff, 0xff, 0x02, 0x00, 0x00, 0x00, 0x00, 0x00, 0x00, 0x00, 0x00,
    0x00, 0x00, 0x00, 0x00, 0xff, 0xff, 0xff, 0x01, 0x00, 0x00, 0x00, 0x00, 0x11, 0xb6, 0xfc, 0xc8,
    0x2a, 0xd4, 0xff, 0xff, 0x2a, 0xcb, 0xff, 0xf8, 0x22, 0xd3, 0xff, 0xff, 0x00, 0xaf, 0xff, 0x87,
    0x1c, 0x2d, 0x88, 0x2d, 0x22, 0xa1, 0xec, 0xff, 0x2a, 0xd6, 0xff, 0xfe, 0x28, 0xca, 0xff, 0xfa,
    0x28, 0xca, 0xff, 0xfb, 0x28, 0xca, 0xff, 0xfb, 0x2a, 0xcc, 0xff, 0xfb, 0x1c, 0xd2, 0xff, 0xff,
    0x08, 0xac, 0xfa, 0x75, 0x00, 0x00, 0x00, 0x00, 0x00, 0xbf, 0xff, 0x04, 0x00, 0x00, 0x00, 0x00,
    0x00, 0xff, 0xff, 0x01, 0x01, 0x00, 0x00, 0x00, 0x00, 0x66, 0xe5, 0x0a, 0x17, 0xbb, 0xfc, 0xe6,
    0x2a, 0xcf, 0xff, 0xff, 0x2a, 0xd1, 0xff, 0xfa, 0x15, 0xb7, 0xf8, 0xff, 0x09, 0x5b, 0xbb, 0x88,
    0x1c, 0x6c, 0xbd, 0xb3, 0x29, 0xd0, 0xff, 0xfe, 0x28, 0xcb, 0xff, 0xfb, 0x28, 0xc9, 0xff, 0xff,
    0x28, 0xca, 0xff, 0xff, 0x28, 0xca, 0xff, 0xff, 0x28, 0xc8, 0xfd, 0xfd, 0x04, 0xae, 0xfd, 0xfc,
    0x00, 0xa5, 0xfa, 0xdd, 0x00, 0x99, 0xff, 0x05, 0x00, 0x00, 0xff, 0x01, 0x00, 0x00, 0xff, 0x01,
    0x00, 0x7f, 0xff, 0x02, 0x00, 0x00, 0x00, 0x00, 0x00, 0x9c, 0xf6, 0x1f, 0x1b, 0xbe, 0xfc, 0xf9,
    0x2b, 0xd1, 0xff, 0xff, 0x24, 0xb6, 0xf1, 0xfe, 0x1d, 0x8b, 0xd6, 0xff, 0x20, 0x95, 0xd8, 0xfe,
    0x25, 0xb9, 0xf6, 0xff, 0x28, 0xcc, 0xfe, 0xff, 0x28, 0xc9, 0xfe, 0xff, 0x28, 0xca, 0xff, 0xff,
    0x28, 0xca, 0xff, 0xff, 0x28, 0xcc, 0xfe, 0xff, 0x28, 0xbf, 0xf6, 0xfe, 0x0c, 0x8e, 0xe1, 0xff,
    0x00, 0xaa, 0xfc, 0xfb, 0x00, 0xa0, 0xf7, 0x23, 0x00, 0x00, 0x00, 0x00, 0x00, 0x7f, 0xff, 0x02,
    0x00, 0xaa, 0xff, 0x03, 0x00, 0x00, 0x00, 0x00, 0x00, 0xa2, 0xf5, 0x37, 0x1e, 0xc5, 0xff, 0xff,
    0x2a, 0xce, 0xff, 0xfe, 0x25, 0xb9, 0xf4, 0xff, 0x28, 0xc7, 0xfd, 0xff, 0x2a, 0xd5, 0xff, 0xff,
    0x28, 0xcc, 0xff, 0xfe, 0x28, 0xcc, 0xff, 0xff, 0x28, 0xcd, 0xff, 0xff, 0x28, 0xc9, 0xff, 0xff,
    0x28, 0xc8, 0xfe, 0xff, 0x29, 0xd7, 0xff, 0xff, 0x24, 0xa1, 0xe2, 0xff, 0x08, 0x88, 0xdd, 0xfe,
    0x00, 0xb1, 0xff, 0xff, 0x00, 0xa3, 0xf5, 0x38, 0x00, 0x00, 0x00, 0x00, 0x00, 0xaa, 0xff, 0x03,
    0x00, 0xaa, 0xff, 0x03, 0x00, 0x00, 0x00, 0x00, 0x00, 0xa8, 0xfb, 0x4a, 0x22, 0xcc, 0xff, 0xfe,
    0x29, 0xcb, 0xff, 0xfb, 0x28, 0xcc, 0xff, 0xff, 0x27, 0xca, 0xff, 0xff, 0x27, 0xc7, 0xfd, 0xff,
    0x28, 0xcb, 0xfe, 0xff, 0x25, 0xbe, 0xf8, 0xff, 0x26, 0xbb, 0xf5, 0xff, 0x2a, 0xcf, 0xff, 0xff,
    0x29, 0xce, 0xff, 0xff, 0x26, 0xa9, 0xe6, 0xff, 0x15, 0x74, 0xc7, 0xff, 0x01, 0xa3, 0xf6, 0xfe,
    0x00, 0xac, 0xfe, 0xff, 0x00, 0xa5, 0xfa, 0x36, 0x00, 0x00, 0x00, 0x00, 0x00, 0xaa, 0xff, 0x03,
    0x00, 0xff, 0xff, 0x02, 0x00, 0x00, 0x00, 0x00, 0x00, 0xa0, 0xf9, 0x2b, 0x18, 0xc2, 0xff, 0xff,
    0x2c, 0xd2, 0xff, 0xff, 0x2a, 0xcc, 0xff, 0xfb, 0x2b, 0xcd, 0xff, 0xfb, 0x2b, 0xcd, 0xff, 0xfb,
    0x2b, 0xce, 0xff, 0xfc, 0x28, 0xc3, 0xf7, 0xfd, 0x1a, 0x92, 0xdb, 0xfd, 0x1a, 0x87, 0xd2, 0xfe,
    0x1b, 0x7f, 0xcc, 0xfe, 0x10, 0x76, 0xcc, 0xfd, 0x02, 0x9e, 0xf2, 0xfb, 0x00, 0xad, 0xff, 0xfd,
    0x00, 0xa5, 0xf9, 0xf3, 0x00, 0xae, 0xff, 0x13, 0x00, 0x00, 0x00, 0x00, 0x00, 0xff, 0xff, 0x01,
    0x00, 0x00, 0x00, 0x00, 0x00, 0x7f, 0xff, 0x02, 0x00, 0x00, 0x00, 0x00, 0x02, 0xa5, 0xfa, 0x6c,
    0x0d, 0xb9, 0xfc, 0xee, 0x12, 0xc1, 0xff, 0xff, 0x13, 0xc4, 0xff, 0xff, 0x14, 0xc4, 0xff, 0xff,
    0x1a, 0xc7, 0xff, 0xff, 0x23, 0xcf, 0xff, 0xff, 0x23, 0xcf, 0xff, 0xff, 0x07, 0xa8, 0xfa, 0xff,
    0x01, 0xa1, 0xf9, 0xff, 0x00, 0xb0, 0xff, 0xff, 0x00, 0xb2, 0xff, 0xff, 0x00, 0xb7, 0xff, 0xff,
    0x00, 0xa6, 0xf8, 0x7c, 0x00, 0x00, 0x00, 0x00, 0x00, 0xaa, 0xff, 0x03, 0x00, 0x00, 0x00, 0x00,
    0x00, 0x00, 0x00, 0x00, 0x00, 0x00, 0x00, 0x00, 0x00, 0xff, 0xff, 0x01, 0x00, 0x00, 0x00, 0x00,
    0x00, 0x85, 0xf3, 0x17, 0x00, 0xa3, 0xfb, 0x54, 0x00, 0xa4, 0xfb, 0x82, 0x00, 0xa5, 0xfb, 0x9c,
    0x00, 0xa4, 0xf9, 0xb4, 0x00, 0xa7, 0xfb, 0xcc, 0x02, 0xa8, 0xfa, 0xde, 0x01, 0xa9, 0xfb, 0xe9,
    0x00, 0xa8, 0xfb, 0xeb, 0x00, 0xa6, 0xf9, 0xde, 0x00, 0xab, 0xfd, 0xba, 0x00, 0xa7, 0xfc, 0x5d,
    0x00, 0x00, 0x00, 0x00, 0x00, 0x7f, 0xff, 0x02, 0x00, 0x00, 0x00, 0x00, 0x00, 0x00, 0x00, 0x00,
    0x00, 0x00, 0x00, 0x00, 0x00, 0x00, 0x00, 0x00, 0x00, 0x00, 0x00, 0x00, 0x00, 0xaa, 0xff, 0x03,
    0x01, 0x00, 0x00, 0x00, 0x01, 0x00, 0x00, 0x00, 0x01, 0x00, 0x00, 0x00, 0x01, 0x00, 0x00, 0x00,
    0x01, 0x00, 0x00, 0x00, 0x00, 0x00, 0x00, 0x00, 0x00, 0x8d, 0xff, 0x09, 0x00, 0xa1, 0xff, 0x13,
    0x00, 0xa2, 0xf3, 0x16, 0x00, 0x99, 0xff, 0x0a, 0x00, 0x00, 0x00, 0x00, 0x00, 0x00, 0x00, 0x00,
    0x00, 0xff, 0xff, 0x01, 0x00, 0x00, 0x00, 0x00, 0x00, 0x00, 0x00, 0x00, 0x00, 0x00, 0x00, 0x00,
};

static const lv_image_dsc_t emoji_img_23 = {
    .header = {
        .magic = LV_IMAGE_HEADER_MAGIC,
        .cf = LV_COLOR_FORMAT_ARGB8888,
        .flags = 0,
        .w = 20,
        .h = 20,
        .stride = 20 * 4,
        .reserved_2 = 0,
    },
    .data_size = sizeof(emoji_img_23_data),
    .data = emoji_img_23_data,
    .reserved = NULL,
    .reserved_2 = NULL,
};

// LVGL image: emoji_img_24 (20x20 ARGB8888, BGRA byte order)
static const uint8_t emoji_img_24_data[] = {
    0x00, 0x00, 0x00, 0x00, 0x00, 0x00, 0x00, 0x00, 0x00, 0x00, 0x00, 0x00, 0x00, 0x00, 0x00, 0x00,
    0x00, 0x00, 0x00, 0x00, 0x00, 0x00, 0x00, 0x00, 0x00, 0x00, 0x00, 0x00, 0x00, 0x00, 0x00, 0x00,
    0x00, 0x00, 0x00, 0x00, 0x00, 0x00, 0x00, 0x00, 0x00, 0x00, 0x00, 0x00, 0x00, 0x00, 0x00, 0x00,
    0x00, 0x00, 0x00, 0x00, 0x00, 0x00, 0x00, 0x00, 0x00, 0x00, 0x00, 0x00, 0x00, 0x00, 0x00, 0x00,
    0x00, 0x00, 0x00, 0x00, 0x00, 0x00, 0x00, 0x00, 0x00, 0x00, 0x00, 0x00, 0x00, 0x00, 0x00, 0x00,
    0x00, 0x00, 0x00, 0x00, 0x00, 0x00, 0x00, 0x00, 0x00, 0xff, 0xff, 0x01, 0x00, 0x00, 0x00, 0x00,
    0x00, 0x00, 0x00, 0x00, 0x00, 0x00, 0x00, 0x00, 0x00, 0x00, 0x00, 0x00, 0x00, 0x00, 0x00, 0x00,
    0x00, 0x00, 0x00, 0x00, 0x00, 0x00, 0x00, 0x00, 0x00, 0x00, 0x00, 0x00, 0x00, 0x00, 0x00, 0x00,
    0x00, 0x00, 0x00, 0x00, 0x00, 0x00, 0x00, 0x00, 0x00, 0x00, 0x00, 0x00, 0x00, 0x00, 0x00, 0x00,
    0x00, 0x00, 0x00, 0x00, 0x00, 0xff, 0xff, 0x02, 0x00, 0x00, 0x00, 0x00, 0x00, 0x00, 0x00, 0x00,
    0x00, 0x00, 0x00, 0x00, 0x00, 0x00, 0x00, 0x00, 0x01, 0x00, 0x00, 0x00, 0x00, 0xaa, 0xff, 0x03,
    0x00, 0x7f, 0xff, 0x02, 0x00, 0x00, 0x00, 0x00, 0x00, 0x00, 0x00, 0x00, 0x00, 0x00, 0xff, 0x01,
    0x00, 0x7f, 0xff, 0x02, 0x00, 0xaa, 0xff, 0x03, 0x00, 0x7f, 0xff, 0x02, 0x00, 0x7f, 0xff, 0x02,
    0x00, 0xaa, 0xff, 0x03, 0x00, 0xaa, 0xff, 0x03, 0x00, 0xaa, 0xff, 0x03, 0x00, 0xbf, 0xff, 0x04,
    0x00, 0x01, 0x00, 0x00, 0x00, 0x00, 0x00, 0x00, 0x00, 0x00, 0x00, 0x00, 0x00, 0x00, 0x00, 0x00,
    0x00, 0x00, 0x00, 0x00, 0x00, 0x00, 0x00, 0x00, 0x00, 0x7f, 0xff, 0x0e, 0x00, 0x00, 0x00, 0x00,
    0x00, 0x00, 0x00, 0x00, 0x01, 0x01, 0x00, 0x00, 0xff, 0xff, 0xff, 0x01, 0x01, 0x00, 0x00, 0x00,
    0x00, 0x00, 0x00, 0x00, 0x00, 0x00, 0x00, 0x00, 0x00, 0x00, 0x00, 0x00, 0x00, 0x00, 0x00, 0x00,
    0x00, 0x00, 0x00, 0x00, 0x00, 0x00, 0x00, 0x00, 0x00, 0x00, 0x00, 0x00, 0x00, 0x00, 0x00, 0x00,
    0x00, 0x00, 0x00, 0x00, 0x00, 0xaa, 0xfa, 0x36, 0x00, 0xff, 0xff, 0x01, 0x00, 0x00, 0x00, 0x00,
    0x00, 0x00, 0x00, 0x00, 0x2e, 0xd0, 0xff, 0x16, 0x19, 0xbf, 0xfd, 0xe4, 0x0a, 0xb0, 0xfb, 0x93,
    0x00, 0x9c, 0xf8, 0x27, 0x00, 0x00, 0x00, 0x00, 0x00, 0x00, 0x00, 0x00, 0x00, 0x33, 0xff, 0x05,
    0x00, 0xce, 0xff, 0x2a, 0x0a, 0x96, 0xed, 0x47, 0x0a, 0x74, 0xd4, 0x30, 0x00, 0xa3, 0xf8, 0x2a,
    0x00, 0xa3, 0xff, 0x35, 0x00, 0xa3, 0xfa, 0x3d, 0x00, 0xa7, 0xfb, 0x4f, 0x02, 0xac, 0xfc, 0x79,
    0x02, 0xb8, 0xfc, 0xc7, 0x05, 0xc7, 0xff, 0xff, 0x07, 0xc8, 0xff, 0x21, 0x00, 0x00, 0x00, 0x00,
    0x00, 0x00, 0x00, 0x00, 0x24, 0xc9, 0xff, 0x4c, 0x2d, 0xdb, 0xff, 0xff, 0x27, 0xd2, 0xff, 0xff,
    0x1b, 0xbf, 0xfd, 0xfa, 0x14, 0xb7, 0xfc, 0xcf, 0x13, 0xba, 0xff, 0xc2, 0x19, 0xbc, 0xfc, 0xdc,
    0x18, 0x9a, 0xe3, 0xfe, 0x0c, 0x99, 0xeb, 0xff, 0x05, 0xba, 0xf8, 0xff, 0x04, 0xc5, 0xff, 0xff,
    0x04, 0xc5, 0xff, 0xff, 0x04, 0xc8, 0xff, 0xff, 0x04, 0xce, 0xff, 0xff, 0x05, 0xd4, 0xff, 0xff,
    0x05, 0xd2, 0xff, 0xff, 0x05, 0xd9, 0xff, 0xff, 0x06, 0xca, 0xff, 0x52, 0x00, 0x00, 0x00, 0x00,
    0x00, 0x00, 0x00, 0x00, 0x25, 0xc9, 0xff, 0x6e, 0x2a, 0xd9, 0xff, 0xfd, 0x28, 0xcb, 0xff, 0xf7,
    0x2a, 0xcc, 0xff, 0xff, 0x2b, 0xd5, 0xff, 0xff, 0x28, 0xc5, 0xff, 0xff, 0x1b, 0xa5, 0xe8, 0xff,
    0x09, 0xae, 0xed, 0xff, 0x03, 0xd3, 0xff, 0xfd, 0x06, 0xd0, 0xff, 0xff, 0x06, 0xc9, 0xfc, 0xff,
    0x04, 0xd3, 0xff, 0xfe, 0x05, 0xcd, 0xff, 0xfd, 0x05, 0xcb, 0xfd, 0xfc, 0x05, 0xcb, 0xff, 0xfb,
    0x05, 0xcb, 0xff, 0xf8, 0x05, 0xda, 0xff, 0xfe, 0x06, 0xc9, 0xff, 0x78, 0x00, 0x00, 0x00, 0x00,
    0x00, 0x00, 0x00, 0x00, 0x26, 0xc8, 0xff, 0x83, 0x2b, 0xda, 0xff, 0xff, 0x27, 0xca, 0xff, 0xfb,
    0x27, 0xc8, 0xff, 0xfe, 0x29, 0xcc, 0xfd, 0xfd, 0x19, 0x94, 0xdb, 0xfc, 0x01, 0xbe, 0xf5, 0xfd,
    0x06, 0xcb, 0xfb, 0xfe, 0x0b, 0xa4, 0xe4, 0xff, 0x0b, 0x88, 0xd8, 0xff, 0x11, 0x88, 0xd6, 0xff,
    0x0d, 0x9d, 0xe0, 0xff, 0x04, 0xcf, 0xff, 0xff, 0x04, 0xd3, 0xff, 0xff, 0x05, 0xce, 0xff, 0xff,
    0x05, 0xcb, 0xff, 0xfb, 0x05, 0xd9, 0xfe, 0xff, 0x07, 0xc9, 0xff, 0x90, 0x00, 0x00, 0x00, 0x00,
    0x00, 0x00, 0x00, 0x00, 0x28, 0xc9, 0xff, 0x90, 0x2b, 0xd9, 0xff, 0xfc, 0x27, 0xc9, 0xfd, 0xfb,
    0x28, 0xc8, 0xfe, 0xff, 0x28, 0xcc, 0xff, 0xff, 0x25, 0xb8, 0xf3, 0xff, 0x16, 0x98, 0xdf, 0xff,
    0x0b, 0x8b, 0xdd, 0xff, 0x0c, 0x95, 0xe7, 0xff, 0x17, 0xb7, 0xfb, 0xff, 0x25, 0xca, 0xff, 0xff,
    0x24, 0xa0, 0xe2, 0xff, 0x13, 0x7a, 0xc9, 0xff, 0x0c, 0xa5, 0xe3, 0xff, 0x07, 0xb9, 0xf5, 0xff,
    0x05, 0xca, 0xff, 0xfa, 0x05, 0xdc, 0xff, 0xfe, 0x06, 0xcb, 0xff, 0x9f, 0x00, 0x00, 0x00, 0x00,
    0x00, 0x00, 0x00, 0x00, 0x21, 0xc3, 0xfd, 0x80, 0x2b, 0xe3, 0xff, 0xff, 0x28, 0xce, 0xff, 0xfa,
    0x29, 0xcf, 0xff, 0xff, 0x28, 0xcc, 0xff, 0xff, 0x29, 0xcd, 0xff, 0xff, 0x28, 0xca, 0xff, 0xff,
    0x20, 0xc5, 0xff, 0xff, 0x25, 0xcd, 0xff, 0xff, 0x2b, 0xcd, 0xff, 0xff, 0x29, 0xca, 0xfe, 0xff,
    0x29, 0xd5, 0xff, 0xff, 0x24, 0x94, 0xd9, 0xff, 0x0e, 0x71, 0xcc, 0xff, 0x02, 0xaa, 0xf8, 0xfe,
    0x04, 0xd0, 0xff, 0xfc, 0x07, 0xd1, 0xfe, 0xff, 0x08, 0xc3, 0xf9, 0x5f, 0x00, 0x00, 0x00, 0x00,
    0x00, 0x7f, 0xff, 0x02, 0x00, 0xa3, 0xff, 0x0e, 0x1d, 0xa1, 0xe4, 0xa3, 0x28, 0xc1, 0xfb, 0xff,
    0x25, 0xaf, 0xed, 0xfd, 0x27, 0xc0, 0xf8, 0xff, 0x2a, 0xcc, 0xff, 0xff, 0x28, 0xcb, 0xff, 0xff,
    0x2a, 0xca, 0xfe, 0xff, 0x29, 0xca, 0xfe, 0xff, 0x27, 0xc9, 0xff, 0xff, 0x28, 0xc9, 0xfe, 0xff,
    0x28, 0xcd, 0xff, 0xff, 0x2a, 0xd2, 0xff, 0xff, 0x1a, 0x90, 0xdc, 0xfe, 0x00, 0xac, 0xf8, 0xfe,
    0x0b, 0xba, 0xf3, 0xff, 0x14, 0x79, 0xc8, 0x63, 0x00, 0x00, 0x00, 0x00, 0x00, 0x7f, 0xff, 0x02,
    0x00, 0x00, 0x00, 0x01, 0x00, 0x00, 0x00, 0x00, 0x00, 0x00, 0x00, 0x00, 0x15, 0x77, 0xca, 0x8d,
    0x0a, 0xb3, 0xef, 0xfe, 0x15, 0x8d, 0xd6, 0xfc, 0x19, 0x98, 0xdc, 0xff, 0x26, 0xc0, 0xf8, 0xff,
    0x29, 0xcf, 0xff, 0xff, 0x28, 0xc8, 0xfe, 0xff, 0x28, 0xcb, 0xff, 0xff, 0x28, 0xcd, 0xff, 0xff,
    0x21, 0x9e, 0xe2, 0xff, 0x27, 0xc6, 0xfa, 0xff, 0x29, 0xcc, 0xfb, 0xfc, 0x14, 0x92, 0xe3, 0xfa,
    0x16, 0x62, 0xbb, 0x72, 0x00, 0x00, 0x00, 0x00, 0x00, 0x7f, 0xbf, 0x04, 0x00, 0x00, 0x00, 0x00,
    0x00, 0x00, 0x00, 0x00, 0x00, 0xbf, 0xff, 0x04, 0x00, 0xff, 0xff, 0x01, 0x00, 0xcb, 0xff, 0x3b,
    0x0a, 0xb0, 0xf6, 0xff, 0x0a, 0xb5, 0xed, 0xf9, 0x06, 0xb4, 0xf0, 0xff, 0x1d, 0x83, 0xcf, 0xff,
    0x26, 0xc4, 0xf9, 0xff, 0x29, 0xce, 0xff, 0xff, 0x27, 0xc2, 0xfa, 0xff, 0x27, 0xc1, 0xf6, 0xff,
    0x25, 0xbb, 0xf2, 0xff, 0x1f, 0x8b, 0xd4, 0xfd, 0x27, 0xc8, 0xfa, 0xff, 0x0b, 0xad, 0xf8, 0xfe,
    0x00, 0x75, 0xeb, 0x0d, 0x00, 0xff, 0xff, 0x02, 0x00, 0xff, 0xff, 0x01, 0x00, 0x00, 0x00, 0x00,
    0x00, 0x00, 0x00, 0x00, 0x00, 0x00, 0x00, 0x00, 0x00, 0xaa, 0xff, 0x03, 0x3f, 0x7f, 0xbf, 0x04,
    0x09, 0x8a, 0xe4, 0x85, 0x05, 0xd0, 0xff, 0xff, 0x0f, 0xa1, 0xe1, 0xfa, 0x06, 0xb2, 0xee, 0xfd,
    0x1c, 0x94, 0xdb, 0xff, 0x2a, 0xcc, 0xfd, 0xfd, 0x27, 0xc9, 0xfc, 0xff, 0x1f, 0x93, 0xd9, 0xfe,
    0x27, 0xbc, 0xf2, 0xfb, 0x25, 0xc6, 0xfa, 0xff, 0x0d, 0x8b, 0xe3, 0xf7, 0x01, 0x9f, 0xf2, 0x90,
    0x00, 0xb6, 0xff, 0x07, 0x00, 0xff, 0xff, 0x01, 0x00, 0x00, 0x00, 0x00, 0x00, 0x00, 0x00, 0x00,
    0x00, 0x00, 0x00, 0x00, 0x00, 0x00, 0x00, 0x00, 0x00, 0xff, 0xff, 0x01, 0x00, 0x00, 0x00, 0x00,
    0x00, 0xff, 0xff, 0x07, 0x0a, 0x83, 0xdf, 0x90, 0x06, 0xc3, 0xff, 0xff, 0x09, 0xc5, 0xfe, 0xff,
    0x0f, 0x91, 0xd7, 0xfd, 0x21, 0xad, 0xee, 0xff, 0x24, 0xa7, 0xe6, 0xfc, 0x29, 0xc7, 0xfb, 0xff,
    0x1e, 0xa0, 0xe8, 0xff, 0x10, 0xaf, 0xf5, 0xea, 0x00, 0xad, 0xff, 0x67, 0x01, 0x00, 0x00, 0x00,
    0x00, 0x7f, 0xff, 0x02, 0x00, 0x00, 0x00, 0x00, 0x00, 0x00, 0x00, 0x00, 0x00, 0x00, 0x00, 0x00,
    0x00, 0x00, 0x00, 0x00, 0x00, 0x00, 0x00, 0x00, 0x00, 0x00, 0x00, 0x00, 0x00, 0xff, 0xff, 0x01,
    0x00, 0x00, 0x00, 0x00, 0x00, 0x00, 0x00, 0x00, 0x05, 0xa4, 0xf1, 0x93, 0x0c, 0x98, 0xe6, 0xdd,
    0x07, 0xae, 0xf3, 0xff, 0x1b, 0x9b, 0xe0, 0xe4, 0x1a, 0xbf, 0xff, 0xff, 0x14, 0x9a, 0xe6, 0xef,
    0x0a, 0xb3, 0xf9, 0xc3, 0x00, 0x64, 0xd8, 0x21, 0x01, 0x00, 0x00, 0x00, 0x00, 0xbf, 0xff, 0x04,
    0x00, 0x00, 0x00, 0x00, 0x00, 0x00, 0x00, 0x00, 0x00, 0x00, 0x00, 0x00, 0x00, 0x00, 0x00, 0x00,
    0x00, 0x00, 0x00, 0x00, 0x00, 0x00, 0x00, 0x00, 0x00, 0x00, 0x00, 0x00, 0x00, 0x00, 0x00, 0x00,
    0x00, 0xff, 0xff, 0x01, 0x00, 0xaa, 0xff, 0x03, 0x01, 0x00, 0x00, 0x00, 0x00, 0xaa, 0xff, 0x0c,
    0x11, 0x74, 0xd3, 0x3b, 0x13, 0x27, 0x9c, 0x0d, 0x03, 0xb9, 0xff, 0x4d, 0x00, 0x92, 0xf7, 0x21,
    0x00, 0x00, 0x00, 0x00, 0x00, 0x00, 0x00, 0x00, 0x00, 0x7f, 0xff, 0x02, 0x00, 0x00, 0x00, 0x00,
    0x00, 0x00, 0x00, 0x00, 0x00, 0x00, 0x00, 0x00, 0x00, 0x00, 0x00, 0x00, 0x00, 0x00, 0x00, 0x00,
    0x00, 0x00, 0x00, 0x00, 0x00, 0x00, 0x00, 0x00, 0x00, 0x00, 0x00, 0x00, 0x00, 0x00, 0x00, 0x00,
    0x00, 0x00, 0x00, 0x00, 0x00, 0x00, 0x00, 0x00, 0x00, 0xaa, 0xff, 0x03, 0x00, 0x00, 0x00, 0x00,
    0x00, 0x00, 0x00, 0x00, 0x00, 0x00, 0x00, 0x00, 0x00, 0x00, 0x00, 0x00, 0x00, 0x00, 0x00, 0x00,
    0x00, 0xff, 0xff, 0x01, 0x00, 0xff, 0xff, 0x01, 0x00, 0x00, 0x00, 0x00, 0x00, 0x00, 0x00, 0x00,
    0x00, 0x00, 0x00, 0x00, 0x00, 0x00, 0x00, 0x00, 0x00, 0x00, 0x00, 0x00, 0x00, 0x00, 0x00, 0x00,
    0x00, 0x00, 0x00, 0x00, 0x00, 0x00, 0x00, 0x00, 0x00, 0x00, 0x00, 0x00, 0x00, 0x00, 0x00, 0x00,
    0x00, 0x00, 0x00, 0x00, 0x00, 0x00, 0x00, 0x00, 0x00, 0x00, 0x00, 0x00, 0x00, 0xff, 0xff, 0x01,
    0x00, 0x55, 0xaa, 0x03, 0x00, 0x00, 0xff, 0x01, 0x00, 0xaa, 0xff, 0x03, 0x00, 0x7f, 0xff, 0x02,
    0x00, 0x00, 0x00, 0x00, 0x00, 0x00, 0x00, 0x00, 0x00, 0x00, 0x00, 0x00, 0x00, 0x00, 0x00, 0x00,
    0x00, 0x00, 0x00, 0x00, 0x00, 0x00, 0x00, 0x00, 0x00, 0x00, 0x00, 0x00, 0x00, 0x00, 0x00, 0x00,
    0x00, 0x00, 0x00, 0x00, 0x00, 0x00, 0x00, 0x00, 0x00, 0x00, 0x00, 0x00, 0x00, 0x00, 0x00, 0x00,
    0x00, 0x00, 0x00, 0x00, 0x00, 0x00, 0x00, 0x00, 0x00, 0x00, 0x00, 0x00, 0x00, 0x00, 0x00, 0x00,
    0x00, 0x00, 0x00, 0x00, 0x00, 0x00, 0x00, 0x00, 0x00, 0x00, 0x00, 0x00, 0x00, 0x00, 0x00, 0x00,
    0x00, 0x00, 0x00, 0x00, 0x00, 0x00, 0x00, 0x00, 0x00, 0x00, 0x00, 0x00, 0x00, 0x00, 0x00, 0x00,
    0x00, 0x00, 0x00, 0x00, 0x00, 0x00, 0x00, 0x00, 0x00, 0x00, 0x00, 0x00, 0x00, 0x00, 0x00, 0x00,
};

static const lv_image_dsc_t emoji_img_24 = {
    .header = {
        .magic = LV_IMAGE_HEADER_MAGIC,
        .cf = LV_COLOR_FORMAT_ARGB8888,
        .flags = 0,
        .w = 20,
        .h = 20,
        .stride = 20 * 4,
        .reserved_2 = 0,
    },
    .data_size = sizeof(emoji_img_24_data),
    .data = emoji_img_24_data,
    .reserved = NULL,
    .reserved_2 = NULL,
};

// LVGL image: emoji_img_25 (20x20 ARGB8888, BGRA byte order)
static const uint8_t emoji_img_25_data[] = {
    0x00, 0x00, 0x00, 0x00, 0x00, 0x00, 0x00, 0x00, 0x00, 0x00, 0x00, 0x00, 0x00, 0x00, 0x00, 0x00,
    0x00, 0x00, 0x00, 0x00, 0x00, 0x00, 0xff, 0x01, 0x00, 0xbf, 0xff, 0x04, 0x00, 0x7f, 0x7f, 0x02,
    0x00, 0x00, 0x00, 0x00, 0x00, 0x00, 0x00, 0x00, 0x00, 0x00, 0x00, 0x00, 0x00, 0x00, 0x00, 0x01,
    0x00, 0x00, 0x00, 0x00, 0xbb, 0xbb, 0xaa, 0x0f, 0x00, 0x00, 0x00, 0x00, 0xff, 0xff, 0xff, 0x01,
    0x00, 0x00, 0x00, 0x00, 0x00, 0x00, 0x00, 0x00, 0x00, 0x00, 0x00, 0x00, 0x00, 0x00, 0x00, 0x00,
    0x00, 0x00, 0x00, 0x00, 0x00, 0x00, 0x00, 0x00, 0x00, 0x00, 0x00, 0x00, 0x00, 0x00, 0x00, 0x00,
    0x00, 0x00, 0x00, 0x00, 0x00, 0x00, 0x00, 0x00, 0x00, 0x00, 0x00, 0x00, 0x00, 0x00, 0x00, 0x00,
    0x00, 0x00, 0x00, 0x00, 0x0d, 0x94, 0xe7, 0x37, 0x14, 0x6b, 0xbc, 0x32, 0x03, 0x01, 0x00, 0x00,
    0xbd, 0xb8, 0xad, 0x2f, 0xc7, 0xbe, 0xaf, 0x77, 0xc4, 0xbd, 0xad, 0x4e, 0x00, 0x00, 0x00, 0x00,
    0x7f, 0x7f, 0x7f, 0x02, 0x00, 0x00, 0x00, 0x00, 0x00, 0x00, 0x00, 0x00, 0x00, 0x00, 0x00, 0x00,
    0x00, 0x00, 0x00, 0x00, 0x00, 0x00, 0x00, 0x00, 0x00, 0x00, 0x00, 0x00, 0x00, 0xff, 0xff, 0x01,
    0x00, 0x00, 0xff, 0x01, 0x00, 0xc8, 0xff, 0x0e, 0x12, 0x9e, 0xe7, 0x96, 0x1d, 0x66, 0xb6, 0x3c,
    0x00, 0x01, 0x01, 0x00, 0x15, 0xba, 0xfc, 0xe2, 0x23, 0x9d, 0xe2, 0xf2, 0x2a, 0x00, 0x7f, 0x06,
    0xc9, 0xc2, 0xb3, 0x65, 0xc4, 0xbc, 0xaf, 0x86, 0xc4, 0xbd, 0xaf, 0xa0, 0xc6, 0xc0, 0xaf, 0x2d,
    0x00, 0x00, 0x00, 0x01, 0xff, 0x7f, 0x7f, 0x02, 0x00, 0x00, 0x00, 0x00, 0x00, 0x00, 0x00, 0x00,
    0x00, 0x00, 0x00, 0x00, 0x00, 0x00, 0x00, 0x00, 0x00, 0x00, 0x00, 0x00, 0x00, 0xaa, 0xff, 0x03,
    0x01, 0x01, 0x01, 0x00, 0x00, 0x9d, 0xf9, 0x2f, 0x20, 0xd8, 0xff, 0xff, 0x21, 0x92, 0xda, 0xdb,
    0x00, 0x00, 0x00, 0x00, 0x12, 0xc1, 0xff, 0x9a, 0x2a, 0xd4, 0xff, 0xff, 0x1c, 0x69, 0xb9, 0x63,
    0x00, 0x00, 0x00, 0x00, 0xbf, 0xbb, 0xaf, 0x84, 0xc4, 0xbd, 0xb0, 0x88, 0xc4, 0xbe, 0xb1, 0x76,
    0x00, 0xaa, 0xff, 0x03, 0xbf, 0xbf, 0xbf, 0x04, 0x00, 0x00, 0x00, 0x00, 0x00, 0x00, 0x00, 0x00,
    0x00, 0x00, 0x00, 0x00, 0x00, 0x00, 0x00, 0x00, 0x00, 0x00, 0x00, 0x00, 0x00, 0x00, 0x00, 0x00,
    0x00, 0x00, 0x00, 0x01, 0x00, 0x00, 0x00, 0x00, 0x10, 0xb9, 0xff, 0xba, 0x2a, 0xd5, 0xff, 0xff,
    0x1d, 0x5f, 0xb1, 0x60, 0x00, 0xb5, 0xff, 0x34, 0x25, 0xdb, 0xff, 0xff, 0x22, 0x90, 0xd7, 0xd0,
    0x00, 0x00, 0x00, 0x03, 0xc6, 0xc6, 0xb3, 0x1b, 0xc3, 0xbe, 0xb0, 0x96, 0xcc, 0xc0, 0xb0, 0x51,
    0x00, 0x00, 0x00, 0x00, 0x00, 0x00, 0x00, 0x00, 0x00, 0x00, 0x00, 0x00, 0x00, 0x00, 0x00, 0x00,
    0x00, 0x00, 0x00, 0x00, 0x00, 0xaa, 0xff, 0x03, 0x00, 0x00, 0x00, 0x00, 0x07, 0xaf, 0xfb, 0x47,
    0x1d, 0xa9, 0xea, 0xd1, 0x1f, 0x37, 0x8f, 0x20, 0x00, 0xab, 0xff, 0x34, 0x20, 0xd4, 0xff, 0xff,
    0x25, 0xa1, 0xe3, 0xea, 0x00, 0x10, 0x94, 0x1f, 0x1a, 0xc8, 0xff, 0xdd, 0x29, 0xbf, 0xf9, 0xff,
    0x16, 0x4f, 0xab, 0x43, 0x00, 0x00, 0x00, 0x00, 0xc4, 0xbc, 0xac, 0x41, 0x00, 0x8b, 0xff, 0x0b,
    0x03, 0xad, 0xf8, 0x54, 0x13, 0x89, 0xd7, 0x0d, 0x00, 0x00, 0x00, 0x00, 0x00, 0x00, 0xff, 0x01,
    0x00, 0x00, 0x00, 0x00, 0x00, 0xaa, 0xff, 0x03, 0x00, 0x00, 0x00, 0x00, 0x03, 0xa8, 0xfb, 0x41,
    0x20, 0xd9, 0xff, 0xff, 0x24, 0x9c, 0xe0, 0xd6, 0x00, 0x00, 0x00, 0x02, 0x0e, 0xb9, 0xff, 0xaf,
    0x2c, 0xdf, 0xff, 0xff, 0x1a, 0x6d, 0xbd, 0x85, 0x0d, 0xb9, 0xff, 0x85, 0x2c, 0xe3, 0xff, 0xff,
    0x1d, 0x7f, 0xca, 0xb4, 0x00, 0x00, 0x00, 0x00, 0x00, 0x00, 0x00, 0x00, 0x0f, 0xb6, 0xfd, 0xba,
    0x24, 0xd7, 0xff, 0xff, 0x19, 0x77, 0xc6, 0x5a, 0x00, 0x00, 0x00, 0x00, 0x00, 0x7f, 0xbf, 0x04,
    0x00, 0x00, 0x00, 0x00, 0x00, 0x00, 0x00, 0x00, 0x00, 0xaa, 0xff, 0x03, 0x00, 0x00, 0x00, 0x00,
    0x07, 0xac, 0xfb, 0x8e, 0x28, 0xe0, 0xff, 0xff, 0x21, 0x81, 0xcc, 0xa8, 0x00, 0x7c, 0xe7, 0x2b,
    0x1f, 0xd4, 0xff, 0xfa, 0x28, 0xab, 0xe9, 0xf1, 0x06, 0x72, 0xcd, 0x72, 0x22, 0xd4, 0xff, 0xf5,
    0x25, 0xae, 0xee, 0xfd, 0x1a, 0x27, 0x89, 0x27, 0x04, 0xba, 0xff, 0x38, 0x22, 0xd3, 0xff, 0xff,
    0x29, 0xbd, 0xf6, 0xfc, 0x17, 0x5a, 0xb4, 0x41, 0x00, 0x00, 0x00, 0x00, 0x00, 0x55, 0xaa, 0x03,
    0x00, 0x00, 0x00, 0x00, 0x00, 0x00, 0x00, 0x00, 0x00, 0x00, 0x00, 0x00, 0x0f, 0x0f, 0x7f, 0x10,
    0x00, 0x00, 0x00, 0x00, 0x10, 0xbc, 0xff, 0xcb, 0x2b, 0xd7, 0xff, 0xff, 0x1a, 0x60, 0xb7, 0x7c,
    0x0a, 0xb4, 0xff, 0x93, 0x2a, 0xdd, 0xff, 0xff, 0x1c, 0x8c, 0xd7, 0xc6, 0x1f, 0xc1, 0xff, 0xe0,
    0x2c, 0xda, 0xff, 0xff, 0x1f, 0x74, 0xc2, 0xa8, 0x06, 0xa1, 0xf4, 0x78, 0x28, 0xdf, 0xff, 0xfe,
    0x22, 0xa2, 0xe4, 0xeb, 0x0e, 0x0e, 0x71, 0x12, 0x00, 0x00, 0x00, 0x00, 0x00, 0x00, 0xff, 0x01,
    0x00, 0x7f, 0xff, 0x02, 0x00, 0x00, 0x00, 0x00, 0x07, 0xa7, 0xff, 0x23, 0x1c, 0xaf, 0xf0, 0xf0,
    0x22, 0x75, 0xc5, 0x77, 0x00, 0x7a, 0xea, 0x19, 0x1a, 0xce, 0xff, 0xf1, 0x29, 0xb6, 0xee, 0xfe,
    0x0f, 0x75, 0xcc, 0x91, 0x20, 0xca, 0xff, 0xf2, 0x2b, 0xd0, 0xff, 0xff, 0x28, 0xc8, 0xfe, 0xff,
    0x2a, 0xd2, 0xfe, 0xff, 0x1d, 0xa6, 0xe9, 0xfe, 0x12, 0x9a, 0xe6, 0xeb, 0x2a, 0xdc, 0xff, 0xff,
    0x1f, 0x91, 0xd9, 0xcb, 0x00, 0x00, 0x00, 0x00, 0x00, 0xff, 0xff, 0x01, 0x00, 0x00, 0x00, 0x00,
    0x00, 0xff, 0xff, 0x01, 0x7f, 0xff, 0xff, 0x02, 0x00, 0x75, 0xff, 0x0d, 0x12, 0xc1, 0xff, 0xd2,
    0x2b, 0xd4, 0xff, 0xff, 0x20, 0x72, 0xc2, 0x86, 0x00, 0x95, 0xf1, 0x5e, 0x21, 0xd3, 0xff, 0xfa,
    0x28, 0xc0, 0xf8, 0xff, 0x27, 0xc8, 0xff, 0xfc, 0x28, 0xca, 0xff, 0xfe, 0x29, 0xcb, 0xff, 0xff,
    0x22, 0xc4, 0xfe, 0xff, 0x0f, 0xb6, 0xfe, 0xff, 0x27, 0xca, 0xff, 0xff, 0x2a, 0xd5, 0xff, 0xff,
    0x1f, 0x8b, 0xd4, 0xb3, 0x00, 0x00, 0x00, 0x00, 0x00, 0xaa, 0xff, 0x03, 0x00, 0x00, 0x00, 0x00,
    0xff, 0xff, 0xff, 0x01, 0x00, 0x00, 0x00, 0x00, 0xe6, 0xce, 0xaa, 0x15, 0x2b, 0x8f, 0xd9, 0x29,
    0x15, 0xc4, 0xff, 0xe3, 0x2d, 0xd7, 0xff, 0xff, 0x1a, 0x7c, 0xcb, 0xa4, 0x16, 0xb1, 0xf7, 0xc0,
    0x2b, 0xd8, 0xff, 0xff, 0x27, 0xc8, 0xfd, 0xfe, 0x27, 0xc9, 0xff, 0xff, 0x2a, 0xcc, 0xff, 0xff,
    0x10, 0xb6, 0xfc, 0xff, 0x1f, 0xc2, 0xfd, 0xff, 0x2a, 0xcc, 0xff, 0xfb, 0x2a, 0xd5, 0xff, 0xff,
    0x1f, 0x8d, 0xd5, 0xbd, 0x00, 0x00, 0x00, 0x00, 0x00, 0xff, 0xff, 0x02, 0x00, 0x00, 0x00, 0x00,
    0xff, 0xff, 0x7f, 0x02, 0xcc, 0xc1, 0xad, 0x19, 0xc0, 0xbc, 0xb1, 0x73, 0xf0, 0xc7, 0xa2, 0x45,
    0x00, 0x8b, 0xff, 0x2c, 0x1c, 0xc7, 0xfd, 0xf8, 0x2c, 0xd1, 0xff, 0xff, 0x26, 0xc2, 0xf9, 0xfa,
    0x28, 0xcb, 0xff, 0xff, 0x28, 0xca, 0xff, 0xff, 0x29, 0xcb, 0xff, 0xff, 0x26, 0xc8, 0xff, 0xff,
    0x10, 0xb5, 0xfc, 0xff, 0x28, 0xca, 0xff, 0xff, 0x27, 0xc9, 0xff, 0xfc, 0x2a, 0xd5, 0xff, 0xff,
    0x1f, 0x8f, 0xd6, 0xca, 0x00, 0x00, 0x00, 0x00, 0x00, 0xff, 0xff, 0x01, 0x00, 0x00, 0x00, 0x00,
    0x00, 0x00, 0x00, 0x00, 0xc3, 0xbe, 0xaf, 0x33, 0xc4, 0xbc, 0xaf, 0x87, 0xbf, 0xbe, 0xb2, 0x99,
    0xff, 0xe7, 0x73, 0x0b, 0x00, 0x99, 0xff, 0x4b, 0x1d, 0xc8, 0xff, 0xff, 0x2b, 0xd0, 0xff, 0xfc,
    0x27, 0xc9, 0xff, 0xfe, 0x28, 0xca, 0xff, 0xff, 0x29, 0xcb, 0xff, 0xff, 0x24, 0xc7, 0xff, 0xff,
    0x12, 0xb7, 0xfc, 0xff, 0x29, 0xcb, 0xff, 0xff, 0x27, 0xc9, 0xff, 0xfc, 0x2a, 0xd5, 0xff, 0xff,
    0x1f, 0x8c, 0xd4, 0xc4, 0x00, 0x00, 0x00, 0x00, 0x00, 0xff, 0xff, 0x02, 0x00, 0x00, 0x00, 0x00,
    0xff, 0xff, 0xff, 0x02, 0xaa, 0xaa, 0xaa, 0x03, 0xc4, 0xbd, 0xaf, 0x91, 0xc5, 0xbf, 0xb0, 0x78,
    0xc0, 0xbd, 0xb3, 0x94, 0xff, 0xd4, 0x7f, 0x12, 0x06, 0xa6, 0xfc, 0x76, 0x23, 0xd2, 0xff, 0xff,
    0x2a, 0xcb, 0xff, 0xfb, 0x27, 0xca, 0xff, 0xff, 0x28, 0xca, 0xff, 0xff, 0x29, 0xcb, 0xff, 0xff,
    0x13, 0xb8, 0xfc, 0xff, 0x25, 0xc7, 0xff, 0xff, 0x28, 0xcc, 0xff, 0xfb, 0x2a, 0xd3, 0xff, 0xfd,
    0x1d, 0x7d, 0xca, 0xa6, 0x00, 0x00, 0x00, 0x00, 0x00, 0x7f, 0xbf, 0x04, 0x00, 0x00, 0x00, 0x00,
    0xff, 0xff, 0xff, 0x01, 0x00, 0x00, 0x00, 0x00, 0xc7, 0xbf, 0xaf, 0x20, 0xc5, 0xbe, 0xb0, 0x96,
    0xc4, 0xbe, 0xb0, 0x5b, 0xc8, 0xc2, 0xb0, 0x2a, 0x01, 0x00, 0x00, 0x00, 0x0c, 0xb1, 0xfa, 0xb8,
    0x29, 0xd6, 0xff, 0xff, 0x28, 0xc9, 0xff, 0xfa, 0x27, 0xca, 0xff, 0xff, 0x29, 0xcb, 0xff, 0xff,
    0x20, 0xc3, 0xfe, 0xff, 0x22, 0xc3, 0xfd, 0xff, 0x29, 0xd2, 0xff, 0xfa, 0x27, 0xbf, 0xfe, 0xff,
    0x18, 0x5b, 0xb4, 0x5c, 0x00, 0x00, 0x00, 0x00, 0x00, 0x7f, 0xbf, 0x04, 0x00, 0x00, 0x00, 0x00,
    0x00, 0x00, 0x00, 0x00, 0xff, 0xff, 0xff, 0x01, 0x00, 0x00, 0x00, 0x00, 0xc8, 0xb6, 0xb6, 0x0e,
    0xca, 0xc1, 0xaf, 0x1d, 0x00, 0x00, 0x00, 0x00, 0x55, 0xaa, 0xff, 0x03, 0x00, 0x8c, 0xf2, 0x14,
    0x10, 0xb8, 0xfc, 0xd8, 0x2a, 0xd7, 0xff, 0xff, 0x29, 0xca, 0xff, 0xfa, 0x27, 0xc9, 0xfd, 0xfc,
    0x29, 0xcb, 0xff, 0xfb, 0x29, 0xcf, 0xff, 0xfa, 0x2b, 0xd7, 0xff, 0xff, 0x1d, 0x83, 0xcf, 0xc7,
    0x00, 0x00, 0x48, 0x07, 0x00, 0x7f, 0xff, 0x02, 0x00, 0x00, 0x00, 0x00, 0x00, 0x00, 0x00, 0x00,
    0x00, 0x00, 0x00, 0x00, 0x00, 0x00, 0x00, 0x00, 0xff, 0xff, 0xff, 0x01, 0x00, 0x00, 0x00, 0x00,
    0x00, 0x00, 0x00, 0x00, 0xff, 0xff, 0xff, 0x01, 0x00, 0x7f, 0xff, 0x02, 0x01, 0x00, 0x00, 0x00,
    0x00, 0x95, 0xf6, 0x1d, 0x10, 0xb8, 0xfc, 0xca, 0x24, 0xd4, 0xff, 0xff, 0x2a, 0xd7, 0xff, 0xff,
    0x2a, 0xd7, 0xff, 0xff, 0x29, 0xc9, 0xff, 0xff, 0x1f, 0x8d, 0xd7, 0xc2, 0x16, 0x21, 0x90, 0x17,
    0x00, 0x01, 0x01, 0x00, 0x00, 0xff, 0xff, 0x01, 0x00, 0x00, 0x00, 0x00, 0x00, 0x00, 0x00, 0x00,
    0x00, 0x00, 0x00, 0x00, 0x00, 0x00, 0x00, 0x00, 0x00, 0x00, 0x00, 0x00, 0xff, 0xff, 0xff, 0x01,
    0xff, 0xff, 0xff, 0x01, 0x00, 0x00, 0x00, 0x00, 0x00, 0x00, 0x00, 0x00, 0x00, 0x7f, 0xff, 0x02,
    0x00, 0x00, 0x00, 0x00, 0x00, 0x33, 0xff, 0x05, 0x02, 0xae, 0xfc, 0x62, 0x14, 0xb0, 0xf3, 0xa2,
    0x1e, 0x98, 0xe0, 0x9f, 0x1b, 0x6e, 0xc2, 0x5c, 0x00, 0x00, 0x00, 0x02, 0x00, 0x00, 0x00, 0x00,
    0x00, 0x00, 0xff, 0x01, 0x00, 0x00, 0x00, 0x00, 0x00, 0x00, 0x00, 0x00, 0x00, 0x00, 0x00, 0x00,
    0x00, 0x00, 0x00, 0x00, 0x00, 0x00, 0x00, 0x00, 0x00, 0x00, 0x00, 0x00, 0x00, 0x00, 0x00, 0x00,
    0x00, 0x00, 0x00, 0x00, 0x00, 0x00, 0x00, 0x00, 0x00, 0x00, 0x00, 0x00, 0x00, 0x00, 0x00, 0x00,
    0x00, 0x7f, 0xff, 0x02, 0x00, 0x00, 0x00, 0x00, 0x00, 0x00, 0x00, 0x00, 0x00, 0x00, 0x00, 0x00,
    0x00, 0x00, 0x00, 0x00, 0x00, 0x00, 0x00, 0x00, 0x00, 0x01, 0x01, 0x00, 0x00, 0x00, 0xff, 0x01,
    0x00, 0x00, 0x00, 0x00, 0x00, 0x00, 0x00, 0x00, 0x00, 0x00, 0x00, 0x00, 0x00, 0x00, 0x00, 0x00,
};

static const lv_image_dsc_t emoji_img_25 = {
    .header = {
        .magic = LV_IMAGE_HEADER_MAGIC,
        .cf = LV_COLOR_FORMAT_ARGB8888,
        .flags = 0,
        .w = 20,
        .h = 20,
        .stride = 20 * 4,
        .reserved_2 = 0,
    },
    .data_size = sizeof(emoji_img_25_data),
    .data = emoji_img_25_data,
    .reserved = NULL,
    .reserved_2 = NULL,
};

// LVGL image: emoji_img_26 (20x20 ARGB8888, BGRA byte order)
static const uint8_t emoji_img_26_data[] = {
    0x00, 0x00, 0x00, 0x00, 0x00, 0x00, 0x00, 0x00, 0x55, 0x55, 0xff, 0x03, 0x00, 0x00, 0x00, 0x00,
    0x00, 0x00, 0x00, 0x00, 0x00, 0x00, 0x00, 0x00, 0x00, 0x00, 0x00, 0x00, 0x00, 0x00, 0x00, 0x00,
    0x00, 0x00, 0xff, 0x02, 0x00, 0x00, 0x00, 0x00, 0x00, 0x00, 0x00, 0x00, 0x55, 0x55, 0xaa, 0x03,
    0x00, 0x00, 0x00, 0x00, 0x00, 0x00, 0x00, 0x00, 0x00, 0x00, 0x00, 0x00, 0x00, 0x00, 0x00, 0x00,
    0x00, 0x00, 0x00, 0x00, 0x00, 0x00, 0xff, 0x02, 0x00, 0x00, 0x00, 0x00, 0x00, 0x00, 0x00, 0x00,
    0x00, 0x00, 0x00, 0x00, 0x00, 0x00, 0xff, 0x02, 0x00, 0x00, 0x00, 0x00, 0x38, 0x38, 0xcd, 0x24,
    0x31, 0x38, 0xe5, 0x76, 0x35, 0x3a, 0xe0, 0x98, 0x34, 0x36, 0xd2, 0x84, 0x34, 0x30, 0xc5, 0x3a,
    0x00, 0x00, 0x00, 0x00, 0x00, 0x00, 0xff, 0x01, 0x00, 0x55, 0xaa, 0x03, 0x00, 0x00, 0x00, 0x00,
    0x35, 0x3a, 0xdf, 0x30, 0x31, 0x36, 0xe5, 0x82, 0x35, 0x39, 0xdf, 0x98, 0x33, 0x33, 0xd1, 0x7b,
    0x34, 0x2e, 0xc5, 0x2c, 0x00, 0x00, 0x00, 0x00, 0x00, 0x00, 0x7f, 0x02, 0x00, 0x00, 0x00, 0x00,
    0x7f, 0x7f, 0xff, 0x02, 0x00, 0x00, 0x00, 0x00, 0x33, 0x41, 0xee, 0x5e, 0x34, 0x41, 0xf5, 0xf6,
    0x41, 0x4e, 0xff, 0xff, 0x3a, 0x47, 0xff, 0xff, 0x39, 0x44, 0xfe, 0xff, 0x36, 0x39, 0xdf, 0xff,
    0x32, 0x32, 0xc7, 0x89, 0x00, 0x00, 0x00, 0x00, 0x00, 0x00, 0x00, 0x00, 0x33, 0x3f, 0xf0, 0x6d,
    0x38, 0x45, 0xf8, 0xfd, 0x46, 0x53, 0xff, 0xff, 0x39, 0x47, 0xff, 0xff, 0x39, 0x43, 0xfb, 0xff,
    0x35, 0x36, 0xd8, 0xfc, 0x32, 0x30, 0xc7, 0x6f, 0x00, 0x00, 0x00, 0x00, 0x7f, 0x7f, 0xff, 0x02,
    0x00, 0x00, 0x00, 0x00, 0x37, 0x42, 0xf3, 0x2e, 0x35, 0x43, 0xf8, 0xff, 0x5e, 0x6a, 0xff, 0xff,
    0x84, 0x8e, 0xff, 0xfa, 0x63, 0x6e, 0xfa, 0xfb, 0x31, 0x40, 0xf5, 0xfb, 0x36, 0x43, 0xf2, 0xfc,
    0x39, 0x3a, 0xe6, 0xff, 0x33, 0x30, 0xc2, 0x54, 0x39, 0x46, 0xff, 0x3a, 0x37, 0x45, 0xff, 0xff,
    0x65, 0x71, 0xfc, 0xfe, 0x89, 0x92, 0xff, 0xfa, 0x48, 0x54, 0xf6, 0xfb, 0x31, 0x40, 0xf7, 0xfa,
    0x37, 0x41, 0xee, 0xff, 0x36, 0x36, 0xd7, 0xff, 0x34, 0x34, 0xce, 0x3a, 0x00, 0x00, 0x00, 0x00,
    0x00, 0x00, 0x00, 0x00, 0x2f, 0x3b, 0xf1, 0x97, 0x4e, 0x5b, 0xff, 0xff, 0x86, 0x8f, 0xff, 0xfa,
    0x86, 0x90, 0xff, 0xff, 0x5b, 0x66, 0xf9, 0xff, 0x32, 0x3f, 0xf3, 0xff, 0x37, 0x45, 0xf6, 0xfd,
    0x37, 0x40, 0xef, 0xfd, 0x34, 0x33, 0xc8, 0xdb, 0x30, 0x3d, 0xf3, 0xd6, 0x4f, 0x5c, 0xfd, 0xfe,
    0x8b, 0x95, 0xff, 0xfc, 0x73, 0x7d, 0xfd, 0xff, 0x3d, 0x49, 0xf5, 0xff, 0x35, 0x41, 0xf3, 0xff,
    0x37, 0x44, 0xf6, 0xfa, 0x37, 0x3b, 0xe6, 0xfe, 0x33, 0x31, 0xc8, 0xa0, 0x00, 0x00, 0x00, 0x00,
    0x00, 0x00, 0x00, 0x00, 0x2e, 0x3c, 0xf2, 0xc5, 0x5b, 0x67, 0xff, 0xfe, 0x88, 0x91, 0xff, 0xfc,
    0x55, 0x61, 0xf9, 0xff, 0x31, 0x3e, 0xf3, 0xff, 0x37, 0x43, 0xf4, 0xff, 0x36, 0x43, 0xf5, 0xff,
    0x36, 0x42, 0xf1, 0xff, 0x36, 0x3c, 0xe1, 0xff, 0x34, 0x41, 0xf7, 0xff, 0x44, 0x51, 0xf5, 0xff,
    0x52, 0x5e, 0xf8, 0xff, 0x37, 0x44, 0xf4, 0xff, 0x34, 0x41, 0xf4, 0xff, 0x37, 0x43, 0xf3, 0xff,
    0x36, 0x44, 0xf6, 0xfd, 0x37, 0x3d, 0xe8, 0xff, 0x32, 0x31, 0xc9, 0xc9, 0x00, 0x00, 0x00, 0x00,
    0x00, 0x00, 0x00, 0x00, 0x2e, 0x3c, 0xf2, 0xca, 0x59, 0x65, 0xff, 0xff, 0x74, 0x7e, 0xfc, 0xfd,
    0x30, 0x3d, 0xf3, 0xff, 0x37, 0x44, 0xf4, 0xff, 0x36, 0x43, 0xf4, 0xff, 0x36, 0x43, 0xf4, 0xff,
    0x36, 0x43, 0xf4, 0xff, 0x36, 0x43, 0xf4, 0xfe, 0x36, 0x43, 0xf3, 0xfe, 0x34, 0x41, 0xf4, 0xff,
    0x31, 0x3e, 0xf3, 0xff, 0x36, 0x43, 0xf4, 0xff, 0x36, 0x43, 0xf4, 0xff, 0x36, 0x43, 0xf3, 0xff,
    0x36, 0x44, 0xf6, 0xfd, 0x37, 0x3d, 0xe9, 0xff, 0x32, 0x31, 0xc8, 0xce, 0x00, 0x00, 0x00, 0x00,
    0x00, 0x00, 0x00, 0x00, 0x32, 0x40, 0xf3, 0xb7, 0x45, 0x53, 0xfe, 0xff, 0x51, 0x5e, 0xf7, 0xfc,
    0x32, 0x40, 0xf3, 0xff, 0x37, 0x44, 0xf4, 0xff, 0x36, 0x43, 0xf4, 0xff, 0x36, 0x43, 0xf4, 0xff,
    0x36, 0x43, 0xf4, 0xff, 0x36, 0x43, 0xf4, 0xff, 0x36, 0x43, 0xf4, 0xff, 0x36, 0x43, 0xf4, 0xff,
    0x37, 0x44, 0xf4, 0xff, 0x36, 0x43, 0xf4, 0xff, 0x36, 0x43, 0xf4, 0xff, 0x36, 0x43, 0xf3, 0xff,
    0x36, 0x43, 0xf6, 0xfc, 0x37, 0x3c, 0xe7, 0xff, 0x32, 0x32, 0xc8, 0xb7, 0x00, 0x00, 0x00, 0x00,
    0x00, 0x00, 0x00, 0x00, 0x36, 0x43, 0xf3, 0x84, 0x39, 0x47, 0xff, 0xff, 0x34, 0x42, 0xf2, 0xfb,
    0x36, 0x43, 0xf4, 0xff, 0x36, 0x43, 0xf4, 0xff, 0x36, 0x43, 0xf4, 0xff, 0x36, 0x43, 0xf4, 0xff,
    0x36, 0x43, 0xf4, 0xff, 0x36, 0x43, 0xf4, 0xff, 0x36, 0x43, 0xf4, 0xff, 0x36, 0x43, 0xf4, 0xff,
    0x36, 0x43, 0xf4, 0xff, 0x36, 0x43, 0xf4, 0xff, 0x36, 0x43, 0xf4, 0xff, 0x36, 0x43, 0xf4, 0xff,
    0x35, 0x43, 0xf4, 0xfb, 0x37, 0x3a, 0xe3, 0xff, 0x32, 0x32, 0xc8, 0x84, 0x00, 0x00, 0x00, 0x00,
    0x00, 0x00, 0x00, 0x00, 0x34, 0x3f, 0xf3, 0x2c, 0x37, 0x44, 0xf8, 0xfe, 0x36, 0x43, 0xf5, 0xfd,
    0x36, 0x43, 0xf4, 0xff, 0x36, 0x43, 0xf4, 0xff, 0x36, 0x43, 0xf4, 0xff, 0x36, 0x43, 0xf4, 0xff,
    0x36, 0x43, 0xf4, 0xff, 0x36, 0x43, 0xf4, 0xff, 0x36, 0x43, 0xf4, 0xff, 0x36, 0x43, 0xf4, 0xff,
    0x36, 0x43, 0xf4, 0xff, 0x36, 0x43, 0xf4, 0xff, 0x36, 0x43, 0xf4, 0xff, 0x36, 0x44, 0xf6, 0xff,
    0x35, 0x3f, 0xeb, 0xfd, 0x34, 0x33, 0xcf, 0xfe, 0x34, 0x34, 0xd0, 0x2c, 0x00, 0x00, 0x00, 0x00,
    0x55, 0x55, 0xff, 0x03, 0x00, 0x00, 0x00, 0x00, 0x34, 0x42, 0xf1, 0xa4, 0x3a, 0x48, 0xff, 0xff,
    0x35, 0x43, 0xf2, 0xfb, 0x36, 0x43, 0xf4, 0xff, 0x36, 0x43, 0xf4, 0xff, 0x36, 0x43, 0xf4, 0xff,
    0x36, 0x43, 0xf4, 0xff, 0x36, 0x43, 0xf4, 0xff, 0x36, 0x43, 0xf4, 0xff, 0x36, 0x43, 0xf4, 0xff,
    0x36, 0x43, 0xf4, 0xff, 0x36, 0x43, 0xf4, 0xff, 0x36, 0x43, 0xf4, 0xff, 0x35, 0x44, 0xf5, 0xfb,
    0x37, 0x3b, 0xe7, 0xff, 0x31, 0x31, 0xc7, 0xa4, 0x00, 0x00, 0x00, 0x00, 0x55, 0x55, 0xaa, 0x03,
    0x00, 0x00, 0xff, 0x02, 0x00, 0x00, 0x7f, 0x02, 0x35, 0x3f, 0xf4, 0x18, 0x36, 0x43, 0xf7, 0xea,
    0x37, 0x45, 0xf9, 0xfe, 0x35, 0x42, 0xf3, 0xfd, 0x36, 0x43, 0xf4, 0xff, 0x36, 0x43, 0xf4, 0xff,
    0x36, 0x43, 0xf4, 0xff, 0x36, 0x43, 0xf4, 0xff, 0x36, 0x43, 0xf4, 0xff, 0x36, 0x43, 0xf4, 0xff,
    0x36, 0x43, 0xf4, 0xff, 0x36, 0x43, 0xf3, 0xff, 0x36, 0x44, 0xf6, 0xfd, 0x36, 0x3f, 0xec, 0xfe,
    0x34, 0x33, 0xcd, 0xeb, 0x35, 0x35, 0xd4, 0x18, 0x00, 0x00, 0x7f, 0x02, 0x00, 0x00, 0x7f, 0x02,
    0x00, 0x00, 0x00, 0x00, 0x55, 0x55, 0xff, 0x03, 0x00, 0x00, 0x00, 0x00, 0x37, 0x41, 0xf1, 0x4a,
    0x39, 0x46, 0xfd, 0xff, 0x36, 0x44, 0xf6, 0xfb, 0x36, 0x43, 0xf3, 0xfe, 0x36, 0x43, 0xf4, 0xff,
    0x36, 0x43, 0xf4, 0xff, 0x36, 0x43, 0xf4, 0xff, 0x36, 0x43, 0xf4, 0xff, 0x36, 0x43, 0xf4, 0xff,
    0x36, 0x43, 0xf4, 0xff, 0x36, 0x43, 0xf4, 0xfe, 0x35, 0x43, 0xf4, 0xfb, 0x36, 0x37, 0xd9, 0xff,
    0x33, 0x2f, 0xc5, 0x4b, 0x00, 0x00, 0x00, 0x00, 0x55, 0x55, 0xaa, 0x03, 0x00, 0x00, 0x00, 0x00,
    0x00, 0x00, 0x00, 0x00, 0x00, 0x00, 0x00, 0x00, 0x3f, 0x3f, 0xff, 0x04, 0x00, 0x00, 0x00, 0x00,
    0x35, 0x40, 0xf1, 0x73, 0x3a, 0x48, 0xff, 0xff, 0x35, 0x43, 0xf4, 0xfb, 0x36, 0x43, 0xf3, 0xff,
    0x36, 0x43, 0xf4, 0xff, 0x36, 0x43, 0xf4, 0xff, 0x36, 0x43, 0xf4, 0xff, 0x36, 0x43, 0xf4, 0xff,
    0x36, 0x43, 0xf3, 0xff, 0x35, 0x44, 0xf6, 0xfb, 0x38, 0x3b, 0xe7, 0xff, 0x32, 0x30, 0xc5, 0x74,
    0x00, 0x00, 0x00, 0x00, 0x3f, 0x3f, 0xbf, 0x04, 0x00, 0x00, 0x00, 0x00, 0x00, 0x00, 0x00, 0x00,
    0x00, 0x00, 0x00, 0x00, 0x00, 0x00, 0x00, 0x00, 0x00, 0x00, 0x00, 0x00, 0x3f, 0x3f, 0xff, 0x04,
    0x00, 0x00, 0x00, 0x00, 0x34, 0x42, 0xf1, 0x87, 0x3a, 0x48, 0xff, 0xff, 0x35, 0x43, 0xf4, 0xfb,
    0x36, 0x43, 0xf3, 0xfe, 0x36, 0x43, 0xf4, 0xff, 0x36, 0x43, 0xf4, 0xff, 0x36, 0x43, 0xf3, 0xfe,
    0x36, 0x44, 0xf7, 0xfb, 0x38, 0x3f, 0xef, 0xff, 0x33, 0x31, 0xc7, 0x86, 0x00, 0x00, 0x00, 0x00,
    0x3f, 0x3f, 0xbf, 0x04, 0x00, 0x00, 0x00, 0x00, 0x00, 0x00, 0x00, 0x00, 0x00, 0x00, 0x00, 0x00,
    0x00, 0x00, 0x00, 0x00, 0x00, 0x00, 0x00, 0x00, 0x00, 0x00, 0x00, 0x00, 0x00, 0x00, 0x00, 0x00,
    0x55, 0x55, 0xff, 0x03, 0x00, 0x00, 0x00, 0x00, 0x35, 0x42, 0xf3, 0x8b, 0x3a, 0x48, 0xff, 0xff,
    0x35, 0x43, 0xf5, 0xfb, 0x36, 0x43, 0xf3, 0xfe, 0x36, 0x43, 0xf2, 0xfe, 0x36, 0x45, 0xf8, 0xfb,
    0x39, 0x41, 0xf4, 0xff, 0x32, 0x32, 0xc8, 0x8d, 0x00, 0x00, 0x00, 0x00, 0x3f, 0x3f, 0xbf, 0x04,
    0x00, 0x00, 0x00, 0x00, 0x00, 0x00, 0x00, 0x00, 0x00, 0x00, 0x00, 0x00, 0x00, 0x00, 0x00, 0x00,
    0x00, 0x00, 0x00, 0x00, 0x00, 0x00, 0x00, 0x00, 0x00, 0x00, 0x00, 0x00, 0x00, 0x00, 0x00, 0x00,
    0x00, 0x00, 0xff, 0x01, 0x55, 0x55, 0xff, 0x03, 0x00, 0x00, 0x00, 0x00, 0x36, 0x42, 0xf2, 0x7f,
    0x39, 0x47, 0xff, 0xff, 0x36, 0x43, 0xf4, 0xfd, 0x36, 0x44, 0xf7, 0xfc, 0x38, 0x41, 0xf5, 0xff,
    0x33, 0x33, 0xcc, 0x82, 0x00, 0x00, 0x00, 0x00, 0x55, 0x55, 0xff, 0x03, 0x00, 0x00, 0x00, 0x01,
    0x00, 0x00, 0x00, 0x00, 0x00, 0x00, 0x00, 0x00, 0x00, 0x00, 0x00, 0x00, 0x00, 0x00, 0x00, 0x00,
    0x00, 0x00, 0x00, 0x00, 0x00, 0x00, 0x00, 0x00, 0x00, 0x00, 0x00, 0x00, 0x00, 0x00, 0x00, 0x00,
    0x00, 0x00, 0x00, 0x00, 0x00, 0x00, 0x00, 0x01, 0x3f, 0x3f, 0xbf, 0x04, 0x00, 0x00, 0x00, 0x00,
    0x37, 0x43, 0xf2, 0x66, 0x38, 0x46, 0xfc, 0xff, 0x38, 0x42, 0xf5, 0xff, 0x32, 0x32, 0xcc, 0x6b,
    0x00, 0x00, 0x00, 0x00, 0x55, 0x55, 0xff, 0x03, 0x00, 0x00, 0x00, 0x01, 0x00, 0x00, 0x00, 0x00,
    0x00, 0x00, 0x00, 0x00, 0x00, 0x00, 0x00, 0x00, 0x00, 0x00, 0x00, 0x00, 0x00, 0x00, 0x00, 0x00,
    0x00, 0x00, 0x00, 0x00, 0x00, 0x00, 0x00, 0x00, 0x00, 0x00, 0x00, 0x00, 0x00, 0x00, 0x00, 0x00,
    0x00, 0x00, 0x00, 0x00, 0x00, 0x00, 0x00, 0x00, 0x00, 0x00, 0x00, 0x00, 0x3f, 0x3f, 0xbf, 0x04,
    0x00, 0x00, 0x00, 0x00, 0x34, 0x3e, 0xed, 0x49, 0x31, 0x38, 0xd7, 0x4d, 0x00, 0x00, 0x00, 0x00,
    0x3f, 0x3f, 0xbf, 0x04, 0x00, 0x00, 0x00, 0x00, 0x00, 0x00, 0x00, 0x00, 0x00, 0x00, 0x00, 0x00,
    0x00, 0x00, 0x00, 0x00, 0x00, 0x00, 0x00, 0x00, 0x00, 0x00, 0x00, 0x00, 0x00, 0x00, 0x00, 0x00,
    0x00, 0x00, 0x00, 0x00, 0x00, 0x00, 0x00, 0x00, 0x00, 0x00, 0x00, 0x00, 0x00, 0x00, 0x00, 0x00,
    0x00, 0x00, 0x00, 0x00, 0x00, 0x00, 0x00, 0x00, 0x00, 0x00, 0x00, 0x00, 0x00, 0x00, 0x00, 0x00,
    0x55, 0x55, 0xff, 0x03, 0x00, 0x00, 0x00, 0x00, 0x00, 0x00, 0x00, 0x00, 0x55, 0x55, 0xaa, 0x03,
    0x00, 0x00, 0x00, 0x00, 0x00, 0x00, 0x00, 0x00, 0x00, 0x00, 0x00, 0x00, 0x00, 0x00, 0x00, 0x00,
    0x00, 0x00, 0x00, 0x00, 0x00, 0x00, 0x00, 0x00, 0x00, 0x00, 0x00, 0x00, 0x00, 0x00, 0x00, 0x00,
};

static const lv_image_dsc_t emoji_img_26 = {
    .header = {
        .magic = LV_IMAGE_HEADER_MAGIC,
        .cf = LV_COLOR_FORMAT_ARGB8888,
        .flags = 0,
        .w = 20,
        .h = 20,
        .stride = 20 * 4,
        .reserved_2 = 0,
    },
    .data_size = sizeof(emoji_img_26_data),
    .data = emoji_img_26_data,
    .reserved = NULL,
    .reserved_2 = NULL,
};

// LVGL image: emoji_img_27 (20x20 ARGB8888, BGRA byte order)
static const uint8_t emoji_img_27_data[] = {
    0x00, 0x00, 0x00, 0x00, 0x00, 0x00, 0x00, 0x00, 0x00, 0xaa, 0xff, 0x03, 0x00, 0x00, 0x00, 0x00,
    0x01, 0x00, 0x00, 0x00, 0x00, 0x00, 0x00, 0x00, 0x00, 0x00, 0x00, 0x00, 0x00, 0x00, 0x00, 0x00,
    0x00, 0x7f, 0xff, 0x02, 0x00, 0x00, 0x00, 0x00, 0x00, 0x00, 0x00, 0x00, 0x00, 0xaa, 0xff, 0x03,
    0x00, 0x00, 0x00, 0x00, 0x01, 0x00, 0x00, 0x00, 0x00, 0x00, 0x00, 0x00, 0x00, 0x00, 0x00, 0x00,
    0x00, 0x00, 0x00, 0x00, 0x00, 0x55, 0xaa, 0x03, 0x00, 0x00, 0x00, 0x00, 0x00, 0x00, 0x00, 0x00,
    0x00, 0x00, 0x00, 0x00, 0x00, 0x7f, 0xff, 0x02, 0x00, 0x00, 0x00, 0x00, 0x06, 0x7c, 0xf8, 0x25,
    0x00, 0x8b, 0xfc, 0x77, 0x00, 0x8c, 0xff, 0x97, 0x00, 0x81, 0xfb, 0x84, 0x00, 0x78, 0xf6, 0x39,
    0x00, 0x00, 0x00, 0x00, 0x00, 0xff, 0xff, 0x01, 0x00, 0x55, 0xff, 0x03, 0x00, 0x00, 0x00, 0x00,
    0x00, 0x90, 0xff, 0x2e, 0x00, 0x8d, 0xfd, 0x80, 0x00, 0x8a, 0xff, 0x97, 0x00, 0x82, 0xfc, 0x79,
    0x00, 0x7c, 0xf9, 0x2b, 0x00, 0x00, 0x00, 0x00, 0x00, 0x7f, 0xff, 0x02, 0x00, 0x00, 0x00, 0x00,
    0x00, 0x7f, 0xff, 0x02, 0x00, 0x00, 0x00, 0x00, 0x00, 0x93, 0xff, 0x5f, 0x00, 0x99, 0xfd, 0xf6,
    0x08, 0xa6, 0xff, 0xff, 0x00, 0xa2, 0xff, 0xff, 0x00, 0x9d, 0xff, 0xff, 0x00, 0x8a, 0xff, 0xff,
    0x00, 0x7a, 0xf5, 0x89, 0x00, 0x00, 0x00, 0x00, 0x00, 0x00, 0x00, 0x00, 0x00, 0x94, 0xff, 0x6e,
    0x01, 0x9d, 0xff, 0xfc, 0x0d, 0xa9, 0xff, 0xff, 0x00, 0xa1, 0xff, 0xff, 0x00, 0x9c, 0xff, 0xff,
    0x00, 0x87, 0xfc, 0xfb, 0x00, 0x7d, 0xf5, 0x6e, 0x00, 0x00, 0x00, 0x00, 0x00, 0x7f, 0xff, 0x02,
    0x00, 0x00, 0x00, 0x00, 0x05, 0x94, 0xff, 0x30, 0x00, 0x9b, 0xff, 0xff, 0x2c, 0xaf, 0xff, 0xff,
    0x57, 0xbf, 0xff, 0xfa, 0x31, 0xae, 0xff, 0xfb, 0x00, 0x97, 0xff, 0xfb, 0x01, 0x97, 0xff, 0xfc,
    0x00, 0x8e, 0xff, 0xff, 0x00, 0x79, 0xf5, 0x52, 0x04, 0x9d, 0xff, 0x3c, 0x00, 0xa2, 0xff, 0xff,
    0x34, 0xb0, 0xff, 0xfe, 0x5c, 0xc1, 0xff, 0xfa, 0x14, 0xa1, 0xff, 0xfb, 0x00, 0x99, 0xff, 0xfa,
    0x01, 0x94, 0xfe, 0xff, 0x00, 0x85, 0xff, 0xff, 0x00, 0x81, 0xf6, 0x39, 0x00, 0x00, 0x00, 0x00,
    0x01, 0x00, 0x00, 0x00, 0x00, 0x93, 0xff, 0x98, 0x16, 0xae, 0xff, 0xff, 0x59, 0xbf, 0xff, 0xfa,
    0x59, 0xc0, 0xff, 0xff, 0x28, 0xaa, 0xff, 0xff, 0x00, 0x96, 0xff, 0xff, 0x01, 0x9a, 0xff, 0xfd,
    0x00, 0x94, 0xff, 0xfd, 0x01, 0x7c, 0xf6, 0xdb, 0x00, 0x95, 0xff, 0xd7, 0x19, 0xa9, 0xff, 0xfe,
    0x5f, 0xc2, 0xff, 0xfc, 0x43, 0xb6, 0xff, 0xff, 0x09, 0x9b, 0xff, 0xff, 0x00, 0x97, 0xff, 0xff,
    0x00, 0x9a, 0xff, 0xfa, 0x00, 0x8e, 0xff, 0xfe, 0x00, 0x7d, 0xf6, 0x9f, 0x00, 0x00, 0x00, 0x00,
    0x01, 0x00, 0x00, 0x00, 0x00, 0x94, 0xff, 0xc6, 0x27, 0xb1, 0xff, 0xfe, 0x5b, 0xc1, 0xff, 0xfc,
    0x22, 0xa7, 0xff, 0xff, 0x00, 0x95, 0xff, 0xff, 0x01, 0x98, 0xff, 0xff, 0x00, 0x98, 0xff, 0xff,
    0x00, 0x96, 0xfe, 0xff, 0x00, 0x8c, 0xff, 0xff, 0x00, 0x99, 0xff, 0xff, 0x11, 0x9e, 0xff, 0xff,
    0x1f, 0xa6, 0xff, 0xff, 0x02, 0x98, 0xff, 0xff, 0x00, 0x97, 0xff, 0xff, 0x00, 0x98, 0xff, 0xff,
    0x00, 0x9a, 0xff, 0xfd, 0x00, 0x90, 0xfe, 0xff, 0x00, 0x7c, 0xf6, 0xc7, 0x00, 0x00, 0x00, 0x00,
    0x01, 0x00, 0x00, 0x00, 0x00, 0x95, 0xff, 0xcb, 0x24, 0xaf, 0xff, 0xff, 0x45, 0xb7, 0xff, 0xfd,
    0x00, 0x95, 0xff, 0xff, 0x01, 0x98, 0xff, 0xff, 0x00, 0x98, 0xff, 0xff, 0x00, 0x98, 0xff, 0xff,
    0x00, 0x98, 0xff, 0xff, 0x00, 0x98, 0xff, 0xfe, 0x00, 0x97, 0xff, 0xfe, 0x00, 0x97, 0xff, 0xff,
    0x00, 0x95, 0xff, 0xff, 0x00, 0x98, 0xff, 0xff, 0x00, 0x98, 0xff, 0xff, 0x00, 0x98, 0xff, 0xff,
    0x00, 0x9a, 0xff, 0xfd, 0x00, 0x90, 0xff, 0xff, 0x00, 0x7b, 0xf6, 0xcb, 0x00, 0x00, 0x00, 0x00,
    0x01, 0x00, 0x00, 0x00, 0x00, 0x96, 0xff, 0xb9, 0x0e, 0xa7, 0xff, 0xff, 0x1f, 0xa5, 0xff, 0xfc,
    0x01, 0x96, 0xff, 0xff, 0x01, 0x99, 0xff, 0xff, 0x00, 0x98, 0xff, 0xff, 0x00, 0x98, 0xff, 0xff,
    0x00, 0x98, 0xff, 0xff, 0x00, 0x98, 0xff, 0xff, 0x00, 0x98, 0xff, 0xff, 0x01, 0x98, 0xff, 0xff,
    0x01, 0x99, 0xff, 0xff, 0x00, 0x98, 0xff, 0xff, 0x00, 0x98, 0xff, 0xff, 0x00, 0x98, 0xff, 0xff,
    0x00, 0x99, 0xff, 0xfc, 0x00, 0x8f, 0xff, 0xff, 0x00, 0x7c, 0xf5, 0xb7, 0x00, 0x00, 0x00, 0x00,
    0x00, 0x00, 0x00, 0x00, 0x00, 0x97, 0xff, 0x85, 0x00, 0xa3, 0xff, 0xff, 0x00, 0x97, 0xff, 0xfb,
    0x00, 0x98, 0xff, 0xff, 0x00, 0x98, 0xff, 0xff, 0x00, 0x98, 0xff, 0xff, 0x00, 0x98, 0xff, 0xff,
    0x00, 0x98, 0xff, 0xff, 0x00, 0x98, 0xff, 0xff, 0x00, 0x98, 0xff, 0xff, 0x00, 0x98, 0xff, 0xff,
    0x00, 0x98, 0xff, 0xff, 0x00, 0x98, 0xff, 0xff, 0x00, 0x98, 0xff, 0xff, 0x00, 0x98, 0xff, 0xff,
    0x00, 0x98, 0xff, 0xfb, 0x00, 0x8c, 0xff, 0xff, 0x00, 0x7b, 0xf7, 0x82, 0x00, 0x00, 0x00, 0x00,
    0x00, 0x00, 0x00, 0x00, 0x00, 0x99, 0xf9, 0x2d, 0x00, 0x9b, 0xff, 0xfe, 0x00, 0x99, 0xff, 0xfd,
    0x00, 0x98, 0xff, 0xff, 0x00, 0x98, 0xff, 0xff, 0x00, 0x98, 0xff, 0xff, 0x00, 0x98, 0xff, 0xff,
    0x00, 0x98, 0xff, 0xff, 0x00, 0x98, 0xff, 0xff, 0x00, 0x98, 0xff, 0xff, 0x00, 0x98, 0xff, 0xff,
    0x00, 0x98, 0xff, 0xff, 0x00, 0x98, 0xff, 0xff, 0x00, 0x98, 0xff, 0xff, 0x00, 0x99, 0xff, 0xff,
    0x00, 0x93, 0xfd, 0xfd, 0x00, 0x80, 0xf9, 0xfe, 0x00, 0x82, 0xf9, 0x2b, 0x00, 0x00, 0x00, 0x00,
    0x00, 0xaa, 0xff, 0x03, 0x00, 0x00, 0x00, 0x00, 0x00, 0x97, 0xff, 0xa5, 0x00, 0xa3, 0xff, 0xff,
    0x00, 0x97, 0xff, 0xfb, 0x00, 0x98, 0xff, 0xff, 0x00, 0x98, 0xff, 0xff, 0x00, 0x98, 0xff, 0xff,
    0x00, 0x98, 0xff, 0xff, 0x00, 0x98, 0xff, 0xff, 0x00, 0x98, 0xff, 0xff, 0x00, 0x98, 0xff, 0xff,
    0x00, 0x98, 0xff, 0xff, 0x00, 0x98, 0xff, 0xff, 0x00, 0x98, 0xff, 0xff, 0x00, 0x99, 0xff, 0xfb,
    0x00, 0x8f, 0xff, 0xff, 0x00, 0x7a, 0xf4, 0xa4, 0x00, 0x00, 0x00, 0x00, 0x00, 0x55, 0xff, 0x03,
    0x00, 0x7f, 0xff, 0x02, 0x00, 0x7f, 0xff, 0x02, 0x00, 0x99, 0xff, 0x19, 0x00, 0x9a, 0xff, 0xeb,
    0x00, 0x9b, 0xff, 0xfe, 0x00, 0x98, 0xff, 0xfd, 0x00, 0x98, 0xff, 0xff, 0x00, 0x98, 0xff, 0xff,
    0x00, 0x98, 0xff, 0xff, 0x00, 0x98, 0xff, 0xff, 0x00, 0x98, 0xff, 0xff, 0x00, 0x98, 0xff, 0xff,
    0x00, 0x98, 0xff, 0xff, 0x00, 0x98, 0xff, 0xff, 0x00, 0x9a, 0xff, 0xfd, 0x00, 0x93, 0xff, 0xfe,
    0x00, 0x7e, 0xf8, 0xea, 0x00, 0x7f, 0xf4, 0x18, 0x00, 0x7f, 0x7f, 0x02, 0x00, 0x7f, 0xff, 0x02,
    0x00, 0x00, 0x00, 0x00, 0x00, 0xaa, 0xff, 0x03, 0x00, 0x00, 0x00, 0x00, 0x00, 0x95, 0xff, 0x4b,
    0x00, 0x9f, 0xff, 0xff, 0x00, 0x99, 0xff, 0xfb, 0x00, 0x97, 0xff, 0xfe, 0x00, 0x98, 0xff, 0xff,
    0x00, 0x98, 0xff, 0xff, 0x00, 0x98, 0xff, 0xff, 0x00, 0x98, 0xff, 0xff, 0x00, 0x98, 0xff, 0xff,
    0x00, 0x98, 0xff, 0xff, 0x00, 0x98, 0xff, 0xfe, 0x00, 0x98, 0xff, 0xfb, 0x00, 0x86, 0xfe, 0xff,
    0x00, 0x7c, 0xf4, 0x4a, 0x00, 0x00, 0x00, 0x00, 0x00, 0x55, 0xff, 0x03, 0x00, 0x00, 0x00, 0x00,
    0x00, 0x00, 0x00, 0x00, 0x00, 0x00, 0x00, 0x00, 0x00, 0x7f, 0xff, 0x04, 0x00, 0x00, 0x00, 0x00,
    0x00, 0x96, 0xff, 0x73, 0x00, 0xa3, 0xff, 0xff, 0x00, 0x98, 0xff, 0xfb, 0x00, 0x98, 0xff, 0xff,
    0x00, 0x98, 0xff, 0xff, 0x00, 0x98, 0xff, 0xff, 0x00, 0x98, 0xff, 0xff, 0x00, 0x98, 0xff, 0xff,
    0x00, 0x98, 0xff, 0xff, 0x00, 0x9a, 0xff, 0xfb, 0x00, 0x8f, 0xff, 0xff, 0x00, 0x79, 0xf3, 0x73,
    0x00, 0x00, 0x00, 0x00, 0x00, 0x7f, 0xff, 0x04, 0x00, 0x00, 0x00, 0x00, 0x00, 0x00, 0x00, 0x00,
    0x00, 0x00, 0x00, 0x00, 0x00, 0x00, 0x00, 0x00, 0x00, 0x00, 0x00, 0x00, 0x00, 0x7f, 0xff, 0x04,
    0x00, 0x00, 0x00, 0x00, 0x00, 0x97, 0xff, 0x87, 0x00, 0xa4, 0xff, 0xff, 0x00, 0x98, 0xff, 0xfb,
    0x00, 0x98, 0xff, 0xfe, 0x00, 0x98, 0xff, 0xff, 0x00, 0x98, 0xff, 0xff, 0x00, 0x97, 0xff, 0xfe,
    0x00, 0x9a, 0xff, 0xfb, 0x00, 0x95, 0xff, 0xff, 0x00, 0x7a, 0xf5, 0x87, 0x00, 0x00, 0x00, 0x00,
    0x00, 0x7f, 0xff, 0x04, 0x00, 0x00, 0x00, 0x00, 0x00, 0x00, 0x00, 0x00, 0x00, 0x00, 0x00, 0x00,
    0x00, 0x00, 0x00, 0x00, 0x00, 0x00, 0x00, 0x00, 0x00, 0x00, 0x00, 0x00, 0x00, 0x00, 0x00, 0x00,
    0x00, 0xaa, 0xff, 0x03, 0x00, 0x00, 0x00, 0x00, 0x00, 0x98, 0xff, 0x8b, 0x00, 0xa4, 0xff, 0xff,
    0x00, 0x99, 0xff, 0xfb, 0x00, 0x97, 0xff, 0xfe, 0x00, 0x97, 0xff, 0xfe, 0x00, 0x9b, 0xff, 0xfb,
    0x00, 0x98, 0xff, 0xff, 0x00, 0x7b, 0xf7, 0x8c, 0x00, 0x00, 0x00, 0x00, 0x00, 0xaa, 0xff, 0x03,
    0x00, 0x00, 0x00, 0x00, 0x00, 0x00, 0x00, 0x00, 0x00, 0x00, 0x00, 0x00, 0x00, 0x00, 0x00, 0x00,
    0x00, 0x00, 0x00, 0x00, 0x00, 0x00, 0x00, 0x00, 0x00, 0x00, 0x00, 0x00, 0x00, 0x00, 0x00, 0x00,
    0x00, 0x00, 0xff, 0x01, 0x00, 0xaa, 0xff, 0x03, 0x00, 0x00, 0x00, 0x00, 0x00, 0x98, 0xff, 0x7f,
    0x00, 0xa2, 0xff, 0xff, 0x00, 0x98, 0xff, 0xfd, 0x00, 0x9a, 0xff, 0xfc, 0x00, 0x98, 0xff, 0xff,
    0x00, 0x7c, 0xf7, 0x81, 0x00, 0x00, 0x00, 0x00, 0x00, 0xaa, 0xff, 0x03, 0x00, 0x00, 0xff, 0x01,
    0x00, 0x00, 0x00, 0x00, 0x00, 0x00, 0x00, 0x00, 0x00, 0x00, 0x00, 0x00, 0x00, 0x00, 0x00, 0x00,
    0x00, 0x00, 0x00, 0x00, 0x00, 0x00, 0x00, 0x00, 0x00, 0x00, 0x00, 0x00, 0x00, 0x00, 0x00, 0x00,
    0x00, 0x00, 0x00, 0x00, 0x00, 0x00, 0xff, 0x01, 0x00, 0xaa, 0xff, 0x03, 0x00, 0x00, 0x00, 0x00,
    0x00, 0x98, 0xff, 0x68, 0x00, 0x9e, 0xff, 0xff, 0x00, 0x98, 0xff, 0xff, 0x00, 0x7e, 0xf7, 0x69,
    0x00, 0x00, 0x00, 0x00, 0x00, 0xaa, 0xff, 0x03, 0x00, 0x00, 0xff, 0x01, 0x00, 0x00, 0x00, 0x00,
    0x00, 0x00, 0x00, 0x00, 0x00, 0x00, 0x00, 0x00, 0x00, 0x00, 0x00, 0x00, 0x00, 0x00, 0x00, 0x00,
    0x00, 0x00, 0x00, 0x00, 0x00, 0x00, 0x00, 0x00, 0x00, 0x00, 0x00, 0x00, 0x00, 0x00, 0x00, 0x00,
    0x00, 0x00, 0x00, 0x00, 0x00, 0x00, 0x00, 0x00, 0x00, 0x00, 0x00, 0x00, 0x00, 0x7f, 0xff, 0x04,
    0x00, 0x00, 0x00, 0x00, 0x00, 0x94, 0xfb, 0x4a, 0x00, 0x88, 0xfb, 0x4b, 0x00, 0x00, 0x00, 0x00,
    0x00, 0x7f, 0xff, 0x04, 0x00, 0x00, 0x00, 0x00, 0x00, 0x00, 0x00, 0x00, 0x00, 0x00, 0x00, 0x00,
    0x00, 0x00, 0x00, 0x00, 0x00, 0x00, 0x00, 0x00, 0x00, 0x00, 0x00, 0x00, 0x00, 0x00, 0x00, 0x00,
    0x00, 0x00, 0x00, 0x00, 0x00, 0x00, 0x00, 0x00, 0x00, 0x00, 0x00, 0x00, 0x00, 0x00, 0x00, 0x00,
    0x00, 0x00, 0x00, 0x00, 0x00, 0x00, 0x00, 0x00, 0x00, 0x00, 0x00, 0x00, 0x00, 0x00, 0x00, 0x00,
    0x00, 0xaa, 0xff, 0x03, 0x00, 0x00, 0x00, 0x00, 0x00, 0x00, 0x00, 0x00, 0x00, 0xaa, 0xff, 0x03,
    0x00, 0x00, 0x00, 0x00, 0x00, 0x00, 0x00, 0x00, 0x00, 0x00, 0x00, 0x00, 0x00, 0x00, 0x00, 0x00,
    0x00, 0x00, 0x00, 0x00, 0x00, 0x00, 0x00, 0x00, 0x00, 0x00, 0x00, 0x00, 0x00, 0x00, 0x00, 0x00,
};

static const lv_image_dsc_t emoji_img_27 = {
    .header = {
        .magic = LV_IMAGE_HEADER_MAGIC,
        .cf = LV_COLOR_FORMAT_ARGB8888,
        .flags = 0,
        .w = 20,
        .h = 20,
        .stride = 20 * 4,
        .reserved_2 = 0,
    },
    .data_size = sizeof(emoji_img_27_data),
    .data = emoji_img_27_data,
    .reserved = NULL,
    .reserved_2 = NULL,
};

// LVGL image: emoji_img_28 (20x20 ARGB8888, BGRA byte order)
static const uint8_t emoji_img_28_data[] = {
    0x00, 0x00, 0x00, 0x00, 0x00, 0x00, 0x00, 0x00, 0x55, 0xaa, 0xff, 0x03, 0x00, 0x00, 0x00, 0x00,
    0x00, 0x00, 0x00, 0x00, 0x00, 0x00, 0x00, 0x00, 0x00, 0x00, 0x00, 0x00, 0x00, 0x00, 0x00, 0x00,
    0x00, 0x7f, 0xff, 0x02, 0x00, 0x00, 0x00, 0x00, 0x00, 0x00, 0x00, 0x00, 0x00, 0xaa, 0xff, 0x03,
    0x00, 0x00, 0x00, 0x00, 0x00, 0x00, 0x00, 0x00, 0x00, 0x00, 0x00, 0x00, 0x00, 0x00, 0x00, 0x00,
    0x00, 0x00, 0x00, 0x00, 0x00, 0xaa, 0xaa, 0x03, 0x00, 0x00, 0x00, 0x00, 0x00, 0x00, 0x00, 0x00,
    0x00, 0x00, 0x00, 0x00, 0x00, 0xff, 0xff, 0x02, 0x00, 0x00, 0x00, 0x00, 0x0d, 0xa5, 0xf1, 0x25,
    0x13, 0xba, 0xfa, 0x77, 0x12, 0xb9, 0xfd, 0x97, 0x01, 0xab, 0xf7, 0x84, 0x00, 0xa1, 0xf1, 0x39,
    0x00, 0x00, 0x00, 0x00, 0x00, 0xff, 0xff, 0x01, 0x00, 0xaa, 0xff, 0x03, 0x00, 0x00, 0x00, 0x00,
    0x1b, 0xb8, 0xf9, 0x2f, 0x13, 0xbb, 0xf9, 0x80, 0x0f, 0xb8, 0xfb, 0x97, 0x00, 0xa9, 0xf8, 0x7a,
    0x00, 0xa6, 0xf3, 0x2b, 0x01, 0x00, 0x00, 0x00, 0x00, 0x7f, 0xff, 0x02, 0x00, 0x00, 0x00, 0x00,
    0x00, 0xff, 0xff, 0x02, 0x00, 0x00, 0x00, 0x00, 0x2a, 0xc4, 0xfc, 0x60, 0x2b, 0xce, 0xfd, 0xf6,
    0x39, 0xdd, 0xff, 0xff, 0x34, 0xd9, 0xff, 0xff, 0x2b, 0xd3, 0xff, 0xff, 0x0b, 0xb6, 0xff, 0xff,
    0x00, 0xa3, 0xf1, 0x88, 0x01, 0x00, 0x00, 0x00, 0x00, 0x00, 0x00, 0x00, 0x2e, 0xc7, 0xff, 0x6e,
    0x32, 0xd3, 0xff, 0xfc, 0x3d, 0xe0, 0xff, 0xff, 0x33, 0xd8, 0xff, 0xff, 0x27, 0xd0, 0xff, 0xff,
    0x07, 0xb1, 0xfa, 0xfb, 0x02, 0xa6, 0xf1, 0x6e, 0x01, 0x00, 0x00, 0x00, 0x00, 0xff, 0xff, 0x02,
    0x00, 0x00, 0x00, 0x00, 0x2f, 0xc9, 0xff, 0x30, 0x31, 0xd1, 0xff, 0xff, 0x55, 0xe5, 0xff, 0xff,
    0x74, 0xf2, 0xff, 0xfa, 0x58, 0xe3, 0xff, 0xfb, 0x31, 0xcc, 0xff, 0xfb, 0x30, 0xcb, 0xff, 0xfc,
    0x07, 0xbc, 0xff, 0xff, 0x00, 0x9e, 0xef, 0x52, 0x3f, 0xd4, 0xff, 0x3c, 0x32, 0xda, 0xff, 0xff,
    0x5a, 0xe5, 0xff, 0xfe, 0x78, 0xf5, 0xff, 0xfa, 0x41, 0xd5, 0xff, 0xfb, 0x34, 0xce, 0xff, 0xfa,
    0x29, 0xc6, 0xfe, 0xff, 0x02, 0xaf, 0xfd, 0xff, 0x09, 0xad, 0xf5, 0x38, 0x00, 0x00, 0x00, 0x00,
    0x00, 0x00, 0x00, 0x00, 0x2b, 0xc8, 0xff, 0x97, 0x46, 0xe5, 0xff, 0xff, 0x75, 0xf3, 0xff, 0xfa,
    0x75, 0xf4, 0xff, 0xff, 0x51, 0xdf, 0xff, 0xff, 0x2d, 0xc9, 0xff, 0xff, 0x36, 0xcf, 0xff, 0xfd,
    0x22, 0xc6, 0xff, 0xfd, 0x00, 0xa3, 0xf1, 0xdb, 0x2d, 0xc9, 0xff, 0xd7, 0x48, 0xdf, 0xff, 0xfe,
    0x79, 0xf6, 0xff, 0xfc, 0x65, 0xea, 0xff, 0xff, 0x38, 0xcf, 0xff, 0xff, 0x30, 0xca, 0xff, 0xff,
    0x36, 0xcf, 0xff, 0xfa, 0x0e, 0xbd, 0xff, 0xfe, 0x00, 0xa5, 0xf2, 0x9f, 0x01, 0x00, 0x00, 0x00,
    0x00, 0x00, 0x00, 0x00, 0x2b, 0xc8, 0xff, 0xc6, 0x52, 0xe7, 0xff, 0xfe, 0x77, 0xf5, 0xff, 0xfc,
    0x4c, 0xdc, 0xff, 0xff, 0x2e, 0xc9, 0xff, 0xff, 0x32, 0xcc, 0xff, 0xff, 0x32, 0xcc, 0xff, 0xff,
    0x30, 0xca, 0xfe, 0xff, 0x17, 0xba, 0xfc, 0xff, 0x30, 0xce, 0xff, 0xff, 0x3e, 0xd2, 0xff, 0xff,
    0x49, 0xda, 0xff, 0xff, 0x33, 0xcc, 0xff, 0xff, 0x30, 0xcb, 0xff, 0xff, 0x31, 0xcb, 0xff, 0xff,
    0x36, 0xce, 0xff, 0xfd, 0x17, 0xbf, 0xfe, 0xff, 0x00, 0xa2, 0xf0, 0xc7, 0x01, 0x00, 0x00, 0x00,
    0x00, 0x00, 0x00, 0x00, 0x2b, 0xc8, 0xff, 0xcb, 0x4f, 0xe6, 0xff, 0xff, 0x66, 0xea, 0xff, 0xfd,
    0x2d, 0xc9, 0xff, 0xff, 0x32, 0xcc, 0xff, 0xff, 0x32, 0xcc, 0xff, 0xff, 0x32, 0xcc, 0xff, 0xff,
    0x32, 0xcc, 0xff, 0xff, 0x33, 0xcc, 0xff, 0xfe, 0x32, 0xcb, 0xff, 0xfe, 0x30, 0xcb, 0xff, 0xff,
    0x2e, 0xc9, 0xff, 0xff, 0x32, 0xcc, 0xff, 0xff, 0x32, 0xcc, 0xff, 0xff, 0x31, 0xcb, 0xff, 0xff,
    0x36, 0xce, 0xff, 0xfd, 0x17, 0xc0, 0xff, 0xff, 0x00, 0xa3, 0xf1, 0xcb, 0x01, 0x00, 0x00, 0x00,
    0x00, 0x00, 0x00, 0x00, 0x2f, 0xca, 0xff, 0xb8, 0x3f, 0xde, 0xff, 0xff, 0x49, 0xda, 0xff, 0xfc,
    0x2f, 0xca, 0xff, 0xff, 0x33, 0xcd, 0xff, 0xff, 0x32, 0xcc, 0xff, 0xff, 0x32, 0xcc, 0xff, 0xff,
    0x32, 0xcc, 0xff, 0xff, 0x32, 0xcc, 0xff, 0xff, 0x32, 0xcc, 0xff, 0xff, 0x32, 0xcc, 0xff, 0xff,
    0x33, 0xcd, 0xff, 0xff, 0x32, 0xcc, 0xff, 0xff, 0x32, 0xcc, 0xff, 0xff, 0x31, 0xcb, 0xff, 0xff,
    0x35, 0xce, 0xff, 0xfc, 0x12, 0xbd, 0xfe, 0xff, 0x00, 0xa3, 0xf1, 0xb7, 0x01, 0x00, 0x00, 0x00,
    0x00, 0x00, 0x00, 0x00, 0x31, 0xcd, 0xff, 0x85, 0x35, 0xdb, 0xff, 0xff, 0x30, 0xcb, 0xff, 0xfb,
    0x32, 0xcc, 0xff, 0xff, 0x32, 0xcc, 0xff, 0xff, 0x32, 0xcc, 0xff, 0xff, 0x32, 0xcc, 0xff, 0xff,
    0x32, 0xcc, 0xff, 0xff, 0x32, 0xcc, 0xff, 0xff, 0x32, 0xcc, 0xff, 0xff, 0x32, 0xcc, 0xff, 0xff,
    0x32, 0xcc, 0xff, 0xff, 0x32, 0xcc, 0xff, 0xff, 0x32, 0xcc, 0xff, 0xff, 0x32, 0xcc, 0xff, 0xff,
    0x32, 0xcc, 0xff, 0xfb, 0x08, 0xb9, 0xff, 0xff, 0x00, 0xa2, 0xf1, 0x82, 0x00, 0x00, 0x00, 0x00,
    0x00, 0x00, 0x00, 0x00, 0x33, 0xcc, 0xff, 0x2d, 0x33, 0xd0, 0xff, 0xfe, 0x32, 0xcd, 0xff, 0xfd,
    0x32, 0xcc, 0xff, 0xff, 0x32, 0xcc, 0xff, 0xff, 0x32, 0xcc, 0xff, 0xff, 0x32, 0xcc, 0xff, 0xff,
    0x32, 0xcc, 0xff, 0xff, 0x32, 0xcc, 0xff, 0xff, 0x32, 0xcc, 0xff, 0xff, 0x32, 0xcc, 0xff, 0xff,
    0x32, 0xcc, 0xff, 0xff, 0x32, 0xcc, 0xff, 0xff, 0x31, 0xcc, 0xff, 0xff, 0x34, 0xce, 0xff, 0xff,
    0x27, 0xc4, 0xfc, 0xfd, 0x00, 0xa8, 0xf6, 0xfe, 0x05, 0xab, 0xf3, 0x2b, 0x00, 0x00, 0x00, 0x00,
    0x55, 0xaa, 0xff, 0x03, 0x00, 0x00, 0x00, 0x00, 0x31, 0xca, 0xff, 0xa5, 0x36, 0xdb, 0xff, 0xff,
    0x31, 0xcb, 0xff, 0xfb, 0x32, 0xcc, 0xff, 0xff, 0x32, 0xcc, 0xff, 0xff, 0x32, 0xcc, 0xff, 0xff,
    0x32, 0xcc, 0xff, 0xff, 0x32, 0xcc, 0xff, 0xff, 0x32, 0xcc, 0xff, 0xff, 0x32, 0xcc, 0xff, 0xff,
    0x32, 0xcc, 0xff, 0xff, 0x32, 0xcc, 0xff, 0xff, 0x31, 0xcc, 0xff, 0xff, 0x35, 0xce, 0xff, 0xfb,
    0x0f, 0xbd, 0xff, 0xff, 0x00, 0xa1, 0xef, 0xa4, 0x01, 0x00, 0x00, 0x00, 0x00, 0xaa, 0xff, 0x03,
    0x00, 0x7f, 0xff, 0x02, 0x00, 0x7f, 0xff, 0x02, 0x33, 0xcc, 0xff, 0x19, 0x33, 0xcf, 0xff, 0xeb,
    0x33, 0xd1, 0xff, 0xfe, 0x31, 0xcb, 0xff, 0xfd, 0x32, 0xcc, 0xff, 0xff, 0x32, 0xcc, 0xff, 0xff,
    0x32, 0xcc, 0xff, 0xff, 0x32, 0xcc, 0xff, 0xff, 0x32, 0xcc, 0xff, 0xff, 0x32, 0xcc, 0xff, 0xff,
    0x32, 0xcc, 0xff, 0xff, 0x31, 0xcb, 0xff, 0xff, 0x35, 0xce, 0xff, 0xfd, 0x23, 0xc5, 0xff, 0xfe,
    0x00, 0xa6, 0xf5, 0xea, 0x0a, 0xaa, 0xf4, 0x18, 0x00, 0x7f, 0x7f, 0x02, 0x00, 0x7f, 0xff, 0x02,
    0x00, 0x00, 0x00, 0x00, 0x55, 0xaa, 0xff, 0x03, 0x00, 0x00, 0x00, 0x00, 0x33, 0xc8, 0xff, 0x4b,
    0x34, 0xd6, 0xff, 0xff, 0x32, 0xce, 0xff, 0xfb, 0x32, 0xcb, 0xff, 0xfe, 0x32, 0xcc, 0xff, 0xff,
    0x32, 0xcc, 0xff, 0xff, 0x32, 0xcc, 0xff, 0xff, 0x32, 0xcc, 0xff, 0xff, 0x32, 0xcc, 0xff, 0xff,
    0x32, 0xcc, 0xff, 0xff, 0x33, 0xcc, 0xff, 0xfe, 0x2f, 0xcc, 0xff, 0xfb, 0x05, 0xb1, 0xfb, 0xff,
    0x00, 0xa1, 0xed, 0x4a, 0x00, 0x00, 0x00, 0x00, 0x00, 0xaa, 0xff, 0x03, 0x00, 0x00, 0x00, 0x00,
    0x00, 0x00, 0x00, 0x00, 0x00, 0x00, 0x00, 0x00, 0x3f, 0xbf, 0xff, 0x04, 0x00, 0x00, 0x00, 0x00,
    0x30, 0xca, 0xff, 0x74, 0x36, 0xdb, 0xff, 0xff, 0x31, 0xcc, 0xff, 0xfb, 0x32, 0xcb, 0xff, 0xff,
    0x32, 0xcc, 0xff, 0xff, 0x32, 0xcc, 0xff, 0xff, 0x32, 0xcc, 0xff, 0xff, 0x32, 0xcc, 0xff, 0xff,
    0x32, 0xcb, 0xff, 0xff, 0x34, 0xce, 0xff, 0xfb, 0x0f, 0xbe, 0xff, 0xff, 0x00, 0x9f, 0xef, 0x73,
    0x01, 0x00, 0x00, 0x00, 0x00, 0xbf, 0xff, 0x04, 0x00, 0x00, 0x00, 0x00, 0x00, 0x00, 0x00, 0x00,
    0x00, 0x00, 0x00, 0x00, 0x00, 0x00, 0x00, 0x00, 0x00, 0x00, 0x00, 0x00, 0x3f, 0xbf, 0xff, 0x04,
    0x00, 0x00, 0x00, 0x00, 0x31, 0xca, 0xff, 0x87, 0x36, 0xdc, 0xff, 0xff, 0x31, 0xcc, 0xff, 0xfb,
    0x32, 0xcb, 0xff, 0xfe, 0x32, 0xcc, 0xff, 0xff, 0x32, 0xcc, 0xff, 0xff, 0x31, 0xcb, 0xff, 0xfe,
    0x36, 0xcf, 0xff, 0xfb, 0x17, 0xc5, 0xff, 0xff, 0x00, 0xa0, 0xef, 0x87, 0x01, 0x00, 0x00, 0x00,
    0x00, 0xbf, 0xff, 0x04, 0x00, 0x00, 0x00, 0x00, 0x00, 0x00, 0x00, 0x00, 0x00, 0x00, 0x00, 0x00,
    0x00, 0x00, 0x00, 0x00, 0x00, 0x00, 0x00, 0x00, 0x00, 0x00, 0x00, 0x00, 0x00, 0x00, 0x00, 0x00,
    0x3f, 0xbf, 0xff, 0x04, 0x00, 0x00, 0x00, 0x00, 0x31, 0xcd, 0xff, 0x8b, 0x36, 0xdc, 0xff, 0xff,
    0x32, 0xcd, 0xff, 0xfb, 0x32, 0xcb, 0xff, 0xfe, 0x31, 0xca, 0xff, 0xfe, 0x36, 0xd0, 0xff, 0xfb,
    0x1e, 0xc9, 0xff, 0xff, 0x00, 0xa3, 0xf2, 0x8c, 0x01, 0x00, 0x00, 0x00, 0x00, 0xaa, 0xff, 0x03,
    0x00, 0x00, 0x00, 0x00, 0x00, 0x00, 0x00, 0x00, 0x00, 0x00, 0x00, 0x00, 0x00, 0x00, 0x00, 0x00,
    0x00, 0x00, 0x00, 0x00, 0x00, 0x00, 0x00, 0x00, 0x00, 0x00, 0x00, 0x00, 0x00, 0x00, 0x00, 0x00,
    0x00, 0x00, 0xff, 0x01, 0x55, 0xaa, 0xff, 0x03, 0x00, 0x00, 0x00, 0x00, 0x32, 0xcc, 0xff, 0x7f,
    0x35, 0xd9, 0xff, 0xff, 0x32, 0xcc, 0xff, 0xfd, 0x35, 0xd0, 0xff, 0xfc, 0x23, 0xcb, 0xff, 0xff,
    0x00, 0xa4, 0xf3, 0x81, 0x01, 0x00, 0x00, 0x00, 0x00, 0xaa, 0xff, 0x03, 0x00, 0x00, 0xff, 0x01,
    0x00, 0x00, 0x00, 0x00, 0x00, 0x00, 0x00, 0x00, 0x00, 0x00, 0x00, 0x00, 0x00, 0x00, 0x00, 0x00,
    0x00, 0x00, 0x00, 0x00, 0x00, 0x00, 0x00, 0x00, 0x00, 0x00, 0x00, 0x00, 0x00, 0x00, 0x00, 0x00,
    0x00, 0x00, 0x00, 0x00, 0x00, 0x00, 0xff, 0x01, 0x55, 0xff, 0xff, 0x03, 0x00, 0x00, 0x00, 0x00,
    0x31, 0xc9, 0xff, 0x68, 0x35, 0xd5, 0xff, 0xff, 0x27, 0xcb, 0xff, 0xff, 0x02, 0xa7, 0xf2, 0x69,
    0x00, 0x00, 0x00, 0x00, 0x00, 0xaa, 0xff, 0x03, 0x00, 0x00, 0xff, 0x01, 0x00, 0x00, 0x00, 0x00,
    0x00, 0x00, 0x00, 0x00, 0x00, 0x00, 0x00, 0x00, 0x00, 0x00, 0x00, 0x00, 0x00, 0x00, 0x00, 0x00,
    0x00, 0x00, 0x00, 0x00, 0x00, 0x00, 0x00, 0x00, 0x00, 0x00, 0x00, 0x00, 0x00, 0x00, 0x00, 0x00,
    0x00, 0x00, 0x00, 0x00, 0x00, 0x00, 0x00, 0x00, 0x00, 0x00, 0x00, 0x00, 0x3f, 0xbf, 0xff, 0x04,
    0x00, 0x00, 0x00, 0x00, 0x2c, 0xc7, 0xff, 0x4a, 0x14, 0xb4, 0xf8, 0x4b, 0x00, 0x00, 0x00, 0x00,
    0x00, 0xbf, 0xff, 0x04, 0x00, 0x00, 0x00, 0x00, 0x00, 0x00, 0x00, 0x00, 0x00, 0x00, 0x00, 0x00,
    0x00, 0x00, 0x00, 0x00, 0x00, 0x00, 0x00, 0x00, 0x00, 0x00, 0x00, 0x00, 0x00, 0x00, 0x00, 0x00,
    0x00, 0x00, 0x00, 0x00, 0x00, 0x00, 0x00, 0x00, 0x00, 0x00, 0x00, 0x00, 0x00, 0x00, 0x00, 0x00,
    0x00, 0x00, 0x00, 0x00, 0x00, 0x00, 0x00, 0x00, 0x00, 0x00, 0x00, 0x00, 0x00, 0x00, 0x00, 0x00,
    0x55, 0xaa, 0xff, 0x03, 0x00, 0x00, 0x00, 0x00, 0x00, 0x00, 0x00, 0x00, 0x00, 0xaa, 0xff, 0x03,
    0x00, 0x00, 0x00, 0x00, 0x00, 0x00, 0x00, 0x00, 0x00, 0x00, 0x00, 0x00, 0x00, 0x00, 0x00, 0x00,
    0x00, 0x00, 0x00, 0x00, 0x00, 0x00, 0x00, 0x00, 0x00, 0x00, 0x00, 0x00, 0x00, 0x00, 0x00, 0x00,
};

static const lv_image_dsc_t emoji_img_28 = {
    .header = {
        .magic = LV_IMAGE_HEADER_MAGIC,
        .cf = LV_COLOR_FORMAT_ARGB8888,
        .flags = 0,
        .w = 20,
        .h = 20,
        .stride = 20 * 4,
        .reserved_2 = 0,
    },
    .data_size = sizeof(emoji_img_28_data),
    .data = emoji_img_28_data,
    .reserved = NULL,
    .reserved_2 = NULL,
};

// LVGL image: emoji_img_29 (20x20 ARGB8888, BGRA byte order)
static const uint8_t emoji_img_29_data[] = {
    0x00, 0x00, 0x00, 0x00, 0x00, 0x00, 0x00, 0x00, 0x55, 0xaa, 0x55, 0x03, 0x00, 0x00, 0x00, 0x00,
    0x00, 0x00, 0x00, 0x00, 0x00, 0x00, 0x00, 0x00, 0x00, 0x00, 0x00, 0x00, 0x00, 0x00, 0x00, 0x00,
    0x00, 0x7f, 0x7f, 0x02, 0x00, 0x00, 0x00, 0x00, 0x00, 0x00, 0x00, 0x00, 0x55, 0xaa, 0x55, 0x03,
    0x00, 0x00, 0x00, 0x00, 0x00, 0x00, 0x00, 0x00, 0x00, 0x00, 0x00, 0x00, 0x00, 0x00, 0x00, 0x00,
    0x00, 0x00, 0x00, 0x00, 0x55, 0xaa, 0x55, 0x03, 0x00, 0x00, 0x00, 0x00, 0x00, 0x00, 0x00, 0x00,
    0x00, 0x00, 0x00, 0x00, 0x00, 0x7f, 0x7f, 0x02, 0x00, 0x00, 0x00, 0x00, 0x37, 0x9e, 0x6e, 0x25,
    0x3c, 0xad, 0x73, 0x77, 0x3c, 0xac, 0x72, 0x97, 0x39, 0xa4, 0x6c, 0x84, 0x35, 0x9c, 0x66, 0x39,
    0x00, 0x00, 0x00, 0x00, 0x00, 0xff, 0xff, 0x01, 0x55, 0xaa, 0x55, 0x03, 0x00, 0x00, 0x00, 0x00,
    0x3c, 0xab, 0x74, 0x2e, 0x39, 0xab, 0x71, 0x80, 0x3c, 0xaa, 0x71, 0x97, 0x38, 0xa4, 0x6b, 0x79,
    0x35, 0x9a, 0x64, 0x2b, 0x00, 0x00, 0x00, 0x00, 0x00, 0x7f, 0x7f, 0x02, 0x00, 0x00, 0x00, 0x00,
    0x7f, 0xff, 0x7f, 0x02, 0x00, 0x00, 0x00, 0x00, 0x3f, 0xac, 0x77, 0x60, 0x41, 0xb6, 0x7d, 0xf6,
    0x4d, 0xc3, 0x8a, 0xff, 0x46, 0xbf, 0x84, 0xff, 0x44, 0xbc, 0x80, 0xff, 0x3d, 0xab, 0x72, 0xff,
    0x37, 0x9c, 0x66, 0x89, 0x00, 0x00, 0x00, 0x00, 0x00, 0x00, 0x00, 0x00, 0x3e, 0xb0, 0x78, 0x6e,
    0x44, 0xba, 0x80, 0xfc, 0x51, 0xc6, 0x8c, 0xff, 0x46, 0xbe, 0x83, 0xff, 0x44, 0xbb, 0x7f, 0xff,
    0x3b, 0xa8, 0x6e, 0xfb, 0x37, 0x9d, 0x68, 0x6e, 0x00, 0x00, 0x00, 0x00, 0x7f, 0xff, 0x7f, 0x02,
    0x00, 0x00, 0x00, 0x00, 0x3f, 0xaf, 0x7a, 0x30, 0x42, 0xb7, 0x7e, 0xff, 0x65, 0xc9, 0x9a, 0xff,
    0x85, 0xd7, 0xb1, 0xfa, 0x68, 0xc8, 0x9a, 0xfb, 0x3e, 0xb1, 0x79, 0xfb, 0x42, 0xb3, 0x7c, 0xfc,
    0x3f, 0xb2, 0x75, 0xff, 0x34, 0x9b, 0x63, 0x52, 0x45, 0xb9, 0x81, 0x3b, 0x44, 0xbf, 0x83, 0xff,
    0x6b, 0xca, 0x9d, 0xfe, 0x89, 0xd9, 0xb4, 0xfa, 0x51, 0xbb, 0x88, 0xfb, 0x40, 0xb3, 0x7b, 0xfa,
    0x41, 0xb1, 0x7a, 0xff, 0x3b, 0xa8, 0x6e, 0xff, 0x3b, 0xa3, 0x6d, 0x38, 0x00, 0x00, 0x00, 0x00,
    0x00, 0x00, 0x00, 0x00, 0x3c, 0xaf, 0x77, 0x97, 0x58, 0xca, 0x93, 0xff, 0x86, 0xd7, 0xb2, 0xfa,
    0x87, 0xd8, 0xb2, 0xff, 0x61, 0xc4, 0x94, 0xff, 0x3e, 0xb1, 0x79, 0xff, 0x43, 0xb4, 0x7d, 0xfd,
    0x41, 0xb2, 0x79, 0xfd, 0x38, 0x9d, 0x66, 0xda, 0x3d, 0xb0, 0x78, 0xd6, 0x58, 0xc5, 0x90, 0xfe,
    0x8a, 0xda, 0xb6, 0xfc, 0x75, 0xcf, 0xa5, 0xff, 0x47, 0xb6, 0x80, 0xff, 0x41, 0xb2, 0x7b, 0xff,
    0x43, 0xb4, 0x7e, 0xfa, 0x3f, 0xb0, 0x75, 0xfe, 0x38, 0x9d, 0x66, 0x9f, 0x00, 0x00, 0x00, 0x00,
    0x00, 0x00, 0x00, 0x00, 0x3b, 0xaf, 0x76, 0xc6, 0x63, 0xcc, 0x9a, 0xfe, 0x88, 0xd9, 0xb4, 0xfc,
    0x5d, 0xc1, 0x91, 0xff, 0x3e, 0xb1, 0x79, 0xff, 0x42, 0xb3, 0x7c, 0xff, 0x42, 0xb3, 0x7c, 0xff,
    0x41, 0xb1, 0x7b, 0xff, 0x3e, 0xab, 0x73, 0xff, 0x41, 0xb5, 0x7c, 0xff, 0x4e, 0xb9, 0x85, 0xff,
    0x5a, 0xc0, 0x8f, 0xff, 0x43, 0xb3, 0x7c, 0xff, 0x40, 0xb2, 0x7b, 0xff, 0x42, 0xb3, 0x7c, 0xff,
    0x42, 0xb4, 0x7c, 0xfd, 0x3f, 0xb0, 0x76, 0xff, 0x37, 0x9d, 0x66, 0xc7, 0x00, 0x00, 0x00, 0x00,
    0x00, 0x00, 0x00, 0x00, 0x3c, 0xaf, 0x77, 0xcb, 0x60, 0xca, 0x98, 0xff, 0x76, 0xcf, 0xa6, 0xfd,
    0x3d, 0xb0, 0x78, 0xff, 0x42, 0xb3, 0x7c, 0xff, 0x42, 0xb3, 0x7c, 0xff, 0x42, 0xb3, 0x7c, 0xff,
    0x42, 0xb3, 0x7c, 0xff, 0x42, 0xb3, 0x7c, 0xfe, 0x42, 0xb2, 0x7c, 0xfe, 0x40, 0xb2, 0x7a, 0xff,
    0x3e, 0xb1, 0x79, 0xff, 0x42, 0xb3, 0x7c, 0xff, 0x42, 0xb3, 0x7c, 0xff, 0x42, 0xb3, 0x7c, 0xff,
    0x42, 0xb4, 0x7c, 0xfd, 0x3f, 0xb0, 0x76, 0xff, 0x37, 0x9d, 0x65, 0xcb, 0x00, 0x00, 0x00, 0x00,
    0x00, 0x00, 0x00, 0x00, 0x3e, 0xb1, 0x78, 0xb8, 0x50, 0xc3, 0x8c, 0xff, 0x5a, 0xc0, 0x8e, 0xfc,
    0x3f, 0xb1, 0x7a, 0xff, 0x43, 0xb3, 0x7d, 0xff, 0x42, 0xb3, 0x7c, 0xff, 0x42, 0xb3, 0x7c, 0xff,
    0x42, 0xb3, 0x7c, 0xff, 0x42, 0xb3, 0x7c, 0xff, 0x42, 0xb3, 0x7c, 0xff, 0x42, 0xb3, 0x7c, 0xff,
    0x43, 0xb4, 0x7d, 0xff, 0x42, 0xb3, 0x7c, 0xff, 0x42, 0xb3, 0x7c, 0xff, 0x42, 0xb3, 0x7c, 0xff,
    0x42, 0xb4, 0x7d, 0xfc, 0x3f, 0xb0, 0x75, 0xff, 0x36, 0x9d, 0x65, 0xb7, 0x00, 0x00, 0x00, 0x00,
    0x00, 0x00, 0x00, 0x00, 0x41, 0xb4, 0x7c, 0x85, 0x46, 0xc0, 0x85, 0xff, 0x41, 0xb1, 0x7a, 0xfb,
    0x42, 0xb3, 0x7c, 0xff, 0x42, 0xb3, 0x7c, 0xff, 0x42, 0xb3, 0x7c, 0xff, 0x42, 0xb3, 0x7c, 0xff,
    0x42, 0xb3, 0x7c, 0xff, 0x42, 0xb3, 0x7c, 0xff, 0x42, 0xb3, 0x7c, 0xff, 0x42, 0xb3, 0x7c, 0xff,
    0x42, 0xb3, 0x7c, 0xff, 0x42, 0xb3, 0x7c, 0xff, 0x42, 0xb3, 0x7c, 0xff, 0x42, 0xb3, 0x7c, 0xff,
    0x42, 0xb2, 0x7b, 0xfb, 0x3e, 0xaf, 0x74, 0xff, 0x36, 0x9c, 0x66, 0x82, 0x00, 0x00, 0x00, 0x00,
    0x00, 0x00, 0x00, 0x00, 0x3e, 0xaf, 0x7c, 0x2d, 0x44, 0xb7, 0x7f, 0xfe, 0x42, 0xb3, 0x7c, 0xfd,
    0x42, 0xb3, 0x7c, 0xff, 0x42, 0xb3, 0x7c, 0xff, 0x42, 0xb3, 0x7c, 0xff, 0x42, 0xb3, 0x7c, 0xff,
    0x42, 0xb3, 0x7c, 0xff, 0x42, 0xb3, 0x7c, 0xff, 0x42, 0xb3, 0x7c, 0xff, 0x42, 0xb3, 0x7c, 0xff,
    0x42, 0xb3, 0x7c, 0xff, 0x42, 0xb3, 0x7c, 0xff, 0x42, 0xb3, 0x7c, 0xff, 0x42, 0xb4, 0x7d, 0xff,
    0x40, 0xaf, 0x77, 0xfd, 0x39, 0xa1, 0x69, 0xfe, 0x3b, 0xa0, 0x6a, 0x2b, 0x00, 0x00, 0x00, 0x00,
    0x55, 0xaa, 0x55, 0x03, 0x00, 0x00, 0x00, 0x00, 0x40, 0xb1, 0x7a, 0xa5, 0x47, 0xc0, 0x85, 0xff,
    0x42, 0xb1, 0x7a, 0xfb, 0x42, 0xb3, 0x7c, 0xff, 0x42, 0xb3, 0x7c, 0xff, 0x42, 0xb3, 0x7c, 0xff,
    0x42, 0xb3, 0x7c, 0xff, 0x42, 0xb3, 0x7c, 0xff, 0x42, 0xb3, 0x7c, 0xff, 0x42, 0xb3, 0x7c, 0xff,
    0x42, 0xb3, 0x7c, 0xff, 0x42, 0xb3, 0x7c, 0xff, 0x42, 0xb3, 0x7c, 0xff, 0x42, 0xb3, 0x7c, 0xfb,
    0x3f, 0xb1, 0x76, 0xff, 0x36, 0x9b, 0x65, 0xa4, 0x00, 0x00, 0x00, 0x00, 0x55, 0xaa, 0x55, 0x03,
    0x00, 0x7f, 0x7f, 0x02, 0x00, 0x7f, 0x7f, 0x02, 0x47, 0xb7, 0x7a, 0x19, 0x43, 0xb6, 0x7d, 0xeb,
    0x44, 0xb7, 0x7f, 0xfe, 0x41, 0xb2, 0x7b, 0xfd, 0x42, 0xb3, 0x7c, 0xff, 0x42, 0xb3, 0x7c, 0xff,
    0x42, 0xb3, 0x7c, 0xff, 0x42, 0xb3, 0x7c, 0xff, 0x42, 0xb3, 0x7c, 0xff, 0x42, 0xb3, 0x7c, 0xff,
    0x42, 0xb3, 0x7c, 0xff, 0x42, 0xb3, 0x7c, 0xff, 0x42, 0xb4, 0x7c, 0xfd, 0x40, 0xb1, 0x78, 0xfe,
    0x38, 0xa1, 0x68, 0xea, 0x35, 0x9f, 0x6a, 0x18, 0x00, 0x7f, 0x7f, 0x02, 0x00, 0x7f, 0x7f, 0x02,
    0x00, 0x00, 0x00, 0x00, 0x55, 0xaa, 0x55, 0x03, 0x00, 0x00, 0x00, 0x00, 0x40, 0xb0, 0x7a, 0x4b,
    0x45, 0xbc, 0x82, 0xff, 0x43, 0xb4, 0x7c, 0xfb, 0x42, 0xb2, 0x7b, 0xfe, 0x42, 0xb3, 0x7c, 0xff,
    0x42, 0xb3, 0x7c, 0xff, 0x42, 0xb3, 0x7c, 0xff, 0x42, 0xb3, 0x7c, 0xff, 0x42, 0xb3, 0x7c, 0xff,
    0x42, 0xb3, 0x7c, 0xff, 0x42, 0xb3, 0x7c, 0xfe, 0x42, 0xb3, 0x7b, 0xfb, 0x3c, 0xa8, 0x6f, 0xff,
    0x37, 0x9b, 0x63, 0x4a, 0x00, 0x00, 0x00, 0x00, 0x55, 0xaa, 0x55, 0x03, 0x00, 0x00, 0x00, 0x00,
    0x00, 0x00, 0x00, 0x00, 0x00, 0x00, 0x00, 0x00, 0x3f, 0xbf, 0x7f, 0x04, 0x00, 0x00, 0x00, 0x00,
    0x3f, 0xaf, 0x78, 0x74, 0x47, 0xc0, 0x85, 0xff, 0x42, 0xb2, 0x7b, 0xfb, 0x42, 0xb3, 0x7c, 0xff,
    0x42, 0xb3, 0x7c, 0xff, 0x42, 0xb3, 0x7c, 0xff, 0x42, 0xb3, 0x7c, 0xff, 0x42, 0xb3, 0x7c, 0xff,
    0x42, 0xb3, 0x7c, 0xff, 0x43, 0xb4, 0x7d, 0xfb, 0x3f, 0xb1, 0x76, 0xff, 0x37, 0x9b, 0x63, 0x73,
    0x00, 0x00, 0x00, 0x00, 0x3f, 0x7f, 0x7f, 0x04, 0x00, 0x00, 0x00, 0x00, 0x00, 0x00, 0x00, 0x00,
    0x00, 0x00, 0x00, 0x00, 0x00, 0x00, 0x00, 0x00, 0x00, 0x00, 0x00, 0x00, 0x3f, 0xbf, 0x7f, 0x04,
    0x00, 0x00, 0x00, 0x00, 0x42, 0xb1, 0x7a, 0x87, 0x47, 0xc1, 0x86, 0xff, 0x42, 0xb2, 0x7b, 0xfb,
    0x42, 0xb2, 0x7c, 0xfe, 0x42, 0xb3, 0x7c, 0xff, 0x42, 0xb3, 0x7c, 0xff, 0x42, 0xb2, 0x7c, 0xfe,
    0x43, 0xb4, 0x7d, 0xfb, 0x41, 0xb5, 0x7a, 0xff, 0x36, 0x9c, 0x66, 0x87, 0x00, 0x00, 0x00, 0x00,
    0x3f, 0xbf, 0x7f, 0x04, 0x00, 0x00, 0x00, 0x00, 0x00, 0x00, 0x00, 0x00, 0x00, 0x00, 0x00, 0x00,
    0x00, 0x00, 0x00, 0x00, 0x00, 0x00, 0x00, 0x00, 0x00, 0x00, 0x00, 0x00, 0x00, 0x00, 0x00, 0x00,
    0x3f, 0xbf, 0x7f, 0x04, 0x00, 0x00, 0x00, 0x00, 0x41, 0xb2, 0x7b, 0x8c, 0x47, 0xc0, 0x85, 0xff,
    0x42, 0xb3, 0x7c, 0xfb, 0x42, 0xb2, 0x7b, 0xfe, 0x42, 0xb2, 0x7b, 0xfe, 0x43, 0xb5, 0x7e, 0xfb,
    0x42, 0xb8, 0x7d, 0xff, 0x36, 0x9d, 0x67, 0x8d, 0x00, 0x00, 0x00, 0x00, 0x3f, 0x7f, 0x7f, 0x04,
    0x00, 0x00, 0x00, 0x00, 0x00, 0x00, 0x00, 0x00, 0x00, 0x00, 0x00, 0x00, 0x00, 0x00, 0x00, 0x00,
    0x00, 0x00, 0x00, 0x00, 0x00, 0x00, 0x00, 0x00, 0x00, 0x00, 0x00, 0x00, 0x00, 0x00, 0x00, 0x00,
    0x00, 0x00, 0x00, 0x01, 0x55, 0xaa, 0xaa, 0x03, 0x00, 0x00, 0x00, 0x00, 0x42, 0xb4, 0x7c, 0x7f,
    0x46, 0xbe, 0x84, 0xff, 0x42, 0xb3, 0x7b, 0xfd, 0x43, 0xb5, 0x7d, 0xfd, 0x43, 0xb8, 0x7d, 0xff,
    0x37, 0x9e, 0x66, 0x81, 0x00, 0x00, 0x00, 0x00, 0x55, 0xaa, 0x55, 0x03, 0x00, 0x00, 0x00, 0x01,
    0x00, 0x00, 0x00, 0x00, 0x00, 0x00, 0x00, 0x00, 0x00, 0x00, 0x00, 0x00, 0x00, 0x00, 0x00, 0x00,
    0x00, 0x00, 0x00, 0x00, 0x00, 0x00, 0x00, 0x00, 0x00, 0x00, 0x00, 0x00, 0x00, 0x00, 0x00, 0x00,
    0x00, 0x00, 0x00, 0x00, 0x00, 0x00, 0x00, 0x01, 0x55, 0xaa, 0xaa, 0x03, 0x00, 0x00, 0x00, 0x00,
    0x42, 0xb2, 0x7a, 0x68, 0x45, 0xba, 0x81, 0xff, 0x42, 0xb5, 0x7c, 0xff, 0x37, 0xa0, 0x68, 0x69,
    0x00, 0x00, 0x00, 0x00, 0x55, 0xaa, 0x55, 0x03, 0x00, 0x00, 0x00, 0x01, 0x00, 0x00, 0x00, 0x00,
    0x00, 0x00, 0x00, 0x00, 0x00, 0x00, 0x00, 0x00, 0x00, 0x00, 0x00, 0x00, 0x00, 0x00, 0x00, 0x00,
    0x00, 0x00, 0x00, 0x00, 0x00, 0x00, 0x00, 0x00, 0x00, 0x00, 0x00, 0x00, 0x00, 0x00, 0x00, 0x00,
    0x00, 0x00, 0x00, 0x00, 0x00, 0x00, 0x00, 0x00, 0x00, 0x00, 0x00, 0x00, 0x3f, 0x7f, 0x7f, 0x04,
    0x00, 0x00, 0x00, 0x00, 0x41, 0xaf, 0x78, 0x4a, 0x39, 0xa6, 0x70, 0x4b, 0x00, 0x00, 0x00, 0x00,
    0x3f, 0x7f, 0x7f, 0x04, 0x00, 0x00, 0x00, 0x00, 0x00, 0x00, 0x00, 0x00, 0x00, 0x00, 0x00, 0x00,
    0x00, 0x00, 0x00, 0x00, 0x00, 0x00, 0x00, 0x00, 0x00, 0x00, 0x00, 0x00, 0x00, 0x00, 0x00, 0x00,
    0x00, 0x00, 0x00, 0x00, 0x00, 0x00, 0x00, 0x00, 0x00, 0x00, 0x00, 0x00, 0x00, 0x00, 0x00, 0x00,
    0x00, 0x00, 0x00, 0x00, 0x00, 0x00, 0x00, 0x00, 0x00, 0x00, 0x00, 0x00, 0x00, 0x00, 0x00, 0x00,
    0x55, 0xaa, 0x55, 0x03, 0x00, 0x00, 0x00, 0x00, 0x00, 0x00, 0x00, 0x00, 0x55, 0xaa, 0x55, 0x03,
    0x00, 0x00, 0x00, 0x00, 0x00, 0x00, 0x00, 0x00, 0x00, 0x00, 0x00, 0x00, 0x00, 0x00, 0x00, 0x00,
    0x00, 0x00, 0x00, 0x00, 0x00, 0x00, 0x00, 0x00, 0x00, 0x00, 0x00, 0x00, 0x00, 0x00, 0x00, 0x00,
};

static const lv_image_dsc_t emoji_img_29 = {
    .header = {
        .magic = LV_IMAGE_HEADER_MAGIC,
        .cf = LV_COLOR_FORMAT_ARGB8888,
        .flags = 0,
        .w = 20,
        .h = 20,
        .stride = 20 * 4,
        .reserved_2 = 0,
    },
    .data_size = sizeof(emoji_img_29_data),
    .data = emoji_img_29_data,
    .reserved = NULL,
    .reserved_2 = NULL,
};

// LVGL image: emoji_img_30 (20x20 ARGB8888, BGRA byte order)
static const uint8_t emoji_img_30_data[] = {
    0x00, 0x00, 0x00, 0x00, 0x00, 0x00, 0x00, 0x00, 0xaa, 0x55, 0x00, 0x03, 0x00, 0x00, 0x00, 0x00,
    0x00, 0x00, 0x00, 0x00, 0x00, 0x00, 0x00, 0x00, 0x00, 0x00, 0x00, 0x00, 0x00, 0x00, 0x00, 0x00,
    0x7f, 0x7f, 0x00, 0x02, 0x00, 0x00, 0x00, 0x00, 0x00, 0x00, 0x00, 0x00, 0xaa, 0x55, 0x00, 0x03,
    0x00, 0x00, 0x00, 0x00, 0x00, 0x00, 0x00, 0x00, 0x00, 0x00, 0x00, 0x00, 0x00, 0x00, 0x00, 0x00,
    0x00, 0x00, 0x00, 0x00, 0xaa, 0x55, 0x00, 0x03, 0x00, 0x00, 0x00, 0x00, 0x00, 0x00, 0x00, 0x00,
    0x00, 0x00, 0x00, 0x00, 0xff, 0x7f, 0x00, 0x02, 0x00, 0x00, 0x00, 0x00, 0xa2, 0x4d, 0x15, 0x24,
    0xba, 0x5c, 0x0f, 0x77, 0xb9, 0x5b, 0x10, 0x97, 0xa6, 0x4b, 0x0d, 0x84, 0x99, 0x3d, 0x08, 0x3a,
    0x00, 0x00, 0x00, 0x00, 0xff, 0x00, 0x00, 0x01, 0xff, 0x7f, 0x00, 0x02, 0x00, 0x00, 0x00, 0x00,
    0xbd, 0x61, 0x15, 0x2f, 0xbd, 0x5d, 0x0d, 0x80, 0xb4, 0x57, 0x10, 0x97, 0xa5, 0x48, 0x0c, 0x7b,
    0xa2, 0x45, 0x0b, 0x2c, 0x00, 0x00, 0x00, 0x00, 0x7f, 0x00, 0x00, 0x02, 0x00, 0x00, 0x00, 0x00,
    0xff, 0x7f, 0x00, 0x02, 0x00, 0x00, 0x00, 0x00, 0xc9, 0x6e, 0x15, 0x5f, 0xd3, 0x73, 0x15, 0xf6,
    0xe1, 0x81, 0x21, 0xff, 0xdf, 0x7d, 0x1a, 0xff, 0xd7, 0x74, 0x18, 0xff, 0xb3, 0x54, 0x10, 0xff,
    0x9c, 0x43, 0x0b, 0x89, 0x00, 0x00, 0x00, 0x00, 0x00, 0x00, 0x00, 0x00, 0xcd, 0x72, 0x15, 0x6d,
    0xd7, 0x78, 0x1a, 0xfd, 0xe2, 0x83, 0x25, 0xff, 0xde, 0x7c, 0x1a, 0xff, 0xd4, 0x71, 0x17, 0xff,
    0xaf, 0x50, 0x0f, 0xfc, 0xa0, 0x49, 0x0d, 0x6f, 0x00, 0x00, 0x00, 0x00, 0xff, 0x7f, 0x00, 0x02,
    0x00, 0x00, 0x00, 0x00, 0xd2, 0x79, 0x1b, 0x2e, 0xd8, 0x78, 0x17, 0xff, 0xdf, 0x8f, 0x3e, 0xff,
    0xe0, 0xa2, 0x61, 0xfa, 0xdb, 0x8f, 0x44, 0xfb, 0xd4, 0x76, 0x16, 0xfb, 0xd1, 0x75, 0x19, 0xfc,
    0xb8, 0x54, 0x10, 0xff, 0x94, 0x3c, 0x09, 0x54, 0xe0, 0x83, 0x1e, 0x3a, 0xe0, 0x7d, 0x18, 0xff,
    0xdc, 0x91, 0x45, 0xfe, 0xe2, 0xa4, 0x67, 0xfa, 0xd6, 0x81, 0x29, 0xfb, 0xd6, 0x79, 0x16, 0xfa,
    0xca, 0x6e, 0x18, 0xfe, 0xab, 0x4c, 0x0e, 0xff, 0xab, 0x4f, 0x0d, 0x3a, 0x00, 0x00, 0x00, 0x00,
    0x00, 0x00, 0x00, 0x00, 0xd1, 0x71, 0x12, 0x96, 0xe5, 0x8a, 0x2d, 0xff, 0xe0, 0xa2, 0x63, 0xfa,
    0xe2, 0xa3, 0x64, 0xff, 0xd9, 0x8b, 0x3b, 0xff, 0xd0, 0x73, 0x15, 0xff, 0xd5, 0x79, 0x1b, 0xfd,
    0xc8, 0x69, 0x16, 0xfd, 0x9d, 0x43, 0x0c, 0xdb, 0xd0, 0x73, 0x14, 0xd6, 0xde, 0x88, 0x2f, 0xfe,
    0xe1, 0xa5, 0x69, 0xfc, 0xde, 0x98, 0x52, 0xff, 0xd3, 0x7a, 0x1f, 0xff, 0xd1, 0x74, 0x17, 0xff,
    0xd6, 0x7a, 0x1a, 0xfa, 0xbb, 0x5a, 0x11, 0xfe, 0x9f, 0x46, 0x0c, 0xa0, 0x00, 0x00, 0x00, 0x00,
    0x00, 0x00, 0x00, 0x00, 0xd0, 0x71, 0x12, 0xc4, 0xe3, 0x8f, 0x3a, 0xfe, 0xe1, 0xa3, 0x66, 0xfc,
    0xd8, 0x88, 0x37, 0xff, 0xd1, 0x73, 0x14, 0xff, 0xd2, 0x76, 0x19, 0xff, 0xd3, 0x76, 0x19, 0xff,
    0xcf, 0x74, 0x19, 0xff, 0xba, 0x5e, 0x13, 0xff, 0xd4, 0x76, 0x17, 0xff, 0xd4, 0x7d, 0x26, 0xff,
    0xd7, 0x86, 0x33, 0xff, 0xd2, 0x77, 0x1a, 0xff, 0xd2, 0x75, 0x17, 0xff, 0xd1, 0x75, 0x1a, 0xff,
    0xd5, 0x79, 0x1a, 0xfd, 0xbf, 0x60, 0x13, 0xff, 0x9d, 0x43, 0x0c, 0xc9, 0x00, 0x00, 0x00, 0x00,
    0x00, 0x00, 0x01, 0x00, 0xd0, 0x71, 0x12, 0xca, 0xe2, 0x8d, 0x38, 0xff, 0xdd, 0x99, 0x53, 0xfd,
    0xd1, 0x73, 0x14, 0xff, 0xd2, 0x76, 0x19, 0xff, 0xd2, 0x76, 0x19, 0xff, 0xd2, 0x76, 0x19, 0xff,
    0xd2, 0x76, 0x19, 0xff, 0xd2, 0x76, 0x19, 0xfe, 0xd1, 0x76, 0x19, 0xfe, 0xd2, 0x75, 0x17, 0xff,
    0xd1, 0x73, 0x14, 0xff, 0xd2, 0x76, 0x19, 0xff, 0xd2, 0x76, 0x19, 0xff, 0xd1, 0x75, 0x19, 0xff,
    0xd5, 0x79, 0x1a, 0xfd, 0xbf, 0x61, 0x14, 0xff, 0x9d, 0x42, 0x0c, 0xce, 0x01, 0x01, 0x00, 0x00,
    0x00, 0x00, 0x00, 0x00, 0xd1, 0x73, 0x14, 0xb7, 0xe1, 0x84, 0x26, 0xff, 0xd7, 0x85, 0x33, 0xfc,
    0xd1, 0x74, 0x16, 0xff, 0xd2, 0x77, 0x1a, 0xff, 0xd2, 0x76, 0x19, 0xff, 0xd2, 0x76, 0x19, 0xff,
    0xd2, 0x76, 0x19, 0xff, 0xd2, 0x76, 0x19, 0xff, 0xd2, 0x76, 0x19, 0xff, 0xd2, 0x76, 0x19, 0xff,
    0xd2, 0x77, 0x1a, 0xff, 0xd2, 0x76, 0x19, 0xff, 0xd2, 0x76, 0x19, 0xff, 0xd1, 0x75, 0x19, 0xff,
    0xd5, 0x79, 0x1a, 0xfc, 0xbc, 0x5c, 0x12, 0xff, 0x9c, 0x42, 0x0c, 0xb7, 0x00, 0x00, 0x00, 0x00,
    0x00, 0x00, 0x00, 0x00, 0xd2, 0x75, 0x19, 0x84, 0xe2, 0x7f, 0x1a, 0xff, 0xd1, 0x74, 0x18, 0xfb,
    0xd2, 0x76, 0x19, 0xff, 0xd2, 0x76, 0x19, 0xff, 0xd2, 0x76, 0x19, 0xff, 0xd2, 0x76, 0x19, 0xff,
    0xd2, 0x76, 0x19, 0xff, 0xd2, 0x76, 0x19, 0xff, 0xd2, 0x76, 0x19, 0xff, 0xd2, 0x76, 0x19, 0xff,
    0xd2, 0x76, 0x19, 0xff, 0xd2, 0x76, 0x19, 0xff, 0xd2, 0x76, 0x19, 0xff, 0xd2, 0x76, 0x19, 0xff,
    0xd2, 0x76, 0x19, 0xfb, 0xb6, 0x54, 0x10, 0xff, 0x9c, 0x43, 0x0b, 0x84, 0x00, 0x00, 0x00, 0x00,
    0x00, 0x00, 0x00, 0x00, 0xd0, 0x73, 0x17, 0x2c, 0xd6, 0x78, 0x1a, 0xfe, 0xd2, 0x76, 0x19, 0xfd,
    0xd2, 0x76, 0x19, 0xff, 0xd2, 0x76, 0x19, 0xff, 0xd2, 0x76, 0x19, 0xff, 0xd2, 0x76, 0x19, 0xff,
    0xd2, 0x76, 0x19, 0xff, 0xd2, 0x76, 0x19, 0xff, 0xd2, 0x76, 0x19, 0xff, 0xd2, 0x76, 0x19, 0xff,
    0xd2, 0x76, 0x19, 0xff, 0xd2, 0x76, 0x19, 0xff, 0xd1, 0x75, 0x19, 0xff, 0xd4, 0x78, 0x1a, 0xff,
    0xc8, 0x6b, 0x16, 0xfd, 0xa3, 0x47, 0x0d, 0xfe, 0xa2, 0x4b, 0x0b, 0x2c, 0x00, 0x00, 0x00, 0x00,
    0xaa, 0x55, 0x00, 0x03, 0x00, 0x00, 0x00, 0x00, 0xd0, 0x74, 0x18, 0xa4, 0xe1, 0x7f, 0x1b, 0xff,
    0xd1, 0x75, 0x19, 0xfb, 0xd2, 0x76, 0x19, 0xff, 0xd2, 0x76, 0x19, 0xff, 0xd2, 0x76, 0x19, 0xff,
    0xd2, 0x76, 0x19, 0xff, 0xd2, 0x76, 0x19, 0xff, 0xd2, 0x76, 0x19, 0xff, 0xd2, 0x76, 0x19, 0xff,
    0xd2, 0x76, 0x19, 0xff, 0xd2, 0x76, 0x19, 0xff, 0xd1, 0x75, 0x19, 0xff, 0xd5, 0x78, 0x1a, 0xfb,
    0xbc, 0x5a, 0x12, 0xff, 0x9b, 0x42, 0x0a, 0xa4, 0x00, 0x00, 0x00, 0x00, 0xaa, 0x55, 0x00, 0x03,
    0xff, 0x7f, 0x00, 0x02, 0x7f, 0x7f, 0x00, 0x02, 0xd4, 0x74, 0x15, 0x18, 0xd5, 0x77, 0x19, 0xea,
    0xd7, 0x79, 0x1a, 0xfe, 0xd1, 0x75, 0x19, 0xfd, 0xd2, 0x76, 0x19, 0xff, 0xd2, 0x76, 0x19, 0xff,
    0xd2, 0x76, 0x19, 0xff, 0xd2, 0x76, 0x19, 0xff, 0xd2, 0x76, 0x19, 0xff, 0xd2, 0x76, 0x19, 0xff,
    0xd2, 0x76, 0x19, 0xff, 0xd1, 0x75, 0x19, 0xff, 0xd5, 0x78, 0x1a, 0xfd, 0xc7, 0x69, 0x16, 0xfe,
    0xa0, 0x46, 0x0d, 0xeb, 0xaa, 0x4a, 0x0a, 0x18, 0x7f, 0x00, 0x00, 0x02, 0x7f, 0x00, 0x00, 0x02,
    0x00, 0x00, 0x00, 0x00, 0xaa, 0x55, 0x00, 0x03, 0x00, 0x00, 0x00, 0x00, 0xce, 0x75, 0x18, 0x4a,
    0xdc, 0x7b, 0x1a, 0xff, 0xd4, 0x76, 0x19, 0xfb, 0xd1, 0x75, 0x19, 0xfe, 0xd2, 0x76, 0x19, 0xff,
    0xd2, 0x76, 0x19, 0xff, 0xd2, 0x76, 0x19, 0xff, 0xd2, 0x76, 0x19, 0xff, 0xd2, 0x76, 0x19, 0xff,
    0xd2, 0x76, 0x19, 0xff, 0xd2, 0x77, 0x19, 0xfe, 0xd1, 0x74, 0x18, 0xfb, 0xad, 0x4f, 0x0f, 0xff,
    0x9c, 0x44, 0x0d, 0x4b, 0x00, 0x00, 0x00, 0x00, 0xaa, 0x55, 0x00, 0x03, 0x00, 0x00, 0x00, 0x00,
    0x00, 0x00, 0x00, 0x00, 0x00, 0x00, 0x00, 0x00, 0xbf, 0x7f, 0x00, 0x04, 0x00, 0x00, 0x00, 0x00,
    0xce, 0x73, 0x18, 0x73, 0xe2, 0x7f, 0x1b, 0xff, 0xd2, 0x75, 0x19, 0xfb, 0xd1, 0x76, 0x19, 0xff,
    0xd2, 0x76, 0x19, 0xff, 0xd2, 0x76, 0x19, 0xff, 0xd2, 0x76, 0x19, 0xff, 0xd2, 0x76, 0x19, 0xff,
    0xd1, 0x76, 0x19, 0xff, 0xd5, 0x78, 0x1a, 0xfb, 0xbb, 0x5a, 0x11, 0xff, 0x97, 0x3f, 0x0a, 0x74,
    0x00, 0x00, 0x00, 0x00, 0x7f, 0x3f, 0x00, 0x04, 0x00, 0x00, 0x00, 0x00, 0x00, 0x00, 0x00, 0x00,
    0x00, 0x00, 0x00, 0x00, 0x00, 0x00, 0x00, 0x00, 0x00, 0x00, 0x00, 0x00, 0xbf, 0x7f, 0x00, 0x04,
    0x00, 0x00, 0x00, 0x00, 0xd1, 0x75, 0x18, 0x87, 0xe3, 0x7f, 0x1b, 0xff, 0xd2, 0x75, 0x19, 0xfb,
    0xd1, 0x76, 0x19, 0xfe, 0xd2, 0x76, 0x19, 0xff, 0xd2, 0x76, 0x19, 0xff, 0xd1, 0x75, 0x19, 0xfe,
    0xd6, 0x7a, 0x1a, 0xfb, 0xc5, 0x63, 0x14, 0xff, 0x9a, 0x40, 0x0b, 0x86, 0x00, 0x00, 0x00, 0x00,
    0xbf, 0x3f, 0x00, 0x04, 0x00, 0x00, 0x00, 0x00, 0x00, 0x00, 0x00, 0x00, 0x00, 0x00, 0x00, 0x00,
    0x00, 0x00, 0x00, 0x00, 0x00, 0x00, 0x00, 0x00, 0x00, 0x00, 0x00, 0x00, 0x00, 0x00, 0x00, 0x00,
    0xbf, 0x7f, 0x00, 0x04, 0x00, 0x00, 0x00, 0x00, 0xd1, 0x75, 0x17, 0x8b, 0xe2, 0x7f, 0x1b, 0xff,
    0xd3, 0x76, 0x19, 0xfb, 0xd1, 0x75, 0x19, 0xfe, 0xd0, 0x75, 0x19, 0xfe, 0xd7, 0x7a, 0x1a, 0xfb,
    0xcc, 0x69, 0x15, 0xff, 0x9c, 0x42, 0x0c, 0x8e, 0x00, 0x00, 0x00, 0x00, 0x7f, 0x3f, 0x00, 0x04,
    0x00, 0x00, 0x00, 0x00, 0x00, 0x00, 0x00, 0x00, 0x00, 0x00, 0x00, 0x00, 0x00, 0x00, 0x00, 0x00,
    0x00, 0x00, 0x00, 0x00, 0x00, 0x00, 0x00, 0x00, 0x00, 0x00, 0x00, 0x00, 0x00, 0x00, 0x00, 0x00,
    0x00, 0x00, 0x00, 0x01, 0xff, 0xaa, 0x00, 0x03, 0x00, 0x00, 0x00, 0x00, 0xd2, 0x75, 0x1a, 0x7e,
    0xdf, 0x7d, 0x1b, 0xff, 0xd2, 0x75, 0x19, 0xfd, 0xd6, 0x7a, 0x1a, 0xfc, 0xce, 0x6c, 0x16, 0xff,
    0x9e, 0x44, 0x0b, 0x82, 0x00, 0x00, 0x00, 0x00, 0xaa, 0x55, 0x00, 0x03, 0x00, 0x00, 0x00, 0x01,
    0x00, 0x00, 0x00, 0x00, 0x00, 0x00, 0x00, 0x00, 0x00, 0x00, 0x00, 0x00, 0x00, 0x00, 0x00, 0x00,
    0x00, 0x00, 0x00, 0x00, 0x00, 0x00, 0x00, 0x00, 0x00, 0x00, 0x00, 0x00, 0x00, 0x00, 0x00, 0x00,
    0x00, 0x00, 0x00, 0x00, 0x00, 0x00, 0x00, 0x01, 0xbf, 0x7f, 0x00, 0x04, 0x00, 0x00, 0x00, 0x00,
    0xd2, 0x75, 0x19, 0x66, 0xdb, 0x7b, 0x1a, 0xff, 0xcf, 0x6f, 0x17, 0xff, 0xa2, 0x47, 0x0e, 0x6b,
    0x00, 0x00, 0x00, 0x00, 0xaa, 0x55, 0x00, 0x03, 0x00, 0x00, 0x00, 0x01, 0x00, 0x00, 0x00, 0x00,
    0x00, 0x00, 0x00, 0x00, 0x00, 0x00, 0x00, 0x00, 0x00, 0x00, 0x00, 0x00, 0x00, 0x00, 0x00, 0x00,
    0x00, 0x00, 0x00, 0x00, 0x00, 0x00, 0x00, 0x00, 0x00, 0x00, 0x00, 0x00, 0x00, 0x00, 0x00, 0x00,
    0x00, 0x00, 0x00, 0x00, 0x00, 0x00, 0x00, 0x00, 0x00, 0x00, 0x00, 0x00, 0xbf, 0x7f, 0x00, 0x04,
    0x00, 0x00, 0x00, 0x00, 0xca, 0x6f, 0x18, 0x49, 0xb2, 0x59, 0x10, 0x4d, 0x00, 0x00, 0x00, 0x00,
    0xbf, 0x3f, 0x00, 0x04, 0x00, 0x00, 0x00, 0x00, 0x00, 0x00, 0x00, 0x00, 0x00, 0x00, 0x00, 0x00,
    0x00, 0x00, 0x00, 0x00, 0x00, 0x00, 0x00, 0x00, 0x00, 0x00, 0x00, 0x00, 0x00, 0x00, 0x00, 0x00,
    0x00, 0x00, 0x00, 0x00, 0x00, 0x00, 0x00, 0x00, 0x00, 0x00, 0x00, 0x00, 0x00, 0x00, 0x00, 0x00,
    0x00, 0x00, 0x00, 0x00, 0x00, 0x00, 0x00, 0x00, 0x00, 0x00, 0x00, 0x00, 0x00, 0x00, 0x00, 0x00,
    0xaa, 0x55, 0x00, 0x03, 0x00, 0x00, 0x00, 0x00, 0x00, 0x00, 0x00, 0x00, 0xaa, 0x55, 0x00, 0x03,
    0x00, 0x00, 0x00, 0x00, 0x00, 0x00, 0x00, 0x00, 0x00, 0x00, 0x00, 0x00, 0x00, 0x00, 0x00, 0x00,
    0x00, 0x00, 0x00, 0x00, 0x00, 0x00, 0x00, 0x00, 0x00, 0x00, 0x00, 0x00, 0x00, 0x00, 0x00, 0x00,
};

static const lv_image_dsc_t emoji_img_30 = {
    .header = {
        .magic = LV_IMAGE_HEADER_MAGIC,
        .cf = LV_COLOR_FORMAT_ARGB8888,
        .flags = 0,
        .w = 20,
        .h = 20,
        .stride = 20 * 4,
        .reserved_2 = 0,
    },
    .data_size = sizeof(emoji_img_30_data),
    .data = emoji_img_30_data,
    .reserved = NULL,
    .reserved_2 = NULL,
};

// LVGL image: emoji_img_31 (20x20 ARGB8888, BGRA byte order)
static const uint8_t emoji_img_31_data[] = {
    0x00, 0x00, 0x00, 0x00, 0x00, 0x00, 0x00, 0x00, 0xaa, 0x55, 0xaa, 0x03, 0x00, 0x00, 0x00, 0x00,
    0x00, 0x00, 0x00, 0x00, 0x00, 0x00, 0x00, 0x00, 0x00, 0x00, 0x00, 0x00, 0x00, 0x00, 0x00, 0x00,
    0x7f, 0x00, 0x7f, 0x02, 0x00, 0x00, 0x00, 0x00, 0x00, 0x00, 0x00, 0x00, 0xaa, 0x55, 0xaa, 0x03,
    0x00, 0x00, 0x00, 0x00, 0x00, 0x00, 0x00, 0x00, 0x00, 0x00, 0x00, 0x00, 0x00, 0x00, 0x00, 0x00,
    0x00, 0x00, 0x00, 0x00, 0xaa, 0x00, 0x55, 0x03, 0x00, 0x00, 0x00, 0x00, 0x00, 0x00, 0x00, 0x00,
    0x00, 0x00, 0x00, 0x00, 0x7f, 0x00, 0x7f, 0x02, 0x00, 0x00, 0x00, 0x00, 0xa5, 0x29, 0x90, 0x25,
    0xb8, 0x31, 0x9e, 0x77, 0xb6, 0x32, 0x9d, 0x97, 0xaf, 0x26, 0x92, 0x84, 0xaa, 0x1f, 0x8a, 0x39,
    0x00, 0x00, 0x00, 0x00, 0xff, 0x00, 0xff, 0x01, 0xaa, 0x55, 0xaa, 0x03, 0x00, 0x00, 0x00, 0x00,
    0xb3, 0x36, 0x9d, 0x2f, 0xb5, 0x2f, 0x9d, 0x80, 0xb6, 0x2f, 0x9b, 0x97, 0xaf, 0x23, 0x92, 0x7a,
    0xa6, 0x23, 0x8e, 0x2b, 0x00, 0x00, 0x00, 0x00, 0x7f, 0x00, 0x7f, 0x02, 0x00, 0x00, 0x00, 0x00,
    0xff, 0x7f, 0xff, 0x02, 0x00, 0x00, 0x00, 0x00, 0xb7, 0x3f, 0xa4, 0x60, 0xc0, 0x42, 0xad, 0xf6,
    0xcc, 0x52, 0xba, 0xff, 0xc8, 0x4b, 0xb6, 0xff, 0xc6, 0x44, 0xb1, 0xff, 0xb7, 0x2d, 0x9b, 0xff,
    0xa7, 0x21, 0x89, 0x89, 0x00, 0x00, 0x00, 0x00, 0x00, 0x00, 0x00, 0x00, 0xb9, 0x43, 0xa6, 0x6e,
    0xc2, 0x48, 0xb0, 0xfd, 0xce, 0x57, 0xbd, 0xff, 0xc8, 0x4a, 0xb5, 0xff, 0xc5, 0x42, 0xaf, 0xff,
    0xb3, 0x2a, 0x98, 0xfb, 0xa9, 0x25, 0x8f, 0x6e, 0x00, 0x00, 0x00, 0x00, 0xff, 0x00, 0x7f, 0x02,
    0x00, 0x00, 0x00, 0x00, 0xbd, 0x46, 0xad, 0x2f, 0xc1, 0x47, 0xaf, 0xff, 0xcf, 0x71, 0xc1, 0xff,
    0xd9, 0x97, 0xd0, 0xfa, 0xcd, 0x75, 0xc1, 0xfb, 0xba, 0x45, 0xaa, 0xfb, 0xbc, 0x46, 0xab, 0xfc,
    0xbe, 0x2c, 0xa0, 0xff, 0xa4, 0x1b, 0x88, 0x52, 0xc2, 0x52, 0xb5, 0x3b, 0xc9, 0x49, 0xb6, 0xff,
    0xcf, 0x78, 0xc2, 0xfe, 0xdc, 0x9d, 0xd3, 0xfa, 0xc3, 0x59, 0xb3, 0xfb, 0xbc, 0x46, 0xac, 0xfa,
    0xba, 0x41, 0xa7, 0xff, 0xb3, 0x27, 0x96, 0xff, 0xae, 0x28, 0x93, 0x39, 0x00, 0x00, 0x00, 0x00,
    0x00, 0x00, 0x00, 0x00, 0xb9, 0x40, 0xa7, 0x97, 0xd2, 0x61, 0xc2, 0xff, 0xda, 0x9a, 0xd1, 0xfa,
    0xdb, 0x9a, 0xd1, 0xff, 0xca, 0x6c, 0xbc, 0xff, 0xba, 0x42, 0xa8, 0xff, 0xbd, 0x4a, 0xad, 0xfd,
    0xbd, 0x3d, 0xa7, 0xfd, 0xa8, 0x21, 0x8b, 0xdb, 0xb9, 0x41, 0xa8, 0xd6, 0xcc, 0x62, 0xbd, 0xfe,
    0xdc, 0x9e, 0xd3, 0xfc, 0xd3, 0x85, 0xc8, 0xff, 0xbe, 0x4e, 0xae, 0xff, 0xbb, 0x45, 0xaa, 0xff,
    0xbd, 0x4a, 0xad, 0xfa, 0xbb, 0x31, 0xa0, 0xfe, 0xa8, 0x23, 0x8c, 0xa0, 0x00, 0x00, 0x00, 0x00,
    0x00, 0x00, 0x00, 0x00, 0xb9, 0x3f, 0xa7, 0xc6, 0xd2, 0x6e, 0xc4, 0xfe, 0xdb, 0x9b, 0xd2, 0xfc,
    0xc8, 0x67, 0xba, 0xff, 0xba, 0x42, 0xa9, 0xff, 0xbc, 0x47, 0xab, 0xff, 0xbc, 0x47, 0xab, 0xff,
    0xba, 0x46, 0xa9, 0xff, 0xb5, 0x35, 0x9e, 0xff, 0xbe, 0x45, 0xac, 0xff, 0xc0, 0x56, 0xb1, 0xff,
    0xc7, 0x63, 0xb8, 0xff, 0xbc, 0x48, 0xab, 0xff, 0xbb, 0x45, 0xaa, 0xff, 0xbc, 0x47, 0xab, 0xff,
    0xbd, 0x49, 0xad, 0xfd, 0xba, 0x36, 0xa2, 0xff, 0xa7, 0x21, 0x8b, 0xc7, 0x00, 0x00, 0x00, 0x00,
    0x00, 0x00, 0x00, 0x00, 0xb9, 0x40, 0xa8, 0xcb, 0xd1, 0x6b, 0xc2, 0xff, 0xd3, 0x87, 0xc8, 0xfd,
    0xba, 0x41, 0xa8, 0xff, 0xbc, 0x47, 0xab, 0xff, 0xbc, 0x47, 0xab, 0xff, 0xbc, 0x47, 0xab, 0xff,
    0xbc, 0x47, 0xab, 0xff, 0xbb, 0x47, 0xab, 0xfe, 0xbb, 0x47, 0xaa, 0xfe, 0xbb, 0x44, 0xaa, 0xff,
    0xba, 0x42, 0xa9, 0xff, 0xbc, 0x47, 0xab, 0xff, 0xbc, 0x47, 0xab, 0xff, 0xbc, 0x46, 0xab, 0xff,
    0xbd, 0x49, 0xad, 0xfd, 0xba, 0x36, 0xa2, 0xff, 0xa8, 0x20, 0x8b, 0xcb, 0x00, 0x00, 0x00, 0x00,
    0x00, 0x00, 0x00, 0x00, 0xbb, 0x42, 0xa9, 0xb8, 0xcb, 0x58, 0xbb, 0xff, 0xc6, 0x64, 0xb8, 0xfc,
    0xbb, 0x43, 0xa9, 0xff, 0xbc, 0x48, 0xab, 0xff, 0xbc, 0x47, 0xab, 0xff, 0xbc, 0x47, 0xab, 0xff,
    0xbc, 0x47, 0xab, 0xff, 0xbc, 0x47, 0xab, 0xff, 0xbc, 0x47, 0xab, 0xff, 0xbc, 0x48, 0xab, 0xff,
    0xbc, 0x48, 0xac, 0xff, 0xbc, 0x47, 0xab, 0xff, 0xbc, 0x47, 0xab, 0xff, 0xbc, 0x47, 0xab, 0xff,
    0xbd, 0x49, 0xad, 0xfc, 0xba, 0x33, 0xa1, 0xff, 0xa7, 0x21, 0x8b, 0xb7, 0x00, 0x00, 0x00, 0x00,
    0x00, 0x00, 0x00, 0x00, 0xbb, 0x46, 0xaa, 0x85, 0xca, 0x4b, 0xb8, 0xff, 0xba, 0x46, 0xa9, 0xfb,
    0xbc, 0x47, 0xab, 0xff, 0xbc, 0x47, 0xab, 0xff, 0xbc, 0x47, 0xab, 0xff, 0xbc, 0x47, 0xab, 0xff,
    0xbc, 0x47, 0xab, 0xff, 0xbc, 0x47, 0xab, 0xff, 0xbc, 0x47, 0xab, 0xff, 0xbc, 0x47, 0xab, 0xff,
    0xbc, 0x47, 0xab, 0xff, 0xbc, 0x47, 0xab, 0xff, 0xbc, 0x47, 0xab, 0xff, 0xbc, 0x47, 0xab, 0xff,
    0xbb, 0x48, 0xab, 0xfb, 0xba, 0x2d, 0x9e, 0xff, 0xa8, 0x21, 0x8b, 0x82, 0x00, 0x00, 0x00, 0x00,
    0x00, 0x00, 0x00, 0x00, 0xbb, 0x44, 0xaa, 0x2d, 0xc0, 0x49, 0xaf, 0xfe, 0xbc, 0x47, 0xac, 0xfd,
    0xbc, 0x47, 0xab, 0xff, 0xbc, 0x47, 0xab, 0xff, 0xbc, 0x47, 0xab, 0xff, 0xbc, 0x47, 0xab, 0xff,
    0xbc, 0x47, 0xab, 0xff, 0xbc, 0x47, 0xab, 0xff, 0xbc, 0x47, 0xab, 0xff, 0xbc, 0x47, 0xab, 0xff,
    0xbc, 0x47, 0xab, 0xff, 0xbc, 0x47, 0xab, 0xff, 0xbc, 0x47, 0xab, 0xff, 0xbd, 0x49, 0xac, 0xff,
    0xb8, 0x3f, 0xa5, 0xfd, 0xad, 0x24, 0x90, 0xfe, 0xab, 0x29, 0x94, 0x2b, 0x00, 0x00, 0x00, 0x00,
    0xaa, 0x55, 0xaa, 0x03, 0x00, 0x00, 0x00, 0x00, 0xb9, 0x45, 0xaa, 0xa5, 0xca, 0x4c, 0xb7, 0xff,
    0xba, 0x47, 0xaa, 0xfb, 0xbc, 0x47, 0xab, 0xff, 0xbc, 0x47, 0xab, 0xff, 0xbc, 0x47, 0xab, 0xff,
    0xbc, 0x47, 0xab, 0xff, 0xbc, 0x47, 0xab, 0xff, 0xbc, 0x47, 0xab, 0xff, 0xbc, 0x47, 0xab, 0xff,
    0xbc, 0x47, 0xab, 0xff, 0xbc, 0x47, 0xab, 0xff, 0xbc, 0x47, 0xab, 0xff, 0xbc, 0x49, 0xac, 0xfb,
    0xbc, 0x31, 0xa1, 0xff, 0xa6, 0x20, 0x8a, 0xa4, 0x00, 0x00, 0x00, 0x00, 0xaa, 0x55, 0xaa, 0x03,
    0x7f, 0x00, 0x7f, 0x02, 0x7f, 0x00, 0x7f, 0x02, 0xb7, 0x47, 0xad, 0x19, 0xbe, 0x48, 0xad, 0xeb,
    0xc0, 0x48, 0xaf, 0xfe, 0xbb, 0x46, 0xaa, 0xfd, 0xbc, 0x47, 0xab, 0xff, 0xbc, 0x47, 0xab, 0xff,
    0xbc, 0x47, 0xab, 0xff, 0xbc, 0x47, 0xab, 0xff, 0xbc, 0x47, 0xab, 0xff, 0xbc, 0x47, 0xab, 0xff,
    0xbc, 0x47, 0xab, 0xff, 0xbc, 0x46, 0xab, 0xff, 0xbc, 0x49, 0xac, 0xfd, 0xbb, 0x3e, 0xa5, 0xfe,
    0xac, 0x22, 0x8e, 0xea, 0xaa, 0x2a, 0x8a, 0x18, 0x7f, 0x00, 0x7f, 0x02, 0x7f, 0x00, 0x7f, 0x02,
    0x00, 0x00, 0x00, 0x00, 0xaa, 0x55, 0xaa, 0x03, 0x00, 0x00, 0x00, 0x00, 0xbb, 0x44, 0xaa, 0x4b,
    0xc5, 0x4a, 0xb3, 0xff, 0xbd, 0x48, 0xac, 0xfb, 0xbb, 0x47, 0xaa, 0xfe, 0xbc, 0x47, 0xab, 0xff,
    0xbc, 0x47, 0xab, 0xff, 0xbc, 0x47, 0xab, 0xff, 0xbc, 0x47, 0xab, 0xff, 0xbc, 0x47, 0xab, 0xff,
    0xbc, 0x47, 0xab, 0xff, 0xbc, 0x48, 0xab, 0xfe, 0xbc, 0x46, 0xab, 0xfb, 0xb3, 0x29, 0x97, 0xff,
    0xa5, 0x22, 0x89, 0x4a, 0x00, 0x00, 0x00, 0x00, 0xaa, 0x00, 0xaa, 0x03, 0x00, 0x00, 0x00, 0x00,
    0x00, 0x00, 0x00, 0x00, 0x00, 0x00, 0x00, 0x00, 0xbf, 0x3f, 0xbf, 0x04, 0x00, 0x00, 0x00, 0x00,
    0xb8, 0x46, 0xa9, 0x74, 0xca, 0x4c, 0xb8, 0xff, 0xbc, 0x47, 0xab, 0xfb, 0xbb, 0x47, 0xab, 0xff,
    0xbc, 0x47, 0xab, 0xff, 0xbc, 0x47, 0xab, 0xff, 0xbc, 0x47, 0xab, 0xff, 0xbc, 0x47, 0xab, 0xff,
    0xbc, 0x47, 0xab, 0xff, 0xbd, 0x49, 0xac, 0xfb, 0xbc, 0x31, 0xa1, 0xff, 0xa6, 0x1f, 0x89, 0x73,
    0x00, 0x00, 0x00, 0x00, 0xbf, 0x3f, 0x7f, 0x04, 0x00, 0x00, 0x00, 0x00, 0x00, 0x00, 0x00, 0x00,
    0x00, 0x00, 0x00, 0x00, 0x00, 0x00, 0x00, 0x00, 0x00, 0x00, 0x00, 0x00, 0xbf, 0x3f, 0xbf, 0x04,
    0x00, 0x00, 0x00, 0x00, 0xbb, 0x47, 0xaa, 0x87, 0xcb, 0x4d, 0xb9, 0xff, 0xbb, 0x47, 0xaa, 0xfb,
    0xbb, 0x47, 0xaa, 0xfe, 0xbc, 0x47, 0xab, 0xff, 0xbc, 0x47, 0xab, 0xff, 0xbb, 0x46, 0xaa, 0xfe,
    0xbd, 0x4a, 0xad, 0xfb, 0xc0, 0x38, 0xa7, 0xff, 0xa6, 0x20, 0x89, 0x87, 0x00, 0x00, 0x00, 0x00,
    0xbf, 0x3f, 0x7f, 0x04, 0x00, 0x00, 0x00, 0x00, 0x00, 0x00, 0x00, 0x00, 0x00, 0x00, 0x00, 0x00,
    0x00, 0x00, 0x00, 0x00, 0x00, 0x00, 0x00, 0x00, 0x00, 0x00, 0x00, 0x00, 0x00, 0x00, 0x00, 0x00,
    0xbf, 0x3f, 0x7f, 0x04, 0x00, 0x00, 0x00, 0x00, 0xbb, 0x47, 0xab, 0x8c, 0xca, 0x4c, 0xb8, 0xff,
    0xbc, 0x47, 0xab, 0xfb, 0xbb, 0x47, 0xaa, 0xfe, 0xbb, 0x46, 0xaa, 0xfe, 0xbd, 0x4b, 0xae, 0xfb,
    0xc2, 0x3c, 0xab, 0xff, 0xa9, 0x20, 0x8c, 0x8c, 0x00, 0x00, 0x00, 0x00, 0xaa, 0x00, 0xaa, 0x03,
    0x00, 0x00, 0x00, 0x00, 0x00, 0x00, 0x00, 0x00, 0x00, 0x00, 0x00, 0x00, 0x00, 0x00, 0x00, 0x00,
    0x00, 0x00, 0x00, 0x00, 0x00, 0x00, 0x00, 0x00, 0x00, 0x00, 0x00, 0x00, 0x00, 0x00, 0x00, 0x00,
    0x00, 0x00, 0x00, 0x01, 0xaa, 0x55, 0xaa, 0x03, 0x00, 0x00, 0x00, 0x00, 0xbc, 0x46, 0xac, 0x7f,
    0xc8, 0x4b, 0xb6, 0xff, 0xbc, 0x47, 0xab, 0xfd, 0xbe, 0x49, 0xae, 0xfc, 0xc2, 0x3f, 0xac, 0xff,
    0xaa, 0x23, 0x8e, 0x81, 0x00, 0x00, 0x00, 0x00, 0xaa, 0x55, 0xaa, 0x03, 0x00, 0x00, 0x00, 0x01,
    0x00, 0x00, 0x00, 0x00, 0x00, 0x00, 0x00, 0x00, 0x00, 0x00, 0x00, 0x00, 0x00, 0x00, 0x00, 0x00,
    0x00, 0x00, 0x00, 0x00, 0x00, 0x00, 0x00, 0x00, 0x00, 0x00, 0x00, 0x00, 0x00, 0x00, 0x00, 0x00,
    0x00, 0x00, 0x00, 0x00, 0x00, 0x00, 0x00, 0x01, 0xff, 0x55, 0xaa, 0x03, 0x00, 0x00, 0x00, 0x00,
    0xba, 0x44, 0xa9, 0x68, 0xc4, 0x4b, 0xb2, 0xff, 0xbf, 0x41, 0xab, 0xff, 0xac, 0x26, 0x8f, 0x69,
    0x00, 0x00, 0x00, 0x00, 0xaa, 0x55, 0xaa, 0x03, 0x00, 0x00, 0x00, 0x01, 0x00, 0x00, 0x00, 0x00,
    0x00, 0x00, 0x00, 0x00, 0x00, 0x00, 0x00, 0x00, 0x00, 0x00, 0x00, 0x00, 0x00, 0x00, 0x00, 0x00,
    0x00, 0x00, 0x00, 0x00, 0x00, 0x00, 0x00, 0x00, 0x00, 0x00, 0x00, 0x00, 0x00, 0x00, 0x00, 0x00,
    0x00, 0x00, 0x00, 0x00, 0x00, 0x00, 0x00, 0x00, 0x00, 0x00, 0x00, 0x00, 0xbf, 0x3f, 0x7f, 0x04,
    0x00, 0x00, 0x00, 0x00, 0xba, 0x44, 0xa8, 0x4a, 0xb0, 0x33, 0x99, 0x4b, 0x00, 0x00, 0x00, 0x00,
    0xbf, 0x3f, 0x7f, 0x04, 0x00, 0x00, 0x00, 0x00, 0x00, 0x00, 0x00, 0x00, 0x00, 0x00, 0x00, 0x00,
    0x00, 0x00, 0x00, 0x00, 0x00, 0x00, 0x00, 0x00, 0x00, 0x00, 0x00, 0x00, 0x00, 0x00, 0x00, 0x00,
    0x00, 0x00, 0x00, 0x00, 0x00, 0x00, 0x00, 0x00, 0x00, 0x00, 0x00, 0x00, 0x00, 0x00, 0x00, 0x00,
    0x00, 0x00, 0x00, 0x00, 0x00, 0x00, 0x00, 0x00, 0x00, 0x00, 0x00, 0x00, 0x00, 0x00, 0x00, 0x00,
    0xaa, 0x55, 0xaa, 0x03, 0x00, 0x00, 0x00, 0x00, 0x00, 0x00, 0x00, 0x00, 0xaa, 0x55, 0xaa, 0x03,
    0x00, 0x00, 0x00, 0x00, 0x00, 0x00, 0x00, 0x00, 0x00, 0x00, 0x00, 0x00, 0x00, 0x00, 0x00, 0x00,
    0x00, 0x00, 0x00, 0x00, 0x00, 0x00, 0x00, 0x00, 0x00, 0x00, 0x00, 0x00, 0x00, 0x00, 0x00, 0x00,
};

static const lv_image_dsc_t emoji_img_31 = {
    .header = {
        .magic = LV_IMAGE_HEADER_MAGIC,
        .cf = LV_COLOR_FORMAT_ARGB8888,
        .flags = 0,
        .w = 20,
        .h = 20,
        .stride = 20 * 4,
        .reserved_2 = 0,
    },
    .data_size = sizeof(emoji_img_31_data),
    .data = emoji_img_31_data,
    .reserved = NULL,
    .reserved_2 = NULL,
};

// LVGL image: emoji_img_32 (20x20 ARGB8888, BGRA byte order)
static const uint8_t emoji_img_32_data[] = {
    0x00, 0x00, 0x00, 0x00, 0x00, 0x00, 0x00, 0x00, 0x55, 0x55, 0x55, 0x03, 0x00, 0x00, 0x00, 0x00,
    0x00, 0x00, 0x00, 0x00, 0x00, 0x00, 0x00, 0x00, 0x00, 0x00, 0x00, 0x00, 0x00, 0x00, 0x00, 0x00,
    0x7f, 0x7f, 0x7f, 0x02, 0x00, 0x00, 0x00, 0x00, 0x00, 0x00, 0x00, 0x00, 0x55, 0x55, 0x55, 0x03,
    0x00, 0x00, 0x00, 0x00, 0x00, 0x00, 0x00, 0x00, 0x00, 0x00, 0x00, 0x00, 0x00, 0x00, 0x00, 0x00,
    0x00, 0x00, 0x00, 0x00, 0x7f, 0x7f, 0x7f, 0x02, 0x00, 0x00, 0x00, 0x00, 0x00, 0x00, 0x00, 0x00,
    0x00, 0x00, 0x00, 0x00, 0x00, 0x00, 0x00, 0x02, 0x00, 0x00, 0x00, 0x00, 0x55, 0x55, 0x55, 0x24,
    0x4d, 0x4d, 0x4d, 0x76, 0x51, 0x51, 0x51, 0x97, 0x58, 0x58, 0x58, 0x84, 0x59, 0x59, 0x59, 0x39,
    0x00, 0x00, 0x00, 0x00, 0x00, 0x00, 0x00, 0x01, 0x55, 0x55, 0x55, 0x03, 0x00, 0x00, 0x00, 0x00,
    0x48, 0x48, 0x48, 0x2e, 0x4b, 0x4b, 0x4b, 0x80, 0x52, 0x52, 0x52, 0x97, 0x59, 0x59, 0x59, 0x7a,
    0x56, 0x56, 0x56, 0x2c, 0x00, 0x00, 0x00, 0x00, 0x7f, 0x7f, 0x7f, 0x02, 0x00, 0x00, 0x00, 0x00,
    0x7f, 0x7f, 0x7f, 0x02, 0x00, 0x00, 0x00, 0x00, 0x43, 0x43, 0x43, 0x5e, 0x44, 0x44, 0x44, 0xf6,
    0x4d, 0x4d, 0x4d, 0xff, 0x47, 0x47, 0x47, 0xff, 0x4b, 0x4b, 0x4b, 0xff, 0x57, 0x57, 0x57, 0xff,
    0x57, 0x57, 0x57, 0x89, 0x00, 0x00, 0x00, 0x00, 0x00, 0x00, 0x00, 0x00, 0x41, 0x41, 0x41, 0x6d,
    0x45, 0x45, 0x45, 0xfc, 0x51, 0x51, 0x51, 0xff, 0x47, 0x47, 0x47, 0xff, 0x4d, 0x4d, 0x4d, 0xff,
    0x57, 0x57, 0x57, 0xfc, 0x55, 0x55, 0x55, 0x6f, 0x00, 0x00, 0x00, 0x00, 0x7f, 0x7f, 0x7f, 0x02,
    0x00, 0x00, 0x00, 0x00, 0x42, 0x42, 0x42, 0x2e, 0x42, 0x42, 0x42, 0xfe, 0x5f, 0x5f, 0x5f, 0xff,
    0x7a, 0x7a, 0x7a, 0xfa, 0x63, 0x63, 0x63, 0xfb, 0x3c, 0x3c, 0x3c, 0xfb, 0x43, 0x43, 0x43, 0xfc,
    0x5d, 0x5d, 0x5d, 0xff, 0x5b, 0x5b, 0x5b, 0x54, 0x3d, 0x3d, 0x3d, 0x3a, 0x45, 0x45, 0x45, 0xff,
    0x65, 0x65, 0x65, 0xfe, 0x7e, 0x7e, 0x7e, 0xfa, 0x4f, 0x4f, 0x4f, 0xfb, 0x3c, 0x3c, 0x3c, 0xfa,
    0x47, 0x47, 0x47, 0xfe, 0x5b, 0x5b, 0x5b, 0xff, 0x52, 0x52, 0x52, 0x3b, 0x00, 0x00, 0x00, 0x00,
    0x00, 0x00, 0x00, 0x00, 0x3e, 0x3e, 0x3e, 0x96, 0x55, 0x55, 0x55, 0xff, 0x7c, 0x7c, 0x7c, 0xfa,
    0x7d, 0x7d, 0x7d, 0xff, 0x5d, 0x5d, 0x5d, 0xff, 0x40, 0x40, 0x40, 0xff, 0x40, 0x40, 0x40, 0xfd,
    0x4b, 0x4b, 0x4b, 0xfd, 0x59, 0x59, 0x59, 0xdb, 0x3d, 0x3d, 0x3d, 0xd7, 0x55, 0x55, 0x55, 0xfe,
    0x80, 0x80, 0x80, 0xfc, 0x6e, 0x6e, 0x6e, 0xff, 0x47, 0x47, 0x47, 0xff, 0x41, 0x41, 0x41, 0xff,
    0x40, 0x40, 0x40, 0xfa, 0x57, 0x57, 0x57, 0xfe, 0x57, 0x57, 0x57, 0xa1, 0x00, 0x00, 0x00, 0x00,
    0x00, 0x00, 0x00, 0x00, 0x3c, 0x3c, 0x3c, 0xc5, 0x5f, 0x5f, 0x5f, 0xfe, 0x7e, 0x7e, 0x7e, 0xfc,
    0x59, 0x59, 0x59, 0xff, 0x3e, 0x3e, 0x3e, 0xff, 0x42, 0x42, 0x42, 0xff, 0x42, 0x42, 0x42, 0xff,
    0x42, 0x42, 0x42, 0xff, 0x4f, 0x4f, 0x4f, 0xff, 0x42, 0x42, 0x42, 0xff, 0x4c, 0x4c, 0x4c, 0xff,
    0x56, 0x56, 0x56, 0xff, 0x43, 0x43, 0x43, 0xff, 0x40, 0x40, 0x40, 0xff, 0x42, 0x42, 0x42, 0xff,
    0x40, 0x40, 0x40, 0xfd, 0x51, 0x51, 0x51, 0xff, 0x58, 0x58, 0x58, 0xc9, 0x00, 0x00, 0x00, 0x00,
    0x00, 0x00, 0x00, 0x00, 0x3c, 0x3c, 0x3c, 0xcb, 0x5c, 0x5c, 0x5c, 0xff, 0x6f, 0x6f, 0x6f, 0xfd,
    0x3e, 0x3e, 0x3e, 0xff, 0x42, 0x42, 0x42, 0xff, 0x42, 0x42, 0x42, 0xff, 0x42, 0x42, 0x42, 0xff,
    0x42, 0x42, 0x42, 0xff, 0x41, 0x41, 0x41, 0xfe, 0x42, 0x42, 0x42, 0xfe, 0x40, 0x40, 0x40, 0xff,
    0x3e, 0x3e, 0x3e, 0xff, 0x42, 0x42, 0x42, 0xff, 0x42, 0x42, 0x42, 0xff, 0x42, 0x42, 0x42, 0xff,
    0x40, 0x40, 0x40, 0xfd, 0x50, 0x50, 0x50, 0xff, 0x58, 0x58, 0x58, 0xcd, 0x00, 0x00, 0x00, 0x00,
    0x00, 0x00, 0x00, 0x00, 0x3f, 0x3f, 0x3f, 0xb8, 0x4f, 0x4f, 0x4f, 0xff, 0x56, 0x56, 0x56, 0xfc,
    0x3f, 0x3f, 0x3f, 0xff, 0x43, 0x43, 0x43, 0xff, 0x42, 0x42, 0x42, 0xff, 0x42, 0x42, 0x42, 0xff,
    0x42, 0x42, 0x42, 0xff, 0x42, 0x42, 0x42, 0xff, 0x42, 0x42, 0x42, 0xff, 0x42, 0x42, 0x42, 0xff,
    0x43, 0x43, 0x43, 0xff, 0x42, 0x42, 0x42, 0xff, 0x42, 0x42, 0x42, 0xff, 0x42, 0x42, 0x42, 0xff,
    0x40, 0x40, 0x40, 0xfc, 0x54, 0x54, 0x54, 0xff, 0x59, 0x59, 0x59, 0xb7, 0x00, 0x00, 0x00, 0x00,
    0x00, 0x00, 0x00, 0x00, 0x43, 0x43, 0x43, 0x84, 0x46, 0x46, 0x46, 0xff, 0x41, 0x41, 0x41, 0xfb,
    0x42, 0x42, 0x42, 0xff, 0x42, 0x42, 0x42, 0xff, 0x42, 0x42, 0x42, 0xff, 0x42, 0x42, 0x42, 0xff,
    0x42, 0x42, 0x42, 0xff, 0x42, 0x42, 0x42, 0xff, 0x42, 0x42, 0x42, 0xff, 0x42, 0x42, 0x42, 0xff,
    0x42, 0x42, 0x42, 0xff, 0x42, 0x42, 0x42, 0xff, 0x42, 0x42, 0x42, 0xff, 0x42, 0x42, 0x42, 0xff,
    0x41, 0x41, 0x41, 0xfb, 0x5a, 0x5a, 0x5a, 0xff, 0x58, 0x58, 0x58, 0x84, 0x00, 0x00, 0x00, 0x00,
    0x00, 0x00, 0x00, 0x00, 0x45, 0x45, 0x45, 0x2c, 0x44, 0x44, 0x44, 0xfd, 0x42, 0x42, 0x42, 0xfd,
    0x42, 0x42, 0x42, 0xff, 0x42, 0x42, 0x42, 0xff, 0x42, 0x42, 0x42, 0xff, 0x42, 0x42, 0x42, 0xff,
    0x42, 0x42, 0x42, 0xff, 0x42, 0x42, 0x42, 0xff, 0x42, 0x42, 0x42, 0xff, 0x42, 0x42, 0x42, 0xff,
    0x42, 0x42, 0x42, 0xff, 0x42, 0x42, 0x42, 0xff, 0x42, 0x42, 0x42, 0xff, 0x41, 0x41, 0x41, 0xff,
    0x46, 0x46, 0x46, 0xfd, 0x59, 0x59, 0x59, 0xfe, 0x56, 0x56, 0x56, 0x2c, 0x00, 0x00, 0x00, 0x00,
    0x55, 0x55, 0x55, 0x03, 0x00, 0x00, 0x00, 0x00, 0x41, 0x41, 0x41, 0xa3, 0x47, 0x47, 0x47, 0xff,
    0x42, 0x42, 0x42, 0xfb, 0x42, 0x42, 0x42, 0xff, 0x42, 0x42, 0x42, 0xff, 0x42, 0x42, 0x42, 0xff,
    0x42, 0x42, 0x42, 0xff, 0x42, 0x42, 0x42, 0xff, 0x42, 0x42, 0x42, 0xff, 0x42, 0x42, 0x42, 0xff,
    0x42, 0x42, 0x42, 0xff, 0x42, 0x42, 0x42, 0xff, 0x42, 0x42, 0x42, 0xff, 0x40, 0x40, 0x40, 0xfb,
    0x57, 0x57, 0x57, 0xff, 0x57, 0x57, 0x57, 0xa4, 0x00, 0x00, 0x00, 0x00, 0x55, 0x55, 0x55, 0x03,
    0x00, 0x00, 0x00, 0x02, 0x00, 0x00, 0x00, 0x02, 0x3f, 0x3f, 0x3f, 0x18, 0x43, 0x43, 0x43, 0xea,
    0x44, 0x44, 0x44, 0xfe, 0x41, 0x41, 0x41, 0xfd, 0x42, 0x42, 0x42, 0xff, 0x42, 0x42, 0x42, 0xff,
    0x42, 0x42, 0x42, 0xff, 0x42, 0x42, 0x42, 0xff, 0x42, 0x42, 0x42, 0xff, 0x42, 0x42, 0x42, 0xff,
    0x42, 0x42, 0x42, 0xff, 0x42, 0x42, 0x42, 0xff, 0x40, 0x40, 0x40, 0xfd, 0x4a, 0x4a, 0x4a, 0xfe,
    0x58, 0x58, 0x58, 0xeb, 0x55, 0x55, 0x55, 0x18, 0x00, 0x00, 0x00, 0x02, 0x00, 0x00, 0x00, 0x02,
    0x00, 0x00, 0x00, 0x00, 0x55, 0x55, 0x55, 0x03, 0x00, 0x00, 0x00, 0x00, 0x41, 0x41, 0x41, 0x4a,
    0x45, 0x45, 0x45, 0xff, 0x43, 0x43, 0x43, 0xfb, 0x42, 0x42, 0x42, 0xfe, 0x42, 0x42, 0x42, 0xff,
    0x42, 0x42, 0x42, 0xff, 0x42, 0x42, 0x42, 0xff, 0x42, 0x42, 0x42, 0xff, 0x42, 0x42, 0x42, 0xff,
    0x42, 0x42, 0x42, 0xff, 0x41, 0x41, 0x41, 0xfe, 0x43, 0x43, 0x43, 0xfb, 0x59, 0x59, 0x59, 0xff,
    0x58, 0x58, 0x58, 0x4b, 0x00, 0x00, 0x00, 0x00, 0x55, 0x55, 0x55, 0x03, 0x00, 0x00, 0x00, 0x00,
    0x00, 0x00, 0x00, 0x00, 0x00, 0x00, 0x00, 0x00, 0x3f, 0x3f, 0x3f, 0x04, 0x00, 0x00, 0x00, 0x00,
    0x40, 0x40, 0x40, 0x72, 0x47, 0x47, 0x47, 0xff, 0x42, 0x42, 0x42, 0xfb, 0x42, 0x42, 0x42, 0xff,
    0x42, 0x42, 0x42, 0xff, 0x42, 0x42, 0x42, 0xff, 0x42, 0x42, 0x42, 0xff, 0x42, 0x42, 0x42, 0xff,
    0x42, 0x42, 0x42, 0xff, 0x41, 0x41, 0x41, 0xfb, 0x57, 0x57, 0x57, 0xff, 0x57, 0x57, 0x57, 0x74,
    0x00, 0x00, 0x00, 0x00, 0x3f, 0x3f, 0x3f, 0x04, 0x00, 0x00, 0x00, 0x00, 0x00, 0x00, 0x00, 0x00,
    0x00, 0x00, 0x00, 0x00, 0x00, 0x00, 0x00, 0x00, 0x00, 0x00, 0x00, 0x00, 0x3f, 0x3f, 0x3f, 0x04,
    0x00, 0x00, 0x00, 0x00, 0x42, 0x42, 0x42, 0x87, 0x47, 0x47, 0x47, 0xff, 0x42, 0x42, 0x42, 0xfb,
    0x42, 0x42, 0x42, 0xfe, 0x42, 0x42, 0x42, 0xff, 0x42, 0x42, 0x42, 0xff, 0x42, 0x42, 0x42, 0xfe,
    0x40, 0x40, 0x40, 0xfb, 0x54, 0x54, 0x54, 0xff, 0x58, 0x58, 0x58, 0x87, 0x00, 0x00, 0x00, 0x00,
    0x3f, 0x3f, 0x3f, 0x04, 0x00, 0x00, 0x00, 0x00, 0x00, 0x00, 0x00, 0x00, 0x00, 0x00, 0x00, 0x00,
    0x00, 0x00, 0x00, 0x00, 0x00, 0x00, 0x00, 0x00, 0x00, 0x00, 0x00, 0x00, 0x00, 0x00, 0x00, 0x00,
    0x55, 0x55, 0x55, 0x03, 0x00, 0x00, 0x00, 0x00, 0x42, 0x42, 0x42, 0x8a, 0x47, 0x47, 0x47, 0xff,
    0x42, 0x42, 0x42, 0xfb, 0x42, 0x42, 0x42, 0xfe, 0x42, 0x42, 0x42, 0xfe, 0x40, 0x40, 0x40, 0xfb,
    0x51, 0x51, 0x51, 0xff, 0x58, 0x58, 0x58, 0x8d, 0x00, 0x00, 0x00, 0x00, 0x3f, 0x3f, 0x3f, 0x04,
    0x00, 0x00, 0x00, 0x00, 0x00, 0x00, 0x00, 0x00, 0x00, 0x00, 0x00, 0x00, 0x00, 0x00, 0x00, 0x00,
    0x00, 0x00, 0x00, 0x00, 0x00, 0x00, 0x00, 0x00, 0x00, 0x00, 0x00, 0x00, 0x00, 0x00, 0x00, 0x00,
    0x00, 0x00, 0x00, 0x01, 0x55, 0x55, 0x55, 0x03, 0x00, 0x00, 0x00, 0x00, 0x42, 0x42, 0x42, 0x7f,
    0x46, 0x46, 0x46, 0xff, 0x42, 0x42, 0x42, 0xfd, 0x40, 0x40, 0x40, 0xfc, 0x4e, 0x4e, 0x4e, 0xff,
    0x58, 0x58, 0x58, 0x82, 0x00, 0x00, 0x00, 0x00, 0x55, 0x55, 0x55, 0x03, 0x00, 0x00, 0x00, 0x01,
    0x00, 0x00, 0x00, 0x00, 0x00, 0x00, 0x00, 0x00, 0x00, 0x00, 0x00, 0x00, 0x00, 0x00, 0x00, 0x00,
    0x00, 0x00, 0x00, 0x00, 0x00, 0x00, 0x00, 0x00, 0x00, 0x00, 0x00, 0x00, 0x00, 0x00, 0x00, 0x00,
    0x00, 0x00, 0x00, 0x00, 0x00, 0x00, 0x00, 0x01, 0x3f, 0x3f, 0x3f, 0x04, 0x00, 0x00, 0x00, 0x00,
    0x43, 0x43, 0x43, 0x66, 0x44, 0x44, 0x44, 0xff, 0x4a, 0x4a, 0x4a, 0xff, 0x55, 0x55, 0x55, 0x6b,
    0x00, 0x00, 0x00, 0x00, 0x55, 0x55, 0x55, 0x03, 0x00, 0x00, 0x00, 0x01, 0x00, 0x00, 0x00, 0x00,
    0x00, 0x00, 0x00, 0x00, 0x00, 0x00, 0x00, 0x00, 0x00, 0x00, 0x00, 0x00, 0x00, 0x00, 0x00, 0x00,
    0x00, 0x00, 0x00, 0x00, 0x00, 0x00, 0x00, 0x00, 0x00, 0x00, 0x00, 0x00, 0x00, 0x00, 0x00, 0x00,
    0x00, 0x00, 0x00, 0x00, 0x00, 0x00, 0x00, 0x00, 0x00, 0x00, 0x00, 0x00, 0x3f, 0x3f, 0x3f, 0x04,
    0x00, 0x00, 0x00, 0x00, 0x42, 0x42, 0x42, 0x49, 0x4d, 0x4d, 0x4d, 0x4c, 0x00, 0x00, 0x00, 0x00,
    0x3f, 0x3f, 0x3f, 0x04, 0x00, 0x00, 0x00, 0x00, 0x00, 0x00, 0x00, 0x00, 0x00, 0x00, 0x00, 0x00,
    0x00, 0x00, 0x00, 0x00, 0x00, 0x00, 0x00, 0x00, 0x00, 0x00, 0x00, 0x00, 0x00, 0x00, 0x00, 0x00,
    0x00, 0x00, 0x00, 0x00, 0x00, 0x00, 0x00, 0x00, 0x00, 0x00, 0x00, 0x00, 0x00, 0x00, 0x00, 0x00,
    0x00, 0x00, 0x00, 0x00, 0x00, 0x00, 0x00, 0x00, 0x00, 0x00, 0x00, 0x00, 0x00, 0x00, 0x00, 0x00,
    0x55, 0x55, 0x55, 0x03, 0x00, 0x00, 0x00, 0x00, 0x00, 0x00, 0x00, 0x00, 0x55, 0x55, 0x55, 0x03,
    0x00, 0x00, 0x00, 0x00, 0x00, 0x00, 0x00, 0x00, 0x00, 0x00, 0x00, 0x00, 0x00, 0x00, 0x00, 0x00,
    0x00, 0x00, 0x00, 0x00, 0x00, 0x00, 0x00, 0x00, 0x00, 0x00, 0x00, 0x00, 0x00, 0x00, 0x00, 0x00,
};

static const lv_image_dsc_t emoji_img_32 = {
    .header = {
        .magic = LV_IMAGE_HEADER_MAGIC,
        .cf = LV_COLOR_FORMAT_ARGB8888,
        .flags = 0,
        .w = 20,
        .h = 20,
        .stride = 20 * 4,
        .reserved_2 = 0,
    },
    .data_size = sizeof(emoji_img_32_data),
    .data = emoji_img_32_data,
    .reserved = NULL,
    .reserved_2 = NULL,
};

// LVGL image: emoji_img_33 (20x20 ARGB8888, BGRA byte order)
static const uint8_t emoji_img_33_data[] = {
    0x00, 0x00, 0x00, 0x00, 0x00, 0x00, 0x00, 0x00, 0x00, 0x00, 0x00, 0x00, 0x00, 0x00, 0x00, 0x00,
    0x00, 0x00, 0x00, 0x00, 0x00, 0x00, 0x00, 0x00, 0x00, 0x00, 0x00, 0x00, 0x00, 0x00, 0x00, 0x00,
    0x00, 0x00, 0x00, 0x00, 0x00, 0x00, 0x00, 0x00, 0x7f, 0x7f, 0xff, 0x02, 0x00, 0x00, 0x00, 0x00,
    0x00, 0x00, 0x00, 0x00, 0x00, 0x00, 0x00, 0x00, 0x00, 0x00, 0x00, 0x00, 0x66, 0x19, 0xd4, 0x1e,
    0x83, 0x36, 0xef, 0x63, 0x6e, 0x2a, 0xd4, 0x3c, 0x00, 0x00, 0x00, 0x00, 0x00, 0x00, 0xff, 0x01,
    0x00, 0x00, 0x00, 0x00, 0x00, 0x00, 0x00, 0x00, 0x00, 0x00, 0x00, 0x00, 0x00, 0x00, 0x00, 0x00,
    0x00, 0x00, 0x00, 0x00, 0x00, 0x00, 0x00, 0x00, 0x00, 0x00, 0x00, 0x00, 0x00, 0x00, 0x00, 0x00,
    0x00, 0x00, 0x00, 0x00, 0x00, 0x00, 0xff, 0x01, 0x00, 0x00, 0x00, 0x00, 0x5c, 0x0b, 0xd0, 0x16,
    0x7d, 0x2c, 0xf2, 0x3f, 0x5f, 0x0f, 0xbf, 0x10, 0x91, 0x51, 0xf5, 0x1c, 0x9f, 0x6a, 0xf4, 0xe5,
    0xa0, 0x66, 0xfd, 0xff, 0x86, 0x3e, 0xed, 0xfc, 0x72, 0x29, 0xd5, 0x50, 0x00, 0x00, 0x00, 0x00,
    0x00, 0x00, 0x00, 0x00, 0x00, 0x00, 0x00, 0x00, 0x00, 0x00, 0x00, 0x00, 0x00, 0x00, 0x00, 0x00,
    0x7f, 0x7f, 0xff, 0x02, 0x7f, 0x7f, 0xff, 0x02, 0x00, 0x00, 0x00, 0x01, 0x00, 0x00, 0x00, 0x00,
    0x7f, 0x7f, 0xff, 0x02, 0x00, 0x00, 0xff, 0x01, 0x85, 0x42, 0xe7, 0x41, 0x9c, 0x63, 0xf5, 0xeb,
    0x9e, 0x60, 0xfe, 0xff, 0x7a, 0x34, 0xde, 0xdb, 0x88, 0x48, 0xe8, 0xbd, 0xaa, 0x78, 0xff, 0xff,
    0x97, 0x61, 0xf0, 0xf7, 0x97, 0x54, 0xfd, 0xff, 0x76, 0x30, 0xda, 0xbd, 0x00, 0x00, 0x00, 0x00,
    0x00, 0x00, 0x00, 0x00, 0x00, 0x00, 0x00, 0x00, 0xff, 0x00, 0xff, 0x01, 0xff, 0x00, 0xff, 0x01,
    0x00, 0x00, 0x00, 0x00, 0x00, 0x00, 0x00, 0x00, 0x00, 0x00, 0x00, 0x00, 0x7f, 0x00, 0xff, 0x02,
    0x7f, 0x7f, 0xff, 0x02, 0x00, 0x00, 0x00, 0x00, 0x94, 0x5b, 0xee, 0xbe, 0xb6, 0x8b, 0xff, 0xff,
    0x9a, 0x64, 0xef, 0xfa, 0x92, 0x51, 0xf3, 0xff, 0x92, 0x51, 0xf3, 0xff, 0x90, 0x52, 0xed, 0xfe,
    0x91, 0x53, 0xee, 0xfd, 0x96, 0x55, 0xf7, 0xfe, 0x78, 0x32, 0xdc, 0xcc, 0x00, 0x00, 0x00, 0x00,
    0x00, 0x00, 0x00, 0x00, 0xff, 0x00, 0xff, 0x01, 0x00, 0x00, 0x00, 0x00, 0x00, 0x00, 0x00, 0x00,
    0x8c, 0x46, 0xf2, 0x28, 0x7c, 0x35, 0xe7, 0x2b, 0x00, 0x00, 0x00, 0x01, 0x00, 0x00, 0x00, 0x00,
    0x7f, 0x3f, 0xff, 0x04, 0x00, 0x00, 0x00, 0x00, 0x95, 0x5c, 0xef, 0xc1, 0xa3, 0x6d, 0xfc, 0xfc,
    0x8f, 0x50, 0xee, 0xfc, 0x93, 0x56, 0xef, 0xfd, 0x93, 0x55, 0xef, 0xfd, 0x92, 0x55, 0xef, 0xff,
    0x94, 0x57, 0xf0, 0xfb, 0x95, 0x52, 0xfa, 0xfe, 0x74, 0x2d, 0xda, 0xad, 0x00, 0x00, 0x00, 0x00,
    0x7f, 0x00, 0xff, 0x02, 0x00, 0x00, 0x00, 0x00, 0x91, 0x5b, 0xf5, 0x1c, 0x93, 0x54, 0xf5, 0xbc,
    0x96, 0x5b, 0xf3, 0xfc, 0x93, 0x56, 0xf0, 0xfe, 0x89, 0x44, 0xed, 0xcf, 0x6f, 0x2b, 0xd3, 0x40,
    0x00, 0x00, 0x00, 0x00, 0x00, 0x00, 0x00, 0x00, 0x92, 0x53, 0xee, 0x6e, 0x9f, 0x5d, 0xff, 0xff,
    0x91, 0x55, 0xee, 0xf9, 0x92, 0x55, 0xef, 0xff, 0x92, 0x55, 0xef, 0xff, 0x92, 0x54, 0xef, 0xff,
    0x93, 0x58, 0xef, 0xfc, 0x8d, 0x46, 0xf4, 0xff, 0x6d, 0x26, 0xd5, 0x56, 0x00, 0x00, 0x00, 0x00,
    0x7f, 0x00, 0xff, 0x02, 0x7f, 0x55, 0xd4, 0x06, 0x8f, 0x50, 0xee, 0xca, 0xaa, 0x71, 0xff, 0xff,
    0xad, 0x89, 0xf2, 0xfd, 0xaa, 0x86, 0xf2, 0xfe, 0x9e, 0x62, 0xfd, 0xff, 0x83, 0x3e, 0xe8, 0xf6,
    0x6a, 0x23, 0xd5, 0x2b, 0x00, 0x00, 0x00, 0x00, 0x9f, 0x5f, 0xff, 0x08, 0x91, 0x55, 0xee, 0xb6,
    0xa0, 0x5d, 0xff, 0xff, 0x91, 0x55, 0xee, 0xfc, 0x91, 0x55, 0xee, 0xfc, 0x92, 0x56, 0xef, 0xfc,
    0x96, 0x56, 0xf7, 0xfe, 0x7a, 0x34, 0xde, 0xd9, 0x55, 0x00, 0xd4, 0x06, 0xff, 0x00, 0xff, 0x01,
    0x00, 0x00, 0x00, 0x00, 0x8f, 0x4f, 0xf0, 0x57, 0xa0, 0x61, 0xff, 0xff, 0xac, 0x87, 0xf2, 0xf9,
    0xa6, 0x7c, 0xf2, 0xff, 0xa0, 0x70, 0xf1, 0xff, 0x94, 0x5b, 0xef, 0xf9, 0x94, 0x4f, 0xfb, 0xff,
    0x74, 0x2d, 0xd9, 0x9e, 0x00, 0x00, 0xff, 0x01, 0x00, 0x00, 0x00, 0x00, 0x00, 0x00, 0x00, 0x00,
    0x95, 0x57, 0xf2, 0x8e, 0x9a, 0x5a, 0xfc, 0xff, 0x98, 0x58, 0xf9, 0xff, 0x93, 0x58, 0xf0, 0xfa,
    0x8e, 0x4a, 0xf5, 0xff, 0x6d, 0x26, 0xd5, 0x4f, 0x00, 0x00, 0x00, 0x00, 0xaa, 0x55, 0xff, 0x03,
    0x00, 0x00, 0x00, 0x00, 0x8f, 0x51, 0xee, 0xa9, 0xa2, 0x68, 0xff, 0xfe, 0x9c, 0x69, 0xf0, 0xfb,
    0x90, 0x51, 0xef, 0xff, 0x90, 0x51, 0xef, 0xff, 0x93, 0x56, 0xef, 0xfc, 0x94, 0x53, 0xf7, 0xfe,
    0x74, 0x2d, 0xd9, 0xbf, 0x00, 0x00, 0x00, 0x00, 0x93, 0x53, 0xf5, 0x34, 0x8f, 0x49, 0xfb, 0x49,
    0x5c, 0x0b, 0xc5, 0x16, 0x94, 0x59, 0xf2, 0x3c, 0x96, 0x57, 0xf6, 0xc8, 0x9f, 0x5a, 0xff, 0xff,
    0x7a, 0x35, 0xdd, 0xa7, 0x00, 0x00, 0x00, 0x00, 0xaa, 0x55, 0xff, 0x03, 0x00, 0x00, 0x00, 0x00,
    0x00, 0x00, 0x00, 0x00, 0x92, 0x55, 0xef, 0xc8, 0x99, 0x59, 0xfa, 0xff, 0x91, 0x52, 0xee, 0xfd,
    0x92, 0x55, 0xef, 0xff, 0x92, 0x56, 0xef, 0xff, 0x94, 0x57, 0xef, 0xfd, 0x90, 0x4f, 0xf2, 0xff,
    0x7a, 0x35, 0xdd, 0xd7, 0x92, 0x55, 0xf0, 0xbc, 0x9a, 0x5d, 0xf7, 0xff, 0xa1, 0x68, 0xfd, 0xff,
    0x8f, 0x4f, 0xf1, 0xf8, 0x74, 0x2e, 0xd8, 0x72, 0x00, 0x00, 0x00, 0x00, 0x8a, 0x46, 0xec, 0x53,
    0x6d, 0x24, 0xda, 0x15, 0x00, 0x00, 0xff, 0x01, 0xff, 0x00, 0xff, 0x01, 0x00, 0x00, 0x00, 0x00,
    0x00, 0x00, 0x00, 0x00, 0x92, 0x54, 0xee, 0xcb, 0x99, 0x59, 0xfa, 0xff, 0x92, 0x54, 0xee, 0xfd,
    0x92, 0x55, 0xef, 0xff, 0x92, 0x55, 0xef, 0xff, 0x93, 0x56, 0xf0, 0xff, 0x8f, 0x52, 0xec, 0xff,
    0x91, 0x51, 0xf1, 0xff, 0x9e, 0x62, 0xfb, 0xff, 0xaa, 0x85, 0xf2, 0xff, 0xad, 0x8b, 0xf2, 0xfc,
    0x9a, 0x62, 0xf3, 0xff, 0x94, 0x4b, 0xff, 0xff, 0x73, 0x2a, 0xd9, 0x66, 0x00, 0x00, 0x00, 0x00,
    0x00, 0x00, 0x01, 0x00, 0x00, 0x00, 0x00, 0x00, 0x00, 0x00, 0x00, 0x00, 0x00, 0x00, 0x00, 0x00,
    0x00, 0x00, 0x00, 0x00, 0x90, 0x54, 0xee, 0xbe, 0x9a, 0x5a, 0xfc, 0xff, 0x91, 0x55, 0xee, 0xfc,
    0x92, 0x55, 0xef, 0xff, 0x92, 0x55, 0xef, 0xff, 0x92, 0x55, 0xef, 0xff, 0x93, 0x56, 0xf0, 0xff,
    0x92, 0x55, 0xee, 0xfe, 0x92, 0x57, 0xef, 0xfc, 0x99, 0x62, 0xf0, 0xff, 0x98, 0x60, 0xf0, 0xff,
    0x92, 0x56, 0xee, 0xfc, 0x95, 0x54, 0xf6, 0xfd, 0x76, 0x30, 0xdb, 0xd7, 0x7f, 0x2a, 0xff, 0x06,
    0x7f, 0x00, 0xff, 0x02, 0x00, 0x00, 0x00, 0x00, 0x00, 0x00, 0x00, 0x00, 0x00, 0x00, 0x00, 0x00,
    0x00, 0x00, 0x00, 0x00, 0x91, 0x55, 0xee, 0x9e, 0x9c, 0x5b, 0xff, 0xff, 0x92, 0x55, 0xee, 0xfb,
    0x92, 0x55, 0xef, 0xff, 0x92, 0x55, 0xef, 0xff, 0x92, 0x55, 0xef, 0xff, 0x92, 0x55, 0xef, 0xff,
    0x92, 0x55, 0xef, 0xff, 0x92, 0x55, 0xef, 0xff, 0x91, 0x52, 0xef, 0xff, 0x91, 0x53, 0xef, 0xff,
    0x92, 0x55, 0xee, 0xfe, 0x91, 0x52, 0xf1, 0xff, 0x76, 0x30, 0xda, 0xe8, 0x6a, 0x2a, 0xd4, 0x0c,
    0x00, 0x00, 0x00, 0x00, 0x00, 0x00, 0xff, 0x01, 0x00, 0x00, 0x00, 0x00, 0x00, 0x00, 0x00, 0x00,
    0x00, 0x00, 0x00, 0x00, 0x91, 0x54, 0xec, 0x70, 0x9d, 0x5b, 0xff, 0xff, 0x92, 0x55, 0xee, 0xfb,
    0x92, 0x55, 0xef, 0xff, 0x92, 0x55, 0xef, 0xff, 0x92, 0x55, 0xef, 0xff, 0x92, 0x55, 0xef, 0xff,
    0x92, 0x55, 0xef, 0xff, 0x92, 0x55, 0xef, 0xff, 0x92, 0x56, 0xef, 0xff, 0x92, 0x54, 0xef, 0xff,
    0x94, 0x58, 0xf0, 0xfc, 0x8d, 0x48, 0xf1, 0xfd, 0x73, 0x2a, 0xd8, 0xcc, 0xff, 0x00, 0xff, 0x01,
    0xff, 0x00, 0xff, 0x01, 0x00, 0x00, 0x00, 0x00, 0x00, 0x00, 0x00, 0x00, 0x00, 0x00, 0x00, 0x00,
    0x00, 0x00, 0x00, 0x00, 0x91, 0x53, 0xed, 0x3a, 0x97, 0x58, 0xf7, 0xff, 0x92, 0x54, 0xee, 0xfd,
    0x92, 0x55, 0xef, 0xff, 0x92, 0x55, 0xef, 0xff, 0x92, 0x55, 0xef, 0xff, 0x92, 0x55, 0xef, 0xff,
    0x92, 0x55, 0xef, 0xff, 0x92, 0x55, 0xef, 0xff, 0x92, 0x54, 0xef, 0xff, 0x93, 0x56, 0xef, 0xff,
    0x91, 0x53, 0xee, 0xf9, 0x81, 0x35, 0xee, 0xff, 0x72, 0x2c, 0xd7, 0x62, 0x00, 0x00, 0x00, 0x00,
    0x7f, 0x3f, 0xbf, 0x04, 0x00, 0x00, 0x00, 0x00, 0x00, 0x00, 0x00, 0x00, 0x00, 0x00, 0x00, 0x00,
    0x00, 0x00, 0x00, 0x00, 0x8b, 0x45, 0xe7, 0x0b, 0x91, 0x54, 0xed, 0xe8, 0x96, 0x57, 0xf5, 0xff,
    0x92, 0x54, 0xef, 0xfd, 0x92, 0x55, 0xef, 0xff, 0x92, 0x55, 0xef, 0xff, 0x92, 0x55, 0xef, 0xff,
    0x92, 0x54, 0xef, 0xff, 0x92, 0x55, 0xee, 0xfe, 0x93, 0x58, 0xef, 0xfc, 0x90, 0x53, 0xee, 0xfc,
    0x87, 0x3b, 0xf4, 0xff, 0x72, 0x2a, 0xd7, 0xad, 0xff, 0x00, 0xff, 0x01, 0x7f, 0x7f, 0xff, 0x02,
    0x00, 0x00, 0x00, 0x00, 0x00, 0x00, 0x00, 0x00, 0x00, 0x00, 0x00, 0x00, 0x00, 0x00, 0x00, 0x00,
    0xaa, 0x55, 0xff, 0x03, 0x00, 0x00, 0x00, 0x00, 0x90, 0x54, 0xee, 0xa9, 0x9b, 0x5a, 0xff, 0xfe,
    0x92, 0x55, 0xee, 0xfb, 0x91, 0x54, 0xee, 0xfe, 0x92, 0x54, 0xee, 0xfd, 0x93, 0x56, 0xef, 0xfb,
    0x93, 0x58, 0xef, 0xfc, 0x94, 0x56, 0xf1, 0xff, 0x8f, 0x4b, 0xf5, 0xff, 0x7d, 0x34, 0xe5, 0xff,
    0x74, 0x2b, 0xdc, 0x99, 0x91, 0x48, 0xda, 0x07, 0xff, 0x00, 0xff, 0x01, 0x00, 0x00, 0xff, 0x01,
    0x00, 0x00, 0x00, 0x00, 0x00, 0x00, 0x00, 0x00, 0x00, 0x00, 0x00, 0x00, 0x00, 0x00, 0x00, 0x00,
    0x7f, 0x3f, 0xff, 0x04, 0x00, 0x00, 0x00, 0x00, 0x91, 0x55, 0xf0, 0x56, 0x9b, 0x5a, 0xfd, 0xff,
    0x93, 0x56, 0xef, 0xfb, 0x96, 0x58, 0xf3, 0xff, 0x98, 0x59, 0xf9, 0xff, 0x98, 0x55, 0xfc, 0xff,
    0x8f, 0x49, 0xf6, 0xff, 0x7c, 0x36, 0xe2, 0xf3, 0x75, 0x2c, 0xde, 0xac, 0x75, 0x2c, 0xda, 0x3f,
    0x00, 0x00, 0x00, 0x00, 0x00, 0x00, 0x00, 0x00, 0x00, 0x00, 0xff, 0x01, 0x00, 0x00, 0x00, 0x00,
    0x00, 0x00, 0x00, 0x00, 0x00, 0x00, 0x00, 0x00, 0x00, 0x00, 0x00, 0x00, 0x00, 0x00, 0x00, 0x00,
    0xff, 0x00, 0xff, 0x01, 0x00, 0x00, 0x00, 0x00, 0x91, 0x5b, 0xff, 0x0e, 0x90, 0x53, 0xed, 0xee,
    0x94, 0x52, 0xf6, 0xff, 0x88, 0x47, 0xe8, 0xf0, 0x81, 0x3d, 0xe4, 0xd1, 0x79, 0x31, 0xde, 0x9f,
    0x74, 0x28, 0xdb, 0x5e, 0x72, 0x23, 0xdb, 0x1d, 0x00, 0x00, 0x00, 0x00, 0x00, 0x00, 0x00, 0x00,
    0x7f, 0x00, 0xff, 0x02, 0x00, 0x00, 0xff, 0x01, 0x00, 0x00, 0x00, 0x00, 0x00, 0x00, 0x00, 0x00,
    0x00, 0x00, 0x00, 0x00, 0x00, 0x00, 0x00, 0x00, 0x00, 0x00, 0x00, 0x00, 0x00, 0x00, 0x00, 0x00,
    0x00, 0x00, 0x00, 0x00, 0x00, 0x00, 0xff, 0x01, 0x00, 0x00, 0x00, 0x00, 0x87, 0x43, 0xe8, 0x44,
    0x7b, 0x35, 0xe6, 0x48, 0x62, 0x18, 0xcd, 0x1f, 0x00, 0x00, 0x00, 0x01, 0x00, 0x00, 0x00, 0x00,
    0x00, 0x00, 0x00, 0x00, 0x00, 0x00, 0x00, 0x00, 0x55, 0x00, 0xaa, 0x03, 0x55, 0x55, 0xaa, 0x03,
    0x00, 0x00, 0x00, 0x00, 0x00, 0x00, 0x00, 0x00, 0x00, 0x00, 0x00, 0x00, 0x00, 0x00, 0x00, 0x00,
    0x00, 0x00, 0x00, 0x00, 0x00, 0x00, 0x00, 0x00, 0x00, 0x00, 0x00, 0x00, 0x00, 0x00, 0x00, 0x00,
};

static const lv_image_dsc_t emoji_img_33 = {
    .header = {
        .magic = LV_IMAGE_HEADER_MAGIC,
        .cf = LV_COLOR_FORMAT_ARGB8888,
        .flags = 0,
        .w = 20,
        .h = 20,
        .stride = 20 * 4,
        .reserved_2 = 0,
    },
    .data_size = sizeof(emoji_img_33_data),
    .data = emoji_img_33_data,
    .reserved = NULL,
    .reserved_2 = NULL,
};

// LVGL image: emoji_img_34 (20x20 ARGB8888, BGRA byte order)
static const uint8_t emoji_img_34_data[] = {
    0x00, 0x00, 0x00, 0x00, 0x00, 0x00, 0x00, 0x00, 0x00, 0x00, 0x00, 0x00, 0x00, 0x00, 0x00, 0x00,
    0x00, 0x00, 0x00, 0x00, 0xff, 0xaa, 0xff, 0x03, 0x7f, 0x7f, 0xff, 0x02, 0x00, 0x00, 0x00, 0x00,
    0x00, 0x00, 0x00, 0x00, 0x00, 0x00, 0x00, 0x00, 0x00, 0x00, 0x00, 0x00, 0x6f, 0x20, 0xde, 0x27,
    0x7a, 0x2c, 0xe1, 0x34, 0x00, 0x00, 0x00, 0x00, 0x00, 0x00, 0x00, 0x00, 0x00, 0x00, 0xbf, 0x04,
    0x81, 0x2e, 0xf1, 0x37, 0x64, 0x24, 0xc8, 0x1c, 0x00, 0x00, 0x00, 0x00, 0x00, 0x00, 0xff, 0x01,
    0x00, 0x00, 0x00, 0x00, 0x00, 0x00, 0x00, 0x00, 0x00, 0x00, 0x00, 0x00, 0x00, 0x00, 0x00, 0x00,
    0xff, 0x7f, 0xff, 0x02, 0x00, 0x00, 0x00, 0x00, 0x00, 0x00, 0x00, 0x00, 0xd7, 0xba, 0xff, 0x1a,
    0xd5, 0xbd, 0xff, 0x2b, 0xe5, 0xd8, 0xff, 0x14, 0x90, 0x52, 0xee, 0x78, 0x9e, 0x67, 0xf7, 0xf5,
    0x92, 0x53, 0xf2, 0xfe, 0x78, 0x33, 0xdc, 0xa9, 0x7b, 0x31, 0xde, 0x1f, 0x99, 0x63, 0xf2, 0xc6,
    0x9b, 0x62, 0xf4, 0xfe, 0x88, 0x43, 0xee, 0xeb, 0x75, 0x2c, 0xd8, 0x50, 0x00, 0x00, 0x00, 0x00,
    0x00, 0x00, 0x00, 0x00, 0x00, 0x00, 0x00, 0x00, 0x00, 0x00, 0x00, 0x00, 0xff, 0xff, 0xff, 0x01,
    0x00, 0x00, 0x00, 0x00, 0xd9, 0xc3, 0xff, 0x51, 0xd5, 0xbf, 0xff, 0xb4, 0xd5, 0xbd, 0xff, 0xb3,
    0xd9, 0xc4, 0xff, 0x7b, 0xba, 0x94, 0xf6, 0x56, 0x9c, 0x68, 0xf0, 0xfd, 0xaf, 0x87, 0xfa, 0xff,
    0x97, 0x5d, 0xf2, 0xff, 0x8c, 0x49, 0xee, 0xff, 0x85, 0x43, 0xe6, 0xe2, 0xab, 0x7b, 0xff, 0xff,
    0x9c, 0x6a, 0xf0, 0xfc, 0x9a, 0x57, 0xff, 0xff, 0x7b, 0x36, 0xde, 0xd3, 0x55, 0x00, 0xaa, 0x03,
    0x00, 0x00, 0x00, 0x00, 0xff, 0xff, 0xff, 0x01, 0xaa, 0xaa, 0xff, 0x03, 0xff, 0x7f, 0xff, 0x02,
    0xd6, 0xbe, 0xff, 0x97, 0xe7, 0xcf, 0xff, 0xff, 0xe1, 0xc9, 0xff, 0xff, 0xd4, 0xbe, 0xff, 0xcc,
    0xdb, 0xc9, 0xff, 0x80, 0xb7, 0x8b, 0xf8, 0x6e, 0x9b, 0x67, 0xf0, 0xfe, 0x98, 0x62, 0xef, 0xfe,
    0x8f, 0x51, 0xee, 0xff, 0x91, 0x55, 0xee, 0xfe, 0x94, 0x56, 0xf3, 0xff, 0x92, 0x54, 0xee, 0xfd,
    0x91, 0x52, 0xee, 0xfd, 0x96, 0x57, 0xf5, 0xfe, 0x7c, 0x38, 0xdf, 0xdd, 0x48, 0x00, 0xb6, 0x07,
    0x00, 0x00, 0x00, 0x00, 0xaa, 0xaa, 0xff, 0x03, 0x00, 0x00, 0x00, 0x00, 0xd5, 0xbe, 0xff, 0x8e,
    0xf9, 0xde, 0xff, 0xff, 0xd8, 0xc0, 0xff, 0xf2, 0xd6, 0xbf, 0xff, 0xb6, 0xd6, 0xbe, 0xff, 0x6a,
    0xd9, 0xc2, 0xff, 0x37, 0xbf, 0x96, 0xf9, 0x2c, 0x91, 0x55, 0xee, 0xec, 0x96, 0x57, 0xf4, 0xfd,
    0x92, 0x55, 0xef, 0xfd, 0x92, 0x55, 0xef, 0xff, 0x92, 0x55, 0xef, 0xfd, 0x92, 0x55, 0xef, 0xff,
    0x92, 0x56, 0xee, 0xfc, 0x97, 0x56, 0xfb, 0xfe, 0x78, 0x32, 0xdb, 0xbc, 0x00, 0x00, 0x00, 0x00,
    0xaa, 0xaa, 0xff, 0x03, 0x00, 0x00, 0x00, 0x00, 0xd7, 0xba, 0xff, 0x34, 0xe6, 0xcd, 0xff, 0xff,
    0xd8, 0xc0, 0xfd, 0x93, 0xd3, 0xbd, 0xff, 0x23, 0x00, 0x00, 0x00, 0x00, 0x00, 0x00, 0x00, 0x00,
    0x00, 0x00, 0x00, 0x00, 0x00, 0x00, 0x00, 0x00, 0x91, 0x55, 0xee, 0x89, 0x9f, 0x5c, 0xff, 0xff,
    0x91, 0x54, 0xed, 0xfa, 0x92, 0x55, 0xef, 0xff, 0x92, 0x55, 0xef, 0xff, 0x91, 0x54, 0xef, 0xff,
    0x94, 0x58, 0xf1, 0xfa, 0x8f, 0x49, 0xf7, 0xff, 0x72, 0x2a, 0xd7, 0x4e, 0x00, 0x00, 0x00, 0x00,
    0xff, 0xff, 0xff, 0x03, 0xff, 0xff, 0xff, 0x01, 0xd6, 0xc0, 0xff, 0xa2, 0xe3, 0xd4, 0xff, 0x66,
    0x00, 0x00, 0x00, 0x00, 0x00, 0x00, 0x00, 0x00, 0x7f, 0x7f, 0xff, 0x04, 0xbf, 0x7f, 0xff, 0x04,
    0xaa, 0xaa, 0xff, 0x03, 0x00, 0x00, 0x00, 0x00, 0x00, 0x00, 0x00, 0x00, 0x94, 0x57, 0xf0, 0xc7,
    0x9c, 0x5b, 0xff, 0xff, 0x91, 0x54, 0xed, 0xfb, 0x92, 0x55, 0xef, 0xff, 0x92, 0x56, 0xee, 0xfa,
    0x9a, 0x55, 0xff, 0xff, 0x74, 0x2e, 0xd9, 0x9b, 0x00, 0x00, 0x00, 0x00, 0x55, 0x55, 0xaa, 0x03,
    0x00, 0x00, 0xff, 0x01, 0x01, 0x01, 0x00, 0x00, 0xc8, 0xab, 0xf5, 0x4f, 0x71, 0x23, 0xe3, 0x41,
    0x7e, 0x39, 0xe4, 0x55, 0x6a, 0x2a, 0xc9, 0x18, 0x00, 0x00, 0x00, 0x00, 0x00, 0x00, 0x00, 0x00,
    0x00, 0x00, 0x00, 0x00, 0x7d, 0x37, 0xe8, 0x45, 0x7c, 0x31, 0xe9, 0x52, 0x78, 0x37, 0xdc, 0x33,
    0x97, 0x59, 0xf6, 0xd2, 0x9a, 0x5a, 0xfd, 0xff, 0x92, 0x55, 0xee, 0xf8, 0x9d, 0x5a, 0xff, 0xff,
    0x78, 0x32, 0xdf, 0xac, 0xd4, 0xc2, 0xff, 0x2a, 0xd5, 0xbe, 0xff, 0x4f, 0x00, 0x00, 0xff, 0x01,
    0xff, 0x00, 0xff, 0x01, 0x88, 0x51, 0xec, 0x1c, 0x8f, 0x4e, 0xf0, 0xc5, 0xa0, 0x64, 0xfe, 0xff,
    0x96, 0x55, 0xfa, 0xff, 0x82, 0x3a, 0xea, 0xea, 0x6d, 0x27, 0xd3, 0x41, 0xcc, 0x99, 0xff, 0x05,
    0x94, 0x56, 0xf2, 0xbd, 0xa0, 0x65, 0xfd, 0xff, 0x98, 0x56, 0xfc, 0xff, 0x83, 0x3c, 0xec, 0xe5,
    0x7a, 0x35, 0xdc, 0x6e, 0x98, 0x5a, 0xf6, 0xc7, 0xa3, 0x5e, 0xff, 0xff, 0x85, 0x44, 0xe8, 0xb3,
    0x00, 0x00, 0x00, 0x02, 0xd9, 0xc4, 0xff, 0x75, 0xd5, 0xbd, 0xff, 0x81, 0x00, 0x00, 0x00, 0x00,
    0x00, 0x00, 0x00, 0x00, 0x90, 0x51, 0xef, 0xa2, 0xb4, 0x80, 0xff, 0xff, 0xaf, 0x8d, 0xf3, 0xf9,
    0x97, 0x5f, 0xf0, 0xfa, 0x98, 0x55, 0xfd, 0xff, 0x77, 0x30, 0xda, 0xd8, 0x8c, 0x4b, 0xec, 0xa2,
    0xaf, 0x7b, 0xff, 0xff, 0xac, 0x89, 0xf2, 0xfb, 0x94, 0x5a, 0xef, 0xfa, 0x98, 0x56, 0xfb, 0xff,
    0x76, 0x30, 0xda, 0xe2, 0x89, 0x44, 0xe3, 0x25, 0x90, 0x4e, 0xf1, 0x71, 0x7f, 0x3f, 0xbf, 0x04,
    0x00, 0x00, 0x00, 0x00, 0xd4, 0xbc, 0xfd, 0xd8, 0xd5, 0xbe, 0xff, 0x6f, 0x00, 0x00, 0x00, 0x00,
    0x66, 0x33, 0xff, 0x05, 0x93, 0x58, 0xee, 0xdb, 0xaf, 0x88, 0xfb, 0xfd, 0x9c, 0x67, 0xf0, 0xfd,
    0x91, 0x52, 0xef, 0xff, 0x92, 0x57, 0xee, 0xfe, 0x89, 0x48, 0xea, 0xff, 0x92, 0x51, 0xf3, 0xff,
    0x9b, 0x67, 0xf0, 0xfd, 0x96, 0x5d, 0xf0, 0xff, 0x91, 0x53, 0xef, 0xff, 0x92, 0x57, 0xef, 0xfc,
    0x82, 0x3b, 0xe9, 0xff, 0x71, 0x24, 0xd6, 0x38, 0x00, 0x00, 0x00, 0x00, 0x00, 0x00, 0x00, 0x00,
    0xd3, 0xbd, 0xff, 0x5d, 0xec, 0xd3, 0xff, 0xff, 0xd4, 0xbf, 0xff, 0x48, 0x00, 0x00, 0x00, 0x00,
    0x99, 0x33, 0xff, 0x05, 0x92, 0x57, 0xee, 0xdb, 0xa5, 0x72, 0xf9, 0xff, 0x91, 0x53, 0xee, 0xfd,
    0x92, 0x55, 0xef, 0xff, 0x92, 0x55, 0xef, 0xff, 0x92, 0x56, 0xef, 0xfe, 0x92, 0x55, 0xef, 0xfd,
    0x90, 0x52, 0xef, 0xff, 0x91, 0x53, 0xef, 0xff, 0x92, 0x55, 0xef, 0xff, 0x93, 0x56, 0xef, 0xfe,
    0x80, 0x39, 0xe5, 0xff, 0x66, 0x18, 0xd2, 0x34, 0x00, 0x00, 0x00, 0x00, 0xd3, 0xbb, 0xff, 0x53,
    0xd7, 0xc0, 0xff, 0xf6, 0xdc, 0xc4, 0xff, 0xf8, 0xdb, 0xc1, 0xff, 0x1d, 0x00, 0x00, 0x00, 0x00,
    0x00, 0x00, 0x00, 0x00, 0x92, 0x55, 0xef, 0xb7, 0x9b, 0x5b, 0xfd, 0xfe, 0x91, 0x55, 0xee, 0xfc,
    0x92, 0x55, 0xef, 0xff, 0x92, 0x55, 0xef, 0xff, 0x92, 0x55, 0xef, 0xff, 0x92, 0x55, 0xef, 0xff,
    0x92, 0x56, 0xef, 0xff, 0x92, 0x56, 0xef, 0xff, 0x92, 0x55, 0xee, 0xfe, 0x93, 0x55, 0xf1, 0xfe,
    0x78, 0x31, 0xdc, 0xf2, 0xab, 0x84, 0xf0, 0x34, 0xdc, 0xc5, 0xff, 0x6e, 0xd5, 0xbd, 0xfd, 0xdd,
    0xe2, 0xca, 0xff, 0xff, 0xd4, 0xbc, 0xff, 0xc4, 0x00, 0x00, 0x00, 0x00, 0xff, 0x7f, 0xff, 0x02,
    0x00, 0x00, 0x00, 0x00, 0x93, 0x57, 0xf0, 0x55, 0x9d, 0x5b, 0xff, 0xff, 0x92, 0x55, 0xee, 0xfb,
    0x92, 0x55, 0xef, 0xff, 0x92, 0x55, 0xef, 0xff, 0x92, 0x55, 0xef, 0xff, 0x92, 0x55, 0xef, 0xff,
    0x92, 0x55, 0xef, 0xff, 0x92, 0x54, 0xef, 0xff, 0x93, 0x59, 0xef, 0xfc, 0x8e, 0x49, 0xf4, 0xff,
    0x7e, 0x3c, 0xdd, 0xb6, 0xe4, 0xd7, 0xff, 0x62, 0xd3, 0xbc, 0xfd, 0xb7, 0xd5, 0xbe, 0xff, 0xe9,
    0xe6, 0xcd, 0xff, 0xff, 0xd4, 0xbd, 0xff, 0x4e, 0x00, 0x00, 0x00, 0x00, 0xff, 0xff, 0xff, 0x03,
    0x7f, 0x7f, 0xff, 0x02, 0xff, 0xff, 0xff, 0x01, 0x90, 0x54, 0xed, 0xbe, 0x9b, 0x5b, 0xfe, 0xff,
    0x91, 0x54, 0xed, 0xfb, 0x92, 0x55, 0xef, 0xff, 0x92, 0x55, 0xef, 0xff, 0x92, 0x55, 0xef, 0xff,
    0x92, 0x55, 0xef, 0xff, 0x91, 0x55, 0xed, 0xfe, 0x94, 0x56, 0xf3, 0xfe, 0x7b, 0x34, 0xe0, 0xf1,
    0xb6, 0x91, 0xf0, 0x5b, 0xda, 0xc6, 0xff, 0x7f, 0xd4, 0xbd, 0xfd, 0xc7, 0xe9, 0xd0, 0xff, 0xff,
    0xd4, 0xbc, 0xff, 0xa1, 0x00, 0x00, 0x00, 0x00, 0xff, 0xff, 0xff, 0x02, 0x00, 0x00, 0x00, 0x00,
    0x7f, 0x7f, 0xff, 0x02, 0x00, 0x00, 0xff, 0x01, 0x91, 0x51, 0xf5, 0x1c, 0x95, 0x56, 0xf4, 0xe8,
    0x97, 0x58, 0xf7, 0xff, 0x91, 0x55, 0xed, 0xfc, 0x92, 0x55, 0xef, 0xff, 0x92, 0x55, 0xef, 0xff,
    0x91, 0x54, 0xee, 0xfe, 0x95, 0x59, 0xf2, 0xfc, 0x86, 0x3f, 0xec, 0xff, 0x87, 0x49, 0xdd, 0x6b,
    0xec, 0xdf, 0xff, 0x51, 0xd3, 0xbb, 0xfd, 0xaf, 0xd5, 0xbf, 0xff, 0xf8, 0xd9, 0xc1, 0xff, 0xa3,
    0xcc, 0x99, 0xff, 0x05, 0xff, 0xff, 0xff, 0x02, 0xff, 0xff, 0xff, 0x01, 0x00, 0x00, 0x00, 0x00,
    0x00, 0x00, 0x00, 0x00, 0x7f, 0x7f, 0xff, 0x02, 0x00, 0x00, 0x00, 0x00, 0x8d, 0x55, 0xe7, 0x36,
    0x96, 0x57, 0xf6, 0xf2, 0x96, 0x57, 0xf5, 0xff, 0x91, 0x55, 0xee, 0xfc, 0x91, 0x54, 0xee, 0xfe,
    0x95, 0x59, 0xf2, 0xfb, 0x90, 0x4b, 0xf7, 0xff, 0x77, 0x32, 0xd9, 0x7a, 0xff, 0xf9, 0xff, 0x2f,
    0xd5, 0xbc, 0xff, 0x86, 0xd6, 0xbf, 0xff, 0x9c, 0xd5, 0xbd, 0xff, 0x56, 0x00, 0x00, 0x00, 0x00,
    0x00, 0x00, 0x00, 0x00, 0xff, 0xff, 0xff, 0x01, 0x00, 0x00, 0x00, 0x00, 0x00, 0x00, 0x00, 0x00,
    0x00, 0x00, 0x00, 0x00, 0x00, 0x00, 0x00, 0x00, 0x7f, 0x3f, 0xbf, 0x04, 0x00, 0x00, 0x00, 0x00,
    0x8f, 0x52, 0xea, 0x3e, 0x97, 0x57, 0xf6, 0xf1, 0x97, 0x58, 0xf7, 0xff, 0x94, 0x57, 0xf0, 0xfd,
    0x94, 0x50, 0xfa, 0xff, 0x75, 0x30, 0xd9, 0x7a, 0x04, 0x06, 0x00, 0x00, 0xd1, 0xb7, 0xff, 0x27,
    0xd7, 0xbf, 0xff, 0x20, 0x00, 0x00, 0x00, 0x00, 0x00, 0x00, 0x00, 0x00, 0xff, 0xff, 0xff, 0x01,
    0xff, 0x00, 0xff, 0x01, 0x00, 0x00, 0x00, 0x00, 0x00, 0x00, 0x00, 0x00, 0x00, 0x00, 0x00, 0x00,
    0x00, 0x00, 0x00, 0x00, 0x00, 0x00, 0x00, 0x00, 0x00, 0x00, 0x00, 0x00, 0x7f, 0x3f, 0xff, 0x04,
    0x00, 0x00, 0x00, 0x00, 0x8e, 0x51, 0xea, 0x32, 0x96, 0x58, 0xf5, 0xe0, 0x92, 0x51, 0xf4, 0xff,
    0x78, 0x34, 0xdc, 0x66, 0x00, 0x00, 0x00, 0x00, 0x55, 0x00, 0xaa, 0x03, 0x00, 0x00, 0x00, 0x00,
    0x00, 0x00, 0x00, 0x00, 0x00, 0x00, 0x00, 0x00, 0xaa, 0xaa, 0xff, 0x03, 0x00, 0x00, 0x00, 0x00,
    0x00, 0x00, 0x00, 0x00, 0x00, 0x00, 0x00, 0x00, 0x00, 0x00, 0x00, 0x00, 0x00, 0x00, 0x00, 0x00,
    0x00, 0x00, 0x00, 0x00, 0x00, 0x00, 0x00, 0x00, 0x00, 0x00, 0x00, 0x00, 0x00, 0x00, 0x00, 0x00,
    0x7f, 0x3f, 0xff, 0x04, 0x00, 0x00, 0x00, 0x00, 0x89, 0x4e, 0xe4, 0x27, 0x82, 0x41, 0xe3, 0x4a,
    0x00, 0x00, 0x00, 0x00, 0xaa, 0x55, 0xff, 0x03, 0x00, 0x00, 0x00, 0x00, 0xff, 0xff, 0xff, 0x01,
    0x7f, 0x7f, 0xff, 0x02, 0x00, 0x00, 0x00, 0x00, 0x00, 0x00, 0x00, 0x00, 0x00, 0x00, 0x00, 0x00,
    0x00, 0x00, 0x00, 0x00, 0x00, 0x00, 0x00, 0x00, 0x00, 0x00, 0x00, 0x00, 0x00, 0x00, 0x00, 0x00,
};

static const lv_image_dsc_t emoji_img_34 = {
    .header = {
        .magic = LV_IMAGE_HEADER_MAGIC,
        .cf = LV_COLOR_FORMAT_ARGB8888,
        .flags = 0,
        .w = 20,
        .h = 20,
        .stride = 20 * 4,
        .reserved_2 = 0,
    },
    .data_size = sizeof(emoji_img_34_data),
    .data = emoji_img_34_data,
    .reserved = NULL,
    .reserved_2 = NULL,
};

// LVGL image: emoji_img_35 (20x20 ARGB8888, BGRA byte order)
static const uint8_t emoji_img_35_data[] = {
    0x00, 0x00, 0x00, 0x00, 0x00, 0x00, 0x00, 0x00, 0x00, 0x00, 0x00, 0x00, 0x00, 0x00, 0x00, 0x00,
    0x00, 0x00, 0xff, 0x01, 0x00, 0x00, 0x00, 0x00, 0x00, 0x00, 0xff, 0x01, 0x00, 0x00, 0x00, 0x00,
    0x00, 0x00, 0x00, 0x00, 0x00, 0x00, 0x00, 0x00, 0x00, 0x00, 0x00, 0x00, 0x00, 0x00, 0x00, 0x00,
    0x00, 0x00, 0x00, 0x00, 0x00, 0x00, 0xff, 0x01, 0x00, 0x00, 0x00, 0x00, 0x00, 0x00, 0xff, 0x01,
    0x00, 0x00, 0x00, 0x00, 0x00, 0x00, 0x00, 0x00, 0x00, 0x00, 0x00, 0x00, 0x00, 0x00, 0x00, 0x00,
    0x7f, 0x7f, 0xff, 0x02, 0x00, 0x00, 0x00, 0x00, 0xb1, 0x8d, 0xf4, 0x79, 0xb7, 0x95, 0xfb, 0xa4,
    0xba, 0x9d, 0xfa, 0x70, 0xd2, 0xc7, 0xff, 0x17, 0x00, 0x00, 0x00, 0x00, 0xff, 0xff, 0xff, 0x01,
    0x00, 0x00, 0x00, 0x00, 0x00, 0x00, 0x00, 0x00, 0x00, 0x00, 0x00, 0x00, 0x00, 0x00, 0x00, 0x00,
    0xff, 0xff, 0xff, 0x01, 0x00, 0x00, 0x00, 0x00, 0xd2, 0xc7, 0xff, 0x17, 0xba, 0x9d, 0xfa, 0x70,
    0xb7, 0x95, 0xfb, 0xa4, 0xb1, 0x8d, 0xf4, 0x79, 0x00, 0x00, 0x00, 0x00, 0x7f, 0x7f, 0xff, 0x02,
    0x00, 0x00, 0x00, 0x00, 0xb0, 0x8d, 0xf3, 0x8b, 0xb8, 0x99, 0xf9, 0x8d, 0xa6, 0x79, 0xf3, 0x2e,
    0x82, 0x3e, 0xe1, 0x56, 0x7d, 0x3b, 0xe3, 0x49, 0x7f, 0x39, 0xdc, 0x16, 0x7f, 0x3f, 0xff, 0x04,
    0x7f, 0x00, 0xff, 0x02, 0x00, 0x00, 0x00, 0x00, 0x00, 0x00, 0x00, 0x00, 0x7f, 0x00, 0x7f, 0x02,
    0x7f, 0x3f, 0xff, 0x04, 0x7f, 0x39, 0xe7, 0x16, 0x7d, 0x37, 0xe3, 0x49, 0x7f, 0x3e, 0xe1, 0x56,
    0xa2, 0x77, 0xee, 0x2f, 0xb8, 0x99, 0xf9, 0x8d, 0xb0, 0x8d, 0xf3, 0x8b, 0x00, 0x00, 0x00, 0x00,
    0xab, 0x8a, 0xf3, 0x2e, 0xb9, 0x9c, 0xf7, 0x6a, 0x5c, 0x08, 0xce, 0x3a, 0x75, 0x2c, 0xde, 0xbd,
    0x74, 0x28, 0xdc, 0x70, 0x71, 0x26, 0xdb, 0x48, 0x6a, 0x23, 0xcd, 0x24, 0x00, 0x00, 0x00, 0x00,
    0x00, 0x00, 0x00, 0x00, 0x00, 0x00, 0xff, 0x01, 0x00, 0x00, 0xff, 0x01, 0x00, 0x00, 0x00, 0x00,
    0x00, 0x00, 0x00, 0x00, 0x6a, 0x1c, 0xcd, 0x24, 0x71, 0x26, 0xdf, 0x48, 0x76, 0x2d, 0xdc, 0x70,
    0x76, 0x2b, 0xde, 0xbc, 0x5a, 0x04, 0xcb, 0x3b, 0xb9, 0x9c, 0xf7, 0x6a, 0xab, 0x8a, 0xf3, 0x2e,
    0xbb, 0xa1, 0xf6, 0x1e, 0x88, 0x46, 0xe2, 0x36, 0x73, 0x2b, 0xd8, 0xc6, 0x78, 0x31, 0xd4, 0x24,
    0x89, 0x44, 0xed, 0x59, 0x87, 0x43, 0xec, 0xa6, 0x82, 0x3e, 0xe5, 0xb4, 0x77, 0x2d, 0xdf, 0x82,
    0x6d, 0x24, 0xc2, 0x15, 0x00, 0x00, 0x00, 0x00, 0x00, 0x00, 0x00, 0x00, 0x8b, 0x5c, 0xe7, 0x0b,
    0x89, 0x45, 0xee, 0x7c, 0x86, 0x42, 0xeb, 0xb4, 0x80, 0x3b, 0xe5, 0xa7, 0x74, 0x2a, 0xdf, 0x60,
    0x75, 0x34, 0xd7, 0x27, 0x73, 0x2c, 0xda, 0xc4, 0x86, 0x45, 0xde, 0x37, 0xbb, 0xa1, 0xff, 0x1e,
    0x00, 0x00, 0x00, 0x00, 0x73, 0x2d, 0xda, 0x77, 0x78, 0x31, 0xd6, 0x39, 0x92, 0x54, 0xef, 0xa0,
    0xa6, 0x66, 0xff, 0xff, 0xa4, 0x6c, 0xff, 0xff, 0x9b, 0x5b, 0xfc, 0xff, 0x93, 0x4c, 0xfc, 0xff,
    0x78, 0x2f, 0xdf, 0xdc, 0x6e, 0x21, 0xd2, 0x17, 0xaa, 0x8d, 0xff, 0x09, 0x92, 0x52, 0xf2, 0xcb,
    0xa7, 0x6c, 0xff, 0xff, 0xa2, 0x6a, 0xfd, 0xff, 0x9a, 0x58, 0xfd, 0xff, 0x93, 0x48, 0xff, 0xff,
    0x73, 0x2a, 0xd9, 0xac, 0x77, 0x31, 0xd9, 0x3e, 0x74, 0x2d, 0xda, 0x76, 0x00, 0x00, 0x00, 0x00,
    0x99, 0x66, 0xff, 0x05, 0x70, 0x26, 0xd4, 0x42, 0x91, 0x50, 0xf0, 0x69, 0xa6, 0x67, 0xff, 0xff,
    0xab, 0x87, 0xf2, 0xf9, 0xae, 0x8c, 0xf2, 0xfc, 0x96, 0x5e, 0xef, 0xfc, 0x94, 0x57, 0xf0, 0xf8,
    0x90, 0x49, 0xfa, 0xff, 0x6e, 0x27, 0xd5, 0xa1, 0x92, 0x53, 0xef, 0x92, 0xa7, 0x6a, 0xff, 0xff,
    0xaf, 0x8f, 0xf2, 0xf8, 0xa4, 0x7b, 0xf1, 0xfc, 0x90, 0x52, 0xee, 0xfc, 0x94, 0x59, 0xf0, 0xf8,
    0x88, 0x3c, 0xf6, 0xff, 0x72, 0x2a, 0xd8, 0x72, 0x77, 0x32, 0xd8, 0x42, 0x66, 0x33, 0xff, 0x05,
    0x7f, 0x3f, 0xff, 0x04, 0x55, 0x00, 0xd4, 0x06, 0x8f, 0x4f, 0xee, 0xb9, 0xa9, 0x75, 0xff, 0xfd,
    0xae, 0x8d, 0xf3, 0xfb, 0x9e, 0x6c, 0xf1, 0xff, 0x91, 0x54, 0xef, 0xff, 0x92, 0x55, 0xef, 0xff,
    0x91, 0x53, 0xee, 0xfd, 0x7c, 0x38, 0xde, 0xff, 0x8f, 0x50, 0xee, 0xff, 0x9f, 0x6d, 0xf1, 0xfd,
    0xa3, 0x77, 0xf2, 0xff, 0x94, 0x59, 0xef, 0xff, 0x91, 0x53, 0xef, 0xff, 0x94, 0x58, 0xf0, 0xfc,
    0x8c, 0x46, 0xf2, 0xfd, 0x72, 0x29, 0xd7, 0xbd, 0x6d, 0x24, 0xda, 0x07, 0x7f, 0x3f, 0xff, 0x04,
    0x00, 0x00, 0x00, 0x01, 0x00, 0x00, 0x00, 0x00, 0x8f, 0x4f, 0xed, 0xcd, 0xa8, 0x78, 0xfc, 0xff,
    0xa3, 0x76, 0xf1, 0xfd, 0x8f, 0x4f, 0xef, 0xff, 0x92, 0x55, 0xef, 0xff, 0x92, 0x55, 0xef, 0xff,
    0x92, 0x55, 0xef, 0xff, 0x8f, 0x52, 0xed, 0xff, 0x92, 0x55, 0xef, 0xff, 0x91, 0x54, 0xef, 0xff,
    0x90, 0x52, 0xef, 0xff, 0x91, 0x54, 0xef, 0xff, 0x92, 0x54, 0xef, 0xff, 0x94, 0x58, 0xf0, 0xfc,
    0x8c, 0x48, 0xf0, 0xff, 0x72, 0x2a, 0xd8, 0xcd, 0x00, 0x00, 0x00, 0x00, 0x00, 0x00, 0x00, 0x01,
    0x55, 0x55, 0xaa, 0x03, 0x00, 0x00, 0x00, 0x00, 0x90, 0x50, 0xee, 0xbd, 0xa2, 0x6a, 0xfd, 0xff,
    0x99, 0x64, 0xef, 0xfc, 0x91, 0x52, 0xef, 0xff, 0x92, 0x56, 0xef, 0xff, 0x92, 0x55, 0xef, 0xff,
    0x92, 0x55, 0xef, 0xff, 0x92, 0x56, 0xef, 0xff, 0x92, 0x55, 0xef, 0xff, 0x92, 0x55, 0xef, 0xff,
    0x92, 0x56, 0xef, 0xff, 0x92, 0x55, 0xef, 0xff, 0x92, 0x54, 0xef, 0xff, 0x94, 0x58, 0xf0, 0xfc,
    0x8a, 0x45, 0xf1, 0xff, 0x72, 0x2a, 0xd8, 0xbb, 0x00, 0x00, 0x00, 0x00, 0x55, 0x00, 0xaa, 0x03,
    0xbf, 0x3f, 0xff, 0x04, 0x00, 0x00, 0x00, 0x00, 0x91, 0x55, 0xf0, 0x8c, 0x9c, 0x5b, 0xff, 0xff,
    0x92, 0x55, 0xee, 0xfb, 0x92, 0x55, 0xef, 0xff, 0x92, 0x55, 0xef, 0xff, 0x92, 0x55, 0xef, 0xff,
    0x92, 0x55, 0xef, 0xff, 0x92, 0x55, 0xef, 0xff, 0x92, 0x55, 0xef, 0xff, 0x92, 0x55, 0xef, 0xff,
    0x92, 0x55, 0xef, 0xff, 0x92, 0x55, 0xef, 0xff, 0x92, 0x54, 0xef, 0xff, 0x94, 0x57, 0xef, 0xfb,
    0x87, 0x3e, 0xf0, 0xff, 0x71, 0x2a, 0xd6, 0x8b, 0x00, 0x00, 0x00, 0x00, 0x7f, 0x3f, 0xff, 0x04,
    0xaa, 0x55, 0xaa, 0x03, 0x00, 0x00, 0x00, 0x00, 0x92, 0x56, 0xf4, 0x2f, 0x96, 0x57, 0xf5, 0xff,
    0x92, 0x56, 0xf0, 0xfc, 0x92, 0x55, 0xef, 0xfe, 0x92, 0x55, 0xef, 0xff, 0x92, 0x55, 0xef, 0xff,
    0x92, 0x55, 0xef, 0xff, 0x92, 0x55, 0xef, 0xff, 0x92, 0x55, 0xef, 0xff, 0x92, 0x55, 0xef, 0xff,
    0x92, 0x55, 0xef, 0xff, 0x92, 0x55, 0xef, 0xff, 0x93, 0x56, 0xef, 0xfe, 0x8f, 0x51, 0xee, 0xfc,
    0x79, 0x30, 0xdf, 0xff, 0x74, 0x2c, 0xd8, 0x2e, 0x00, 0x00, 0x00, 0x00, 0x55, 0x00, 0xaa, 0x03,
    0x00, 0x00, 0x00, 0x00, 0x87, 0x3c, 0xe1, 0x11, 0x00, 0x00, 0x00, 0x01, 0x91, 0x55, 0xed, 0x9f,
    0x9d, 0x5b, 0xff, 0xff, 0x91, 0x54, 0xed, 0xfb, 0x92, 0x55, 0xef, 0xff, 0x92, 0x55, 0xef, 0xff,
    0x92, 0x55, 0xef, 0xff, 0x92, 0x55, 0xef, 0xff, 0x92, 0x55, 0xef, 0xff, 0x92, 0x55, 0xef, 0xff,
    0x92, 0x55, 0xef, 0xff, 0x92, 0x54, 0xef, 0xff, 0x94, 0x58, 0xef, 0xfb, 0x8b, 0x43, 0xf5, 0xff,
    0x70, 0x28, 0xd6, 0x9c, 0xff, 0x00, 0xff, 0x01, 0x78, 0x3c, 0xe1, 0x11, 0x00, 0x00, 0x00, 0x00,
    0x00, 0x00, 0x00, 0x00, 0x66, 0x19, 0xd8, 0x14, 0x75, 0x2d, 0xd7, 0x6f, 0xff, 0xff, 0xff, 0x04,
    0x94, 0x56, 0xf2, 0xe6, 0x97, 0x58, 0xf6, 0xff, 0x91, 0x54, 0xed, 0xfd, 0x92, 0x55, 0xef, 0xff,
    0x92, 0x55, 0xef, 0xff, 0x92, 0x55, 0xef, 0xff, 0x92, 0x55, 0xef, 0xff, 0x92, 0x55, 0xef, 0xff,
    0x92, 0x55, 0xef, 0xff, 0x93, 0x56, 0xee, 0xfd, 0x90, 0x4f, 0xf2, 0xff, 0x76, 0x2d, 0xdd, 0xe5,
    0x55, 0x00, 0xff, 0x03, 0x76, 0x2f, 0xda, 0x70, 0x61, 0x18, 0xce, 0x15, 0x00, 0x00, 0x00, 0x00,
    0x7f, 0x3f, 0xff, 0x04, 0xda, 0xda, 0xff, 0x15, 0x75, 0x2d, 0xda, 0x98, 0x71, 0x2a, 0xd4, 0x48,
    0x97, 0x61, 0xf2, 0x2a, 0x97, 0x57, 0xf7, 0xff, 0x94, 0x57, 0xf2, 0xfc, 0x91, 0x54, 0xed, 0xfe,
    0x92, 0x55, 0xef, 0xff, 0x92, 0x55, 0xef, 0xff, 0x92, 0x55, 0xef, 0xff, 0x92, 0x55, 0xef, 0xff,
    0x91, 0x55, 0xed, 0xfe, 0x93, 0x56, 0xf2, 0xfc, 0x7d, 0x36, 0xe5, 0xfe, 0x69, 0x1f, 0xd3, 0x29,
    0x78, 0x31, 0xdb, 0x48, 0x73, 0x2d, 0xda, 0x98, 0xe5, 0xe5, 0xff, 0x14, 0x7f, 0x3f, 0xff, 0x04,
    0x00, 0x00, 0x00, 0x00, 0xb5, 0x94, 0xf5, 0x6c, 0x96, 0x64, 0xe8, 0x38, 0x72, 0x29, 0xd9, 0xd1,
    0x6e, 0x2a, 0xd4, 0x1e, 0x93, 0x5a, 0xee, 0x4c, 0x9b, 0x5a, 0xfd, 0xff, 0x93, 0x56, 0xf1, 0xfc,
    0x91, 0x54, 0xed, 0xfe, 0x92, 0x55, 0xef, 0xff, 0x92, 0x55, 0xef, 0xff, 0x91, 0x54, 0xed, 0xfe,
    0x95, 0x58, 0xf2, 0xfc, 0x86, 0x3f, 0xef, 0xff, 0x6c, 0x25, 0xd2, 0x4b, 0x7f, 0x3b, 0xdd, 0x1e,
    0x72, 0x29, 0xd8, 0xd2, 0x96, 0x64, 0xe8, 0x38, 0xb5, 0x94, 0xf5, 0x6c, 0x00, 0x00, 0x00, 0x00,
    0x00, 0x00, 0x00, 0x00, 0xaa, 0x88, 0xf2, 0x3c, 0xb6, 0x97, 0xf6, 0x97, 0x63, 0x17, 0xd4, 0x36,
    0x74, 0x2c, 0xd8, 0xd0, 0x6e, 0x22, 0xd4, 0x1e, 0x93, 0x57, 0xee, 0x5a, 0x9a, 0x59, 0xfc, 0xff,
    0x94, 0x56, 0xf2, 0xfd, 0x92, 0x54, 0xee, 0xfd, 0x91, 0x54, 0xee, 0xfd, 0x95, 0x58, 0xf2, 0xfe,
    0x8a, 0x44, 0xf0, 0xff, 0x6e, 0x24, 0xd4, 0x5a, 0x7f, 0x33, 0xdd, 0x1e, 0x73, 0x2c, 0xd8, 0xd0,
    0x67, 0x17, 0xd4, 0x36, 0xb6, 0x99, 0xf6, 0x97, 0xae, 0x88, 0xf2, 0x3c, 0x00, 0x00, 0x00, 0x00,
    0xff, 0x7f, 0xff, 0x02, 0x00, 0x00, 0x00, 0x00, 0xad, 0x89, 0xf1, 0x71, 0xb9, 0x9b, 0xf7, 0x85,
    0x7f, 0x43, 0xdf, 0x40, 0x75, 0x2e, 0xd9, 0x9e, 0x6a, 0x20, 0xd5, 0x1f, 0x8f, 0x55, 0xed, 0x57,
    0x96, 0x57, 0xf6, 0xfe, 0x95, 0x56, 0xf3, 0xff, 0x96, 0x59, 0xf4, 0xff, 0x8b, 0x47, 0xee, 0xfe,
    0x71, 0x28, 0xd6, 0x58, 0x7b, 0x31, 0xd5, 0x1f, 0x74, 0x2f, 0xd9, 0x9d, 0x7f, 0x43, 0xdf, 0x40,
    0xb9, 0x9b, 0xf7, 0x85, 0xad, 0x89, 0xf1, 0x71, 0x00, 0x00, 0x00, 0x00, 0xff, 0x7f, 0xff, 0x02,
    0x00, 0x00, 0x00, 0x00, 0x7f, 0x7f, 0xff, 0x02, 0x00, 0x00, 0x00, 0x00, 0xac, 0x8a, 0xf2, 0x3b,
    0xbb, 0xa1, 0xf4, 0x31, 0x00, 0x00, 0x00, 0x00, 0x7f, 0x35, 0xdf, 0x18, 0x00, 0x00, 0x00, 0x00,
    0x91, 0x53, 0xec, 0x46, 0x97, 0x57, 0xf5, 0xee, 0x8d, 0x4b, 0xee, 0xef, 0x72, 0x2b, 0xd7, 0x47,
    0x00, 0x00, 0x00, 0x00, 0x74, 0x35, 0xd4, 0x18, 0x00, 0x00, 0x00, 0x00, 0xbb, 0xa1, 0xf4, 0x31,
    0xac, 0x8a, 0xf2, 0x3b, 0x00, 0x00, 0x00, 0x00, 0x7f, 0x7f, 0xff, 0x02, 0x00, 0x00, 0x00, 0x00,
    0x00, 0x00, 0x00, 0x00, 0x00, 0x00, 0x00, 0x00, 0xff, 0x7f, 0xff, 0x02, 0x00, 0x00, 0x00, 0x00,
    0x00, 0x00, 0x00, 0x00, 0x00, 0x00, 0x00, 0x00, 0x00, 0x00, 0x00, 0x00, 0x66, 0x33, 0xcc, 0x05,
    0x00, 0x00, 0x00, 0x00, 0x8a, 0x4f, 0xe9, 0x30, 0x7a, 0x38, 0xdb, 0x32, 0x00, 0x00, 0x00, 0x00,
    0x7f, 0x3f, 0xff, 0x04, 0x00, 0x00, 0x00, 0x00, 0x00, 0x00, 0x00, 0x00, 0x00, 0x00, 0x00, 0x00,
    0x00, 0x00, 0x00, 0x00, 0xff, 0x7f, 0xff, 0x02, 0x00, 0x00, 0x00, 0x00, 0x00, 0x00, 0x00, 0x00,
};

static const lv_image_dsc_t emoji_img_35 = {
    .header = {
        .magic = LV_IMAGE_HEADER_MAGIC,
        .cf = LV_COLOR_FORMAT_ARGB8888,
        .flags = 0,
        .w = 20,
        .h = 20,
        .stride = 20 * 4,
        .reserved_2 = 0,
    },
    .data_size = sizeof(emoji_img_35_data),
    .data = emoji_img_35_data,
    .reserved = NULL,
    .reserved_2 = NULL,
};

// LVGL image: emoji_img_36 (20x20 ARGB8888, BGRA byte order)
static const uint8_t emoji_img_36_data[] = {
    0x00, 0x00, 0x00, 0x00, 0x00, 0x00, 0x00, 0x00, 0x00, 0x00, 0x00, 0x00, 0x00, 0x00, 0x00, 0x00,
    0x00, 0x00, 0x00, 0x00, 0x00, 0x00, 0x00, 0x00, 0x00, 0x00, 0x00, 0x00, 0x00, 0x00, 0xff, 0x01,
    0x35, 0x43, 0xf4, 0x5f, 0x37, 0x47, 0xf8, 0x4e, 0x28, 0x43, 0xf1, 0x13, 0x00, 0x00, 0x00, 0x00,
    0x00, 0x00, 0xff, 0x01, 0x00, 0x00, 0x00, 0x00, 0x00, 0x00, 0x00, 0x00, 0x00, 0x00, 0x00, 0x00,
    0x00, 0x00, 0x00, 0x00, 0x00, 0x00, 0x00, 0x00, 0x00, 0x00, 0x00, 0x00, 0x00, 0x00, 0x00, 0x00,
    0x00, 0x00, 0x00, 0x00, 0x00, 0x00, 0x00, 0x00, 0x00, 0x00, 0x00, 0x00, 0x00, 0x00, 0x00, 0x00,
    0x00, 0x00, 0x00, 0x00, 0x00, 0x00, 0x00, 0x00, 0x55, 0x55, 0xff, 0x03, 0x00, 0x00, 0x00, 0x01,
    0x35, 0x44, 0xf4, 0x95, 0x3b, 0x49, 0xff, 0xff, 0x37, 0x44, 0xf9, 0xe3, 0x34, 0x44, 0xf4, 0x74,
    0x00, 0x00, 0x00, 0x00, 0x00, 0x7f, 0xff, 0x02, 0x00, 0x00, 0x00, 0x00, 0x00, 0x00, 0x00, 0x00,
    0x00, 0x00, 0x00, 0x00, 0x00, 0x00, 0x00, 0x00, 0x00, 0x00, 0x00, 0x00, 0x00, 0x00, 0x00, 0x00,
    0x00, 0x00, 0x00, 0x00, 0x00, 0x00, 0x00, 0x00, 0x00, 0x00, 0x00, 0x00, 0x00, 0x00, 0x00, 0x00,
    0x00, 0x00, 0x00, 0x00, 0x00, 0x00, 0x00, 0x00, 0x00, 0x00, 0xff, 0x02, 0x00, 0x00, 0x00, 0x00,
    0x33, 0x55, 0xff, 0x0f, 0x30, 0x47, 0xf7, 0xee, 0x32, 0x49, 0xfd, 0xff, 0x38, 0x4c, 0xff, 0xff,
    0x32, 0x44, 0xf2, 0x7f, 0x00, 0x00, 0x00, 0x00, 0x55, 0x55, 0xff, 0x03, 0x00, 0x00, 0x00, 0x00,
    0x00, 0x00, 0x00, 0x00, 0x00, 0x00, 0x00, 0x00, 0x00, 0x00, 0x00, 0x00, 0x00, 0x00, 0x00, 0x00,
    0x00, 0x00, 0x00, 0x00, 0x00, 0x00, 0x00, 0x00, 0x00, 0x00, 0x00, 0x00, 0x00, 0x00, 0x00, 0x00,
    0x00, 0x00, 0x00, 0x00, 0x00, 0x00, 0x00, 0x00, 0x00, 0x00, 0xff, 0x01, 0x00, 0x00, 0xff, 0x01,
    0x33, 0x66, 0xff, 0x05, 0x24, 0x4f, 0xf7, 0xe0, 0x27, 0x51, 0xfc, 0xfe, 0x28, 0x4e, 0xf9, 0xfb,
    0x2d, 0x4a, 0xf8, 0xfb, 0x2e, 0x45, 0xf7, 0x21, 0x00, 0x00, 0x00, 0x00, 0x00, 0x7f, 0xff, 0x02,
    0x00, 0x00, 0x00, 0x00, 0x00, 0x00, 0x00, 0x00, 0x00, 0x00, 0x00, 0x00, 0x00, 0x00, 0x00, 0x00,
    0x00, 0x00, 0x00, 0x00, 0x00, 0x00, 0x00, 0x00, 0x00, 0x00, 0x00, 0x00, 0x00, 0x00, 0x00, 0x00,
    0x00, 0x7f, 0x7f, 0x02, 0x00, 0x00, 0x00, 0x00, 0x00, 0x55, 0xff, 0x03, 0x00, 0x00, 0x00, 0x00,
    0x1a, 0x55, 0xf9, 0x30, 0x1d, 0x59, 0xfc, 0xfb, 0x1d, 0x56, 0xfa, 0xfd, 0x1e, 0x54, 0xf7, 0xfb,
    0x26, 0x57, 0xff, 0xff, 0x27, 0x4d, 0xf7, 0x6d, 0x00, 0x00, 0x00, 0x00, 0x3f, 0x3f, 0xff, 0x04,
    0x00, 0x00, 0x00, 0x00, 0x00, 0x00, 0x00, 0x00, 0x00, 0x00, 0x00, 0x00, 0x00, 0x00, 0x00, 0x00,
    0x00, 0x00, 0x00, 0x00, 0x00, 0x00, 0x00, 0x00, 0x00, 0x00, 0x00, 0x00, 0x00, 0x00, 0x00, 0x00,
    0x00, 0x00, 0x00, 0x00, 0x00, 0x00, 0x00, 0x00, 0x00, 0x55, 0xff, 0x03, 0x1c, 0x55, 0xe2, 0x09,
    0x14, 0x5e, 0xfc, 0xc5, 0x14, 0x62, 0xff, 0xff, 0x14, 0x5e, 0xfa, 0xfd, 0x15, 0x5b, 0xfa, 0xfb,
    0x1d, 0x5e, 0xff, 0xfe, 0x1f, 0x54, 0xf8, 0x94, 0x00, 0x00, 0x00, 0x00, 0x00, 0x3f, 0xff, 0x04,
    0x00, 0x00, 0x00, 0x00, 0x00, 0x00, 0x00, 0x00, 0x00, 0x00, 0x00, 0x00, 0x00, 0x00, 0x00, 0x00,
    0x00, 0x00, 0x00, 0x00, 0x00, 0x00, 0x00, 0x00, 0x00, 0x7f, 0xff, 0x02, 0x00, 0x00, 0x00, 0x00,
    0x1b, 0x52, 0xf8, 0x25, 0x1b, 0x57, 0xfa, 0xa6, 0x00, 0x00, 0x00, 0x00, 0x0e, 0x60, 0xfb, 0xa2,
    0x0c, 0x6b, 0xff, 0xff, 0x09, 0x67, 0xfc, 0xfc, 0x04, 0x60, 0xfd, 0xff, 0x0b, 0x62, 0xfc, 0xfb,
    0x13, 0x66, 0xff, 0xff, 0x16, 0x59, 0xf9, 0x94, 0x00, 0x00, 0x00, 0x00, 0x00, 0x66, 0xff, 0x05,
    0x00, 0x00, 0x00, 0x00, 0x00, 0x00, 0x00, 0x00, 0x00, 0x00, 0x00, 0x00, 0x00, 0x00, 0x00, 0x00,
    0x00, 0x00, 0x00, 0x00, 0x00, 0x00, 0x00, 0x00, 0x00, 0x7f, 0xff, 0x02, 0x00, 0x00, 0x00, 0x00,
    0x1b, 0x57, 0xfa, 0xcc, 0x16, 0x5a, 0xf9, 0xcb, 0x08, 0x69, 0xff, 0x3a, 0x06, 0x6e, 0xff, 0xff,
    0x02, 0x6d, 0xff, 0xfb, 0x00, 0x64, 0xff, 0xff, 0x25, 0x97, 0xff, 0xff, 0x1e, 0x8d, 0xff, 0xfb,
    0x04, 0x67, 0xff, 0xff, 0x0f, 0x66, 0xfc, 0x73, 0x00, 0x00, 0xff, 0x01, 0x00, 0xaa, 0xff, 0x03,
    0x00, 0x00, 0xff, 0x01, 0x00, 0x00, 0x00, 0x00, 0x00, 0x00, 0x00, 0x00, 0x00, 0x00, 0x00, 0x00,
    0x00, 0x00, 0x00, 0x00, 0x00, 0x55, 0xff, 0x03, 0x00, 0x00, 0x00, 0x00, 0x1e, 0x56, 0xf7, 0x44,
    0x19, 0x65, 0xff, 0xff, 0x0d, 0x62, 0xfc, 0xbd, 0x03, 0x6a, 0xff, 0xa7, 0x01, 0x77, 0xff, 0xfe,
    0x00, 0x6b, 0xff, 0xfc, 0x1e, 0x93, 0xff, 0xff, 0x75, 0xf0, 0xff, 0xff, 0x0f, 0x83, 0xff, 0xfd,
    0x00, 0x6d, 0xff, 0xff, 0x07, 0x6e, 0xff, 0x45, 0x00, 0x00, 0x00, 0x00, 0x00, 0x3f, 0xff, 0x04,
    0x00, 0x00, 0x00, 0x00, 0x00, 0x00, 0x00, 0x00, 0x00, 0x00, 0x00, 0x00, 0x00, 0x00, 0x00, 0x00,
    0x00, 0x00, 0x00, 0x00, 0x00, 0x3f, 0xff, 0x04, 0x00, 0x00, 0x00, 0x00, 0x17, 0x59, 0xf8, 0xa0,
    0x11, 0x68, 0xff, 0xfd, 0x04, 0x69, 0xfd, 0xf0, 0x00, 0x70, 0xff, 0xef, 0x01, 0x76, 0xff, 0xff,
    0x03, 0x79, 0xff, 0xfe, 0x68, 0xe4, 0xff, 0xff, 0x71, 0xeb, 0xff, 0xff, 0x04, 0x7b, 0xff, 0xfc,
    0x00, 0x78, 0xff, 0xff, 0x02, 0x6f, 0xff, 0x59, 0x0d, 0x5d, 0xff, 0x13, 0x13, 0x5f, 0xfc, 0xc2,
    0x1d, 0x58, 0xf5, 0x1a, 0x00, 0x00, 0x00, 0x00, 0x00, 0x00, 0xff, 0x01, 0x00, 0x00, 0x00, 0x00,
    0x00, 0x00, 0x00, 0x00, 0x00, 0x00, 0x00, 0x00, 0x00, 0x00, 0x00, 0x00, 0x13, 0x5d, 0xfb, 0xd1,
    0x08, 0x6a, 0xff, 0xff, 0x00, 0x6f, 0xff, 0xff, 0x02, 0x78, 0xff, 0xff, 0x00, 0x74, 0xff, 0xff,
    0x25, 0xa4, 0xff, 0xff, 0x7e, 0xf9, 0xff, 0xff, 0x71, 0xed, 0xff, 0xff, 0x0d, 0x8b, 0xff, 0xfe,
    0x01, 0x78, 0xff, 0xff, 0x01, 0x73, 0xfd, 0xf3, 0x02, 0x6c, 0xff, 0xe5, 0x10, 0x6d, 0xff, 0xff,
    0x17, 0x5a, 0xfb, 0x85, 0x00, 0x00, 0x00, 0x00, 0x00, 0x3f, 0xff, 0x04, 0x00, 0x00, 0x00, 0x00,
    0x00, 0x00, 0xff, 0x01, 0x00, 0x00, 0x00, 0x00, 0x1c, 0x38, 0xff, 0x09, 0x0e, 0x61, 0xfc, 0xe3,
    0x02, 0x6e, 0xff, 0xff, 0x00, 0x73, 0xff, 0xfd, 0x03, 0x7d, 0xff, 0xfe, 0x01, 0x7c, 0xff, 0xff,
    0x4b, 0xc7, 0xff, 0xff, 0x80, 0xf7, 0xff, 0xff, 0x7e, 0xf7, 0xff, 0xff, 0x37, 0xb6, 0xff, 0xff,
    0x00, 0x76, 0xff, 0xff, 0x02, 0x7c, 0xff, 0xff, 0x00, 0x72, 0xff, 0xff, 0x08, 0x6a, 0xff, 0xfd,
    0x13, 0x5d, 0xfb, 0xcd, 0x00, 0x00, 0x00, 0x00, 0x00, 0x00, 0xff, 0x01, 0x00, 0x00, 0x00, 0x00,
    0x00, 0x00, 0xff, 0x01, 0x00, 0x00, 0x00, 0x00, 0x2a, 0x55, 0xff, 0x06, 0x07, 0x66, 0xfd, 0xe0,
    0x00, 0x72, 0xff, 0xff, 0x00, 0x79, 0xff, 0xfd, 0x00, 0x81, 0xff, 0xff, 0x00, 0x7f, 0xff, 0xff,
    0x5d, 0xd4, 0xff, 0xff, 0x87, 0xf8, 0xff, 0xff, 0x7e, 0xf2, 0xff, 0xff, 0x7e, 0xf0, 0xff, 0xff,
    0x15, 0x96, 0xff, 0xff, 0x00, 0x79, 0xff, 0xfe, 0x01, 0x76, 0xff, 0xfc, 0x03, 0x6e, 0xff, 0xff,
    0x0f, 0x5f, 0xfb, 0xe2, 0x24, 0x48, 0xff, 0x07, 0x00, 0x00, 0x00, 0x00, 0x00, 0x00, 0xff, 0x01,
    0x00, 0x00, 0x00, 0x00, 0x00, 0x7f, 0xff, 0x02, 0x00, 0x00, 0x00, 0x00, 0x02, 0x69, 0xff, 0xc1,
    0x00, 0x79, 0xff, 0xfe, 0x00, 0x7b, 0xff, 0xfc, 0x13, 0x94, 0xff, 0xff, 0x2d, 0xab, 0xff, 0xff,
    0x38, 0xba, 0xff, 0xff, 0x95, 0xfb, 0xff, 0xff, 0x83, 0xf0, 0xff, 0xff, 0x93, 0xf9, 0xff, 0xff,
    0x74, 0xdf, 0xff, 0xff, 0x04, 0x82, 0xff, 0xff, 0x01, 0x78, 0xff, 0xfd, 0x01, 0x72, 0xff, 0xff,
    0x0a, 0x65, 0xfd, 0xdb, 0x55, 0x55, 0xff, 0x03, 0x00, 0x00, 0x00, 0x00, 0x00, 0x00, 0xff, 0x01,
    0x00, 0x00, 0x00, 0x00, 0x00, 0x7f, 0xff, 0x04, 0x00, 0x00, 0x00, 0x00, 0x02, 0x6d, 0xff, 0x7b,
    0x02, 0x80, 0xff, 0xff, 0x00, 0x7a, 0xff, 0xfb, 0x3a, 0xaf, 0xff, 0xff, 0x9e, 0xf3, 0xff, 0xff,
    0x57, 0xcb, 0xff, 0xff, 0x9a, 0xf7, 0xff, 0xff, 0x94, 0xf4, 0xff, 0xff, 0x94, 0xf2, 0xff, 0xff,
    0xaa, 0xfd, 0xff, 0xff, 0x3b, 0xaf, 0xff, 0xff, 0x00, 0x76, 0xff, 0xfc, 0x03, 0x79, 0xff, 0xfd,
    0x04, 0x68, 0xff, 0xb9, 0x00, 0x00, 0x00, 0x00, 0x00, 0x7f, 0xff, 0x02, 0x00, 0x00, 0x00, 0x00,
    0x00, 0x00, 0x00, 0x00, 0x00, 0x7f, 0xff, 0x02, 0x00, 0x00, 0x00, 0x00, 0x00, 0x72, 0xff, 0x1d,
    0x03, 0x7d, 0xff, 0xf6, 0x00, 0x80, 0xff, 0xfc, 0x55, 0xbd, 0xff, 0xfe, 0xc1, 0xff, 0xff, 0xff,
    0xab, 0xf9, 0xff, 0xff, 0xa2, 0xf5, 0xff, 0xff, 0xa2, 0xf5, 0xff, 0xff, 0xa1, 0xf4, 0xff, 0xff,
    0xb6, 0xfd, 0xff, 0xff, 0x6c, 0xcc, 0xff, 0xff, 0x00, 0x78, 0xff, 0xfa, 0x03, 0x7f, 0xff, 0xff,
    0x02, 0x6a, 0xfc, 0x62, 0x00, 0x00, 0x00, 0x00, 0x00, 0x7f, 0xff, 0x04, 0x00, 0x00, 0x00, 0x00,
    0x00, 0x00, 0x00, 0x00, 0x00, 0x00, 0x00, 0x00, 0x00, 0xaa, 0xff, 0x03, 0x00, 0x00, 0x00, 0x00,
    0x06, 0x80, 0xff, 0x75, 0x00, 0x8e, 0xff, 0xff, 0x3f, 0xb4, 0xff, 0xfa, 0xcc, 0xff, 0xff, 0xfc,
    0xb7, 0xf6, 0xff, 0xff, 0xb2, 0xf7, 0xff, 0xff, 0xb1, 0xf7, 0xff, 0xff, 0xb2, 0xf6, 0xff, 0xff,
    0xcd, 0xff, 0xff, 0xfe, 0x68, 0xc7, 0xff, 0xf9, 0x00, 0x84, 0xff, 0xff, 0x03, 0x79, 0xff, 0xca,
    0x00, 0x55, 0xff, 0x06, 0x00, 0x7f, 0xff, 0x02, 0x00, 0x00, 0x00, 0x00, 0x00, 0x00, 0x00, 0x00,
    0x00, 0x00, 0x00, 0x00, 0x00, 0x00, 0x00, 0x00, 0x00, 0x00, 0x00, 0x00, 0x00, 0xaa, 0xff, 0x03,
    0x00, 0x00, 0x00, 0x00, 0x01, 0x8a, 0xff, 0x91, 0x06, 0xa3, 0xff, 0xff, 0x77, 0xdf, 0xff, 0xff,
    0xb7, 0xf6, 0xff, 0xff, 0xc0, 0xf9, 0xff, 0xfd, 0xc3, 0xfa, 0xff, 0xfc, 0xc0, 0xf8, 0xff, 0xfd,
    0xa4, 0xf0, 0xff, 0xff, 0x1c, 0xad, 0xff, 0xff, 0x00, 0x83, 0xff, 0xd5, 0x08, 0x83, 0xff, 0x1d,
    0x00, 0x00, 0x00, 0x00, 0x00, 0x7f, 0xff, 0x02, 0x00, 0x00, 0x00, 0x00, 0x00, 0x00, 0x00, 0x00,
    0x00, 0x00, 0x00, 0x00, 0x00, 0x00, 0x00, 0x00, 0x00, 0x00, 0x00, 0x00, 0x00, 0x00, 0x00, 0x00,
    0x00, 0x7f, 0xff, 0x02, 0x01, 0x00, 0x00, 0x00, 0x00, 0x92, 0xff, 0x57, 0x0a, 0xa2, 0xff, 0xca,
    0x3e, 0xbe, 0xff, 0xfc, 0x60, 0xd4, 0xff, 0xff, 0x68, 0xd9, 0xff, 0xff, 0x56, 0xce, 0xff, 0xff,
    0x1f, 0xad, 0xff, 0xeb, 0x00, 0x8f, 0xff, 0x92, 0x0f, 0x87, 0xff, 0x11, 0x00, 0x00, 0x00, 0x00,
    0x00, 0x7f, 0xff, 0x02, 0x00, 0x00, 0x00, 0x00, 0x00, 0x00, 0x00, 0x00, 0x00, 0x00, 0x00, 0x00,
    0x00, 0x00, 0x00, 0x00, 0x00, 0x00, 0x00, 0x00, 0x00, 0x00, 0x00, 0x00, 0x00, 0x00, 0x00, 0x00,
    0x00, 0x00, 0x00, 0x00, 0x00, 0x7f, 0xff, 0x02, 0x00, 0x00, 0x00, 0x00, 0x00, 0x00, 0x00, 0x00,
    0x00, 0x8c, 0xff, 0x33, 0x02, 0x9f, 0xff, 0x5d, 0x07, 0xa2, 0xff, 0x66, 0x00, 0x96, 0xff, 0x53,
    0x00, 0x7a, 0xff, 0x1b, 0x01, 0x00, 0x00, 0x00, 0x00, 0x00, 0x00, 0x00, 0x00, 0x7f, 0xff, 0x02,
    0x00, 0x00, 0x00, 0x00, 0x00, 0x00, 0x00, 0x00, 0x00, 0x00, 0x00, 0x00, 0x00, 0x00, 0x00, 0x00,
};

static const lv_image_dsc_t emoji_img_36 = {
    .header = {
        .magic = LV_IMAGE_HEADER_MAGIC,
        .cf = LV_COLOR_FORMAT_ARGB8888,
        .flags = 0,
        .w = 20,
        .h = 20,
        .stride = 20 * 4,
        .reserved_2 = 0,
    },
    .data_size = sizeof(emoji_img_36_data),
    .data = emoji_img_36_data,
    .reserved = NULL,
    .reserved_2 = NULL,
};

// LVGL image: emoji_img_37 (20x20 ARGB8888, BGRA byte order)
static const uint8_t emoji_img_37_data[] = {
    0x00, 0x00, 0x00, 0x00, 0x00, 0x00, 0x00, 0x00, 0x00, 0x00, 0x00, 0x00, 0x00, 0x00, 0x00, 0x00,
    0x00, 0x00, 0x00, 0x00, 0x00, 0x00, 0x00, 0x00, 0x00, 0x00, 0xff, 0x01, 0x00, 0x00, 0x00, 0x00,
    0x38, 0x45, 0xf6, 0x3b, 0x36, 0x44, 0xf5, 0x38, 0x00, 0x00, 0x00, 0x00, 0x00, 0x7f, 0xff, 0x04,
    0x00, 0xff, 0xff, 0x01, 0x00, 0x7f, 0xff, 0x02, 0x09, 0xbc, 0xff, 0x1b, 0x00, 0xff, 0xff, 0x02,
    0x00, 0x00, 0x00, 0x00, 0x00, 0x00, 0x00, 0x00, 0x00, 0x00, 0x00, 0x00, 0x00, 0x00, 0x00, 0x00,
    0x00, 0x00, 0x00, 0x00, 0x55, 0xaa, 0x55, 0x03, 0x00, 0x7f, 0xff, 0x02, 0xf2, 0xa6, 0x03, 0x54,
    0xf2, 0xa7, 0x03, 0x52, 0x00, 0x00, 0xff, 0x01, 0xff, 0xff, 0x00, 0x01, 0x35, 0x43, 0xf4, 0x8f,
    0x3e, 0x4d, 0xff, 0xff, 0x35, 0x43, 0xf4, 0xdf, 0x2a, 0x2a, 0xd4, 0x06, 0x00, 0x00, 0x00, 0x00,
    0x00, 0x00, 0x00, 0x00, 0x06, 0xc0, 0xff, 0x6e, 0x06, 0xc1, 0xff, 0xed, 0x55, 0xc6, 0xff, 0x09,
    0xb5, 0x92, 0xf8, 0x49, 0xb0, 0x8f, 0xf4, 0x65, 0x00, 0x00, 0x00, 0x00, 0xff, 0xff, 0xff, 0x01,
    0x00, 0x00, 0x00, 0x00, 0x03, 0x00, 0x00, 0x00, 0x00, 0x00, 0x00, 0x00, 0xf3, 0xa8, 0x02, 0xcf,
    0xf1, 0xa8, 0x07, 0xaa, 0x00, 0x00, 0x00, 0x00, 0x3d, 0x48, 0xe9, 0x5f, 0x3a, 0x48, 0xff, 0xff,
    0x36, 0x42, 0xf8, 0x76, 0x32, 0x44, 0xf1, 0x38, 0x00, 0x00, 0x00, 0x00, 0x00, 0x8c, 0xfb, 0x86,
    0x01, 0x89, 0xfb, 0x89, 0x19, 0xc4, 0xff, 0x3d, 0x04, 0xc2, 0xff, 0x6d, 0xff, 0x3f, 0xbf, 0x04,
    0xb1, 0x90, 0xf6, 0xf8, 0xb1, 0x8f, 0xf5, 0xf8, 0xa2, 0x8b, 0xe7, 0x0b, 0x00, 0x00, 0x00, 0x00,
    0x00, 0x00, 0x00, 0x00, 0x08, 0x8c, 0xf6, 0x1d, 0x00, 0x91, 0xff, 0x33, 0xef, 0xa7, 0x07, 0x20,
    0xce, 0xa5, 0x30, 0x25, 0x00, 0x00, 0x00, 0x00, 0x36, 0x43, 0xf3, 0xc8, 0x34, 0x42, 0xf1, 0x96,
    0x34, 0x41, 0xf1, 0x27, 0x3a, 0x4c, 0xff, 0x7f, 0x3f, 0x2f, 0xef, 0x20, 0x00, 0x90, 0xfa, 0x7d,
    0x00, 0x8b, 0xfc, 0xb3, 0x00, 0x00, 0x00, 0x00, 0x00, 0x00, 0x00, 0x00, 0x7f, 0x7f, 0xff, 0x02,
    0xb0, 0x8e, 0xf4, 0x93, 0xc2, 0x9c, 0xfe, 0xff, 0xae, 0x8d, 0xf0, 0x36, 0x00, 0x00, 0x00, 0x00,
    0x00, 0x00, 0x00, 0x00, 0x00, 0x8b, 0xfa, 0x73, 0x00, 0x96, 0xff, 0xff, 0x00, 0x8a, 0xff, 0x18,
    0x00, 0x00, 0x00, 0x00, 0x00, 0x00, 0x00, 0x00, 0x34, 0x42, 0xf5, 0xb7, 0x38, 0x46, 0xfa, 0xd8,
    0x35, 0x42, 0xf4, 0xee, 0x38, 0x47, 0xfb, 0xe2, 0x37, 0x42, 0xf3, 0xde, 0x00, 0x00, 0xff, 0x04,
    0xb1, 0x8e, 0xf3, 0x2b, 0xbb, 0x9b, 0xfc, 0x66, 0xaa, 0x94, 0xf6, 0x3c, 0x00, 0x00, 0x00, 0x00,
    0xb0, 0x8e, 0xf3, 0x44, 0xc9, 0xa1, 0xff, 0xfc, 0xb1, 0x90, 0xf6, 0x55, 0x00, 0x00, 0x00, 0x00,
    0x00, 0x00, 0xff, 0x01, 0x00, 0x7f, 0xff, 0x04, 0x00, 0x8e, 0xfb, 0x44, 0x24, 0x91, 0xda, 0x0e,
    0x17, 0xb9, 0xf3, 0x2c, 0x00, 0x01, 0x00, 0x00, 0x33, 0x47, 0xf2, 0x4f, 0x3e, 0x4e, 0xff, 0xff,
    0x36, 0x43, 0xf6, 0x9e, 0x38, 0x46, 0xf3, 0x5b, 0x34, 0x43, 0xfb, 0xff, 0x7b, 0x6b, 0xf7, 0x40,
    0xb6, 0x92, 0xf5, 0xed, 0xbc, 0x98, 0xff, 0xff, 0xbf, 0x9b, 0xff, 0xff, 0xaf, 0x90, 0xf5, 0xa6,
    0xb0, 0x8f, 0xf3, 0xb2, 0xc8, 0xa1, 0xff, 0xff, 0xae, 0x8e, 0xf4, 0x46, 0x00, 0x00, 0x00, 0x00,
    0x00, 0x00, 0x00, 0x00, 0x00, 0x00, 0x00, 0x00, 0x00, 0x00, 0x00, 0x00, 0x09, 0xc4, 0xff, 0x1a,
    0x08, 0xcb, 0xff, 0xff, 0x06, 0xc5, 0xff, 0x7d, 0x01, 0x00, 0x00, 0x00, 0x2d, 0x35, 0xdc, 0xea,
    0x36, 0x3e, 0xf3, 0xf4, 0x3a, 0x44, 0xfa, 0xfb, 0x2b, 0x3f, 0xf5, 0x81, 0xbf, 0x97, 0xf7, 0x40,
    0xc7, 0xa1, 0xff, 0xff, 0xac, 0x8c, 0xf0, 0x69, 0xbc, 0x8c, 0xf1, 0x60, 0xc4, 0x93, 0xf9, 0xe6,
    0xbb, 0x97, 0xff, 0xff, 0xaf, 0x8e, 0xf3, 0xb1, 0xaa, 0x8d, 0xe2, 0x09, 0xff, 0xff, 0xff, 0x01,
    0x00, 0x00, 0x00, 0x00, 0x00, 0x00, 0xff, 0x01, 0x00, 0x7f, 0xff, 0x04, 0x00, 0xbf, 0xff, 0x08,
    0x06, 0xc7, 0xff, 0x52, 0x08, 0xc3, 0xff, 0x3c, 0x00, 0xea, 0xff, 0x3e, 0x2b, 0x4b, 0xea, 0xef,
    0x2c, 0x55, 0xf2, 0xb1, 0x2c, 0x9f, 0xff, 0x28, 0x00, 0x00, 0x00, 0x00, 0x00, 0x00, 0x00, 0x00,
    0xb4, 0x93, 0xf7, 0xf4, 0xbb, 0x8f, 0xf3, 0x9b, 0x00, 0x8c, 0xff, 0x1d, 0x0e, 0x8c, 0xfa, 0xab,
    0xbb, 0x9d, 0xf0, 0x22, 0x00, 0x00, 0x00, 0x00, 0x00, 0x00, 0x00, 0x00, 0x00, 0x00, 0x00, 0x00,
    0x00, 0x00, 0x00, 0x00, 0x00, 0x00, 0x00, 0x00, 0x00, 0x00, 0x00, 0x00, 0x00, 0x00, 0x00, 0x00,
    0x00, 0x00, 0x00, 0x00, 0x08, 0xc0, 0xff, 0x8e, 0x13, 0x8c, 0xc1, 0xff, 0x2d, 0x47, 0xce, 0xfd,
    0x2a, 0x58, 0xe7, 0xff, 0x00, 0xa1, 0xcf, 0xd2, 0x60, 0xa3, 0xfc, 0x62, 0xbd, 0x88, 0xf0, 0x7d,
    0xb9, 0x98, 0xfe, 0xff, 0xbb, 0x8e, 0xf3, 0xc0, 0x0b, 0x8e, 0xff, 0x2b, 0x00, 0x8b, 0xf8, 0xa6,
    0x00, 0x00, 0x00, 0x00, 0x00, 0x00, 0x01, 0x00, 0x00, 0x00, 0x01, 0x00, 0x00, 0x00, 0x00, 0x00,
    0x00, 0x00, 0x00, 0x00, 0x00, 0x00, 0x00, 0x00, 0x00, 0xaa, 0xff, 0x03, 0x00, 0xff, 0xff, 0x01,
    0x00, 0xdd, 0xff, 0x45, 0x10, 0xaf, 0xf1, 0xff, 0x25, 0x32, 0x5c, 0xfc, 0x32, 0x41, 0xce, 0xff,
    0x21, 0x3a, 0xbf, 0xff, 0x34, 0x5b, 0x9d, 0xff, 0xbd, 0xa3, 0xff, 0xff, 0xb3, 0x92, 0xf7, 0xfe,
    0xb7, 0x93, 0xf9, 0xb7, 0xb8, 0x97, 0xf4, 0x2f, 0x02, 0x00, 0x00, 0x00, 0x00, 0x00, 0x00, 0x00,
    0xf3, 0xa4, 0x0b, 0x41, 0xfa, 0xb6, 0x02, 0xbb, 0xf3, 0xa9, 0x02, 0x56, 0x00, 0x00, 0x00, 0x00,
    0x00, 0x00, 0x00, 0x00, 0x00, 0x00, 0x00, 0x00, 0x00, 0xaa, 0xff, 0x03, 0x00, 0x00, 0x00, 0x00,
    0x02, 0xc4, 0xff, 0xaf, 0x2b, 0xa5, 0xd6, 0xfe, 0x2d, 0x36, 0x80, 0xfb, 0x34, 0x45, 0xf2, 0xff,
    0x18, 0x41, 0x8b, 0xff, 0x9e, 0x84, 0xdd, 0xfb, 0x7c, 0x7d, 0xd3, 0xfc, 0x0a, 0xa0, 0xe2, 0xcc,
    0x00, 0x00, 0x00, 0x00, 0x34, 0x3d, 0xe7, 0x6b, 0x2b, 0x3e, 0xff, 0xc9, 0xd9, 0xa0, 0x33, 0x36,
    0xf6, 0xad, 0x03, 0xfc, 0xff, 0xc3, 0x04, 0xff, 0xf4, 0xa9, 0x02, 0x74, 0x00, 0x00, 0x00, 0x00,
    0x00, 0x00, 0x00, 0x00, 0x00, 0x7f, 0xff, 0x02, 0x01, 0x00, 0x00, 0x00, 0x00, 0x64, 0xf5, 0x1c,
    0x0f, 0xaf, 0xff, 0xf5, 0x5a, 0xc3, 0xe5, 0xfe, 0x31, 0x3c, 0x7e, 0xfe, 0x26, 0x40, 0x94, 0xff,
    0x26, 0x45, 0x81, 0xff, 0x73, 0x73, 0xd9, 0xff, 0x04, 0x36, 0x8a, 0xfd, 0x06, 0x80, 0xc2, 0xff,
    0x00, 0xff, 0xff, 0x26, 0x32, 0x25, 0xff, 0x3d, 0x25, 0x3a, 0xff, 0x87, 0xf7, 0xab, 0x0b, 0x84,
    0xff, 0xb8, 0x04, 0xff, 0xf2, 0xa7, 0x03, 0x52, 0xff, 0xa2, 0x00, 0x0b, 0xff, 0xff, 0x00, 0x02,
    0x00, 0x00, 0x00, 0x00, 0x00, 0xbf, 0xff, 0x04, 0x01, 0x00, 0x00, 0x00, 0x00, 0xad, 0xff, 0x6e,
    0x33, 0xbd, 0xff, 0xff, 0x71, 0xe5, 0xff, 0xfb, 0x2d, 0x6f, 0x9f, 0xff, 0x25, 0x30, 0x61, 0xff,
    0x37, 0x4f, 0x71, 0xff, 0x52, 0x5e, 0x58, 0xff, 0x80, 0x75, 0x45, 0xfd, 0xeb, 0xa5, 0x0b, 0xfd,
    0xf2, 0xae, 0x0b, 0xda, 0xff, 0xc3, 0x00, 0x2b, 0x00, 0x00, 0x00, 0x00, 0xf5, 0xa9, 0x01, 0xb6,
    0xf3, 0xa7, 0x04, 0xf3, 0x00, 0x00, 0x03, 0x00, 0x00, 0x00, 0x01, 0x00, 0xff, 0xff, 0x00, 0x01,
    0x00, 0x00, 0x00, 0x00, 0x00, 0x7f, 0xff, 0x02, 0x00, 0x00, 0x00, 0x00, 0x09, 0xbf, 0xff, 0xc4,
    0x63, 0xd0, 0xff, 0xff, 0x41, 0xce, 0xff, 0xfc, 0x05, 0xbe, 0xf6, 0xff, 0x1a, 0x55, 0x97, 0xff,
    0x66, 0x52, 0x46, 0xff, 0xe7, 0x9d, 0x07, 0xff, 0xe5, 0x92, 0x02, 0xfc, 0x99, 0x9b, 0x51, 0xfc,
    0xdc, 0xb1, 0x23, 0xe0, 0xff, 0xad, 0x03, 0xff, 0xed, 0xa6, 0x0b, 0xb0, 0xfd, 0xb1, 0x03, 0xff,
    0xf4, 0xa9, 0x01, 0xc8, 0x01, 0x00, 0x00, 0x00, 0x03, 0x00, 0x00, 0x00, 0x00, 0x00, 0x00, 0x00,
    0x00, 0x7f, 0xff, 0x02, 0x01, 0x00, 0x00, 0x00, 0x00, 0x72, 0xff, 0x26, 0x2e, 0xba, 0xfd, 0xfb,
    0x64, 0xd2, 0xff, 0xfe, 0x06, 0x9d, 0xfd, 0xfe, 0x05, 0xc7, 0xff, 0xff, 0x09, 0xc2, 0xfa, 0xfe,
    0x14, 0x82, 0xbe, 0xfc, 0x1b, 0x5f, 0x99, 0xfc, 0x13, 0x7c, 0xbc, 0xff, 0x00, 0xaa, 0xfd, 0xd6,
    0x00, 0xff, 0xff, 0x0c, 0xfd, 0xa9, 0x00, 0x86, 0xfd, 0xb1, 0x00, 0xf2, 0xfd, 0xb0, 0x02, 0xdc,
    0xdf, 0xa5, 0x22, 0x4a, 0x03, 0x92, 0xff, 0x4b, 0x17, 0x8f, 0xe7, 0x20, 0x00, 0x00, 0x00, 0x00,
    0x00, 0xbf, 0xff, 0x04, 0x00, 0x00, 0x00, 0x00, 0x08, 0xc0, 0xff, 0x76, 0x5a, 0xcd, 0xff, 0xff,
    0x27, 0xca, 0xff, 0xfb, 0x00, 0xa4, 0xff, 0xfe, 0x04, 0x99, 0xff, 0xfb, 0x05, 0xba, 0xff, 0xff,
    0x06, 0xd6, 0xff, 0xff, 0x05, 0xcc, 0xff, 0xff, 0x04, 0xd0, 0xff, 0xba, 0x1f, 0xd8, 0xf8, 0x28,
    0x00, 0x00, 0x00, 0x00, 0x00, 0x00, 0x0c, 0x00, 0x69, 0x63, 0xb4, 0x29, 0xff, 0x7f, 0x00, 0x06,
    0x00, 0x7f, 0xff, 0x12, 0x00, 0x92, 0xff, 0xfc, 0x02, 0x8d, 0xfc, 0x67, 0x00, 0x00, 0x00, 0x00,
    0xff, 0xff, 0xff, 0x01, 0x00, 0x00, 0x00, 0x00, 0x33, 0xbb, 0xff, 0xcb, 0x49, 0xd0, 0xff, 0xfd,
    0x00, 0x99, 0xff, 0xf9, 0x09, 0xc8, 0xff, 0xff, 0x05, 0xbe, 0xff, 0xff, 0x02, 0x9d, 0xfd, 0xf7,
    0x04, 0xa8, 0xfb, 0xa5, 0x08, 0xc3, 0xf6, 0x3c, 0x00, 0x00, 0x00, 0x00, 0x01, 0x00, 0x00, 0x00,
    0xff, 0xff, 0xff, 0x01, 0x3a, 0x44, 0xec, 0x7b, 0x32, 0x41, 0xf8, 0xe2, 0x00, 0x00, 0x01, 0x00,
    0x00, 0xff, 0x00, 0x01, 0x00, 0x7f, 0xf3, 0x16, 0x00, 0x00, 0x00, 0x00, 0x00, 0x00, 0x00, 0x00,
    0x00, 0x00, 0x00, 0x00, 0x18, 0xc7, 0xff, 0x29, 0x46, 0xbd, 0xff, 0xfb, 0x10, 0xbe, 0xff, 0xff,
    0x04, 0xbb, 0xff, 0xff, 0x03, 0x9f, 0xfd, 0xea, 0x07, 0xc8, 0xff, 0x8c, 0x06, 0xca, 0xff, 0x27,
    0x00, 0x00, 0x00, 0x00, 0x00, 0x00, 0x00, 0x00, 0x00, 0xff, 0xff, 0x01, 0x3f, 0x7f, 0xff, 0x04,
    0x00, 0x00, 0x00, 0x00, 0x38, 0x44, 0xf3, 0x2d, 0x37, 0x44, 0xf1, 0x9c, 0x2a, 0x2a, 0xd4, 0x06,
    0xbf, 0x91, 0xec, 0x1c, 0xbd, 0x95, 0xf9, 0xd7, 0xb5, 0x8e, 0xf3, 0x42, 0x00, 0x00, 0x00, 0x00,
    0x00, 0x00, 0x00, 0x00, 0x11, 0xc5, 0xff, 0x66, 0x16, 0xd7, 0xff, 0xff, 0x00, 0x9e, 0xff, 0xd8,
    0x08, 0xc1, 0xff, 0x74, 0x00, 0xaa, 0xff, 0x15, 0x00, 0x00, 0x00, 0x00, 0x00, 0x00, 0x00, 0x00,
    0x00, 0xaa, 0xff, 0x03, 0x00, 0xff, 0xff, 0x02, 0x00, 0x00, 0x00, 0x00, 0x00, 0x00, 0x00, 0x00,
    0x00, 0x00, 0x00, 0x00, 0x00, 0x00, 0x00, 0x00, 0x00, 0x00, 0x00, 0x00, 0x7f, 0x7f, 0x7f, 0x02,
    0xaa, 0x7f, 0xe9, 0x0c, 0xb5, 0x93, 0xf7, 0xa9, 0xb0, 0x8f, 0xf4, 0x65, 0x00, 0x00, 0x00, 0x00,
    0x00, 0x00, 0x00, 0x00, 0x00, 0xbc, 0xff, 0x2a, 0x00, 0xcd, 0xff, 0x57, 0x17, 0xff, 0xff, 0x0b,
    0x00, 0x00, 0x00, 0x00, 0x00, 0x00, 0x00, 0x00, 0x00, 0xbf, 0xff, 0x04, 0x00, 0x7f, 0xff, 0x02,
    0x00, 0x00, 0x00, 0x00, 0x00, 0x00, 0x00, 0x00, 0x00, 0x00, 0x00, 0x00, 0x00, 0x00, 0x00, 0x00,
    0x00, 0x00, 0x00, 0x00, 0x00, 0x00, 0xff, 0x01, 0x3f, 0x3f, 0xbf, 0x04, 0x00, 0x00, 0x00, 0x00,
    0x00, 0x00, 0x00, 0x00, 0x00, 0x00, 0x00, 0x00, 0x00, 0x00, 0x00, 0x00, 0x00, 0x00, 0x00, 0x00,
};

static const lv_image_dsc_t emoji_img_37 = {
    .header = {
        .magic = LV_IMAGE_HEADER_MAGIC,
        .cf = LV_COLOR_FORMAT_ARGB8888,
        .flags = 0,
        .w = 20,
        .h = 20,
        .stride = 20 * 4,
        .reserved_2 = 0,
    },
    .data_size = sizeof(emoji_img_37_data),
    .data = emoji_img_37_data,
    .reserved = NULL,
    .reserved_2 = NULL,
};

// LVGL image: emoji_img_38 (20x20 ARGB8888, BGRA byte order)
static const uint8_t emoji_img_38_data[] = {
    0x00, 0x00, 0x00, 0x00, 0x00, 0x00, 0x00, 0x00, 0x00, 0x7f, 0xff, 0x02, 0x00, 0x00, 0x00, 0x00,
    0x00, 0xaa, 0xff, 0x15, 0x26, 0xd8, 0xff, 0x63, 0x3b, 0xe5, 0xff, 0x79, 0x07, 0xc4, 0xff, 0x41,
    0x00, 0x00, 0x00, 0x00, 0x00, 0x00, 0x00, 0x00, 0x00, 0x7f, 0xff, 0x02, 0x00, 0x00, 0x00, 0x00,
    0x12, 0xc8, 0xff, 0x46, 0x31, 0xde, 0xff, 0x94, 0x29, 0xd7, 0xff, 0x9a, 0x02, 0xc2, 0xff, 0x59,
    0x00, 0x00, 0x00, 0x00, 0x00, 0x00, 0x00, 0x00, 0x00, 0xff, 0xff, 0x01, 0x00, 0x00, 0x00, 0x00,
    0x00, 0x00, 0x00, 0x00, 0x00, 0x7f, 0xff, 0x02, 0x00, 0x00, 0x00, 0x00, 0x0a, 0xc0, 0xff, 0x49,
    0x02, 0xc5, 0xff, 0xe2, 0x29, 0xdd, 0xff, 0xff, 0x3f, 0xe9, 0xff, 0xff, 0x09, 0xc6, 0xfe, 0xff,
    0x06, 0xc3, 0xfd, 0xaa, 0x00, 0xc8, 0xff, 0x0e, 0x00, 0x00, 0x00, 0x00, 0x01, 0xbb, 0xfd, 0x89,
    0x2d, 0xdc, 0xff, 0xff, 0x4b, 0xf0, 0xff, 0xff, 0x38, 0xe5, 0xff, 0xff, 0x07, 0xcd, 0xff, 0xff,
    0x07, 0xc0, 0xff, 0xa7, 0x00, 0xbf, 0xff, 0x04, 0x00, 0x7f, 0xff, 0x02, 0x00, 0x00, 0xff, 0x01,
    0x00, 0xff, 0xff, 0x02, 0x00, 0x00, 0xff, 0x01, 0x07, 0xc1, 0xff, 0x21, 0x07, 0xc4, 0xff, 0xf7,
    0x07, 0xca, 0xff, 0xff, 0x05, 0xbe, 0xff, 0xfb, 0x02, 0xbd, 0xff, 0xfc, 0x04, 0xc7, 0xff, 0xfb,
    0x08, 0xdb, 0xff, 0xff, 0x07, 0xbf, 0xfd, 0x8c, 0x09, 0xbd, 0xff, 0x69, 0x08, 0xda, 0xff, 0xff,
    0x0a, 0xcb, 0xff, 0xfb, 0x04, 0xc0, 0xff, 0xfc, 0x03, 0xbd, 0xfd, 0xfc, 0x07, 0xc0, 0xff, 0xfa,
    0x07, 0xd5, 0xff, 0xff, 0x07, 0xc1, 0xff, 0x68, 0x00, 0x00, 0x00, 0x00, 0x00, 0xbf, 0xff, 0x04,
    0x00, 0xbf, 0xff, 0x04, 0x00, 0x00, 0x00, 0x00, 0x06, 0xc1, 0xff, 0x78, 0x08, 0xd0, 0xff, 0xff,
    0x07, 0xbe, 0xfd, 0xfa, 0x08, 0xc2, 0xff, 0xff, 0x07, 0xc8, 0xff, 0xfe, 0x0e, 0x95, 0xd0, 0xfb,
    0x07, 0x87, 0xcb, 0xff, 0x09, 0xc3, 0xff, 0x55, 0x00, 0xf6, 0xff, 0x3e, 0x04, 0xa6, 0xe4, 0xfb,
    0x03, 0x8d, 0xd6, 0xff, 0x07, 0xbe, 0xf8, 0xfe, 0x0b, 0xc9, 0xff, 0xff, 0x08, 0xbf, 0xfc, 0xfc,
    0x07, 0xcb, 0xff, 0xfd, 0x06, 0xc0, 0xff, 0xc4, 0x00, 0x00, 0x00, 0x00, 0x00, 0x7f, 0xff, 0x02,
    0x00, 0xbf, 0xff, 0x04, 0x00, 0x00, 0x00, 0x00, 0x06, 0xc1, 0xff, 0x95, 0x07, 0xcc, 0xff, 0xfe,
    0x07, 0xc4, 0xff, 0xfb, 0x06, 0xc0, 0xfc, 0xfe, 0x05, 0x76, 0xc5, 0xfc, 0xbf, 0x95, 0x2d, 0xff,
    0x43, 0xa2, 0xaa, 0x84, 0x00, 0x00, 0x06, 0x00, 0x40, 0x35, 0xee, 0x8e, 0x0c, 0x9d, 0xee, 0x7d,
    0x18, 0x67, 0xe0, 0xeb, 0x22, 0x4e, 0xdc, 0xff, 0x00, 0x9c, 0xea, 0xfe, 0x03, 0xc8, 0xff, 0xfc,
    0x08, 0xc7, 0xff, 0xff, 0x06, 0xc0, 0xff, 0xde, 0x00, 0xaa, 0xff, 0x03, 0x00, 0x00, 0x00, 0x00,
    0x00, 0xbf, 0xff, 0x04, 0x00, 0x00, 0x00, 0x00, 0x07, 0xbe, 0xfd, 0x83, 0x08, 0xd1, 0xff, 0xfd,
    0x07, 0xbd, 0xfa, 0xf8, 0x05, 0x6d, 0xbe, 0xff, 0x00, 0x64, 0xc7, 0xfd, 0xc1, 0xb3, 0x42, 0xed,
    0xff, 0xb2, 0x00, 0xa3, 0x00, 0x00, 0xff, 0x0c, 0x36, 0x44, 0xf4, 0xa8, 0x66, 0x19, 0xe5, 0x0a,
    0x3c, 0x45, 0xff, 0xbf, 0x18, 0x6e, 0xef, 0xf5, 0x69, 0x7f, 0x5e, 0xfe, 0x20, 0x91, 0xbf, 0xff,
    0x04, 0xc9, 0xff, 0xfe, 0x08, 0xc1, 0xfd, 0xca, 0x00, 0x00, 0x00, 0x00, 0x00, 0x7f, 0xff, 0x02,
    0x00, 0xaa, 0xff, 0x03, 0x00, 0x00, 0x00, 0x00, 0x08, 0xc3, 0xff, 0x3c, 0x04, 0xd2, 0xff, 0xff,
    0x13, 0x6d, 0xd8, 0xff, 0x1e, 0x61, 0xe3, 0xe8, 0x23, 0xc2, 0xff, 0x7b, 0xff, 0xff, 0x1e, 0x11,
    0xff, 0xb4, 0x00, 0xd9, 0xf8, 0xaf, 0x02, 0xbd, 0x02, 0x00, 0x00, 0x00, 0x48, 0x91, 0xda, 0x07,
    0x34, 0x3e, 0xf5, 0xe9, 0x3f, 0x76, 0xdf, 0x61, 0xff, 0xba, 0x00, 0xe0, 0x38, 0x85, 0x9c, 0xec,
    0x00, 0xb8, 0xff, 0xff, 0x0d, 0xca, 0xff, 0x74, 0x00, 0x00, 0x00, 0x00, 0x00, 0xbf, 0xff, 0x04,
    0x00, 0x00, 0x00, 0x00, 0x00, 0xff, 0xff, 0x01, 0x7f, 0x7f, 0xff, 0x02, 0x00, 0xc5, 0xf6, 0x7d,
    0x1c, 0x73, 0xed, 0xbc, 0x41, 0x45, 0xfc, 0xac, 0xd4, 0x9b, 0xef, 0xa2, 0x48, 0x4d, 0xff, 0x63,
    0x4d, 0x4d, 0xcb, 0x59, 0xfd, 0xb2, 0x03, 0xf2, 0xff, 0xa6, 0x00, 0x6e, 0x00, 0x00, 0x00, 0x00,
    0x2c, 0x40, 0xff, 0xe3, 0x82, 0x66, 0x94, 0xa0, 0xff, 0xb1, 0x00, 0xd2, 0x44, 0xdd, 0xf6, 0x1e,
    0x00, 0xcf, 0xff, 0x36, 0x01, 0x00, 0x00, 0x00, 0x00, 0x00, 0x00, 0x00, 0x00, 0x00, 0x00, 0x00,
    0x00, 0x00, 0x00, 0x00, 0x00, 0x00, 0xff, 0x01, 0x00, 0x00, 0x00, 0x00, 0x03, 0x00, 0x00, 0x00,
    0x39, 0x41, 0xfb, 0xc0, 0x3a, 0x46, 0xf1, 0x99, 0xc7, 0x9e, 0xf5, 0xb3, 0x5e, 0x5a, 0xe9, 0x8d,
    0x0f, 0x2d, 0xff, 0x82, 0xff, 0xad, 0x00, 0xa5, 0xc7, 0xa3, 0x36, 0xbb, 0x00, 0x91, 0xff, 0x07,
    0x2d, 0x3c, 0xff, 0x8b, 0x61, 0x60, 0xe4, 0xff, 0xed, 0xa5, 0x0d, 0xbd, 0x00, 0x00, 0x00, 0x00,
    0x1f, 0x00, 0xdf, 0x08, 0x00, 0x91, 0xfc, 0x66, 0x00, 0x7f, 0xec, 0x0e, 0x00, 0x00, 0x00, 0x00,
    0x00, 0x00, 0x7f, 0x02, 0x00, 0x00, 0xff, 0x01, 0x33, 0x44, 0xf6, 0x1e, 0x37, 0x47, 0xf9, 0xdd,
    0x36, 0x45, 0xf8, 0xca, 0x62, 0x62, 0xf5, 0x1a, 0xb3, 0x90, 0xf2, 0xd4, 0xd8, 0xa5, 0xff, 0x14,
    0x07, 0x02, 0x00, 0x00, 0xe3, 0x9d, 0x0c, 0xdb, 0x1e, 0x9a, 0xf5, 0xff, 0x00, 0x8c, 0xff, 0x60,
    0x9f, 0x1f, 0xbf, 0x08, 0x2e, 0x42, 0xff, 0xd7, 0x3f, 0x4c, 0xee, 0xdc, 0x48, 0x48, 0xe6, 0x15,
    0x00, 0xa1, 0xff, 0x26, 0x01, 0x92, 0xfc, 0xef, 0x00, 0x8a, 0xf9, 0x2e, 0x00, 0x00, 0x00, 0x00,
    0x3f, 0x3f, 0xff, 0x04, 0x00, 0x00, 0x00, 0x00, 0x36, 0x42, 0xf3, 0x55, 0x39, 0x47, 0xfd, 0xff,
    0x00, 0x00, 0xcc, 0x05, 0xf2, 0xb2, 0xff, 0x14, 0xb0, 0x8e, 0xf0, 0xe4, 0x33, 0x33, 0xff, 0x05,
    0xf9, 0xab, 0x02, 0x5f, 0xec, 0xa3, 0x07, 0xfb, 0x22, 0x92, 0xcb, 0x3b, 0x00, 0xff, 0xff, 0x05,
    0x00, 0x01, 0x01, 0x00, 0xb6, 0x7c, 0x32, 0x89, 0x60, 0x57, 0xcd, 0xff, 0x2f, 0x41, 0xfb, 0xe7,
    0x3e, 0x3e, 0xe3, 0x25, 0x00, 0x99, 0xff, 0x0a, 0x00, 0x00, 0xff, 0x01, 0x00, 0x00, 0x00, 0x00,
    0x00, 0x00, 0xff, 0x01, 0x00, 0x00, 0xff, 0x01, 0x55, 0x55, 0xff, 0x03, 0x38, 0x45, 0xf7, 0xf0,
    0x20, 0x36, 0xf4, 0x5e, 0xd8, 0xa4, 0xf2, 0x3b, 0xae, 0x8e, 0xf0, 0xe0, 0x00, 0x7f, 0xff, 0x02,
    0xf1, 0xa6, 0x06, 0xbc, 0xff, 0xb3, 0x00, 0x9b, 0x0d, 0x06, 0xff, 0x27, 0x41, 0x47, 0xe9, 0x9c,
    0x00, 0x00, 0x00, 0x00, 0xff, 0xa6, 0x00, 0x9c, 0xed, 0x9d, 0x05, 0xb9, 0x21, 0x37, 0xff, 0xa9,
    0x3b, 0x47, 0xf7, 0xeb, 0x3a, 0x3a, 0xff, 0x0d, 0x00, 0x00, 0xff, 0x01, 0x00, 0x00, 0xff, 0x01,
    0x7f, 0x7f, 0xff, 0x02, 0x00, 0x00, 0x00, 0x00, 0x37, 0x43, 0xf5, 0x66, 0x3d, 0x4a, 0xfd, 0xff,
    0x13, 0x2e, 0xf3, 0x42, 0xbb, 0x97, 0xf2, 0x8c, 0xbb, 0x8d, 0xee, 0xa6, 0x00, 0x00, 0x00, 0x00,
    0xf0, 0xa7, 0x0a, 0xc7, 0xff, 0xaf, 0x00, 0x90, 0x00, 0x25, 0xff, 0x36, 0x3f, 0x44, 0xec, 0xb2,
    0x00, 0xd3, 0xff, 0x1d, 0x6c, 0xb2, 0x92, 0xd5, 0xec, 0xa4, 0x07, 0xb4, 0x00, 0x00, 0x02, 0x00,
    0x39, 0x46, 0xf6, 0xe7, 0x36, 0x44, 0xf3, 0x87, 0x00, 0x00, 0x00, 0x00, 0x3f, 0x3f, 0xff, 0x04,
    0x00, 0x00, 0x00, 0x00, 0x34, 0x46, 0xf6, 0x1d, 0x3b, 0x4a, 0xff, 0xff, 0x34, 0x42, 0xf3, 0x70,
    0x02, 0x01, 0x00, 0x00, 0xb6, 0x8e, 0xf2, 0xe5, 0x62, 0x8e, 0xf0, 0x9e, 0x00, 0x87, 0xff, 0x4f,
    0xff, 0xab, 0x04, 0x6b, 0xf6, 0xac, 0x04, 0xf8, 0xff, 0xff, 0x00, 0x0b, 0x00, 0x00, 0x00, 0x00,
    0x01, 0xc4, 0xff, 0x87, 0x2a, 0xc8, 0xe6, 0xff, 0xdd, 0x9b, 0x16, 0xd5, 0x00, 0x00, 0x00, 0x00,
    0x31, 0x40, 0xf5, 0x9a, 0x35, 0x43, 0xf3, 0xd5, 0x00, 0x00, 0x00, 0x00, 0x55, 0x55, 0xff, 0x03,
    0x00, 0x00, 0x00, 0x00, 0x8d, 0x00, 0xe2, 0x09, 0x3f, 0x42, 0xf3, 0x5c, 0x00, 0x00, 0x00, 0x00,
    0xab, 0x8f, 0xf3, 0x6e, 0xbf, 0x8e, 0xf3, 0xdc, 0x0a, 0x8b, 0xf9, 0x94, 0x04, 0x8b, 0xff, 0xb5,
    0xff, 0xaa, 0x2a, 0x06, 0xf5, 0xac, 0x04, 0xe2, 0xf1, 0xa7, 0x06, 0xa6, 0x00, 0x00, 0xff, 0x02,
    0x00, 0xe5, 0xff, 0x0a, 0xbb, 0xa5, 0x38, 0x44, 0xfb, 0xa9, 0x01, 0xff, 0xff, 0xd9, 0x09, 0x1b,
    0x2e, 0x3d, 0xff, 0x53, 0x38, 0x44, 0xef, 0x91, 0x00, 0x00, 0x00, 0x00, 0x55, 0x55, 0xaa, 0x03,
    0x00, 0x00, 0x00, 0x00, 0x01, 0x8e, 0xfb, 0x93, 0x00, 0xa1, 0xff, 0x3f, 0xff, 0x7f, 0xdf, 0x08,
    0xb3, 0x93, 0xf8, 0xfd, 0xb5, 0x90, 0xf2, 0x68, 0x00, 0x00, 0x00, 0x00, 0x04, 0x02, 0x00, 0x00,
    0x00, 0x00, 0x00, 0x00, 0xf2, 0xa6, 0x03, 0x51, 0xf2, 0xa8, 0x03, 0xf7, 0xff, 0xcc, 0x00, 0x05,
    0x00, 0x00, 0x00, 0x00, 0x00, 0x00, 0x00, 0x00, 0xf2, 0xa9, 0x03, 0xdc, 0xf2, 0xa7, 0x03, 0x9d,
    0x00, 0x00, 0x00, 0x00, 0x03, 0x01, 0x00, 0x00, 0x00, 0x00, 0x00, 0x00, 0x00, 0x00, 0x00, 0x00,
    0xff, 0x00, 0xff, 0x01, 0x00, 0x8a, 0xfa, 0x7d, 0x00, 0x85, 0xf7, 0x45, 0xc3, 0x93, 0xf6, 0xbb,
    0xb4, 0x93, 0xf7, 0xcc, 0x00, 0x3f, 0xff, 0x04, 0x38, 0x45, 0xf7, 0xac, 0x3f, 0x47, 0xe8, 0x44,
    0xff, 0x00, 0x00, 0x01, 0xf0, 0xa6, 0x08, 0x7c, 0xf5, 0xa9, 0x02, 0xec, 0x5f, 0x1f, 0xff, 0x08,
    0x3a, 0x45, 0xf6, 0xd2, 0x21, 0x38, 0xff, 0x4d, 0xff, 0xbc, 0x00, 0x41, 0xff, 0xb7, 0x06, 0xff,
    0xed, 0xa1, 0x0d, 0x39, 0x00, 0x00, 0x01, 0x00, 0xff, 0xff, 0x00, 0x02, 0x00, 0x00, 0x00, 0x00,
    0xff, 0x7f, 0xff, 0x02, 0xff, 0x7f, 0x7f, 0x02, 0xc1, 0x94, 0xf7, 0xad, 0xb7, 0x95, 0xf9, 0xf3,
    0xbf, 0x94, 0xe9, 0x18, 0x00, 0x2a, 0xff, 0x06, 0x38, 0x46, 0xf9, 0xc1, 0x35, 0x43, 0xf3, 0x72,
    0x01, 0x00, 0x00, 0x00, 0xef, 0xa7, 0x07, 0xe8, 0xff, 0xab, 0x02, 0x77, 0x00, 0x63, 0xff, 0x17,
    0x36, 0x4e, 0xf5, 0x9b, 0x3b, 0x43, 0xef, 0x40, 0x00, 0x00, 0x01, 0x00, 0xf5, 0xaa, 0x06, 0x9f,
    0xfb, 0xb3, 0x03, 0xff, 0xf3, 0xaa, 0x05, 0x2d, 0xff, 0xff, 0x00, 0x01, 0xff, 0x7f, 0x00, 0x02,
    0x00, 0x00, 0x00, 0x00, 0xab, 0x8e, 0xf4, 0x5f, 0xba, 0x97, 0xfa, 0xec, 0xaa, 0x89, 0xf1, 0x27,
    0x00, 0x00, 0x00, 0x00, 0xff, 0xff, 0xff, 0x01, 0x00, 0x00, 0x00, 0x00, 0x00, 0x00, 0x00, 0x00,
    0x00, 0x00, 0x00, 0x00, 0xdc, 0xa5, 0x14, 0x25, 0x01, 0x00, 0x00, 0x00, 0x00, 0x8d, 0xfd, 0xad,
    0x00, 0x93, 0xfa, 0xa9, 0x00, 0x00, 0x00, 0x00, 0x7f, 0x7f, 0xbf, 0x04, 0x00, 0x00, 0x00, 0x00,
    0xf9, 0xaf, 0x03, 0x80, 0xf0, 0xa5, 0x00, 0x22, 0x00, 0x00, 0x00, 0x00, 0xff, 0xff, 0x00, 0x01,
    0x00, 0x00, 0x00, 0x00, 0xaa, 0x8d, 0xff, 0x09, 0xa1, 0x86, 0xf1, 0x13, 0x00, 0x00, 0x00, 0x00,
    0xff, 0x7f, 0xff, 0x02, 0x00, 0x00, 0x00, 0x00, 0x00, 0x00, 0xff, 0x01, 0x00, 0x00, 0x01, 0x00,
    0x00, 0x00, 0x00, 0x00, 0x00, 0x00, 0x02, 0x00, 0x00, 0x00, 0x00, 0x01, 0x00, 0x8e, 0xfa, 0x3d,
    0x02, 0x89, 0xfc, 0x57, 0x00, 0x00, 0xff, 0x02, 0x00, 0xff, 0xff, 0x01, 0x00, 0x00, 0x00, 0x00,
    0x00, 0x00, 0x00, 0x00, 0x00, 0x00, 0x00, 0x00, 0x00, 0x00, 0x00, 0x00, 0x00, 0x00, 0x00, 0x00,
};

static const lv_image_dsc_t emoji_img_38 = {
    .header = {
        .magic = LV_IMAGE_HEADER_MAGIC,
        .cf = LV_COLOR_FORMAT_ARGB8888,
        .flags = 0,
        .w = 20,
        .h = 20,
        .stride = 20 * 4,
        .reserved_2 = 0,
    },
    .data_size = sizeof(emoji_img_38_data),
    .data = emoji_img_38_data,
    .reserved = NULL,
    .reserved_2 = NULL,
};

// LVGL image: emoji_img_39 (20x20 ARGB8888, BGRA byte order)
static const uint8_t emoji_img_39_data[] = {
    0x00, 0x00, 0x00, 0x00, 0x44, 0xb2, 0x77, 0x1e, 0x45, 0xbb, 0x81, 0x6e, 0x3a, 0xb0, 0x77, 0x71,
    0x38, 0xad, 0x75, 0x71, 0x36, 0xad, 0x73, 0x71, 0x3c, 0xb0, 0x77, 0x71, 0x43, 0xb4, 0x7c, 0x71,
    0x41, 0xb2, 0x7c, 0x71, 0x41, 0xb2, 0x7c, 0x71, 0x41, 0xb2, 0x7c, 0x71, 0x41, 0xb2, 0x7c, 0x71,
    0x41, 0xb2, 0x7c, 0x71, 0x41, 0xb2, 0x7c, 0x71, 0x43, 0xb4, 0x7c, 0x71, 0x45, 0xb4, 0x7e, 0x71,
    0x43, 0xb4, 0x7c, 0x71, 0x40, 0xb0, 0x77, 0x6f, 0x34, 0x9c, 0x62, 0x27, 0x00, 0x00, 0x00, 0x00,
    0x00, 0x00, 0x00, 0x00, 0x41, 0xb2, 0x7b, 0xae, 0x48, 0xc7, 0x89, 0xff, 0x51, 0xbf, 0x89, 0xff,
    0x5c, 0xc5, 0x92, 0xff, 0x62, 0xc8, 0x96, 0xff, 0x51, 0xc1, 0x8a, 0xff, 0x43, 0xbb, 0x81, 0xff,
    0x46, 0xbc, 0x83, 0xff, 0x45, 0xbc, 0x82, 0xff, 0x45, 0xbc, 0x82, 0xff, 0x45, 0xbc, 0x82, 0xff,
    0x45, 0xbc, 0x82, 0xff, 0x46, 0xbc, 0x83, 0xff, 0x45, 0xbc, 0x82, 0xff, 0x40, 0xba, 0x7e, 0xff,
    0x46, 0xbb, 0x83, 0xff, 0x46, 0xbf, 0x83, 0xff, 0x37, 0x9e, 0x67, 0xc7, 0x00, 0x7f, 0x7f, 0x02,
    0x00, 0x00, 0x00, 0x00, 0x3d, 0xb1, 0x79, 0xc6, 0x56, 0xc3, 0x8d, 0xfc, 0x80, 0xcc, 0xa7, 0xf9,
    0x81, 0xcd, 0xa8, 0xfc, 0x70, 0xc6, 0x9c, 0xfc, 0x4c, 0xb7, 0x83, 0xfc, 0x40, 0xb2, 0x7a, 0xfc,
    0x42, 0xb3, 0x7c, 0xfc, 0x41, 0xb3, 0x7c, 0xfc, 0x41, 0xb3, 0x7c, 0xfc, 0x41, 0xb3, 0x7c, 0xfc,
    0x42, 0xb3, 0x7c, 0xfc, 0x40, 0xb2, 0x7a, 0xfc, 0x41, 0xb3, 0x7c, 0xfc, 0x5b, 0xbc, 0x8c, 0xfc,
    0x3f, 0xb2, 0x7a, 0xfa, 0x42, 0xb6, 0x7c, 0xfc, 0x37, 0x9f, 0x68, 0xdb, 0x3f, 0x7f, 0x7f, 0x04,
    0x00, 0x00, 0x00, 0x00, 0x3c, 0xaf, 0x78, 0xc1, 0x64, 0xc9, 0x98, 0xff, 0x7f, 0xcc, 0xa7, 0xfc,
    0x55, 0xbb, 0x89, 0xff, 0x3d, 0xb1, 0x79, 0xff, 0x40, 0xb2, 0x7b, 0xff, 0x42, 0xb3, 0x7c, 0xff,
    0x42, 0xb3, 0x7c, 0xff, 0x42, 0xb3, 0x7c, 0xff, 0x42, 0xb3, 0x7c, 0xff, 0x42, 0xb3, 0x7c, 0xff,
    0x43, 0xb4, 0x7d, 0xff, 0x3b, 0xb0, 0x77, 0xff, 0xb9, 0xe1, 0xcf, 0xff, 0xfa, 0xfc, 0xfb, 0xff,
    0x9a, 0xd5, 0xb9, 0xfd, 0x39, 0xb3, 0x77, 0xff, 0x3a, 0xa0, 0x69, 0xd7, 0x3f, 0x7f, 0x7f, 0x04,
    0x00, 0x00, 0x00, 0x00, 0x3c, 0xb0, 0x77, 0xc2, 0x6b, 0xcb, 0x9d, 0xff, 0x68, 0xc2, 0x97, 0xfc,
    0x3b, 0xb0, 0x77, 0xff, 0x43, 0xb3, 0x7d, 0xff, 0x42, 0xb3, 0x7c, 0xff, 0x42, 0xb3, 0x7c, 0xff,
    0x42, 0xb3, 0x7c, 0xff, 0x42, 0xb3, 0x7c, 0xff, 0x42, 0xb3, 0x7c, 0xff, 0x45, 0xb4, 0x7f, 0xff,
    0x34, 0xae, 0x72, 0xff, 0x98, 0xd4, 0xb8, 0xff, 0xff, 0xfe, 0xff, 0xff, 0xff, 0xfd, 0xff, 0xff,
    0xd2, 0xea, 0xe0, 0xfd, 0x3a, 0xb3, 0x77, 0xff, 0x39, 0x9f, 0x6a, 0xd8, 0x3f, 0xbf, 0x7f, 0x04,
    0x00, 0x00, 0x00, 0x00, 0x3c, 0xb0, 0x77, 0xc2, 0x65, 0xc9, 0x99, 0xff, 0x56, 0xbb, 0x89, 0xfc,
    0x40, 0xb2, 0x7b, 0xff, 0x45, 0xb4, 0x7e, 0xff, 0x42, 0xb3, 0x7c, 0xff, 0x42, 0xb3, 0x7c, 0xff,
    0x42, 0xb3, 0x7c, 0xff, 0x42, 0xb3, 0x7c, 0xff, 0x45, 0xb4, 0x7e, 0xff, 0x38, 0xaf, 0x75, 0xff,
    0x6d, 0xc3, 0x9a, 0xff, 0xfb, 0xfb, 0xfc, 0xff, 0xf7, 0xf8, 0xfa, 0xff, 0xfd, 0xfb, 0xfe, 0xff,
    0x77, 0xc8, 0xa2, 0xfd, 0x3a, 0xb3, 0x77, 0xff, 0x39, 0xa0, 0x6a, 0xd8, 0x3f, 0x7f, 0x7f, 0x04,
    0x00, 0x00, 0x00, 0x00, 0x40, 0xb2, 0x7b, 0xc2, 0x48, 0xbd, 0x85, 0xff, 0x3c, 0xb1, 0x78, 0xfc,
    0x3c, 0xb0, 0x78, 0xff, 0x3a, 0xb0, 0x76, 0xff, 0x42, 0xb3, 0x7c, 0xff, 0x42, 0xb3, 0x7c, 0xff,
    0x42, 0xb3, 0x7c, 0xff, 0x43, 0xb3, 0x7d, 0xff, 0x3f, 0xb2, 0x7a, 0xff, 0x4b, 0xb6, 0x82, 0xff,
    0xe5, 0xf2, 0xed, 0xff, 0xfa, 0xfa, 0xfc, 0xff, 0xff, 0xfe, 0xff, 0xff, 0xa3, 0xd8, 0xbf, 0xff,
    0x34, 0xae, 0x72, 0xfd, 0x45, 0xb7, 0x7f, 0xff, 0x37, 0x9f, 0x67, 0xd8, 0x3f, 0x7f, 0x7f, 0x04,
    0x00, 0x00, 0x00, 0x00, 0x44, 0xb4, 0x7c, 0xc2, 0x3e, 0xba, 0x7e, 0xff, 0x64, 0xc0, 0x93, 0xfc,
    0xd2, 0xec, 0xe0, 0xff, 0xa0, 0xd7, 0xbd, 0xff, 0x3c, 0xb1, 0x78, 0xff, 0x43, 0xb3, 0x7d, 0xff,
    0x42, 0xb3, 0x7c, 0xff, 0x44, 0xb4, 0x7d, 0xff, 0x38, 0xaf, 0x75, 0xff, 0xc0, 0xe3, 0xd4, 0xff,
    0xff, 0xfc, 0xff, 0xff, 0xfe, 0xfc, 0xfe, 0xff, 0xce, 0xe8, 0xdd, 0xff, 0x3d, 0xb1, 0x78, 0xff,
    0x42, 0xb4, 0x7c, 0xfd, 0x43, 0xb6, 0x7d, 0xff, 0x37, 0x9f, 0x67, 0xd8, 0x3f, 0x7f, 0x7f, 0x04,
    0x00, 0x00, 0x00, 0x00, 0x45, 0xb4, 0x7e, 0xc2, 0x38, 0xb8, 0x79, 0xff, 0xb5, 0xdf, 0xcc, 0xfc,
    0xff, 0xff, 0xff, 0xff, 0xfd, 0xfa, 0xfe, 0xff, 0x5e, 0xbe, 0x90, 0xff, 0x3b, 0xb0, 0x77, 0xff,
    0x47, 0xb5, 0x7f, 0xff, 0x34, 0xae, 0x72, 0xff, 0x94, 0xd2, 0xb5, 0xff, 0xff, 0xfd, 0xff, 0xff,
    0xf9, 0xf9, 0xfb, 0xff, 0xee, 0xf5, 0xf3, 0xff, 0x54, 0xba, 0x88, 0xff, 0x3c, 0xb1, 0x78, 0xff,
    0x44, 0xb4, 0x7d, 0xfd, 0x43, 0xb6, 0x7d, 0xff, 0x37, 0x9f, 0x67, 0xd8, 0x3f, 0x7f, 0x7f, 0x04,
    0x00, 0x00, 0x00, 0x00, 0x45, 0xb4, 0x7e, 0xc2, 0x39, 0xb8, 0x7a, 0xff, 0x92, 0xd2, 0xb4, 0xfc,
    0xfd, 0xfc, 0xfe, 0xff, 0xfe, 0xfc, 0xff, 0xff, 0x93, 0xd2, 0xb4, 0xff, 0x38, 0xaf, 0x75, 0xff,
    0x3b, 0xb0, 0x77, 0xff, 0x69, 0xc2, 0x97, 0xff, 0xfa, 0xfa, 0xfb, 0xff, 0xf7, 0xf8, 0xfa, 0xff,
    0xff, 0xfd, 0xff, 0xff, 0x79, 0xc8, 0xa2, 0xff, 0x36, 0xaf, 0x74, 0xff, 0x45, 0xb4, 0x7e, 0xff,
    0x42, 0xb3, 0x7c, 0xfd, 0x43, 0xb6, 0x7d, 0xff, 0x37, 0x9f, 0x67, 0xd8, 0x3f, 0x7f, 0x7f, 0x04,
    0x00, 0x00, 0x00, 0x00, 0x44, 0xb4, 0x7c, 0xc2, 0x3f, 0xba, 0x7e, 0xff, 0x5c, 0xbd, 0x8e, 0xfc,
    0xf5, 0xf8, 0xf9, 0xff, 0xff, 0xfd, 0xff, 0xff, 0xcb, 0xe8, 0xdb, 0xff, 0x38, 0xaf, 0x75, 0xff,
    0x4a, 0xb6, 0x81, 0xff, 0xe2, 0xf1, 0xeb, 0xff, 0xfb, 0xfa, 0xfc, 0xff, 0xff, 0xfe, 0xff, 0xff,
    0xa6, 0xd9, 0xc1, 0xff, 0x34, 0xae, 0x73, 0xff, 0x45, 0xb4, 0x7e, 0xff, 0x42, 0xb3, 0x7c, 0xff,
    0x42, 0xb3, 0x7c, 0xfd, 0x43, 0xb6, 0x7d, 0xff, 0x37, 0x9f, 0x67, 0xd8, 0x3f, 0x7f, 0x7f, 0x04,
    0x00, 0x00, 0x00, 0x00, 0x41, 0xb2, 0x7b, 0xc2, 0x46, 0xbd, 0x83, 0xff, 0x3d, 0xb1, 0x78, 0xfc,
    0xd1, 0xea, 0xdf, 0xff, 0xff, 0xfd, 0xff, 0xff, 0xf3, 0xf7, 0xf7, 0xff, 0x4e, 0xb8, 0x84, 0xff,
    0xb7, 0xe0, 0xcd, 0xff, 0xff, 0xfd, 0xff, 0xff, 0xfe, 0xfb, 0xfe, 0xff, 0xd0, 0xea, 0xdf, 0xff,
    0x3e, 0xb1, 0x79, 0xff, 0x42, 0xb3, 0x7c, 0xff, 0x43, 0xb3, 0x7c, 0xff, 0x42, 0xb3, 0x7c, 0xff,
    0x42, 0xb3, 0x7c, 0xfd, 0x43, 0xb6, 0x7d, 0xff, 0x37, 0x9f, 0x67, 0xd8, 0x3f, 0x7f, 0x7f, 0x04,
    0x00, 0x00, 0x00, 0x00, 0x41, 0xb2, 0x7b, 0xc2, 0x48, 0xbe, 0x85, 0xff, 0x34, 0xae, 0x73, 0xfc,
    0x9b, 0xd5, 0xba, 0xff, 0xff, 0xfe, 0xff, 0xff, 0xf7, 0xf8, 0xf9, 0xff, 0xce, 0xe9, 0xdd, 0xff,
    0xf9, 0xf9, 0xfb, 0xff, 0xfb, 0xfa, 0xfc, 0xff, 0xf0, 0xf6, 0xf4, 0xff, 0x56, 0xbb, 0x8a, 0xff,
    0x3c, 0xb1, 0x78, 0xff, 0x44, 0xb4, 0x7d, 0xff, 0x42, 0xb3, 0x7c, 0xff, 0x42, 0xb3, 0x7c, 0xff,
    0x42, 0xb3, 0x7c, 0xfd, 0x43, 0xb6, 0x7d, 0xff, 0x37, 0x9f, 0x67, 0xd8, 0x3f, 0x7f, 0x7f, 0x04,
    0x00, 0x00, 0x00, 0x00, 0x41, 0xb2, 0x7b, 0xc2, 0x47, 0xbd, 0x84, 0xff, 0x39, 0xb0, 0x76, 0xfc,
    0x66, 0xc1, 0x95, 0xff, 0xfb, 0xfa, 0xfc, 0xff, 0xf9, 0xf9, 0xfb, 0xff, 0xff, 0xfb, 0xff, 0xff,
    0xf7, 0xf8, 0xf9, 0xff, 0xff, 0xfd, 0xff, 0xff, 0x7c, 0xc9, 0xa4, 0xff, 0x36, 0xae, 0x74, 0xff,
    0x45, 0xb4, 0x7e, 0xff, 0x42, 0xb3, 0x7c, 0xff, 0x42, 0xb3, 0x7c, 0xff, 0x42, 0xb3, 0x7c, 0xff,
    0x42, 0xb3, 0x7c, 0xfd, 0x43, 0xb6, 0x7d, 0xff, 0x37, 0x9f, 0x67, 0xd8, 0x3f, 0x7f, 0x7f, 0x04,
    0x00, 0x00, 0x00, 0x00, 0x41, 0xb2, 0x7b, 0xc2, 0x46, 0xbd, 0x83, 0xff, 0x41, 0xb3, 0x7b, 0xfc,
    0x42, 0xb3, 0x7c, 0xff, 0xdb, 0xed, 0xe6, 0xff, 0xfe, 0xfb, 0xfe, 0xff, 0xf2, 0xf6, 0xf6, 0xff,
    0xff, 0xfe, 0xff, 0xff, 0xa9, 0xda, 0xc4, 0xff, 0x35, 0xae, 0x73, 0xff, 0x45, 0xb4, 0x7e, 0xff,
    0x42, 0xb3, 0x7c, 0xff, 0x42, 0xb3, 0x7c, 0xff, 0x42, 0xb3, 0x7c, 0xff, 0x42, 0xb3, 0x7c, 0xff,
    0x42, 0xb3, 0x7c, 0xfd, 0x43, 0xb6, 0x7d, 0xff, 0x37, 0x9f, 0x67, 0xd8, 0x3f, 0x7f, 0x7f, 0x04,
    0x00, 0x00, 0x00, 0x00, 0x41, 0xb2, 0x7b, 0xc2, 0x45, 0xbc, 0x83, 0xff, 0x44, 0xb4, 0x7e, 0xfc,
    0x35, 0xae, 0x73, 0xff, 0xa9, 0xda, 0xc3, 0xff, 0xff, 0xfe, 0xff, 0xff, 0xff, 0xfc, 0xff, 0xff,
    0xd2, 0xea, 0xe0, 0xff, 0x3f, 0xb2, 0x7a, 0xff, 0x42, 0xb3, 0x7c, 0xff, 0x43, 0xb3, 0x7c, 0xff,
    0x42, 0xb3, 0x7c, 0xff, 0x42, 0xb3, 0x7c, 0xff, 0x42, 0xb3, 0x7c, 0xff, 0x42, 0xb3, 0x7c, 0xff,
    0x42, 0xb3, 0x7c, 0xfd, 0x43, 0xb6, 0x7d, 0xff, 0x37, 0x9f, 0x67, 0xd8, 0x3f, 0x7f, 0x7f, 0x04,
    0x00, 0x00, 0x00, 0x00, 0x42, 0xb3, 0x7c, 0xc1, 0x45, 0xbc, 0x83, 0xff, 0x43, 0xb3, 0x7d, 0xfc,
    0x3b, 0xb0, 0x77, 0xff, 0x62, 0xbf, 0x92, 0xff, 0xf1, 0xf6, 0xf5, 0xff, 0xe6, 0xf2, 0xee, 0xff,
    0x57, 0xbb, 0x8a, 0xff, 0x3c, 0xb0, 0x77, 0xff, 0x44, 0xb3, 0x7d, 0xff, 0x42, 0xb3, 0x7c, 0xff,
    0x42, 0xb3, 0x7c, 0xff, 0x42, 0xb3, 0x7c, 0xff, 0x42, 0xb3, 0x7c, 0xff, 0x42, 0xb3, 0x7c, 0xff,
    0x42, 0xb3, 0x7c, 0xfd, 0x43, 0xb6, 0x7d, 0xff, 0x37, 0xa0, 0x68, 0xd7, 0x3f, 0x7f, 0x7f, 0x04,
    0x00, 0x00, 0x00, 0x00, 0x40, 0xb0, 0x79, 0xc5, 0x45, 0xbe, 0x84, 0xfc, 0x42, 0xb4, 0x7d, 0xf9,
    0x43, 0xb5, 0x7e, 0xfc, 0x3d, 0xb2, 0x79, 0xfc, 0x53, 0xbb, 0x89, 0xfc, 0x4e, 0xb9, 0x85, 0xfc,
    0x3c, 0xb2, 0x79, 0xfc, 0x44, 0xb5, 0x7e, 0xfc, 0x42, 0xb4, 0x7d, 0xfc, 0x42, 0xb4, 0x7d, 0xfc,
    0x42, 0xb4, 0x7d, 0xfc, 0x42, 0xb4, 0x7d, 0xfc, 0x42, 0xb4, 0x7d, 0xfc, 0x42, 0xb4, 0x7d, 0xfc,
    0x43, 0xb5, 0x7e, 0xfa, 0x41, 0xb5, 0x7b, 0xfc, 0x37, 0x9d, 0x67, 0xdc, 0x3f, 0xbf, 0x7f, 0x04,
    0x00, 0x00, 0x00, 0x00, 0x39, 0xa0, 0x6a, 0xa8, 0x41, 0xb6, 0x79, 0xff, 0x3d, 0xaa, 0x72, 0xff,
    0x3d, 0xac, 0x73, 0xff, 0x3f, 0xad, 0x74, 0xff, 0x3a, 0xab, 0x70, 0xff, 0x3b, 0xab, 0x71, 0xff,
    0x3f, 0xad, 0x74, 0xff, 0x3d, 0xac, 0x73, 0xff, 0x3e, 0xac, 0x73, 0xff, 0x3e, 0xac, 0x73, 0xff,
    0x3e, 0xac, 0x73, 0xff, 0x3e, 0xac, 0x73, 0xff, 0x3e, 0xac, 0x73, 0xff, 0x3e, 0xac, 0x73, 0xff,
    0x3d, 0xab, 0x72, 0xff, 0x3e, 0xb1, 0x74, 0xff, 0x38, 0x9e, 0x68, 0xc6, 0x00, 0x7f, 0x7f, 0x02,
    0x00, 0x00, 0x00, 0x00, 0x33, 0x99, 0x66, 0x19, 0x38, 0xa3, 0x68, 0x64, 0x37, 0x9d, 0x66, 0x66,
    0x37, 0x9d, 0x66, 0x66, 0x36, 0x9b, 0x65, 0x67, 0x38, 0x9b, 0x65, 0x67, 0x38, 0x9b, 0x65, 0x67,
    0x36, 0x9b, 0x65, 0x67, 0x36, 0x9b, 0x65, 0x67, 0x36, 0x9b, 0x65, 0x67, 0x36, 0x9b, 0x65, 0x67,
    0x36, 0x9b, 0x65, 0x67, 0x36, 0x9b, 0x65, 0x67, 0x36, 0x9b, 0x65, 0x67, 0x36, 0x9b, 0x65, 0x67,
    0x37, 0x9b, 0x64, 0x66, 0x3b, 0xa5, 0x6a, 0x67, 0x37, 0x9e, 0x67, 0x25, 0x00, 0x00, 0x00, 0x00,
};

static const lv_image_dsc_t emoji_img_39 = {
    .header = {
        .magic = LV_IMAGE_HEADER_MAGIC,
        .cf = LV_COLOR_FORMAT_ARGB8888,
        .flags = 0,
        .w = 20,
        .h = 20,
        .stride = 20 * 4,
        .reserved_2 = 0,
    },
    .data_size = sizeof(emoji_img_39_data),
    .data = emoji_img_39_data,
    .reserved = NULL,
    .reserved_2 = NULL,
};

// LVGL image: emoji_img_40 (20x20 ARGB8888, BGRA byte order)
static const uint8_t emoji_img_40_data[] = {
    0x00, 0x00, 0x00, 0x01, 0x00, 0x00, 0xff, 0x01, 0x38, 0x3d, 0xe2, 0x5b, 0x32, 0x32, 0xc9, 0x51,
    0x00, 0x00, 0x00, 0x00, 0x7f, 0x7f, 0xff, 0x02, 0x00, 0x00, 0x00, 0x01, 0x00, 0x00, 0x00, 0x00,
    0x00, 0x00, 0x00, 0x00, 0x00, 0x00, 0x00, 0x00, 0x00, 0x00, 0x00, 0x00, 0x00, 0x00, 0x00, 0x00,
    0x00, 0x00, 0x00, 0x00, 0x00, 0x00, 0x00, 0x01, 0x7f, 0x7f, 0xff, 0x02, 0x00, 0x00, 0x00, 0x00,
    0x36, 0x39, 0xdf, 0x50, 0x35, 0x35, 0xcf, 0x5b, 0x00, 0x00, 0x00, 0x01, 0x00, 0x00, 0x00, 0x01,
    0x00, 0x00, 0x00, 0x00, 0x34, 0x42, 0xf3, 0x82, 0x38, 0x46, 0xff, 0xff, 0x38, 0x41, 0xf1, 0xff,
    0x33, 0x31, 0xc9, 0x81, 0x00, 0x00, 0x00, 0x00, 0x3f, 0x3f, 0xbf, 0x04, 0x00, 0x00, 0x00, 0x00,
    0x00, 0x00, 0x00, 0x00, 0x00, 0x00, 0x00, 0x00, 0x00, 0x00, 0x00, 0x00, 0x00, 0x00, 0x00, 0x00,
    0x00, 0x00, 0x00, 0x00, 0x3f, 0x3f, 0xff, 0x04, 0x00, 0x00, 0x00, 0x00, 0x35, 0x43, 0xf1, 0x81,
    0x39, 0x46, 0xfe, 0xff, 0x39, 0x41, 0xf6, 0xff, 0x32, 0x32, 0xca, 0x83, 0x00, 0x00, 0x00, 0x00,
    0x00, 0x00, 0x00, 0x00, 0x3b, 0x46, 0xf4, 0xd8, 0x4b, 0x58, 0xff, 0xfb, 0x33, 0x41, 0xf7, 0xfa,
    0x38, 0x41, 0xf6, 0xff, 0x33, 0x33, 0xc5, 0x78, 0x00, 0x00, 0x00, 0x00, 0x3f, 0x3f, 0xff, 0x04,
    0x00, 0x00, 0x00, 0x00, 0x00, 0x00, 0x00, 0x00, 0x00, 0x00, 0x00, 0x00, 0x00, 0x00, 0x00, 0x00,
    0x33, 0x33, 0xcc, 0x05, 0x00, 0x00, 0x00, 0x00, 0x35, 0x42, 0xf4, 0x77, 0x3a, 0x48, 0xff, 0xff,
    0x36, 0x43, 0xf5, 0xfa, 0x38, 0x46, 0xff, 0xfb, 0x33, 0x34, 0xd1, 0xd9, 0x00, 0x00, 0x00, 0x00,
    0x00, 0x00, 0x00, 0x00, 0x3b, 0x48, 0xf3, 0x85, 0x4d, 0x5a, 0xff, 0xff, 0x4a, 0x56, 0xf3, 0xf9,
    0x38, 0x47, 0xf8, 0xfb, 0x37, 0x3e, 0xf1, 0xff, 0x33, 0x31, 0xc6, 0x71, 0x00, 0x00, 0x00, 0x00,
    0x3f, 0x3f, 0xff, 0x04, 0x00, 0x00, 0x00, 0x00, 0x00, 0x00, 0x00, 0x00, 0x33, 0x33, 0xcc, 0x05,
    0x00, 0x00, 0x00, 0x00, 0x34, 0x43, 0xf2, 0x6a, 0x39, 0x47, 0xff, 0xff, 0x35, 0x43, 0xf4, 0xfb,
    0x36, 0x44, 0xf7, 0xf9, 0x3a, 0x42, 0xf9, 0xff, 0x33, 0x33, 0xc9, 0x86, 0x00, 0x00, 0x00, 0x00,
    0x7f, 0x7f, 0xff, 0x02, 0x00, 0x00, 0xaa, 0x03, 0x30, 0x3d, 0xf4, 0xaa, 0x58, 0x64, 0xff, 0xff,
    0x56, 0x61, 0xf3, 0xfa, 0x35, 0x43, 0xf8, 0xfc, 0x37, 0x3e, 0xed, 0xff, 0x32, 0x2f, 0xc2, 0x65,
    0x00, 0x00, 0x00, 0x00, 0x33, 0x33, 0xcc, 0x05, 0x3f, 0x3f, 0xff, 0x04, 0x00, 0x00, 0x00, 0x00,
    0x34, 0x41, 0xf1, 0x5d, 0x39, 0x46, 0xfd, 0xff, 0x36, 0x43, 0xf5, 0xfc, 0x36, 0x44, 0xf5, 0xfa,
    0x39, 0x42, 0xf9, 0xff, 0x33, 0x33, 0xcc, 0xaa, 0x00, 0x00, 0x55, 0x03, 0x00, 0x7f, 0xff, 0x02,
    0x00, 0x00, 0xff, 0x01, 0xff, 0x00, 0xff, 0x01, 0x00, 0x3f, 0xbf, 0x04, 0x33, 0x41, 0xf5, 0xb6,
    0x5a, 0x66, 0xff, 0xff, 0x53, 0x5f, 0xf3, 0xfa, 0x33, 0x42, 0xf9, 0xfc, 0x37, 0x3c, 0xe7, 0xff,
    0x30, 0x2d, 0xbf, 0x59, 0x00, 0x00, 0x00, 0x00, 0x00, 0x00, 0x00, 0x00, 0x35, 0x42, 0xf2, 0x51,
    0x38, 0x45, 0xfa, 0xfe, 0x36, 0x43, 0xf5, 0xfd, 0x36, 0x43, 0xf5, 0xfa, 0x39, 0x43, 0xfa, 0xff,
    0x33, 0x33, 0xcd, 0xb6, 0x3f, 0x00, 0x7f, 0x04, 0x00, 0x00, 0xff, 0x01, 0x00, 0x00, 0xff, 0x01,
    0x00, 0x00, 0x00, 0x00, 0x00, 0x00, 0xff, 0x02, 0x00, 0x00, 0xff, 0x01, 0x1c, 0x1c, 0xe2, 0x09,
    0x36, 0x43, 0xf7, 0xc1, 0x5d, 0x69, 0xff, 0xff, 0x50, 0x5b, 0xf3, 0xfa, 0x33, 0x41, 0xf9, 0xfd,
    0x36, 0x3b, 0xe4, 0xfc, 0x31, 0x29, 0xb6, 0x43, 0x37, 0x48, 0xfa, 0x3c, 0x38, 0x45, 0xf9, 0xfa,
    0x37, 0x44, 0xf5, 0xfe, 0x36, 0x43, 0xf5, 0xf9, 0x39, 0x43, 0xfa, 0xff, 0x33, 0x34, 0xd0, 0xc1,
    0x38, 0x1c, 0x8d, 0x09, 0x00, 0x00, 0xff, 0x01, 0x00, 0x00, 0x7f, 0x02, 0x00, 0x00, 0x00, 0x00,
    0x00, 0x00, 0x00, 0x00, 0x00, 0x00, 0x00, 0x00, 0x00, 0x00, 0xff, 0x02, 0x00, 0x00, 0x00, 0x00,
    0x22, 0x22, 0xee, 0x0f, 0x38, 0x46, 0xf7, 0xcb, 0x5e, 0x6a, 0xff, 0xff, 0x4d, 0x59, 0xf4, 0xfa,
    0x34, 0x41, 0xf8, 0xff, 0x34, 0x3b, 0xe1, 0xf7, 0x35, 0x42, 0xf3, 0xf6, 0x37, 0x44, 0xf8, 0xff,
    0x36, 0x43, 0xf5, 0xfa, 0x38, 0x43, 0xf9, 0xff, 0x33, 0x34, 0xd1, 0xcb, 0x33, 0x22, 0xaa, 0x0f,
    0x00, 0x00, 0x00, 0x00, 0x00, 0x00, 0xff, 0x02, 0x00, 0x00, 0x00, 0x00, 0x00, 0x00, 0x00, 0x00,
    0x00, 0x00, 0x00, 0x00, 0x00, 0x00, 0x00, 0x00, 0x00, 0x00, 0x00, 0x00, 0x55, 0x55, 0xff, 0x03,
    0x00, 0x00, 0x00, 0x00, 0x22, 0x2e, 0xe7, 0x16, 0x3b, 0x48, 0xf7, 0xd7, 0x60, 0x6c, 0xff, 0xff,
    0x49, 0x56, 0xf3, 0xfc, 0x34, 0x42, 0xf8, 0xff, 0x37, 0x44, 0xf6, 0xff, 0x35, 0x43, 0xf4, 0xfc,
    0x38, 0x44, 0xfb, 0xff, 0x34, 0x35, 0xd3, 0xd7, 0x2e, 0x2e, 0xad, 0x16, 0x00, 0x00, 0x00, 0x00,
    0x55, 0x55, 0xaa, 0x03, 0x00, 0x00, 0x00, 0x00, 0x00, 0x00, 0x00, 0x00, 0x00, 0x00, 0x00, 0x00,
    0x00, 0x00, 0x00, 0x00, 0x00, 0x00, 0x00, 0x00, 0x00, 0x00, 0x00, 0x00, 0x00, 0x00, 0x00, 0x00,
    0x55, 0x55, 0xaa, 0x03, 0x00, 0x00, 0x00, 0x00, 0x1f, 0x2a, 0xe9, 0x18, 0x3d, 0x4a, 0xf7, 0xda,
    0x44, 0x51, 0xfa, 0xfe, 0x34, 0x41, 0xf3, 0xfc, 0x36, 0x43, 0xf5, 0xfc, 0x37, 0x42, 0xf5, 0xfe,
    0x33, 0x35, 0xd4, 0xd8, 0x35, 0x2a, 0xbf, 0x18, 0x00, 0x00, 0x00, 0x00, 0x00, 0x00, 0xaa, 0x03,
    0x00, 0x00, 0x00, 0x00, 0x00, 0x00, 0x00, 0x00, 0x00, 0x00, 0x00, 0x00, 0x00, 0x00, 0x00, 0x00,
    0x00, 0x00, 0x00, 0x00, 0x00, 0x00, 0x00, 0x00, 0x00, 0x00, 0x00, 0x00, 0x00, 0x00, 0x00, 0x00,
    0x55, 0x55, 0xff, 0x03, 0x00, 0x00, 0x00, 0x00, 0x33, 0x44, 0xee, 0x1e, 0x35, 0x42, 0xf8, 0xdd,
    0x35, 0x42, 0xf9, 0xfe, 0x36, 0x42, 0xf3, 0xfc, 0x36, 0x43, 0xf5, 0xfc, 0x37, 0x42, 0xf5, 0xfe,
    0x35, 0x36, 0xd4, 0xd8, 0x35, 0x2a, 0xbf, 0x18, 0x00, 0x00, 0x00, 0x00, 0x00, 0x00, 0xaa, 0x03,
    0x00, 0x00, 0x00, 0x00, 0x00, 0x00, 0x00, 0x00, 0x00, 0x00, 0x00, 0x00, 0x00, 0x00, 0x00, 0x00,
    0x00, 0x00, 0x00, 0x00, 0x00, 0x00, 0x00, 0x00, 0x00, 0x00, 0x00, 0x00, 0x55, 0x55, 0xff, 0x03,
    0x00, 0x00, 0x00, 0x00, 0x2f, 0x42, 0xec, 0x1b, 0x37, 0x44, 0xf8, 0xdd, 0x39, 0x47, 0xff, 0xff,
    0x35, 0x43, 0xf3, 0xfc, 0x37, 0x44, 0xf8, 0xff, 0x37, 0x44, 0xf5, 0xff, 0x34, 0x42, 0xf4, 0xfc,
    0x37, 0x42, 0xfb, 0xff, 0x34, 0x35, 0xd3, 0xd7, 0x2e, 0x2e, 0xad, 0x16, 0x00, 0x00, 0x00, 0x00,
    0x55, 0x55, 0xaa, 0x03, 0x00, 0x00, 0x00, 0x00, 0x00, 0x00, 0x00, 0x00, 0x00, 0x00, 0x00, 0x00,
    0x00, 0x00, 0x00, 0x00, 0x00, 0x00, 0x00, 0x00, 0x00, 0x7f, 0xff, 0x02, 0x00, 0x00, 0x00, 0x00,
    0x35, 0x43, 0xf1, 0x13, 0x36, 0x44, 0xf7, 0xd2, 0x39, 0x47, 0xff, 0xff, 0x36, 0x43, 0xf4, 0xfa,
    0x37, 0x43, 0xf5, 0xff, 0x34, 0x3a, 0xdc, 0xf6, 0x34, 0x41, 0xf3, 0xf8, 0x53, 0x5f, 0xf8, 0xff,
    0x46, 0x53, 0xf6, 0xfa, 0x35, 0x40, 0xf9, 0xff, 0x34, 0x36, 0xd1, 0xcb, 0x33, 0x22, 0xaa, 0x0f,
    0x00, 0x00, 0x00, 0x00, 0x00, 0x00, 0xff, 0x02, 0x00, 0x00, 0x00, 0x00, 0x00, 0x00, 0x00, 0x00,
    0x00, 0x00, 0x00, 0x00, 0x00, 0x00, 0xff, 0x02, 0x00, 0x00, 0xff, 0x01, 0x38, 0x38, 0xe2, 0x09,
    0x36, 0x43, 0xf7, 0xc4, 0x39, 0x47, 0xff, 0xff, 0x35, 0x42, 0xf4, 0xf9, 0x37, 0x43, 0xf6, 0xfe,
    0x36, 0x38, 0xdd, 0xfa, 0x33, 0x2a, 0xb6, 0x3c, 0x30, 0x3f, 0xf7, 0x44, 0x44, 0x50, 0xfb, 0xfc,
    0x60, 0x6b, 0xf8, 0xfd, 0x44, 0x51, 0xf7, 0xf9, 0x35, 0x40, 0xf9, 0xff, 0x34, 0x34, 0xcf, 0xc1,
    0x38, 0x1c, 0xaa, 0x09, 0x00, 0x00, 0xff, 0x01, 0x00, 0x00, 0x7f, 0x02, 0x00, 0x00, 0x00, 0x00,
    0x00, 0x00, 0xff, 0x01, 0x00, 0x00, 0xff, 0x01, 0x3f, 0x3f, 0xbf, 0x04, 0x36, 0x43, 0xf5, 0xb6,
    0x3a, 0x48, 0xff, 0xff, 0x35, 0x42, 0xf2, 0xfa, 0x36, 0x43, 0xf6, 0xfd, 0x35, 0x38, 0xdc, 0xfe,
    0x32, 0x2f, 0xc0, 0x51, 0x00, 0x00, 0x00, 0x00, 0x00, 0x00, 0x00, 0x00, 0x2a, 0x36, 0xf0, 0x59,
    0x44, 0x51, 0xfd, 0xff, 0x61, 0x6c, 0xf7, 0xfc, 0x42, 0x4f, 0xf6, 0xfa, 0x36, 0x3f, 0xf8, 0xff,
    0x33, 0x33, 0xcc, 0xb6, 0x3f, 0x00, 0x7f, 0x04, 0x00, 0x00, 0xff, 0x01, 0x00, 0x00, 0xff, 0x01,
    0x7f, 0x7f, 0xff, 0x02, 0x55, 0x55, 0xaa, 0x03, 0x36, 0x43, 0xf4, 0xaa, 0x3a, 0x48, 0xff, 0xff,
    0x36, 0x43, 0xf3, 0xfa, 0x36, 0x43, 0xf7, 0xfc, 0x36, 0x3a, 0xe2, 0xff, 0x31, 0x2e, 0xc2, 0x5d,
    0x00, 0x00, 0x00, 0x00, 0x3f, 0x3f, 0xff, 0x04, 0x33, 0x33, 0xcc, 0x05, 0x00, 0x00, 0x00, 0x00,
    0x2d, 0x3a, 0xf2, 0x65, 0x47, 0x54, 0xff, 0xff, 0x60, 0x6b, 0xf7, 0xfb, 0x40, 0x4d, 0xf6, 0xfa,
    0x36, 0x3f, 0xf7, 0xff, 0x34, 0x33, 0xcc, 0xaa, 0x00, 0x00, 0x55, 0x03, 0x00, 0x00, 0xff, 0x02,
    0x00, 0x00, 0x00, 0x00, 0x35, 0x42, 0xf3, 0x86, 0x3b, 0x49, 0xff, 0xff, 0x35, 0x42, 0xf3, 0xf9,
    0x36, 0x44, 0xf8, 0xfb, 0x37, 0x3c, 0xe7, 0xff, 0x32, 0x30, 0xc2, 0x6a, 0x00, 0x00, 0x00, 0x00,
    0x33, 0x33, 0xcc, 0x05, 0x00, 0x00, 0x00, 0x00, 0x00, 0x00, 0x00, 0x00, 0x3f, 0x3f, 0xff, 0x04,
    0x00, 0x00, 0x00, 0x00, 0x2c, 0x3a, 0xf1, 0x72, 0x48, 0x55, 0xff, 0xff, 0x5f, 0x6a, 0xf6, 0xfb,
    0x3f, 0x4d, 0xf8, 0xf9, 0x38, 0x3f, 0xf6, 0xff, 0x34, 0x32, 0xc8, 0x84, 0x00, 0x00, 0x00, 0x00,
    0x00, 0x00, 0x00, 0x00, 0x36, 0x42, 0xf3, 0xd9, 0x38, 0x47, 0xff, 0xfb, 0x36, 0x44, 0xf6, 0xfa,
    0x38, 0x3e, 0xed, 0xff, 0x33, 0x31, 0xc5, 0x77, 0x00, 0x00, 0x00, 0x00, 0x33, 0x33, 0x99, 0x05,
    0x00, 0x00, 0x00, 0x00, 0x00, 0x00, 0x00, 0x00, 0x00, 0x00, 0x00, 0x00, 0x00, 0x00, 0x00, 0x00,
    0x3f, 0x3f, 0xff, 0x04, 0x00, 0x00, 0x00, 0x00, 0x2e, 0x3c, 0xf2, 0x7f, 0x4d, 0x5a, 0xff, 0xff,
    0x58, 0x64, 0xf8, 0xf9, 0x37, 0x44, 0xfd, 0xfb, 0x33, 0x33, 0xce, 0xd8, 0x00, 0x00, 0x00, 0x00,
    0x00, 0x00, 0x00, 0x00, 0x36, 0x42, 0xf1, 0x83, 0x3b, 0x49, 0xff, 0xff, 0x37, 0x3d, 0xe9, 0xff,
    0x31, 0x31, 0xc5, 0x81, 0x00, 0x00, 0x00, 0x00, 0x3f, 0x3f, 0xbf, 0x04, 0x00, 0x00, 0x00, 0x00,
    0x00, 0x00, 0x00, 0x00, 0x00, 0x00, 0x00, 0x00, 0x00, 0x00, 0x00, 0x00, 0x00, 0x00, 0x00, 0x00,
    0x00, 0x00, 0x00, 0x00, 0x3f, 0x3f, 0xff, 0x04, 0x00, 0x00, 0x00, 0x00, 0x32, 0x3f, 0xf1, 0x88,
    0x3c, 0x48, 0xfb, 0xff, 0x39, 0x40, 0xf2, 0xff, 0x31, 0x31, 0xc9, 0x86, 0x00, 0x00, 0x00, 0x00,
    0x00, 0x00, 0x00, 0x00, 0x00, 0x00, 0xff, 0x01, 0x36, 0x3c, 0xe8, 0x59, 0x33, 0x30, 0xc8, 0x4f,
    0x00, 0x00, 0x00, 0x00, 0x00, 0x7f, 0xff, 0x02, 0x00, 0x00, 0x00, 0x01, 0x00, 0x00, 0x00, 0x00,
    0x00, 0x00, 0x00, 0x00, 0x00, 0x00, 0x00, 0x00, 0x00, 0x00, 0x00, 0x00, 0x00, 0x00, 0x00, 0x00,
    0x00, 0x00, 0x00, 0x00, 0x00, 0x00, 0xff, 0x01, 0x7f, 0x7f, 0xff, 0x02, 0x00, 0x00, 0x00, 0x00,
    0x30, 0x33, 0xd2, 0x55, 0x33, 0x33, 0xcc, 0x5f, 0x00, 0x00, 0xff, 0x02, 0x00, 0x00, 0x00, 0x01,
};

static const lv_image_dsc_t emoji_img_40 = {
    .header = {
        .magic = LV_IMAGE_HEADER_MAGIC,
        .cf = LV_COLOR_FORMAT_ARGB8888,
        .flags = 0,
        .w = 20,
        .h = 20,
        .stride = 20 * 4,
        .reserved_2 = 0,
    },
    .data_size = sizeof(emoji_img_40_data),
    .data = emoji_img_40_data,
    .reserved = NULL,
    .reserved_2 = NULL,
};

// LVGL image: emoji_img_41 (20x20 ARGB8888, BGRA byte order)
static const uint8_t emoji_img_41_data[] = {
    0x00, 0x00, 0x00, 0x00, 0x00, 0x00, 0xff, 0x01, 0x55, 0x55, 0xff, 0x03, 0x00, 0x00, 0x00, 0x00,
    0x00, 0x00, 0x00, 0x00, 0x34, 0x46, 0xed, 0x1d, 0x35, 0x42, 0xf4, 0x64, 0x2e, 0x45, 0xff, 0x0b,
    0x00, 0x00, 0x00, 0x00, 0x00, 0x00, 0x00, 0x00, 0x55, 0x55, 0xff, 0x03, 0x00, 0x00, 0x00, 0x00,
    0x00, 0x00, 0x00, 0x00, 0x00, 0x00, 0x00, 0x00, 0x00, 0x00, 0x00, 0x00, 0x00, 0x00, 0x00, 0x00,
    0x00, 0x00, 0x00, 0x00, 0x00, 0x00, 0x00, 0x00, 0x00, 0x00, 0x00, 0x00, 0x00, 0x00, 0x00, 0x00,
    0x00, 0x00, 0x00, 0x00, 0x00, 0x00, 0x00, 0x00, 0x00, 0x00, 0x00, 0x00, 0x35, 0x41, 0xf9, 0x2b,
    0x37, 0x43, 0xf8, 0x94, 0x38, 0x46, 0xfc, 0xeb, 0x36, 0x43, 0xf3, 0xe7, 0x00, 0x00, 0x00, 0x00,
    0x36, 0x40, 0xf4, 0x4b, 0x36, 0x43, 0xf7, 0xb6, 0x3f, 0x3f, 0xff, 0x08, 0x33, 0x47, 0xf4, 0x19,
    0x38, 0x43, 0xf9, 0x5e, 0x36, 0x43, 0xf6, 0x9a, 0x36, 0x43, 0xf6, 0xb2, 0x35, 0x43, 0xf5, 0xbd,
    0x37, 0x45, 0xf9, 0xc9, 0x37, 0x41, 0xf4, 0x78, 0x00, 0x00, 0x00, 0x00, 0x00, 0x00, 0xff, 0x01,
    0x00, 0x00, 0xff, 0x01, 0x33, 0x47, 0xf4, 0x19, 0x36, 0x44, 0xf7, 0xa7, 0x3a, 0x48, 0xff, 0xff,
    0x3a, 0x48, 0xff, 0xff, 0x3b, 0x4a, 0xff, 0xff, 0x37, 0x43, 0xf2, 0x66, 0x35, 0x40, 0xef, 0x43,
    0x3e, 0x4d, 0xff, 0xff, 0x35, 0x43, 0xf5, 0xc2, 0x36, 0x43, 0xf4, 0x8c, 0x38, 0x45, 0xfa, 0xf1,
    0x38, 0x45, 0xfd, 0xff, 0x36, 0x42, 0xf4, 0xe2, 0x37, 0x45, 0xfa, 0xff, 0x3b, 0x49, 0xff, 0xff,
    0x36, 0x43, 0xf5, 0xe6, 0x3c, 0x4b, 0xff, 0xff, 0x35, 0x44, 0xf6, 0x5a, 0x00, 0x00, 0x00, 0x00,
    0x00, 0x00, 0xff, 0x01, 0x35, 0x43, 0xf3, 0xd0, 0x39, 0x46, 0xfc, 0xf5, 0x36, 0x43, 0xf3, 0x84,
    0x35, 0x42, 0xf2, 0xb5, 0x36, 0x43, 0xf7, 0xf8, 0x37, 0x44, 0xf8, 0x29, 0x38, 0x46, 0xf9, 0xec,
    0x37, 0x45, 0xf7, 0xc9, 0x39, 0x45, 0xf3, 0x16, 0x35, 0x43, 0xf3, 0xe3, 0x37, 0x44, 0xf8, 0xfd,
    0x38, 0x42, 0xf5, 0x1b, 0x35, 0x43, 0xf6, 0x39, 0x3a, 0x49, 0xfc, 0xfb, 0x36, 0x42, 0xf5, 0x8d,
    0x3f, 0x3f, 0xbf, 0x04, 0x35, 0x43, 0xf5, 0xdf, 0x36, 0x43, 0xf4, 0xc0, 0x00, 0x00, 0x00, 0x00,
    0x00, 0x00, 0xff, 0x02, 0x36, 0x41, 0xf4, 0x46, 0x3a, 0x3a, 0xeb, 0x0d, 0x00, 0x00, 0x00, 0x00,
    0x37, 0x44, 0xf8, 0xe6, 0x35, 0x42, 0xf3, 0x9d, 0x36, 0x42, 0xf5, 0x6c, 0x3b, 0x4a, 0xff, 0xff,
    0x34, 0x3f, 0xf3, 0x2c, 0x00, 0x00, 0x00, 0x00, 0x36, 0x41, 0xf3, 0x59, 0x39, 0x47, 0xff, 0xfe,
    0x35, 0x43, 0xff, 0x13, 0x35, 0x43, 0xf4, 0xbe, 0x37, 0x45, 0xf7, 0xe7, 0x3f, 0x3f, 0xff, 0x04,
    0x00, 0x00, 0x00, 0x00, 0x36, 0x42, 0xf2, 0xa4, 0x35, 0x42, 0xf4, 0xe5, 0x00, 0x00, 0x00, 0x00,
    0x00, 0x00, 0x00, 0x00, 0x00, 0x00, 0x00, 0x00, 0x00, 0x00, 0x00, 0x00, 0x37, 0x43, 0xf5, 0x53,
    0x3c, 0x4b, 0xff, 0xff, 0x34, 0x41, 0xf1, 0x3a, 0x35, 0x41, 0xf2, 0xd1, 0x35, 0x42, 0xf3, 0xc7,
    0x00, 0x00, 0x00, 0x00, 0x00, 0x00, 0xff, 0x01, 0x36, 0x42, 0xf2, 0x54, 0x38, 0x45, 0xfb, 0xff,
    0x37, 0x41, 0xf4, 0x4a, 0x37, 0x44, 0xf8, 0xfe, 0x35, 0x42, 0xf0, 0x7b, 0x00, 0x00, 0x00, 0x00,
    0x00, 0x00, 0xff, 0x01, 0x35, 0x42, 0xf3, 0x9d, 0x35, 0x43, 0xf4, 0xe8, 0x00, 0x00, 0x00, 0x00,
    0x00, 0x00, 0x00, 0x00, 0x33, 0x33, 0xff, 0x05, 0x00, 0x00, 0x00, 0x00, 0x36, 0x42, 0xf2, 0xbc,
    0x35, 0x43, 0xf4, 0xdf, 0x33, 0x3f, 0xf2, 0x14, 0x38, 0x45, 0xfb, 0xff, 0x36, 0x42, 0xf4, 0x76,
    0x00, 0x00, 0xff, 0x01, 0x00, 0x00, 0xff, 0x01, 0x37, 0x44, 0xf4, 0x78, 0x35, 0x42, 0xf2, 0xf8,
    0x37, 0x43, 0xf5, 0x66, 0x39, 0x47, 0xff, 0xff, 0x37, 0x41, 0xf5, 0x33, 0x00, 0x00, 0xff, 0x01,
    0x00, 0x00, 0x00, 0x00, 0x35, 0x41, 0xf3, 0xc2, 0x35, 0x43, 0xf4, 0xd1, 0x00, 0x00, 0x00, 0x00,
    0x00, 0x00, 0x7f, 0x02, 0x00, 0x00, 0x00, 0x00, 0x33, 0x3f, 0xf2, 0x14, 0x38, 0x45, 0xfa, 0xfd,
    0x36, 0x42, 0xf2, 0x76, 0x36, 0x3f, 0xec, 0x1c, 0x3a, 0x49, 0xff, 0xff, 0x34, 0x41, 0xf1, 0x4e,
    0x00, 0x00, 0x00, 0x00, 0x00, 0x00, 0x00, 0x00, 0x35, 0x41, 0xf3, 0xc2, 0x36, 0x42, 0xf3, 0xce,
    0x35, 0x43, 0xf3, 0x6d, 0x37, 0x44, 0xfa, 0xff, 0x39, 0x45, 0xf3, 0x16, 0x00, 0x00, 0xff, 0x01,
    0x38, 0x38, 0xff, 0x09, 0x37, 0x44, 0xf7, 0xf5, 0x35, 0x43, 0xf3, 0x98, 0x00, 0x00, 0x00, 0x00,
    0x3f, 0x3f, 0xff, 0x04, 0x00, 0x00, 0x00, 0x00, 0x36, 0x41, 0xf4, 0x5d, 0x3a, 0x48, 0xff, 0xff,
    0x35, 0x3f, 0xf4, 0x18, 0x37, 0x44, 0xf2, 0x29, 0x3a, 0x48, 0xff, 0xfe, 0x34, 0x42, 0xf5, 0x4d,
    0x00, 0x00, 0xff, 0x01, 0x37, 0x3f, 0xef, 0x20, 0x3a, 0x48, 0xfd, 0xff, 0x35, 0x42, 0xf3, 0x73,
    0x36, 0x43, 0xf4, 0x62, 0x38, 0x45, 0xfb, 0xfe, 0x37, 0x42, 0xf3, 0x17, 0x00, 0x00, 0x00, 0x00,
    0x34, 0x42, 0xf3, 0x5c, 0x3c, 0x4b, 0xff, 0xff, 0x33, 0x43, 0xf3, 0x40, 0x00, 0x00, 0x00, 0x00,
    0x55, 0x55, 0xff, 0x03, 0x00, 0x00, 0x00, 0x00, 0x36, 0x42, 0xf3, 0xb3, 0x35, 0x42, 0xf2, 0xd3,
    0x00, 0x00, 0x00, 0x00, 0x35, 0x3f, 0xf4, 0x18, 0x38, 0x46, 0xfd, 0xff, 0x35, 0x42, 0xf2, 0x7b,
    0x00, 0x00, 0x00, 0x00, 0x37, 0x44, 0xf8, 0xb7, 0x39, 0x47, 0xfa, 0xfb, 0x33, 0x44, 0xff, 0x0f,
    0x37, 0x41, 0xf4, 0x4a, 0x3c, 0x4a, 0xff, 0xff, 0x37, 0x42, 0xee, 0x2e, 0x2e, 0x45, 0xe7, 0x0b,
    0x38, 0x47, 0xfa, 0xe9, 0x35, 0x42, 0xf5, 0xd2, 0x00, 0x7f, 0xff, 0x02, 0x00, 0x7f, 0xff, 0x02,
    0x00, 0x00, 0x00, 0x00, 0x55, 0x55, 0xff, 0x03, 0x36, 0x42, 0xf3, 0xf0, 0x36, 0x43, 0xf5, 0x71,
    0x00, 0x00, 0xff, 0x01, 0x00, 0x00, 0x00, 0x00, 0x35, 0x43, 0xf3, 0xc2, 0x37, 0x45, 0xfa, 0xf6,
    0x36, 0x43, 0xf4, 0xc5, 0x3e, 0x4d, 0xff, 0xff, 0x35, 0x40, 0xf1, 0x72, 0x00, 0x7f, 0xff, 0x02,
    0x31, 0x44, 0xf5, 0x1a, 0x37, 0x45, 0xf6, 0xf7, 0x36, 0x44, 0xf9, 0xdb, 0x36, 0x44, 0xf8, 0xe0,
    0x39, 0x47, 0xf9, 0xfd, 0x37, 0x41, 0xf5, 0x33, 0x00, 0x00, 0x00, 0x00, 0x55, 0x55, 0xff, 0x03,
    0x00, 0x00, 0x00, 0x00, 0x35, 0x43, 0xf1, 0x26, 0x35, 0x43, 0xf3, 0xf7, 0x31, 0x41, 0xee, 0x1f,
    0x00, 0x00, 0x00, 0x00, 0x3f, 0x3f, 0xbf, 0x04, 0x33, 0x46, 0xf8, 0x28, 0x37, 0x45, 0xf8, 0xce,
    0x37, 0x45, 0xfa, 0xe4, 0x34, 0x41, 0xf1, 0x61, 0x00, 0x00, 0x00, 0x00, 0x00, 0x00, 0x00, 0x00,
    0x00, 0x00, 0x00, 0x00, 0x34, 0x41, 0xf1, 0x3a, 0x37, 0x45, 0xfc, 0xd2, 0x37, 0x45, 0xf8, 0xcb,
    0x32, 0x41, 0xef, 0x42, 0x00, 0x00, 0x00, 0x00, 0x7f, 0x7f, 0xff, 0x02, 0x00, 0x00, 0x00, 0x00,
    0x00, 0x00, 0x00, 0x00, 0x37, 0x42, 0xf6, 0x58, 0x36, 0x43, 0xf5, 0xcf, 0x00, 0x00, 0x00, 0x00,
    0x00, 0x00, 0xff, 0x01, 0x00, 0x00, 0x00, 0x00, 0x00, 0x00, 0x00, 0x00, 0x00, 0x00, 0x00, 0x00,
    0x33, 0x4c, 0xff, 0x0a, 0x3d, 0x47, 0xf4, 0x19, 0x38, 0x45, 0xf8, 0x4d, 0x37, 0x43, 0xf8, 0x6e,
    0x37, 0x43, 0xf5, 0x8b, 0x35, 0x43, 0xf5, 0x89, 0x37, 0x44, 0xf9, 0x8a, 0x36, 0x42, 0xf3, 0x55,
    0x00, 0x00, 0x00, 0x00, 0x55, 0x55, 0xff, 0x03, 0x00, 0x00, 0x00, 0x00, 0x00, 0x00, 0x00, 0x00,
    0x00, 0x00, 0x00, 0x00, 0x36, 0x44, 0xf1, 0x4b, 0x35, 0x44, 0xf2, 0x69, 0x00, 0x00, 0x00, 0x01,
    0x2a, 0x55, 0xff, 0x06, 0x34, 0x43, 0xf5, 0x35, 0x36, 0x42, 0xf4, 0x7e, 0x36, 0x43, 0xf5, 0xc4,
    0x36, 0x43, 0xf5, 0xf7, 0x3b, 0x49, 0xff, 0xff, 0x39, 0x46, 0xff, 0xff, 0x37, 0x43, 0xf6, 0xe3,
    0x37, 0x44, 0xf6, 0xab, 0x36, 0x44, 0xf7, 0x6c, 0x37, 0x48, 0xf9, 0x2e, 0x3f, 0x3f, 0xff, 0x04,
    0x00, 0x00, 0x00, 0x00, 0x00, 0x00, 0x00, 0x00, 0x3f, 0x3f, 0xff, 0x04, 0x00, 0x00, 0x00, 0x00,
    0x00, 0x00, 0x00, 0x00, 0x00, 0x00, 0x00, 0x00, 0x00, 0x00, 0x00, 0x00, 0x00, 0x00, 0xff, 0x01,
    0x36, 0x43, 0xf4, 0xc0, 0x3e, 0x4d, 0xff, 0xff, 0x3a, 0x48, 0xff, 0xff, 0x37, 0x44, 0xf6, 0xdd,
    0x37, 0x44, 0xf6, 0x92, 0x37, 0x46, 0xf7, 0x45, 0x2e, 0x45, 0xff, 0x0b, 0x00, 0x00, 0x00, 0x00,
    0x00, 0x00, 0x00, 0x00, 0x33, 0x41, 0xf7, 0x23, 0x35, 0x43, 0xf3, 0x5b, 0x36, 0x42, 0xf5, 0x8d,
    0x36, 0x43, 0xf5, 0xa7, 0x37, 0x44, 0xfa, 0xa5, 0x36, 0x42, 0xf3, 0x6c, 0x00, 0x00, 0xff, 0x01,
    0x00, 0x00, 0x00, 0x00, 0x55, 0x55, 0xff, 0x03, 0x2a, 0x55, 0xff, 0x06, 0x00, 0x00, 0x00, 0x00,
    0x37, 0x43, 0xf2, 0x66, 0x37, 0x46, 0xfa, 0x69, 0x3c, 0x48, 0xf2, 0x15, 0x00, 0x00, 0x00, 0x00,
    0x38, 0x46, 0xff, 0x12, 0x35, 0x43, 0xf8, 0x4c, 0x36, 0x42, 0xf6, 0x95, 0x36, 0x44, 0xf6, 0xd2,
    0x36, 0x43, 0xf6, 0xf2, 0x36, 0x44, 0xf7, 0xeb, 0x37, 0x44, 0xf7, 0xc2, 0x37, 0x44, 0xf9, 0x86,
    0x37, 0x44, 0xf8, 0x4a, 0x36, 0x3f, 0xf5, 0x1c, 0x55, 0x55, 0xff, 0x03, 0x00, 0x00, 0x00, 0x00,
    0x00, 0x00, 0x00, 0x00, 0x00, 0x00, 0x00, 0x00, 0x00, 0x00, 0x00, 0x00, 0x00, 0x00, 0xff, 0x01,
    0x3d, 0x47, 0xf4, 0x19, 0x34, 0x41, 0xf5, 0x52, 0x37, 0x44, 0xf7, 0xa0, 0x36, 0x43, 0xf7, 0xe7,
    0x39, 0x47, 0xff, 0xff, 0x37, 0x44, 0xf7, 0xff, 0x36, 0x44, 0xf7, 0xcd, 0x36, 0x44, 0xf5, 0x87,
    0x36, 0x42, 0xf7, 0x41, 0x3a, 0x3a, 0xff, 0x0d, 0x00, 0x00, 0x00, 0x00, 0x00, 0x00, 0x00, 0x00,
    0x00, 0x00, 0x00, 0x00, 0x00, 0x00, 0x00, 0x00, 0x00, 0x00, 0x00, 0x00, 0x00, 0x00, 0x00, 0x00,
    0x00, 0x00, 0xff, 0x01, 0x37, 0x42, 0xf4, 0x49, 0x37, 0x45, 0xfb, 0x9d, 0x36, 0x44, 0xf5, 0xe1,
    0x3b, 0x49, 0xff, 0xff, 0x3b, 0x4a, 0xff, 0xff, 0x36, 0x43, 0xf7, 0xe6, 0x36, 0x43, 0xf6, 0x9b,
    0x37, 0x44, 0xf5, 0x4e, 0x35, 0x43, 0xf1, 0x13, 0x00, 0x00, 0x00, 0x00, 0x00, 0x00, 0x00, 0x00,
    0x00, 0x00, 0x00, 0x00, 0x00, 0x00, 0x00, 0x00, 0x55, 0x55, 0xaa, 0x03, 0x3f, 0x3f, 0xff, 0x04,
    0x55, 0x55, 0xff, 0x03, 0x00, 0x00, 0xff, 0x01, 0x00, 0x00, 0x00, 0x00, 0x00, 0x00, 0x00, 0x00,
    0x00, 0x00, 0xff, 0x01, 0x35, 0x42, 0xf4, 0xde, 0x3d, 0x4c, 0xff, 0xff, 0x36, 0x44, 0xf6, 0xd1,
    0x37, 0x44, 0xf8, 0x7b, 0x38, 0x44, 0xf9, 0x2d, 0x00, 0x00, 0x00, 0x00, 0x00, 0x00, 0x00, 0x00,
    0x00, 0x00, 0x00, 0x00, 0x00, 0x00, 0x00, 0x00, 0x00, 0x00, 0xff, 0x02, 0x3f, 0x3f, 0xff, 0x04,
    0x55, 0x55, 0xff, 0x03, 0x00, 0x00, 0xff, 0x01, 0x00, 0x00, 0x00, 0x00, 0x00, 0x00, 0x00, 0x00,
    0x00, 0x00, 0x00, 0x00, 0x00, 0x00, 0x00, 0x00, 0x00, 0x00, 0x00, 0x00, 0x00, 0x00, 0x00, 0x00,
    0x00, 0x00, 0x00, 0x00, 0x35, 0x44, 0xf4, 0x47, 0x37, 0x45, 0xf8, 0x49, 0x00, 0x00, 0x00, 0x00,
    0x00, 0x00, 0x00, 0x00, 0x00, 0x00, 0x00, 0x00, 0x00, 0x00, 0x00, 0x00, 0x3f, 0x3f, 0xff, 0x04,
    0x55, 0x55, 0xff, 0x03, 0x00, 0x00, 0xff, 0x01, 0x00, 0x00, 0x00, 0x00, 0x00, 0x00, 0x00, 0x00,
    0x00, 0x00, 0x00, 0x00, 0x00, 0x00, 0x00, 0x00, 0x00, 0x00, 0x00, 0x00, 0x00, 0x00, 0x00, 0x00,
    0x00, 0x00, 0x00, 0x00, 0x00, 0x00, 0x00, 0x00, 0x00, 0x00, 0x00, 0x00, 0x00, 0x00, 0x00, 0x00,
};

static const lv_image_dsc_t emoji_img_41 = {
    .header = {
        .magic = LV_IMAGE_HEADER_MAGIC,
        .cf = LV_COLOR_FORMAT_ARGB8888,
        .flags = 0,
        .w = 20,
        .h = 20,
        .stride = 20 * 4,
        .reserved_2 = 0,
    },
    .data_size = sizeof(emoji_img_41_data),
    .data = emoji_img_41_data,
    .reserved = NULL,
    .reserved_2 = NULL,
};

// LVGL image: emoji_img_42 (20x20 ARGB8888, BGRA byte order)
static const uint8_t emoji_img_42_data[] = {
    0x00, 0x00, 0x00, 0x00, 0x00, 0x00, 0x00, 0x00, 0x00, 0x00, 0x00, 0x00, 0x00, 0x00, 0x00, 0x00,
    0x00, 0x00, 0x00, 0x00, 0x00, 0x00, 0x00, 0x00, 0x00, 0x00, 0x00, 0x00, 0x00, 0xff, 0xff, 0x01,
    0x00, 0x00, 0x00, 0x00, 0x31, 0xd4, 0xff, 0x24, 0x38, 0xdb, 0xff, 0x24, 0x00, 0x00, 0x00, 0x00,
    0x00, 0xff, 0xff, 0x01, 0x00, 0x00, 0x00, 0x00, 0x00, 0x00, 0x00, 0x00, 0x00, 0x00, 0x00, 0x00,
    0x00, 0x00, 0x00, 0x00, 0x00, 0x00, 0x00, 0x00, 0x00, 0x00, 0x00, 0x00, 0x00, 0x00, 0x00, 0x00,
    0x00, 0x00, 0x00, 0x00, 0x00, 0x00, 0x00, 0x00, 0x00, 0x00, 0x00, 0x00, 0x00, 0x00, 0x00, 0x00,
    0x00, 0x00, 0x00, 0x00, 0x00, 0x00, 0x00, 0x00, 0x00, 0x00, 0x00, 0x00, 0x00, 0x7f, 0xff, 0x02,
    0x00, 0x00, 0x00, 0x00, 0x34, 0xd7, 0xfc, 0xcd, 0x33, 0xd5, 0xfc, 0xcd, 0x00, 0x00, 0x00, 0x00,
    0x00, 0x7f, 0xff, 0x02, 0x00, 0x00, 0x00, 0x00, 0x00, 0x00, 0x00, 0x00, 0x00, 0x00, 0x00, 0x00,
    0x00, 0x00, 0x00, 0x00, 0x00, 0x00, 0x00, 0x00, 0x00, 0x00, 0x00, 0x00, 0x00, 0x00, 0x00, 0x00,
    0x00, 0x00, 0x00, 0x00, 0x00, 0x00, 0x00, 0x00, 0x00, 0x00, 0x00, 0x00, 0x00, 0x00, 0x00, 0x00,
    0x00, 0x00, 0x00, 0x00, 0x00, 0x00, 0x00, 0x00, 0x55, 0xaa, 0xff, 0x03, 0x00, 0x00, 0x00, 0x00,
    0x2d, 0xd7, 0xff, 0x33, 0x3b, 0xe0, 0xff, 0xff, 0x5f, 0xf0, 0xff, 0xff, 0x2d, 0xd7, 0xff, 0x33,
    0x00, 0x00, 0x00, 0x00, 0x55, 0xaa, 0xff, 0x03, 0x00, 0x00, 0x00, 0x00, 0x00, 0x00, 0x00, 0x00,
    0x00, 0x00, 0x00, 0x00, 0x00, 0x00, 0x00, 0x00, 0x00, 0x00, 0x00, 0x00, 0x00, 0x00, 0x00, 0x00,
    0x00, 0x00, 0x00, 0x00, 0x00, 0x00, 0x00, 0x00, 0x00, 0x00, 0x00, 0x00, 0x00, 0x00, 0x00, 0x00,
    0x00, 0x00, 0x00, 0x00, 0x00, 0x00, 0x00, 0x00, 0x55, 0xff, 0xff, 0x03, 0x00, 0x00, 0x00, 0x00,
    0x35, 0xd7, 0xfd, 0x99, 0x38, 0xe3, 0xff, 0xff, 0x7d, 0xff, 0xff, 0xff, 0x49, 0xe1, 0xfd, 0x99,
    0x00, 0x00, 0x00, 0x00, 0x55, 0xff, 0xff, 0x03, 0x00, 0x00, 0x00, 0x00, 0x00, 0x00, 0x00, 0x00,
    0x00, 0x00, 0x00, 0x00, 0x00, 0x00, 0x00, 0x00, 0x00, 0x00, 0x00, 0x00, 0x00, 0x00, 0x00, 0x00,
    0x00, 0x00, 0x00, 0x00, 0x00, 0x00, 0xff, 0x01, 0x00, 0x7f, 0xff, 0x02, 0x00, 0xff, 0xff, 0x02,
    0x55, 0xff, 0xff, 0x03, 0x33, 0xcc, 0xff, 0x05, 0x3f, 0xbf, 0xff, 0x04, 0x33, 0xd8, 0xff, 0x14,
    0x36, 0xd8, 0xfc, 0xef, 0x30, 0xd8, 0xfe, 0xff, 0x7b, 0xf9, 0xfe, 0xff, 0x60, 0xeb, 0xfd, 0xef,
    0x00, 0xb2, 0xff, 0x14, 0x3f, 0xbf, 0xff, 0x04, 0x33, 0xcc, 0xff, 0x05, 0x55, 0xff, 0xff, 0x03,
    0x00, 0xff, 0xff, 0x02, 0x00, 0x7f, 0xff, 0x02, 0x00, 0x00, 0xff, 0x01, 0x00, 0x00, 0x00, 0x00,
    0x00, 0x00, 0x00, 0x00, 0x00, 0x00, 0x00, 0x00, 0x00, 0x00, 0x00, 0x00, 0x00, 0x00, 0x00, 0x00,
    0x00, 0x00, 0x00, 0x00, 0x00, 0x00, 0x00, 0x00, 0x00, 0x00, 0x00, 0x00, 0x33, 0xd9, 0xff, 0x6c,
    0x3a, 0xe8, 0xff, 0xff, 0x2e, 0xd4, 0xfc, 0xfb, 0x72, 0xf3, 0xff, 0xfb, 0x80, 0xff, 0xff, 0xff,
    0x2a, 0xd4, 0xfc, 0x6c, 0x00, 0x00, 0x00, 0x00, 0x00, 0x00, 0x00, 0x00, 0x00, 0x00, 0x00, 0x00,
    0x00, 0x00, 0x00, 0x00, 0x00, 0x00, 0x00, 0x00, 0x00, 0x00, 0x00, 0x00, 0x00, 0x00, 0x00, 0x00,
    0x00, 0x00, 0x00, 0x00, 0x00, 0xff, 0xff, 0x01, 0x3a, 0xe1, 0xff, 0x1a, 0x34, 0xd6, 0xf9, 0x2c,
    0x36, 0xd7, 0xff, 0x41, 0x34, 0xdb, 0xff, 0x57, 0x34, 0xd7, 0xfc, 0x75, 0x35, 0xd8, 0xfc, 0xe9,
    0x37, 0xdd, 0xfd, 0xfe, 0x2e, 0xd4, 0xfc, 0xfe, 0x64, 0xec, 0xfd, 0xfe, 0x8d, 0xff, 0xff, 0xfe,
    0x36, 0xd9, 0xfc, 0xe9, 0x34, 0xd7, 0xfc, 0x75, 0x37, 0xdb, 0xff, 0x57, 0x33, 0xd7, 0xff, 0x41,
    0x2e, 0xd6, 0xf9, 0x2c, 0x3a, 0xe1, 0xff, 0x1a, 0x00, 0xff, 0xff, 0x01, 0x00, 0x00, 0x00, 0x00,
    0x00, 0x00, 0x00, 0x00, 0x35, 0xd8, 0xfd, 0xb4, 0x38, 0xe3, 0xff, 0xf5, 0x34, 0xd7, 0xfc, 0xfd,
    0x37, 0xe1, 0xff, 0xff, 0x38, 0xe5, 0xff, 0xff, 0x39, 0xe7, 0xff, 0xff, 0x36, 0xdb, 0xff, 0xff,
    0x35, 0xd7, 0xfd, 0xff, 0x34, 0xd8, 0xfd, 0xff, 0x3c, 0xdb, 0xfd, 0xff, 0x46, 0xe0, 0xfe, 0xff,
    0x35, 0xdb, 0xff, 0xff, 0x39, 0xe7, 0xff, 0xff, 0x37, 0xe4, 0xff, 0xff, 0x39, 0xe2, 0xff, 0xff,
    0x38, 0xda, 0xfc, 0xfd, 0x38, 0xe3, 0xff, 0xf5, 0x34, 0xd7, 0xfc, 0xb4, 0x00, 0x00, 0x00, 0x00,
    0x00, 0x00, 0x00, 0x00, 0x35, 0xd5, 0xfa, 0x69, 0x38, 0xe3, 0xff, 0xff, 0x36, 0xdb, 0xfd, 0xff,
    0x34, 0xd7, 0xfc, 0xfb, 0x34, 0xd8, 0xfc, 0xfc, 0x34, 0xd8, 0xfc, 0xfb, 0x35, 0xd7, 0xfc, 0xfe,
    0x35, 0xd8, 0xfd, 0xff, 0x35, 0xd8, 0xfd, 0xff, 0x34, 0xd7, 0xfd, 0xff, 0x31, 0xd6, 0xfd, 0xff,
    0x35, 0xd7, 0xfc, 0xfe, 0x36, 0xd9, 0xfc, 0xfb, 0x38, 0xda, 0xfd, 0xfc, 0x2f, 0xd3, 0xfa, 0xfb,
    0x17, 0xc6, 0xfa, 0xff, 0x1e, 0xd2, 0xff, 0xff, 0x3a, 0xdc, 0xff, 0x68, 0x00, 0x00, 0x00, 0x00,
    0x00, 0xff, 0xff, 0x02, 0x00, 0x00, 0x00, 0x00, 0x33, 0xd5, 0xfb, 0x50, 0x36, 0xde, 0xfd, 0xf6,
    0x36, 0xde, 0xff, 0xff, 0x34, 0xd6, 0xfc, 0xfd, 0x35, 0xd8, 0xfd, 0xff, 0x35, 0xd8, 0xfd, 0xff,
    0x35, 0xd8, 0xfd, 0xff, 0x35, 0xd8, 0xfd, 0xff, 0x35, 0xd8, 0xfd, 0xff, 0x36, 0xd8, 0xfd, 0xff,
    0x36, 0xd9, 0xfd, 0xff, 0x2f, 0xd4, 0xfc, 0xff, 0x13, 0xbf, 0xf5, 0xfd, 0x02, 0xb8, 0xf9, 0xff,
    0x10, 0xc4, 0xfb, 0xf6, 0x2c, 0xd2, 0xfb, 0x50, 0x00, 0x00, 0x00, 0x00, 0x00, 0xff, 0xff, 0x02,
    0x00, 0x00, 0x00, 0x00, 0x3f, 0xbf, 0xff, 0x04, 0x00, 0x00, 0x00, 0x00, 0x33, 0xd4, 0xfa, 0x3c,
    0x36, 0xde, 0xfd, 0xea, 0x37, 0xe0, 0xff, 0xff, 0x35, 0xd6, 0xfb, 0xfe, 0x35, 0xd8, 0xfd, 0xff,
    0x35, 0xd8, 0xfd, 0xff, 0x35, 0xd8, 0xfd, 0xff, 0x35, 0xd8, 0xfd, 0xff, 0x34, 0xd8, 0xfd, 0xff,
    0x38, 0xda, 0xfe, 0xff, 0x0c, 0xba, 0xf5, 0xfe, 0x00, 0xb6, 0xfa, 0xff, 0x1b, 0xcb, 0xfc, 0xea,
    0x44, 0xdd, 0xfa, 0x3c, 0x00, 0x00, 0x00, 0x00, 0x3f, 0xbf, 0xff, 0x04, 0x00, 0x00, 0x00, 0x00,
    0x00, 0x00, 0x00, 0x00, 0x00, 0x00, 0x00, 0x00, 0x3f, 0xbf, 0xff, 0x04, 0x00, 0x00, 0x00, 0x00,
    0x31, 0xd3, 0xf8, 0x29, 0x36, 0xdd, 0xfd, 0xe2, 0x36, 0xdc, 0xfd, 0xfe, 0x35, 0xd7, 0xfc, 0xfe,
    0x35, 0xd8, 0xfd, 0xff, 0x35, 0xd8, 0xfd, 0xff, 0x35, 0xd8, 0xfd, 0xff, 0x35, 0xd8, 0xfd, 0xff,
    0x36, 0xd8, 0xfc, 0xfe, 0x27, 0xd2, 0xfa, 0xfe, 0x26, 0xd2, 0xff, 0xe2, 0x4a, 0xdf, 0xff, 0x29,
    0x00, 0x00, 0x00, 0x00, 0x3f, 0xbf, 0xff, 0x04, 0x00, 0x00, 0x00, 0x00, 0x00, 0x00, 0x00, 0x00,
    0x00, 0x00, 0x00, 0x00, 0x00, 0x00, 0x00, 0x00, 0x00, 0x00, 0x00, 0x00, 0x2a, 0xd4, 0xd4, 0x06,
    0x00, 0x00, 0x00, 0x00, 0x33, 0xd7, 0xfd, 0xa7, 0x38, 0xe6, 0xff, 0xff, 0x34, 0xd8, 0xfc, 0xfb,
    0x35, 0xd8, 0xfd, 0xff, 0x35, 0xd8, 0xfd, 0xff, 0x35, 0xd8, 0xfd, 0xff, 0x35, 0xd8, 0xfd, 0xff,
    0x34, 0xd8, 0xfc, 0xfb, 0x3b, 0xe8, 0xff, 0xff, 0x38, 0xd8, 0xfd, 0xa7, 0x00, 0x00, 0x00, 0x00,
    0x2a, 0xd4, 0xd4, 0x06, 0x00, 0x00, 0x00, 0x00, 0x00, 0x00, 0x00, 0x00, 0x00, 0x00, 0x00, 0x00,
    0x00, 0x00, 0x00, 0x00, 0x00, 0x00, 0x00, 0x00, 0x00, 0x00, 0x00, 0x00, 0x00, 0xff, 0xff, 0x01,
    0x55, 0xff, 0xff, 0x03, 0x35, 0xd8, 0xfc, 0xd3, 0x37, 0xe0, 0xff, 0xff, 0x35, 0xd7, 0xfc, 0xfd,
    0x35, 0xd8, 0xfd, 0xff, 0x35, 0xd8, 0xfc, 0xfd, 0x35, 0xd8, 0xfc, 0xfd, 0x35, 0xd8, 0xfd, 0xff,
    0x35, 0xd7, 0xfc, 0xfd, 0x36, 0xe0, 0xff, 0xff, 0x33, 0xd7, 0xfc, 0xd3, 0x55, 0xff, 0xff, 0x03,
    0x00, 0xff, 0xff, 0x01, 0x00, 0x00, 0x00, 0x00, 0x00, 0x00, 0x00, 0x00, 0x00, 0x00, 0x00, 0x00,
    0x00, 0x00, 0x00, 0x00, 0x00, 0x00, 0x00, 0x00, 0x00, 0x7f, 0xff, 0x02, 0x00, 0x00, 0x00, 0x00,
    0x31, 0xd7, 0xff, 0x1a, 0x34, 0xd7, 0xfc, 0xf6, 0x36, 0xda, 0xff, 0xff, 0x35, 0xd7, 0xfc, 0xfe,
    0x34, 0xd7, 0xfc, 0xfc, 0x36, 0xdd, 0xff, 0xff, 0x36, 0xdd, 0xff, 0xff, 0x34, 0xd7, 0xfc, 0xfc,
    0x35, 0xd7, 0xfc, 0xfe, 0x36, 0xda, 0xff, 0xff, 0x34, 0xd7, 0xfc, 0xf6, 0x31, 0xd7, 0xff, 0x1a,
    0x00, 0x00, 0x00, 0x00, 0x00, 0x7f, 0xff, 0x02, 0x00, 0x00, 0x00, 0x00, 0x00, 0x00, 0x00, 0x00,
    0x00, 0x00, 0x00, 0x00, 0x00, 0x00, 0x00, 0x00, 0x55, 0xff, 0xff, 0x03, 0x00, 0x00, 0x00, 0x00,
    0x35, 0xd8, 0xff, 0x43, 0x37, 0xe2, 0xff, 0xff, 0x35, 0xd7, 0xfc, 0xfa, 0x35, 0xd8, 0xfd, 0xff,
    0x39, 0xe8, 0xff, 0xff, 0x34, 0xd7, 0xfc, 0xe4, 0x34, 0xd7, 0xfc, 0xe4, 0x39, 0xe8, 0xff, 0xff,
    0x35, 0xd8, 0xfd, 0xff, 0x35, 0xd7, 0xfc, 0xfa, 0x37, 0xe2, 0xff, 0xff, 0x35, 0xd8, 0xff, 0x43,
    0x00, 0x00, 0x00, 0x00, 0x55, 0xff, 0xff, 0x03, 0x00, 0x00, 0x00, 0x00, 0x00, 0x00, 0x00, 0x00,
    0x00, 0x00, 0x00, 0x00, 0x00, 0x00, 0x00, 0x00, 0x3f, 0xff, 0xff, 0x04, 0x00, 0x00, 0x00, 0x00,
    0x33, 0xd8, 0xfc, 0x71, 0x38, 0xe7, 0xff, 0xfb, 0x36, 0xde, 0xff, 0xff, 0x36, 0xdd, 0xfd, 0xfe,
    0x36, 0xdc, 0xfd, 0x92, 0x3c, 0xd2, 0xff, 0x11, 0x3c, 0xd2, 0xff, 0x11, 0x36, 0xdc, 0xfd, 0x92,
    0x36, 0xdd, 0xfd, 0xfe, 0x36, 0xde, 0xff, 0xff, 0x38, 0xe7, 0xff, 0xfb, 0x33, 0xd8, 0xfc, 0x71,
    0x00, 0x00, 0x00, 0x00, 0x3f, 0xff, 0xff, 0x04, 0x00, 0x00, 0x00, 0x00, 0x00, 0x00, 0x00, 0x00,
    0x00, 0x00, 0x00, 0x00, 0x00, 0x00, 0x00, 0x00, 0x3f, 0xbf, 0xff, 0x04, 0x00, 0x00, 0x00, 0x00,
    0x34, 0xd8, 0xfd, 0xb3, 0x3d, 0xf7, 0xff, 0xff, 0x36, 0xdc, 0xfd, 0xc6, 0x37, 0xd8, 0xfa, 0x3c,
    0x00, 0x00, 0x00, 0x00, 0x00, 0x00, 0x00, 0x00, 0x00, 0x00, 0x00, 0x00, 0x00, 0x00, 0x00, 0x00,
    0x37, 0xd8, 0xfa, 0x3c, 0x36, 0xdc, 0xfd, 0xc6, 0x3d, 0xf7, 0xff, 0xff, 0x34, 0xd8, 0xfd, 0xb3,
    0x00, 0x00, 0x00, 0x00, 0x3f, 0xbf, 0xff, 0x04, 0x00, 0x00, 0x00, 0x00, 0x00, 0x00, 0x00, 0x00,
    0x00, 0x00, 0x00, 0x00, 0x00, 0x00, 0x00, 0x00, 0x7f, 0xff, 0xff, 0x02, 0x00, 0x00, 0x00, 0x00,
    0x34, 0xd9, 0xff, 0x66, 0x36, 0xde, 0xff, 0x75, 0x00, 0x00, 0xff, 0x01, 0x00, 0x00, 0x00, 0x00,
    0x55, 0xff, 0xff, 0x03, 0x00, 0xff, 0xff, 0x01, 0x00, 0xff, 0xff, 0x01, 0x55, 0xff, 0xff, 0x03,
    0x00, 0x00, 0x00, 0x00, 0x00, 0x00, 0xff, 0x01, 0x36, 0xde, 0xff, 0x75, 0x34, 0xd9, 0xff, 0x66,
    0x00, 0x00, 0x00, 0x00, 0x7f, 0xff, 0xff, 0x02, 0x00, 0x00, 0x00, 0x00, 0x00, 0x00, 0x00, 0x00,
    0x00, 0x00, 0x00, 0x00, 0x00, 0x00, 0x00, 0x00, 0x00, 0x00, 0x00, 0x00, 0x00, 0x00, 0x00, 0x00,
    0x00, 0x00, 0x00, 0x00, 0x00, 0x00, 0x00, 0x00, 0x00, 0x00, 0x00, 0x00, 0x55, 0xaa, 0xff, 0x03,
    0x00, 0x00, 0x00, 0x00, 0x00, 0x00, 0x00, 0x00, 0x00, 0x00, 0x00, 0x00, 0x00, 0x00, 0x00, 0x00,
    0x55, 0xaa, 0xff, 0x03, 0x00, 0x00, 0x00, 0x00, 0x00, 0x00, 0x00, 0x00, 0x00, 0x00, 0x00, 0x00,
    0x00, 0x00, 0x00, 0x00, 0x00, 0x00, 0x00, 0x00, 0x00, 0x00, 0x00, 0x00, 0x00, 0x00, 0x00, 0x00,
};

static const lv_image_dsc_t emoji_img_42 = {
    .header = {
        .magic = LV_IMAGE_HEADER_MAGIC,
        .cf = LV_COLOR_FORMAT_ARGB8888,
        .flags = 0,
        .w = 20,
        .h = 20,
        .stride = 20 * 4,
        .reserved_2 = 0,
    },
    .data_size = sizeof(emoji_img_42_data),
    .data = emoji_img_42_data,
    .reserved = NULL,
    .reserved_2 = NULL,
};

// LVGL image: emoji_img_43 (20x20 ARGB8888, BGRA byte order)
static const uint8_t emoji_img_43_data[] = {
    0x00, 0x00, 0x00, 0x00, 0x00, 0x00, 0x00, 0x00, 0x00, 0x00, 0x00, 0x00, 0x00, 0x00, 0x00, 0x00,
    0x00, 0x00, 0x00, 0x00, 0x00, 0x00, 0x00, 0x00, 0x00, 0x00, 0x00, 0x00, 0x00, 0x00, 0x00, 0x00,
    0x00, 0x00, 0x00, 0x00, 0x00, 0x00, 0x00, 0x00, 0x00, 0x00, 0x00, 0x00, 0x00, 0x00, 0x00, 0x00,
    0xaa, 0xaa, 0x55, 0x03, 0x01, 0x01, 0x00, 0x00, 0x00, 0x00, 0x00, 0x00, 0x00, 0x00, 0x00, 0x03,
    0x18, 0x34, 0xd3, 0x35, 0x29, 0x43, 0xe7, 0x57, 0x24, 0x3a, 0xda, 0x23, 0x00, 0x00, 0x00, 0x00,
    0x00, 0x00, 0x00, 0x00, 0x00, 0x00, 0x00, 0x00, 0x00, 0x00, 0x00, 0x00, 0x00, 0x00, 0x00, 0x00,
    0x00, 0x00, 0x00, 0x00, 0x00, 0x00, 0x00, 0x00, 0xff, 0xff, 0xff, 0x01, 0x00, 0x00, 0x00, 0x00,
    0xff, 0xff, 0xff, 0x45, 0xff, 0xff, 0xff, 0x4d, 0x00, 0x00, 0x00, 0x00, 0xcc, 0xcc, 0xcc, 0x05,
    0x00, 0x00, 0x00, 0x00, 0x00, 0x00, 0x91, 0x07, 0x21, 0x40, 0xdd, 0x6a, 0x4a, 0x59, 0xe9, 0xce,
    0x39, 0x4e, 0xe0, 0xfb, 0x23, 0x43, 0xec, 0xff, 0x23, 0x31, 0xbc, 0xb9, 0x00, 0x00, 0x00, 0x00,
    0x00, 0x00, 0x00, 0x00, 0x00, 0x00, 0x00, 0x00, 0x00, 0x00, 0x00, 0x00, 0x00, 0x00, 0x00, 0x00,
    0x00, 0x00, 0x00, 0x00, 0x00, 0x00, 0x00, 0x00, 0xff, 0xff, 0xff, 0x03, 0x00, 0x00, 0x00, 0x00,
    0xff, 0xff, 0xff, 0x9b, 0xff, 0xff, 0xff, 0xaf, 0xff, 0x7f, 0x7f, 0x02, 0x00, 0x00, 0x00, 0x00,
    0x7f, 0x7f, 0x8d, 0x38, 0x42, 0x54, 0xdf, 0xd0, 0x5c, 0x68, 0xfc, 0xff, 0x4a, 0x5a, 0xec, 0xff,
    0x26, 0x42, 0xda, 0xfd, 0x23, 0x3e, 0xdb, 0xfd, 0x23, 0x25, 0xa5, 0xca, 0x00, 0x00, 0x00, 0x00,
    0x00, 0x00, 0x00, 0x00, 0x00, 0x00, 0x00, 0x00, 0x00, 0x00, 0x00, 0x00, 0xff, 0xff, 0xff, 0x02,
    0x00, 0x00, 0x00, 0x00, 0x00, 0x00, 0x00, 0x00, 0xff, 0xff, 0xff, 0x01, 0x00, 0x00, 0x00, 0x00,
    0xff, 0xff, 0xff, 0x07, 0xdf, 0xdf, 0xbf, 0x08, 0x00, 0x00, 0x00, 0x00, 0xb4, 0xa3, 0x85, 0x67,
    0xdd, 0xce, 0xa4, 0xf9, 0x79, 0x81, 0xeb, 0xff, 0x2d, 0x44, 0xdf, 0xfb, 0x1d, 0x3b, 0xd3, 0xfd,
    0x20, 0x41, 0xdc, 0xfb, 0x25, 0x35, 0xca, 0xfe, 0x22, 0x20, 0x9a, 0xa3, 0x00, 0x00, 0x00, 0x00,
    0x00, 0x00, 0x00, 0x00, 0x00, 0x00, 0x00, 0x00, 0x00, 0x00, 0x00, 0x00, 0x00, 0x00, 0x00, 0x00,
    0x00, 0x00, 0x00, 0x00, 0x00, 0x00, 0x00, 0x00, 0x00, 0x00, 0x00, 0x00, 0x00, 0x00, 0x00, 0x00,
    0xff, 0x00, 0x00, 0x01, 0x00, 0x00, 0x00, 0x00, 0xb9, 0xaa, 0x89, 0x84, 0xe5, 0xd6, 0xac, 0xff,
    0xee, 0xdc, 0xa2, 0xfe, 0x89, 0x89, 0xa3, 0xfc, 0x12, 0x33, 0xdd, 0xff, 0x25, 0x42, 0xd8, 0xff,
    0x23, 0x3e, 0xd4, 0xfc, 0x25, 0x29, 0xb0, 0xff, 0x22, 0x22, 0x9b, 0x5a, 0x00, 0x00, 0x00, 0x00,
    0x00, 0x00, 0x00, 0x00, 0x00, 0x00, 0x00, 0x00, 0x00, 0x00, 0x00, 0x00, 0xff, 0xff, 0xff, 0x3d,
    0xff, 0xff, 0xff, 0x0c, 0x00, 0x00, 0x00, 0x00, 0xf5, 0xf5, 0xff, 0x1a, 0xec, 0xec, 0xec, 0x0e,
    0x00, 0x00, 0x00, 0x00, 0xba, 0xaa, 0x89, 0x8d, 0xec, 0xdc, 0xae, 0xff, 0xeb, 0xe0, 0xb8, 0xfb,
    0xcb, 0xc3, 0xb1, 0xfe, 0xd0, 0xc0, 0x9a, 0xff, 0x6c, 0x73, 0xb0, 0xff, 0x17, 0x39, 0xe3, 0xfd,
    0x1f, 0x2d, 0xc2, 0xfe, 0x21, 0x21, 0x9b, 0xec, 0x22, 0x22, 0xaa, 0x0f, 0x00, 0x00, 0x00, 0x00,
    0x00, 0x00, 0x00, 0x00, 0xff, 0xff, 0xff, 0x01, 0x00, 0x00, 0x00, 0x00, 0xf8, 0xf8, 0xfb, 0x52,
    0xc9, 0xc9, 0xf1, 0x13, 0x55, 0x55, 0xaa, 0x03, 0xff, 0xff, 0xe7, 0x0b, 0x00, 0x00, 0x01, 0x00,
    0xb9, 0xa9, 0x89, 0x80, 0xea, 0xdb, 0xae, 0xff, 0xeb, 0xdf, 0xb6, 0xfa, 0xb2, 0xac, 0xa2, 0xfe,
    0x72, 0x6a, 0x5d, 0xff, 0xac, 0xa6, 0x9c, 0xff, 0xd2, 0xc2, 0x9c, 0xff, 0x84, 0x81, 0x97, 0xfb,
    0x38, 0x37, 0x98, 0xff, 0x26, 0x26, 0x9d, 0x78, 0x00, 0x00, 0x00, 0x00, 0x3f, 0x3f, 0x7f, 0x04,
    0x00, 0x00, 0x00, 0x00, 0x00, 0x00, 0x00, 0x00, 0x00, 0x00, 0xff, 0x02, 0x00, 0x00, 0x00, 0x00,
    0x00, 0x00, 0x00, 0x00, 0x00, 0x00, 0x00, 0x00, 0x00, 0x00, 0xff, 0x01, 0x98, 0x89, 0x6e, 0x66,
    0xd4, 0xc4, 0x9a, 0xff, 0xe1, 0xd3, 0xa5, 0xfb, 0xcd, 0xc1, 0xa8, 0xfe, 0x86, 0x7f, 0x73, 0xff,
    0x41, 0x33, 0x17, 0xff, 0x76, 0x6e, 0x60, 0xff, 0xd0, 0xc6, 0xb2, 0xfc, 0xa1, 0x8c, 0x4d, 0xff,
    0x86, 0x75, 0x3d, 0xd0, 0xd4, 0xaa, 0x55, 0x06, 0x7f, 0x7f, 0x7f, 0x02, 0x00, 0x00, 0x00, 0x01,
    0x00, 0x00, 0x00, 0x00, 0x55, 0x55, 0xff, 0x03, 0x00, 0x00, 0x00, 0x00, 0x38, 0x34, 0xd2, 0x3f,
    0x36, 0x33, 0xd5, 0x82, 0x27, 0x24, 0xca, 0xaf, 0x4a, 0x44, 0xbd, 0xd9, 0xac, 0x9d, 0x78, 0xff,
    0xb8, 0xa9, 0x80, 0xfd, 0xbf, 0xaf, 0x8e, 0xfe, 0xc3, 0xb4, 0x93, 0xff, 0xb8, 0xb2, 0xa4, 0xff,
    0x78, 0x70, 0x62, 0xff, 0xb3, 0xad, 0xa3, 0xfe, 0xae, 0x9e, 0x77, 0xfc, 0x82, 0x72, 0x3d, 0xfa,
    0x8a, 0x7a, 0x4a, 0x30, 0x00, 0x00, 0x00, 0x00, 0x7f, 0x7f, 0x7f, 0x02, 0x00, 0x00, 0x00, 0x00,
    0x7f, 0x7f, 0xff, 0x02, 0x00, 0x00, 0x00, 0x00, 0x33, 0x2d, 0xce, 0x4f, 0x2e, 0x2b, 0xc5, 0xfd,
    0x2b, 0x2b, 0xb8, 0xff, 0x1c, 0x1e, 0xad, 0xff, 0x9a, 0x91, 0xa3, 0xff, 0xca, 0xb9, 0x8a, 0xfe,
    0xa4, 0x95, 0x6c, 0xff, 0xc1, 0xb1, 0x8f, 0xff, 0xbe, 0xae, 0x8b, 0xff, 0xc3, 0xb4, 0x95, 0xff,
    0xd3, 0xc8, 0xb3, 0xff, 0xb8, 0xaa, 0x86, 0xfa, 0x8e, 0x7b, 0x42, 0xff, 0x86, 0x76, 0x44, 0x6c,
    0x00, 0x01, 0x02, 0x00, 0xc6, 0xc6, 0xaa, 0x09, 0x00, 0x00, 0x00, 0x00, 0x00, 0x00, 0x00, 0x00,
    0x00, 0x00, 0x00, 0x01, 0x31, 0x2e, 0xd4, 0x48, 0x2d, 0x2a, 0xc3, 0xf5, 0x23, 0x25, 0xa2, 0xfa,
    0x1f, 0x23, 0x9d, 0xfd, 0x2c, 0x2d, 0xa0, 0xff, 0xcf, 0xc1, 0xa2, 0xfd, 0xd4, 0xc4, 0x94, 0xff,
    0xab, 0x9b, 0x74, 0xff, 0xad, 0x9d, 0x75, 0xff, 0xc1, 0xb1, 0x8f, 0xff, 0xc2, 0xb2, 0x91, 0xff,
    0xb1, 0xa0, 0x79, 0xfa, 0x91, 0x7e, 0x46, 0xff, 0x88, 0x77, 0x44, 0x96, 0x00, 0x00, 0x00, 0x00,
    0xf8, 0xf8, 0xf2, 0x28, 0xff, 0xff, 0xff, 0x3d, 0x00, 0x00, 0x00, 0x00, 0xff, 0xff, 0xff, 0x02,
    0x00, 0x00, 0x00, 0x00, 0x2a, 0x29, 0xb8, 0xb9, 0x27, 0x28, 0xb5, 0xff, 0x25, 0x29, 0xa9, 0xff,
    0x1a, 0x16, 0x9f, 0xf3, 0x46, 0x41, 0x97, 0xc8, 0xcd, 0xbc, 0x89, 0xfc, 0x8d, 0x81, 0xa5, 0xfe,
    0x45, 0x41, 0xb1, 0xff, 0xa0, 0x92, 0x6d, 0xff, 0xb3, 0xa3, 0x79, 0xff, 0xb1, 0xa1, 0x7e, 0xfc,
    0x96, 0x84, 0x4d, 0xff, 0x84, 0x74, 0x40, 0xa7, 0x00, 0x00, 0x01, 0x00, 0xaa, 0x55, 0x55, 0x03,
    0x00, 0x00, 0x00, 0x00, 0x00, 0x00, 0x00, 0x00, 0x00, 0x00, 0x00, 0x00, 0x00, 0x00, 0x00, 0x00,
    0x00, 0x00, 0xff, 0x01, 0x1f, 0x1f, 0x7f, 0x10, 0x21, 0x27, 0xa3, 0x80, 0x22, 0x1b, 0xa3, 0xa8,
    0x21, 0x73, 0xd1, 0x6a, 0x90, 0xa4, 0x8f, 0xc2, 0x82, 0x75, 0xad, 0xfd, 0x18, 0x18, 0xc3, 0xfd,
    0x58, 0x54, 0x9c, 0xfe, 0xca, 0xb9, 0x93, 0xff, 0x9b, 0x8c, 0x62, 0xfd, 0x6f, 0x62, 0x3c, 0xff,
    0x75, 0x66, 0x43, 0xab, 0xaa, 0xaa, 0x55, 0x03, 0x7f, 0x7f, 0x7f, 0x02, 0x7f, 0x7f, 0x7f, 0x02,
    0x00, 0x00, 0x00, 0x00, 0x00, 0x00, 0x00, 0x00, 0x00, 0x00, 0x00, 0x00, 0x00, 0x00, 0x00, 0x00,
    0x00, 0x00, 0x00, 0x00, 0x00, 0x02, 0x01, 0x00, 0x00, 0x00, 0x00, 0x00, 0x3c, 0xe4, 0xff, 0x4c,
    0x75, 0xff, 0xff, 0xf3, 0x6e, 0x89, 0xd3, 0xff, 0x1b, 0x14, 0xbc, 0xfe, 0x3d, 0x3c, 0x9f, 0xff,
    0xc0, 0xb0, 0x89, 0xff, 0xaa, 0x98, 0x5c, 0xfe, 0x86, 0x75, 0x44, 0xff, 0x53, 0x4b, 0x6c, 0xef,
    0x00, 0x00, 0xd7, 0x0d, 0x00, 0x00, 0x00, 0x00, 0x00, 0x00, 0x00, 0x00, 0x00, 0x00, 0x00, 0x00,
    0x00, 0x00, 0x00, 0x00, 0x00, 0x00, 0x00, 0x00, 0x00, 0x00, 0x00, 0x00, 0x00, 0x00, 0x00, 0x00,
    0x00, 0xff, 0xff, 0x01, 0x00, 0x7f, 0x7f, 0x02, 0x15, 0x94, 0xdf, 0x18, 0x66, 0xe7, 0xf9, 0xf2,
    0x8e, 0xb9, 0xf5, 0xff, 0x27, 0x1c, 0xc2, 0xfc, 0x29, 0x2b, 0xa2, 0xff, 0x86, 0x83, 0x8a, 0xfe,
    0x83, 0x78, 0x6e, 0xd7, 0x48, 0x41, 0x6b, 0xfc, 0x34, 0x33, 0x99, 0xff, 0x1d, 0x20, 0xab, 0xd6,
    0xbf, 0xbf, 0xbf, 0x04, 0x00, 0x00, 0x00, 0x01, 0xfa, 0xfa, 0xff, 0x36, 0xff, 0xff, 0xff, 0x3b,
    0x00, 0x00, 0x00, 0x00, 0xff, 0xff, 0xff, 0x02, 0x00, 0x00, 0x00, 0x00, 0x00, 0x00, 0x00, 0x00,
    0x3f, 0xff, 0xff, 0x04, 0x00, 0xff, 0xff, 0x01, 0x45, 0xe0, 0xfa, 0x6e, 0x83, 0xda, 0xff, 0xff,
    0x2c, 0x1d, 0xbc, 0xfb, 0x29, 0x29, 0xa4, 0xfc, 0x97, 0xcf, 0xec, 0xfe, 0x6e, 0xdb, 0xe0, 0xc0,
    0x16, 0x11, 0x9e, 0x9f, 0x23, 0x25, 0xc4, 0xff, 0x2d, 0x2a, 0xce, 0xfe, 0x27, 0x27, 0xa9, 0xbc,
    0x00, 0x00, 0x00, 0x00, 0x00, 0x00, 0xff, 0x02, 0xff, 0xff, 0xff, 0x08, 0xff, 0xff, 0xff, 0x09,
    0x00, 0x00, 0x00, 0x00, 0x00, 0x00, 0x00, 0x00, 0x00, 0x00, 0x00, 0x00, 0x00, 0x00, 0x00, 0x00,
    0x7f, 0xff, 0xff, 0x02, 0x00, 0x00, 0x00, 0x00, 0x62, 0xe1, 0xf9, 0xbd, 0xa8, 0xe5, 0xff, 0xff,
    0x52, 0x5e, 0xbf, 0xf8, 0xa4, 0xd0, 0xeb, 0xff, 0x85, 0xfe, 0xff, 0xff, 0x2a, 0x9c, 0xde, 0x84,
    0x2a, 0x1e, 0xb3, 0xec, 0x36, 0x31, 0xd0, 0xfd, 0x34, 0x2f, 0xd5, 0xff, 0x23, 0x25, 0xa5, 0xa5,
    0x00, 0x00, 0x00, 0x00, 0x3f, 0x3f, 0xbf, 0x04, 0x00, 0x00, 0x00, 0x00, 0x00, 0x00, 0x00, 0x00,
    0x00, 0x00, 0x00, 0x00, 0x00, 0x00, 0x00, 0x00, 0x00, 0x00, 0x00, 0x00, 0x00, 0x00, 0x00, 0x00,
    0x00, 0x00, 0x00, 0x00, 0x48, 0xd4, 0xf8, 0x2a, 0x5b, 0xde, 0xf9, 0xfc, 0x6e, 0xe5, 0xfa, 0xf6,
    0x73, 0xf4, 0xff, 0xff, 0x73, 0xec, 0xff, 0xfb, 0x40, 0xdc, 0xfa, 0x6f, 0x22, 0x00, 0x89, 0x25,
    0x31, 0x2d, 0xca, 0xfe, 0x33, 0x2d, 0xd2, 0xfb, 0x29, 0x28, 0xb8, 0xf9, 0x1e, 0x22, 0x97, 0x3b,
    0x00, 0x00, 0x00, 0x00, 0x00, 0x00, 0xff, 0x02, 0x00, 0x00, 0x00, 0x00, 0x00, 0x00, 0x00, 0x00,
    0x00, 0x00, 0x00, 0x00, 0x00, 0x00, 0x00, 0x00, 0x00, 0x00, 0x00, 0x00, 0x00, 0x00, 0x00, 0x00,
    0x00, 0x00, 0x00, 0x00, 0x48, 0xda, 0xf2, 0x15, 0x4c, 0xeb, 0xff, 0x35, 0x1e, 0xc3, 0xf7, 0x22,
    0x3a, 0xcf, 0xf6, 0x5b, 0x26, 0xbf, 0xf2, 0x28, 0x00, 0x00, 0x00, 0x00, 0x00, 0x01, 0x00, 0x00,
    0x32, 0x2c, 0xcc, 0xb6, 0x30, 0x2e, 0xce, 0xff, 0x20, 0x23, 0x97, 0x56, 0x00, 0x00, 0x00, 0x00,
    0x00, 0x00, 0xaa, 0x03, 0x00, 0x00, 0x00, 0x00, 0x00, 0x00, 0x00, 0x00, 0x00, 0x00, 0x00, 0x00,
    0x00, 0x00, 0x00, 0x00, 0x00, 0x00, 0x00, 0x00, 0x00, 0x00, 0x00, 0x00, 0x00, 0x00, 0x00, 0x00,
    0x00, 0x00, 0x00, 0x00, 0x00, 0x00, 0x00, 0x00, 0x00, 0x00, 0x00, 0x00, 0x00, 0x00, 0x00, 0x00,
    0x00, 0x00, 0x00, 0x00, 0x00, 0x00, 0x00, 0x00, 0x33, 0x99, 0xcc, 0x05, 0x00, 0x00, 0x00, 0x01,
    0x29, 0x29, 0xbc, 0x3d, 0x24, 0x24, 0xa4, 0x71, 0x00, 0x00, 0x00, 0x00, 0x00, 0x00, 0xaa, 0x03,
    0x00, 0x00, 0x00, 0x00, 0x00, 0x00, 0x00, 0x00, 0x00, 0x00, 0x00, 0x00, 0x00, 0x00, 0x00, 0x00,
    0x00, 0x00, 0x00, 0x00, 0x00, 0x00, 0x00, 0x00, 0x00, 0x00, 0x00, 0x00, 0x00, 0x00, 0x00, 0x00,
};

static const lv_image_dsc_t emoji_img_43 = {
    .header = {
        .magic = LV_IMAGE_HEADER_MAGIC,
        .cf = LV_COLOR_FORMAT_ARGB8888,
        .flags = 0,
        .w = 20,
        .h = 20,
        .stride = 20 * 4,
        .reserved_2 = 0,
    },
    .data_size = sizeof(emoji_img_43_data),
    .data = emoji_img_43_data,
    .reserved = NULL,
    .reserved_2 = NULL,
};

// LVGL image: emoji_img_44 (20x20 ARGB8888, BGRA byte order)
static const uint8_t emoji_img_44_data[] = {
    0x00, 0x00, 0x00, 0x00, 0x00, 0x00, 0x00, 0x00, 0x00, 0x00, 0x00, 0x00, 0x00, 0x00, 0x00, 0x00,
    0x00, 0x00, 0x00, 0x00, 0x55, 0x55, 0xff, 0x03, 0x00, 0x00, 0x00, 0x00, 0x00, 0x00, 0xaa, 0x03,
    0x36, 0x46, 0xfb, 0x41, 0x38, 0x44, 0xf7, 0x6c, 0x2f, 0x3e, 0xf7, 0x66, 0x23, 0x33, 0xf4, 0x32,
    0x00, 0x00, 0x00, 0x00, 0x00, 0x00, 0x00, 0x00, 0x00, 0x00, 0xff, 0x02, 0x00, 0x00, 0x00, 0x00,
    0x00, 0x00, 0x00, 0x00, 0x00, 0x00, 0x00, 0x00, 0x00, 0x00, 0x00, 0x00, 0x00, 0x00, 0x00, 0x00,
    0x00, 0x00, 0x00, 0x00, 0x00, 0x00, 0x00, 0x00, 0x00, 0x00, 0x00, 0x00, 0x00, 0x00, 0x00, 0x00,
    0x00, 0x55, 0xaa, 0x03, 0x00, 0x00, 0x00, 0x00, 0x35, 0x40, 0xef, 0x43, 0x38, 0x44, 0xfa, 0xcc,
    0x37, 0x45, 0xf9, 0xff, 0x37, 0x45, 0xff, 0xff, 0x43, 0x50, 0xff, 0xff, 0x46, 0x52, 0xfa, 0xf9,
    0x33, 0x42, 0xf7, 0xb1, 0x2e, 0x3d, 0xe7, 0x21, 0x00, 0x00, 0x00, 0x00, 0x00, 0x00, 0xff, 0x02,
    0x00, 0x00, 0x00, 0x00, 0x00, 0x00, 0x00, 0x00, 0x00, 0x00, 0x00, 0x00, 0x00, 0x00, 0x00, 0x00,
    0x00, 0x00, 0x00, 0x00, 0x00, 0x00, 0x00, 0x00, 0x00, 0x00, 0x00, 0x00, 0x55, 0x55, 0xff, 0x03,
    0x00, 0x00, 0x00, 0x00, 0x35, 0x43, 0xf1, 0x4c, 0x38, 0x46, 0xfa, 0xfe, 0x39, 0x46, 0xff, 0xff,
    0x35, 0x42, 0xf2, 0xfe, 0x36, 0x43, 0xf4, 0xfc, 0x75, 0x80, 0xfd, 0xfd, 0x83, 0x8c, 0xff, 0xff,
    0x5f, 0x6b, 0xff, 0xff, 0x34, 0x41, 0xf7, 0xe5, 0x36, 0x45, 0xf7, 0x21, 0x00, 0x00, 0xff, 0x01,
    0x00, 0x00, 0xff, 0x02, 0x00, 0x00, 0x00, 0x00, 0x00, 0x00, 0x00, 0x00, 0x00, 0x00, 0x00, 0x00,
    0x00, 0x00, 0x00, 0x00, 0x00, 0x00, 0x00, 0x00, 0x00, 0x00, 0xff, 0x01, 0x00, 0x00, 0xff, 0x01,
    0x39, 0x45, 0xf3, 0x16, 0x37, 0x44, 0xf6, 0xec, 0x38, 0x45, 0xfa, 0xff, 0x35, 0x43, 0xf3, 0xfb,
    0x36, 0x43, 0xf4, 0xff, 0x35, 0x42, 0xf4, 0xff, 0x4c, 0x59, 0xf8, 0xff, 0x72, 0x7c, 0xfd, 0xff,
    0x81, 0x8a, 0xff, 0xf9, 0x47, 0x54, 0xff, 0xff, 0x32, 0x3f, 0xf2, 0xbc, 0x00, 0x00, 0x00, 0x01,
    0x00, 0x00, 0xff, 0x02, 0x00, 0x00, 0x00, 0x00, 0x00, 0x00, 0x00, 0x00, 0x00, 0x00, 0x00, 0x00,
    0x00, 0x00, 0x00, 0x00, 0x00, 0x00, 0x00, 0x00, 0x3f, 0x3f, 0xff, 0x04, 0x00, 0x00, 0x00, 0x00,
    0x36, 0x43, 0xf4, 0x75, 0x3a, 0x48, 0xff, 0xff, 0x35, 0x43, 0xf2, 0xfb, 0x36, 0x43, 0xf4, 0xff,
    0x36, 0x43, 0xf4, 0xff, 0x36, 0x43, 0xf4, 0xff, 0x30, 0x3e, 0xf3, 0xff, 0x3b, 0x48, 0xf5, 0xff,
    0x78, 0x82, 0xff, 0xff, 0x4b, 0x58, 0xf7, 0xfc, 0x33, 0x41, 0xfb, 0xff, 0x3b, 0x44, 0xf5, 0x38,
    0x00, 0x00, 0x00, 0x00, 0x55, 0x55, 0xff, 0x03, 0x00, 0x00, 0x00, 0x00, 0x00, 0x00, 0x00, 0x00,
    0x00, 0x00, 0x00, 0x00, 0x00, 0x00, 0x00, 0x00, 0x55, 0x55, 0xff, 0x03, 0x00, 0x00, 0x00, 0x00,
    0x36, 0x42, 0xf3, 0xb8, 0x39, 0x47, 0xff, 0xfe, 0x35, 0x42, 0xf3, 0xfc, 0x36, 0x43, 0xf4, 0xff,
    0x36, 0x43, 0xf4, 0xff, 0x36, 0x43, 0xf4, 0xff, 0x37, 0x44, 0xf4, 0xff, 0x34, 0x41, 0xf4, 0xff,
    0x3d, 0x4a, 0xf5, 0xff, 0x39, 0x46, 0xf3, 0xfb, 0x39, 0x47, 0xff, 0xfe, 0x35, 0x42, 0xf4, 0x7b,
    0x00, 0x00, 0x00, 0x00, 0x3f, 0x3f, 0xff, 0x04, 0x00, 0x00, 0x00, 0x00, 0x00, 0x00, 0x00, 0x00,
    0x00, 0x00, 0x00, 0x00, 0x00, 0x00, 0x00, 0x00, 0x00, 0x00, 0x00, 0x01, 0x00, 0x00, 0x00, 0x00,
    0x36, 0x42, 0xf3, 0xce, 0x38, 0x46, 0xff, 0xff, 0x35, 0x42, 0xf3, 0xfd, 0x36, 0x43, 0xf4, 0xff,
    0x36, 0x43, 0xf4, 0xff, 0x36, 0x43, 0xf4, 0xff, 0x36, 0x43, 0xf4, 0xff, 0x37, 0x44, 0xf4, 0xff,
    0x34, 0x41, 0xf4, 0xff, 0x34, 0x42, 0xf3, 0xfb, 0x3a, 0x48, 0xff, 0xff, 0x36, 0x43, 0xf5, 0x9b,
    0x00, 0x00, 0x00, 0x00, 0x3f, 0x3f, 0xff, 0x04, 0x00, 0x00, 0x00, 0x00, 0x00, 0x00, 0x00, 0x00,
    0x00, 0x00, 0x00, 0x00, 0x00, 0x00, 0x00, 0x00, 0x00, 0x00, 0xff, 0x02, 0x00, 0x00, 0x00, 0x00,
    0x35, 0x43, 0xf4, 0xc2, 0x39, 0x46, 0xff, 0xff, 0x35, 0x42, 0xf3, 0xfc, 0x36, 0x43, 0xf4, 0xff,
    0x36, 0x43, 0xf4, 0xff, 0x36, 0x43, 0xf4, 0xff, 0x36, 0x43, 0xf4, 0xff, 0x36, 0x43, 0xf4, 0xff,
    0x36, 0x43, 0xf4, 0xff, 0x35, 0x43, 0xf3, 0xfb, 0x3a, 0x47, 0xff, 0xff, 0x36, 0x43, 0xf3, 0x9f,
    0x00, 0x00, 0x00, 0x00, 0x3f, 0x3f, 0xff, 0x04, 0x00, 0x00, 0x00, 0x00, 0x00, 0x00, 0x00, 0x00,
    0x00, 0x00, 0x00, 0x00, 0x00, 0x00, 0x00, 0x00, 0x3f, 0x3f, 0xff, 0x04, 0x00, 0x00, 0x00, 0x00,
    0x36, 0x42, 0xf2, 0x92, 0x3a, 0x48, 0xff, 0xfe, 0x35, 0x43, 0xf3, 0xfb, 0x36, 0x43, 0xf4, 0xff,
    0x36, 0x43, 0xf4, 0xff, 0x36, 0x43, 0xf4, 0xff, 0x36, 0x43, 0xf4, 0xff, 0x36, 0x43, 0xf4, 0xff,
    0x36, 0x43, 0xf4, 0xff, 0x35, 0x43, 0xf3, 0xfb, 0x3a, 0x48, 0xff, 0xfe, 0x35, 0x42, 0xf3, 0x8a,
    0x00, 0x00, 0x00, 0x00, 0x3f, 0x3f, 0xff, 0x04, 0x00, 0x00, 0x00, 0x00, 0x00, 0x00, 0x00, 0x00,
    0x00, 0x00, 0x00, 0x00, 0x00, 0x00, 0x00, 0x00, 0x55, 0x55, 0xff, 0x03, 0x00, 0x00, 0x00, 0x00,
    0x36, 0x42, 0xf2, 0x3d, 0x38, 0x46, 0xfc, 0xff, 0x35, 0x42, 0xf4, 0xfc, 0x36, 0x43, 0xf4, 0xff,
    0x36, 0x43, 0xf4, 0xff, 0x36, 0x43, 0xf4, 0xff, 0x36, 0x43, 0xf4, 0xff, 0x36, 0x43, 0xf4, 0xff,
    0x36, 0x43, 0xf4, 0xff, 0x35, 0x42, 0xf2, 0xfc, 0x39, 0x47, 0xff, 0xff, 0x35, 0x44, 0xf3, 0x5a,
    0x00, 0x00, 0x00, 0x00, 0x3f, 0x3f, 0xff, 0x04, 0x00, 0x00, 0x00, 0x00, 0x00, 0x00, 0x00, 0x00,
    0x00, 0x00, 0x00, 0x00, 0x00, 0x00, 0x00, 0x00, 0x00, 0x00, 0x00, 0x00, 0x00, 0x7f, 0xff, 0x02,
    0x00, 0x00, 0xff, 0x01, 0x36, 0x42, 0xf3, 0xc0, 0x39, 0x47, 0xff, 0xff, 0x35, 0x43, 0xf3, 0xfb,
    0x36, 0x43, 0xf4, 0xff, 0x36, 0x43, 0xf4, 0xff, 0x36, 0x43, 0xf4, 0xff, 0x36, 0x43, 0xf4, 0xff,
    0x36, 0x43, 0xf3, 0xfe, 0x37, 0x43, 0xf6, 0xfe, 0x36, 0x43, 0xf5, 0xf5, 0x3a, 0x44, 0xf5, 0x1a,
    0x00, 0x00, 0x00, 0x00, 0x00, 0x00, 0x7f, 0x02, 0x00, 0x00, 0x00, 0x00, 0x00, 0x00, 0x00, 0x00,
    0x00, 0x00, 0x00, 0x00, 0x00, 0x00, 0x00, 0x00, 0x00, 0x00, 0x00, 0x00, 0x00, 0x7f, 0xff, 0x02,
    0x00, 0x00, 0x00, 0x00, 0x34, 0x45, 0xf3, 0x2c, 0x37, 0x45, 0xf9, 0xf7, 0x37, 0x44, 0xf7, 0xfe,
    0x35, 0x42, 0xf3, 0xfc, 0x36, 0x43, 0xf4, 0xff, 0x36, 0x43, 0xf4, 0xff, 0x36, 0x43, 0xf4, 0xff,
    0x35, 0x43, 0xf3, 0xfb, 0x3a, 0x48, 0xff, 0xff, 0x36, 0x42, 0xf2, 0xa8, 0x00, 0x00, 0x00, 0x00,
    0x55, 0x55, 0xff, 0x03, 0x00, 0x00, 0x00, 0x00, 0x00, 0x00, 0x00, 0x00, 0x00, 0x00, 0x00, 0x00,
    0x00, 0x00, 0x00, 0x00, 0x00, 0x00, 0x00, 0x00, 0x00, 0x00, 0x00, 0x00, 0x00, 0x00, 0x00, 0x00,
    0x55, 0x55, 0xff, 0x03, 0x00, 0x00, 0x00, 0x00, 0x34, 0x41, 0xef, 0x52, 0x38, 0x45, 0xfa, 0xfd,
    0x38, 0x45, 0xfb, 0xff, 0x36, 0x43, 0xf3, 0xfa, 0x36, 0x42, 0xf3, 0xfd, 0x36, 0x42, 0xf3, 0xfe,
    0x36, 0x43, 0xf6, 0xfd, 0x36, 0x44, 0xf7, 0xfb, 0x37, 0x44, 0xf8, 0x29, 0x00, 0x00, 0xff, 0x01,
    0x7f, 0x7f, 0xff, 0x02, 0x00, 0x00, 0x00, 0x00, 0x00, 0x00, 0x00, 0x00, 0x00, 0x00, 0x00, 0x00,
    0x00, 0x00, 0x00, 0x00, 0x00, 0x00, 0x00, 0x00, 0x00, 0x00, 0x00, 0x00, 0x00, 0x00, 0x00, 0x00,
    0x00, 0x00, 0x00, 0x00, 0x55, 0x55, 0xff, 0x03, 0x00, 0x00, 0x00, 0x00, 0x35, 0x40, 0xf0, 0x47,
    0x37, 0x45, 0xfa, 0xe0, 0x3a, 0x48, 0xff, 0xff, 0x38, 0x46, 0xfd, 0xff, 0x36, 0x44, 0xf5, 0xfc,
    0x3a, 0x48, 0xff, 0xff, 0x36, 0x42, 0xf1, 0x70, 0x00, 0x00, 0x00, 0x00, 0x55, 0x55, 0xff, 0x03,
    0x00, 0x00, 0x00, 0x00, 0x00, 0x00, 0x00, 0x00, 0x00, 0x00, 0x00, 0x00, 0x00, 0x00, 0x00, 0x00,
    0x00, 0x00, 0x00, 0x00, 0x00, 0x00, 0x00, 0x00, 0x00, 0x00, 0x00, 0x00, 0x00, 0x00, 0x00, 0x00,
    0x00, 0x00, 0x00, 0x00, 0x00, 0x00, 0x00, 0x00, 0x55, 0x55, 0xff, 0x03, 0x00, 0x00, 0x00, 0x00,
    0x35, 0x35, 0xe4, 0x13, 0x37, 0x46, 0xfa, 0x7b, 0x34, 0x41, 0xf2, 0xcf, 0x2f, 0x32, 0xdf, 0xfe,
    0x2d, 0x33, 0xd6, 0x91, 0x00, 0x00, 0x00, 0x00, 0x3f, 0x3f, 0xbf, 0x04, 0x00, 0x00, 0x00, 0x00,
    0x00, 0x00, 0x00, 0x00, 0x00, 0x00, 0x00, 0x00, 0x00, 0x00, 0x00, 0x00, 0x00, 0x00, 0x00, 0x00,
    0x00, 0x00, 0x00, 0x00, 0x00, 0x00, 0x00, 0x00, 0x00, 0x00, 0x00, 0x00, 0x00, 0x00, 0x00, 0x00,
    0x00, 0x00, 0x00, 0x00, 0x00, 0x00, 0x00, 0x00, 0x00, 0x00, 0x00, 0x00, 0x55, 0x55, 0xaa, 0x03,
    0x00, 0x00, 0x00, 0x00, 0x00, 0x00, 0x00, 0x00, 0x2a, 0x00, 0x7f, 0x06, 0x2d, 0x36, 0xea, 0xee,
    0x30, 0x3d, 0xf0, 0x8e, 0xaa, 0xaa, 0xaa, 0x03, 0x91, 0x91, 0xb6, 0x07, 0x7f, 0x7f, 0x7f, 0x02,
    0x00, 0x00, 0x00, 0x00, 0x00, 0x00, 0x00, 0x00, 0x00, 0x00, 0x00, 0x00, 0x00, 0x00, 0x00, 0x00,
    0x00, 0x00, 0x00, 0x00, 0x00, 0x00, 0x00, 0x00, 0x00, 0x00, 0x00, 0x00, 0x00, 0x00, 0x00, 0x00,
    0x00, 0x00, 0x00, 0x00, 0x00, 0x00, 0x00, 0x00, 0x00, 0x00, 0x00, 0x00, 0x00, 0x00, 0x00, 0x00,
    0x00, 0x00, 0xff, 0x02, 0x66, 0x66, 0xcc, 0x05, 0x7f, 0x7f, 0xff, 0x02, 0x53, 0x56, 0xe1, 0xbd,
    0x47, 0x4b, 0xe8, 0x7a, 0x00, 0x00, 0x00, 0x00, 0x00, 0x00, 0x00, 0x00, 0x00, 0x00, 0x00, 0x00,
    0xff, 0xff, 0xff, 0x01, 0x00, 0x00, 0x00, 0x00, 0x00, 0x00, 0x00, 0x00, 0x00, 0x00, 0x00, 0x00,
    0x00, 0x00, 0x00, 0x00, 0x00, 0x00, 0x00, 0x00, 0x00, 0x00, 0x00, 0x00, 0x00, 0x00, 0x00, 0x00,
    0x00, 0x00, 0x00, 0x00, 0x00, 0x00, 0x00, 0x00, 0x00, 0x00, 0x00, 0x00, 0x00, 0x00, 0x00, 0x00,
    0x00, 0x00, 0x00, 0x00, 0xff, 0xaa, 0x55, 0x03, 0x00, 0x00, 0x00, 0x00, 0xff, 0xc2, 0x4c, 0x5d,
    0xff, 0xd6, 0x3d, 0x32, 0xf4, 0xb6, 0x62, 0x31, 0xfc, 0xc2, 0x6c, 0x59, 0xf8, 0xb7, 0x62, 0x27,
    0x00, 0x00, 0x00, 0x00, 0xff, 0xff, 0x00, 0x01, 0x00, 0x00, 0x00, 0x00, 0x00, 0x00, 0x00, 0x00,
    0x00, 0x00, 0x00, 0x00, 0x00, 0x00, 0x00, 0x00, 0x00, 0x00, 0x00, 0x00, 0x00, 0x00, 0x00, 0x00,
    0x00, 0x00, 0x00, 0x00, 0x00, 0x00, 0x00, 0x00, 0x00, 0x00, 0x00, 0x00, 0x00, 0x00, 0x00, 0x00,
    0x00, 0x00, 0x00, 0x00, 0xff, 0xff, 0x00, 0x01, 0x00, 0x00, 0x00, 0x00, 0xe4, 0xa7, 0x72, 0x1d,
    0xf4, 0xb4, 0x69, 0x77, 0xf4, 0xb3, 0x63, 0x5f, 0xfa, 0xc4, 0x6c, 0x3d, 0xf7, 0xb5, 0x63, 0x80,
    0xf6, 0xb7, 0x66, 0x39, 0xff, 0x00, 0x00, 0x01, 0xff, 0x7f, 0x7f, 0x02, 0x00, 0x00, 0x00, 0x00,
    0x00, 0x00, 0x00, 0x00, 0x00, 0x00, 0x00, 0x00, 0x00, 0x00, 0x00, 0x00, 0x00, 0x00, 0x00, 0x00,
    0x00, 0x00, 0x00, 0x00, 0x00, 0x00, 0x00, 0x00, 0x00, 0x00, 0x00, 0x00, 0x00, 0x00, 0x00, 0x00,
    0x00, 0x00, 0x00, 0x00, 0x00, 0x00, 0x00, 0x00, 0x00, 0x00, 0x00, 0x00, 0x00, 0x00, 0x00, 0x00,
    0x00, 0x00, 0x00, 0x00, 0x00, 0x00, 0x00, 0x00, 0x00, 0x00, 0x00, 0x00, 0xff, 0xb2, 0x66, 0x0a,
    0xf9, 0xb3, 0x67, 0x2f, 0x00, 0x00, 0x00, 0x00, 0xff, 0xff, 0x00, 0x01, 0x00, 0x00, 0x00, 0x00,
};

static const lv_image_dsc_t emoji_img_44 = {
    .header = {
        .magic = LV_IMAGE_HEADER_MAGIC,
        .cf = LV_COLOR_FORMAT_ARGB8888,
        .flags = 0,
        .w = 20,
        .h = 20,
        .stride = 20 * 4,
        .reserved_2 = 0,
    },
    .data_size = sizeof(emoji_img_44_data),
    .data = emoji_img_44_data,
    .reserved = NULL,
    .reserved_2 = NULL,
};

// LVGL image: emoji_img_45 (20x20 ARGB8888, BGRA byte order)
static const uint8_t emoji_img_45_data[] = {
    0x00, 0x00, 0x00, 0x00, 0x00, 0x00, 0x00, 0x00, 0x00, 0x00, 0x00, 0x00, 0x00, 0x00, 0x00, 0x00,
    0x00, 0x00, 0x00, 0x00, 0x00, 0xaa, 0xff, 0x03, 0x01, 0x00, 0x00, 0x00, 0x00, 0x00, 0x00, 0x00,
    0x00, 0xce, 0xff, 0x3a, 0x00, 0xd6, 0xff, 0x64, 0x00, 0xd8, 0xff, 0x64, 0x00, 0xdb, 0xff, 0x3a,
    0x00, 0x00, 0x00, 0x00, 0x00, 0x00, 0x00, 0x00, 0x00, 0xaa, 0xff, 0x03, 0x00, 0x00, 0x00, 0x00,
    0x00, 0x00, 0x00, 0x00, 0x00, 0x00, 0x00, 0x00, 0x00, 0x00, 0x00, 0x00, 0x00, 0x00, 0x00, 0x00,
    0x00, 0x00, 0x00, 0x00, 0x00, 0x00, 0x00, 0x00, 0x00, 0x00, 0x00, 0x00, 0x00, 0x00, 0x00, 0x00,
    0x00, 0xff, 0xff, 0x02, 0x01, 0x00, 0x00, 0x00, 0x00, 0xc9, 0xff, 0x3e, 0x2e, 0xe9, 0xff, 0xc6,
    0x43, 0xeb, 0xff, 0xfe, 0x0f, 0xe4, 0xff, 0xff, 0x00, 0xdf, 0xff, 0xff, 0x01, 0xd9, 0xff, 0xfe,
    0x00, 0xdc, 0xff, 0xc6, 0x00, 0xcd, 0xff, 0x3e, 0x00, 0x00, 0x00, 0x00, 0x00, 0xff, 0xff, 0x02,
    0x00, 0x00, 0x00, 0x00, 0x00, 0x00, 0x00, 0x00, 0x00, 0x00, 0x00, 0x00, 0x00, 0x00, 0x00, 0x00,
    0x00, 0x00, 0x00, 0x00, 0x00, 0x00, 0x00, 0x00, 0x00, 0x00, 0x00, 0x00, 0x00, 0xaa, 0xff, 0x03,
    0x01, 0x00, 0x00, 0x00, 0x00, 0xcd, 0xff, 0x48, 0x47, 0xf0, 0xff, 0xfc, 0x94, 0xff, 0xff, 0xff,
    0xa0, 0xff, 0xff, 0xfe, 0x67, 0xf3, 0xff, 0xfd, 0x00, 0xd2, 0xff, 0xfd, 0x02, 0xd5, 0xff, 0xfe,
    0x00, 0xe1, 0xff, 0xff, 0x00, 0xde, 0xff, 0xfc, 0x00, 0xd4, 0xff, 0x48, 0x00, 0x00, 0x00, 0x00,
    0x00, 0xaa, 0xff, 0x03, 0x00, 0x00, 0x00, 0x00, 0x00, 0x00, 0x00, 0x00, 0x00, 0x00, 0x00, 0x00,
    0x00, 0x00, 0x00, 0x00, 0x00, 0x00, 0x00, 0x00, 0x00, 0xff, 0xff, 0x01, 0xff, 0xff, 0xff, 0x01,
    0x00, 0xc3, 0xff, 0x11, 0x25, 0xe1, 0xff, 0xe8, 0x94, 0xff, 0xff, 0xff, 0x91, 0xff, 0xff, 0xfb,
    0x93, 0xff, 0xff, 0xff, 0x39, 0xe6, 0xff, 0xff, 0x02, 0xd4, 0xff, 0xff, 0x03, 0xd7, 0xff, 0xff,
    0x00, 0xd5, 0xff, 0xfb, 0x00, 0xdd, 0xff, 0xff, 0x00, 0xd6, 0xff, 0xe8, 0x00, 0xd2, 0xff, 0x11,
    0x00, 0xff, 0xff, 0x01, 0x00, 0xff, 0xff, 0x01, 0x00, 0x00, 0x00, 0x00, 0x00, 0x00, 0x00, 0x00,
    0x00, 0x00, 0x00, 0x00, 0x00, 0x00, 0x00, 0x00, 0x00, 0xbf, 0xff, 0x04, 0x02, 0x00, 0x00, 0x00,
    0x00, 0xcf, 0xff, 0x65, 0x4f, 0xfc, 0xff, 0xff, 0x9b, 0xff, 0xff, 0xfb, 0x80, 0xfb, 0xff, 0xff,
    0x1f, 0xdf, 0xff, 0xff, 0x00, 0xd2, 0xff, 0xff, 0x00, 0xd5, 0xff, 0xff, 0x00, 0xd5, 0xff, 0xff,
    0x00, 0xd6, 0xff, 0xff, 0x00, 0xd5, 0xff, 0xfb, 0x00, 0xe5, 0xff, 0xff, 0x00, 0xd6, 0xff, 0x65,
    0x00, 0x00, 0x00, 0x00, 0x00, 0xbf, 0xff, 0x04, 0x00, 0x00, 0x00, 0x00, 0x00, 0x00, 0x00, 0x00,
    0x00, 0x00, 0x00, 0x00, 0x00, 0x00, 0x00, 0x00, 0x00, 0xbf, 0xff, 0x04, 0x02, 0x00, 0x00, 0x00,
    0x00, 0xd0, 0xff, 0x9a, 0x50, 0xfb, 0xff, 0xfe, 0x9f, 0xff, 0xff, 0xfb, 0x24, 0xe0, 0xff, 0xff,
    0x49, 0xe0, 0xff, 0xff, 0x50, 0xe4, 0xff, 0xff, 0x44, 0xe1, 0xff, 0xff, 0x53, 0xe4, 0xff, 0xff,
    0x0a, 0xd8, 0xff, 0xff, 0x00, 0xd6, 0xff, 0xfb, 0x00, 0xe4, 0xff, 0xfe, 0x00, 0xd7, 0xff, 0x9a,
    0x00, 0x00, 0x00, 0x00, 0x00, 0xbf, 0xff, 0x04, 0x00, 0x00, 0x00, 0x00, 0x00, 0x00, 0x00, 0x00,
    0x00, 0x00, 0x00, 0x00, 0x00, 0x00, 0x00, 0x00, 0x00, 0xbf, 0xff, 0x04, 0x01, 0x00, 0x00, 0x00,
    0x00, 0xd3, 0xff, 0x9d, 0x1d, 0xec, 0xff, 0xfe, 0x40, 0xe8, 0xff, 0xfb, 0x10, 0xd8, 0xff, 0xff,
    0x7b, 0xea, 0xff, 0xff, 0x72, 0xe8, 0xff, 0xff, 0x6b, 0xe7, 0xff, 0xff, 0x79, 0xe9, 0xff, 0xff,
    0x14, 0xd9, 0xff, 0xff, 0x00, 0xd5, 0xff, 0xfb, 0x01, 0xe4, 0xff, 0xfe, 0x00, 0xd6, 0xff, 0x9d,
    0x00, 0x00, 0x00, 0x00, 0x00, 0xbf, 0xff, 0x04, 0x00, 0x00, 0x00, 0x00, 0x00, 0x00, 0x00, 0x00,
    0x00, 0x00, 0x00, 0x00, 0x00, 0x00, 0x00, 0x00, 0x00, 0xbf, 0xff, 0x04, 0x00, 0x00, 0x00, 0x00,
    0x00, 0xd7, 0xff, 0x6e, 0x00, 0xe4, 0xff, 0xff, 0x00, 0xd2, 0xff, 0xfb, 0x08, 0xd8, 0xff, 0xff,
    0x77, 0xea, 0xff, 0xff, 0x66, 0xe6, 0xff, 0xff, 0x5e, 0xe5, 0xff, 0xff, 0x76, 0xeb, 0xff, 0xff,
    0x02, 0xd6, 0xff, 0xff, 0x01, 0xd5, 0xff, 0xfb, 0x00, 0xe5, 0xff, 0xff, 0x00, 0xd5, 0xff, 0x6e,
    0x00, 0x00, 0x00, 0x00, 0x00, 0xbf, 0xff, 0x04, 0x00, 0x00, 0x00, 0x00, 0x00, 0x00, 0x00, 0x00,
    0x00, 0x00, 0x00, 0x00, 0x00, 0x00, 0x00, 0x00, 0x00, 0x7f, 0xff, 0x02, 0x00, 0x00, 0x00, 0x00,
    0x00, 0xd4, 0xff, 0x1e, 0x01, 0xd8, 0xff, 0xf6, 0x04, 0xd9, 0xff, 0xfe, 0x00, 0xd4, 0xff, 0xfe,
    0x65, 0xe2, 0xfc, 0xff, 0x76, 0xe9, 0xff, 0xff, 0x7b, 0xea, 0xff, 0xff, 0x56, 0xdd, 0xfa, 0xff,
    0x00, 0xd3, 0xff, 0xfe, 0x03, 0xd8, 0xff, 0xfe, 0x00, 0xd8, 0xff, 0xf6, 0x00, 0xd4, 0xff, 0x1e,
    0x00, 0x00, 0x00, 0x00, 0x00, 0x7f, 0xff, 0x02, 0x00, 0x00, 0x00, 0x00, 0x00, 0x00, 0x00, 0x00,
    0x00, 0x00, 0x00, 0x00, 0x00, 0x00, 0x00, 0x00, 0x00, 0x00, 0x00, 0x00, 0x00, 0xff, 0xff, 0x03,
    0x00, 0x00, 0x00, 0x00, 0x00, 0xd3, 0xff, 0x94, 0x02, 0xe8, 0xff, 0xff, 0x02, 0xcb, 0xf7, 0xfc,
    0x14, 0xb6, 0xe7, 0xff, 0x40, 0xe6, 0xff, 0xff, 0x3b, 0xe2, 0xff, 0xff, 0x09, 0xb1, 0xe5, 0xff,
    0x00, 0xcf, 0xfa, 0xfc, 0x00, 0xe7, 0xff, 0xff, 0x00, 0xd5, 0xff, 0x94, 0x00, 0x00, 0x00, 0x00,
    0x00, 0xff, 0xff, 0x03, 0x00, 0x00, 0x00, 0x00, 0x00, 0x00, 0x00, 0x00, 0x00, 0x00, 0x00, 0x00,
    0x00, 0x00, 0x00, 0x00, 0x00, 0x00, 0x00, 0x00, 0x00, 0x00, 0x00, 0x00, 0x00, 0x7f, 0xff, 0x02,
    0x00, 0xff, 0xff, 0x01, 0x00, 0xd2, 0xff, 0x17, 0x00, 0xd7, 0xfd, 0xec, 0x00, 0xda, 0xfd, 0xff,
    0x00, 0xb1, 0xe6, 0xfe, 0x00, 0xc6, 0xf5, 0xff, 0x00, 0xbf, 0xf1, 0xff, 0x00, 0xb5, 0xe8, 0xfe,
    0x00, 0xdc, 0xfe, 0xff, 0x00, 0xd8, 0xff, 0xea, 0x00, 0xd2, 0xff, 0x17, 0x00, 0xff, 0xff, 0x01,
    0x00, 0x7f, 0xff, 0x02, 0x00, 0x00, 0x00, 0x00, 0x00, 0x00, 0x00, 0x00, 0x00, 0x00, 0x00, 0x00,
    0x00, 0x00, 0x00, 0x00, 0x00, 0x00, 0x00, 0x00, 0x00, 0x00, 0x00, 0x00, 0x00, 0x00, 0x00, 0x00,
    0x55, 0xff, 0xff, 0x03, 0x00, 0x00, 0x00, 0x00, 0x28, 0xdf, 0xfd, 0xac, 0x32, 0xf3, 0xff, 0xff,
    0x00, 0xca, 0xf6, 0xfb, 0x05, 0xc4, 0xf1, 0xff, 0x05, 0xc1, 0xef, 0xff, 0x03, 0xd5, 0xfc, 0xfb,
    0x03, 0xea, 0xff, 0xff, 0x01, 0xd4, 0xfd, 0xa2, 0x00, 0x00, 0x00, 0x00, 0x00, 0xff, 0xff, 0x03,
    0x00, 0x00, 0x00, 0x00, 0x00, 0x00, 0x00, 0x00, 0x00, 0x00, 0x00, 0x00, 0x00, 0x00, 0x00, 0x00,
    0x00, 0x00, 0x00, 0x00, 0x00, 0x00, 0x00, 0x00, 0x00, 0x00, 0x00, 0x00, 0x00, 0x00, 0x00, 0x00,
    0x3f, 0xff, 0xff, 0x04, 0x00, 0xff, 0xff, 0x01, 0x29, 0xe0, 0xff, 0x86, 0x80, 0xfa, 0xff, 0xff,
    0x24, 0xc2, 0xed, 0xfb, 0x00, 0xa6, 0xe7, 0xff, 0x00, 0xa4, 0xe3, 0xff, 0x00, 0xb1, 0xec, 0xfb,
    0x00, 0xda, 0xfe, 0xff, 0x00, 0xd8, 0xff, 0x7e, 0x00, 0xff, 0xff, 0x01, 0x00, 0xbf, 0xff, 0x04,
    0x00, 0x00, 0x00, 0x00, 0x00, 0x00, 0x00, 0x00, 0x00, 0x00, 0x00, 0x00, 0x00, 0x00, 0x00, 0x00,
    0x00, 0x00, 0x00, 0x00, 0x00, 0x00, 0x00, 0x00, 0x00, 0x00, 0x00, 0x00, 0x00, 0x00, 0x00, 0x00,
    0x7f, 0xbf, 0x7f, 0x04, 0x00, 0x00, 0x00, 0x00, 0x85, 0xaa, 0x99, 0x69, 0x6f, 0xb5, 0xbd, 0xff,
    0x49, 0xa0, 0xc6, 0xfb, 0x34, 0x94, 0xcb, 0xff, 0x33, 0x93, 0xc8, 0xff, 0x34, 0x94, 0xc6, 0xfb,
    0x5f, 0xaa, 0xbb, 0xff, 0x92, 0xb4, 0x9b, 0x67, 0x00, 0x00, 0x00, 0x00, 0x7f, 0xbf, 0x7f, 0x04,
    0x00, 0x00, 0x00, 0x00, 0x00, 0x00, 0x00, 0x00, 0x00, 0x00, 0x00, 0x00, 0x00, 0x00, 0x00, 0x00,
    0x00, 0x00, 0x00, 0x00, 0x00, 0x00, 0x00, 0x00, 0x00, 0x00, 0x00, 0x00, 0x00, 0x00, 0x00, 0x00,
    0xff, 0xff, 0x7f, 0x02, 0x00, 0x00, 0x00, 0x00, 0xf0, 0xaa, 0x64, 0x33, 0xa2, 0xba, 0x9b, 0xfe,
    0x65, 0xc3, 0xbd, 0xfe, 0x5d, 0xc8, 0xc6, 0xff, 0x5d, 0xc9, 0xc6, 0xff, 0x6a, 0xc7, 0xbf, 0xfe,
    0xa9, 0xbd, 0x9c, 0xfe, 0xe6, 0xa6, 0x66, 0x34, 0x00, 0x00, 0x00, 0x00, 0xaa, 0xaa, 0x55, 0x03,
    0x00, 0x00, 0x00, 0x00, 0x00, 0x00, 0x00, 0x00, 0x00, 0x00, 0x00, 0x00, 0x00, 0x00, 0x00, 0x00,
    0x00, 0x00, 0x00, 0x00, 0x00, 0x00, 0x00, 0x00, 0x00, 0x00, 0x00, 0x00, 0x00, 0x00, 0x00, 0x00,
    0x00, 0x00, 0x00, 0x00, 0x7f, 0x7f, 0x00, 0x02, 0x00, 0xff, 0xff, 0x01, 0xad, 0x97, 0x5e, 0xc5,
    0xba, 0xa6, 0x68, 0xff, 0xa8, 0x9c, 0x65, 0xfd, 0xa7, 0x99, 0x66, 0xfc, 0xbb, 0xa3, 0x6b, 0xff,
    0xb8, 0xa0, 0x6f, 0xc3, 0x00, 0xff, 0xff, 0x01, 0x7f, 0x7f, 0x7f, 0x02, 0x00, 0x00, 0x00, 0x00,
    0x00, 0x00, 0x00, 0x00, 0x00, 0x00, 0x00, 0x00, 0x00, 0x00, 0x00, 0x00, 0x00, 0x00, 0x00, 0x00,
    0x00, 0x00, 0x00, 0x00, 0x00, 0x00, 0x00, 0x00, 0x00, 0x00, 0x00, 0x00, 0x00, 0x00, 0x00, 0x00,
    0x00, 0x00, 0x00, 0x00, 0xbf, 0xbf, 0x7f, 0x04, 0x00, 0x00, 0x00, 0x00, 0xa9, 0x99, 0x63, 0x92,
    0xcb, 0xba, 0x76, 0xfd, 0xb4, 0xa3, 0x67, 0xfb, 0xa5, 0x93, 0x5b, 0xfb, 0xb1, 0x9f, 0x61, 0xfd,
    0xa4, 0x96, 0x5c, 0x95, 0x00, 0x00, 0x00, 0x00, 0xbf, 0x7f, 0x7f, 0x04, 0x00, 0x00, 0x00, 0x00,
    0x00, 0x00, 0x00, 0x00, 0x00, 0x00, 0x00, 0x00, 0x00, 0x00, 0x00, 0x00, 0x00, 0x00, 0x00, 0x00,
    0x00, 0x00, 0x00, 0x00, 0x00, 0x00, 0x00, 0x00, 0x00, 0x00, 0x00, 0x00, 0x00, 0x00, 0x00, 0x00,
    0x00, 0x00, 0x00, 0x00, 0x7f, 0x7f, 0x3f, 0x04, 0x00, 0x00, 0x00, 0x00, 0xa2, 0x92, 0x56, 0x5e,
    0xbd, 0xaa, 0x61, 0xff, 0xaa, 0x98, 0x52, 0xf9, 0xa4, 0x92, 0x52, 0xf9, 0xb6, 0xa3, 0x60, 0xff,
    0xa8, 0x97, 0x5c, 0x5b, 0x00, 0x00, 0x00, 0x00, 0x7f, 0x7f, 0x3f, 0x04, 0x00, 0x00, 0x00, 0x00,
    0x00, 0x00, 0x00, 0x00, 0x00, 0x00, 0x00, 0x00, 0x00, 0x00, 0x00, 0x00, 0x00, 0x00, 0x00, 0x00,
    0x00, 0x00, 0x00, 0x00, 0x00, 0x00, 0x00, 0x00, 0x00, 0x00, 0x00, 0x00, 0x00, 0x00, 0x00, 0x00,
    0x00, 0x00, 0x00, 0x00, 0x00, 0x00, 0x00, 0x01, 0x7f, 0x7f, 0x00, 0x02, 0x75, 0x62, 0x13, 0x0d,
    0x73, 0x66, 0x2b, 0xc0, 0x7c, 0x6e, 0x31, 0xff, 0x82, 0x75, 0x3a, 0xff, 0x7e, 0x71, 0x3c, 0xbf,
    0x89, 0x89, 0x3a, 0x0d, 0x7f, 0x7f, 0x00, 0x02, 0x00, 0x00, 0x00, 0x01, 0x00, 0x00, 0x00, 0x00,
    0x00, 0x00, 0x00, 0x00, 0x00, 0x00, 0x00, 0x00, 0x00, 0x00, 0x00, 0x00, 0x00, 0x00, 0x00, 0x00,
    0x00, 0x00, 0x00, 0x00, 0x00, 0x00, 0x00, 0x00, 0x00, 0x00, 0x00, 0x00, 0x00, 0x00, 0x00, 0x00,
    0x00, 0x00, 0x00, 0x00, 0x00, 0x00, 0x00, 0x00, 0x00, 0x00, 0x00, 0x01, 0x00, 0x00, 0x00, 0x00,
    0x00, 0x17, 0x8b, 0x0b, 0x44, 0x44, 0x47, 0x5d, 0x3f, 0x41, 0x41, 0x5d, 0x00, 0x00, 0x2e, 0x0b,
    0x00, 0x00, 0x00, 0x00, 0x00, 0x00, 0x00, 0x01, 0x00, 0x00, 0x00, 0x00, 0x00, 0x00, 0x00, 0x00,
    0x00, 0x00, 0x00, 0x00, 0x00, 0x00, 0x00, 0x00, 0x00, 0x00, 0x00, 0x00, 0x00, 0x00, 0x00, 0x00,
};

static const lv_image_dsc_t emoji_img_45 = {
    .header = {
        .magic = LV_IMAGE_HEADER_MAGIC,
        .cf = LV_COLOR_FORMAT_ARGB8888,
        .flags = 0,
        .w = 20,
        .h = 20,
        .stride = 20 * 4,
        .reserved_2 = 0,
    },
    .data_size = sizeof(emoji_img_45_data),
    .data = emoji_img_45_data,
    .reserved = NULL,
    .reserved_2 = NULL,
};

// LVGL image: emoji_img_46 (20x20 ARGB8888, BGRA byte order)
static const uint8_t emoji_img_46_data[] = {
    0x00, 0x00, 0x00, 0x00, 0x00, 0x00, 0x00, 0x00, 0x00, 0x00, 0x00, 0x00, 0x00, 0x00, 0x00, 0x00,
    0x00, 0x00, 0x00, 0x00, 0x00, 0x00, 0x00, 0x00, 0x00, 0x00, 0x00, 0x00, 0x00, 0x00, 0xff, 0x01,
    0x00, 0x00, 0x00, 0x00, 0x33, 0x99, 0xcc, 0x05, 0x18, 0xb4, 0xf6, 0x1f, 0x00, 0x00, 0x00, 0x00,
    0x00, 0x00, 0x00, 0x00, 0x00, 0x00, 0x00, 0x00, 0x00, 0x00, 0x00, 0x00, 0x00, 0x00, 0x00, 0x00,
    0x00, 0x00, 0x00, 0x00, 0x00, 0x00, 0x00, 0x00, 0x00, 0x00, 0x00, 0x00, 0x00, 0x00, 0x00, 0x00,
    0x00, 0x00, 0x00, 0x00, 0x00, 0x00, 0x00, 0x00, 0x00, 0x00, 0x00, 0x00, 0x00, 0x00, 0x00, 0x00,
    0x00, 0x00, 0x00, 0x00, 0x00, 0x00, 0x00, 0x00, 0x00, 0xaa, 0xff, 0x03, 0x3f, 0xbf, 0xff, 0x04,
    0x0f, 0xaf, 0xef, 0x20, 0x10, 0xa8, 0xe6, 0xcf, 0x10, 0xad, 0xed, 0xf2, 0x0f, 0xa8, 0xe6, 0x94,
    0x3f, 0xff, 0xff, 0x04, 0x00, 0xaa, 0xff, 0x03, 0x00, 0x00, 0x00, 0x00, 0x00, 0x00, 0x00, 0x00,
    0x00, 0x00, 0x00, 0x00, 0x00, 0x00, 0x00, 0x00, 0x00, 0x00, 0x00, 0x00, 0x00, 0x00, 0x00, 0x00,
    0x00, 0x00, 0x00, 0x00, 0x00, 0x00, 0x00, 0x00, 0x00, 0x00, 0x00, 0x00, 0x00, 0x00, 0x00, 0x00,
    0x00, 0x00, 0x00, 0x00, 0x00, 0x7f, 0xff, 0x02, 0x01, 0x00, 0x00, 0x00, 0x00, 0x00, 0x00, 0x00,
    0x0f, 0x99, 0xd0, 0x94, 0x13, 0xa4, 0xdb, 0xda, 0x17, 0xb3, 0xf0, 0x58, 0x11, 0x93, 0xc7, 0xff,
    0x00, 0x47, 0x6f, 0x27, 0x00, 0x00, 0x00, 0x00, 0x00, 0x7f, 0xff, 0x04, 0x00, 0x00, 0x00, 0x00,
    0x00, 0x00, 0x00, 0x00, 0x00, 0x00, 0x00, 0x00, 0x00, 0x00, 0x00, 0x00, 0x00, 0x00, 0x00, 0x00,
    0x00, 0x00, 0x00, 0x00, 0x00, 0x00, 0x00, 0x00, 0x00, 0x00, 0x00, 0x00, 0x00, 0x00, 0x00, 0x00,
    0x00, 0xff, 0xff, 0x01, 0x00, 0x00, 0x00, 0x00, 0x00, 0xb0, 0xff, 0x1a, 0x31, 0xd3, 0xff, 0x94,
    0x28, 0xc8, 0xf7, 0xee, 0x27, 0xc7, 0xf9, 0xf4, 0x2a, 0xce, 0xff, 0xe6, 0x21, 0xbb, 0xeb, 0xfa,
    0x24, 0xc4, 0xf5, 0xa6, 0x31, 0xcd, 0xff, 0x1a, 0x00, 0x00, 0x00, 0x00, 0x00, 0xff, 0xff, 0x01,
    0x00, 0x00, 0x00, 0x00, 0x00, 0x00, 0x00, 0x00, 0x00, 0x00, 0x00, 0x00, 0x00, 0x00, 0x00, 0x00,
    0x00, 0x00, 0x00, 0x00, 0x00, 0x00, 0x00, 0x00, 0x00, 0x00, 0x00, 0x00, 0x00, 0xff, 0xff, 0x02,
    0xff, 0xff, 0xff, 0x01, 0x0d, 0xc0, 0xff, 0x25, 0x5c, 0xe2, 0xff, 0xe1, 0x9e, 0xff, 0xff, 0xff,
    0x6b, 0xe5, 0xff, 0xff, 0x21, 0xc9, 0xff, 0xff, 0x2c, 0xd1, 0xff, 0xff, 0x20, 0xbe, 0xf6, 0xfe,
    0x16, 0xb9, 0xf6, 0xff, 0x25, 0xca, 0xff, 0xe1, 0x30, 0xd5, 0xff, 0x25, 0x00, 0x00, 0x00, 0x01,
    0x00, 0xff, 0xff, 0x02, 0x00, 0x00, 0x00, 0x00, 0x00, 0x00, 0x00, 0x00, 0x00, 0x00, 0x00, 0x00,
    0x00, 0x00, 0x00, 0x00, 0x00, 0x00, 0x00, 0x00, 0x00, 0x00, 0x00, 0x00, 0x7f, 0xff, 0xff, 0x02,
    0x00, 0x55, 0xff, 0x03, 0x4d, 0xd5, 0xfd, 0xc6, 0xa5, 0xff, 0xff, 0xff, 0xac, 0xf8, 0xff, 0xf9,
    0x6b, 0xe2, 0xff, 0xfe, 0x20, 0xc7, 0xff, 0xff, 0x2a, 0xcb, 0xff, 0xfe, 0x27, 0xc8, 0xfd, 0xff,
    0x0f, 0xa3, 0xe0, 0xf9, 0x17, 0xba, 0xf8, 0xff, 0x27, 0xc8, 0xff, 0xc6, 0x55, 0xaa, 0xff, 0x03,
    0x00, 0x7f, 0xff, 0x02, 0x00, 0x00, 0x00, 0x00, 0x00, 0x00, 0x00, 0x00, 0x00, 0x00, 0x00, 0x00,
    0x00, 0x00, 0x00, 0x00, 0x00, 0x00, 0x00, 0x00, 0x00, 0xaa, 0xff, 0x03, 0x00, 0x00, 0x00, 0x00,
    0x0c, 0xbd, 0xff, 0x3e, 0x76, 0xef, 0xff, 0xff, 0xa6, 0xf7, 0xff, 0xfc, 0x97, 0xf3, 0xff, 0xff,
    0x36, 0xcf, 0xff, 0xff, 0x24, 0xc9, 0xff, 0xff, 0x29, 0xca, 0xff, 0xff, 0x28, 0xca, 0xff, 0xff,
    0x15, 0xad, 0xe8, 0xff, 0x0d, 0xa1, 0xde, 0xfc, 0x24, 0xca, 0xff, 0xff, 0x2d, 0xd1, 0xff, 0x3e,
    0x00, 0x00, 0x00, 0x00, 0x00, 0xaa, 0xff, 0x03, 0x00, 0x00, 0x00, 0x00, 0x00, 0x00, 0x00, 0x00,
    0x00, 0x00, 0x00, 0x00, 0x00, 0x00, 0x00, 0x00, 0x3f, 0xbf, 0xff, 0x04, 0x00, 0x00, 0x00, 0x00,
    0x24, 0xc8, 0xff, 0x83, 0x88, 0xfb, 0xff, 0xfe, 0xab, 0xf9, 0xff, 0xfb, 0x72, 0xe5, 0xff, 0xff,
    0x20, 0xc7, 0xff, 0xff, 0x2a, 0xcb, 0xff, 0xff, 0x28, 0xca, 0xff, 0xff, 0x28, 0xcb, 0xff, 0xff,
    0x15, 0xae, 0xe8, 0xff, 0x0d, 0xa1, 0xde, 0xfb, 0x1f, 0xc6, 0xff, 0xfe, 0x2a, 0xd0, 0xff, 0x83,
    0x00, 0x00, 0x00, 0x00, 0x3f, 0xbf, 0xff, 0x04, 0x00, 0x00, 0x00, 0x00, 0x00, 0x00, 0x00, 0x00,
    0x00, 0x00, 0x00, 0x00, 0x00, 0x00, 0x00, 0x00, 0x55, 0xaa, 0xff, 0x03, 0x00, 0x00, 0x00, 0x00,
    0x2a, 0xcb, 0xff, 0xad, 0x8d, 0xfa, 0xff, 0xff, 0xa8, 0xf8, 0xff, 0xfc, 0x4d, 0xd7, 0xff, 0xff,
    0x21, 0xc7, 0xff, 0xff, 0x2a, 0xcb, 0xff, 0xff, 0x28, 0xca, 0xff, 0xff, 0x29, 0xcb, 0xff, 0xff,
    0x16, 0xae, 0xe9, 0xff, 0x0d, 0xa0, 0xdd, 0xfc, 0x1c, 0xbf, 0xfc, 0xff, 0x2a, 0xcd, 0xff, 0xae,
    0x00, 0x00, 0x00, 0x00, 0x00, 0xaa, 0xff, 0x03, 0x00, 0x00, 0x00, 0x00, 0x00, 0x00, 0x00, 0x00,
    0x00, 0x00, 0x00, 0x00, 0x00, 0x00, 0x00, 0x00, 0x7f, 0x7f, 0xff, 0x02, 0x00, 0x00, 0x00, 0x00,
    0x29, 0xca, 0xff, 0xc6, 0x8f, 0xf9, 0xff, 0xff, 0x9c, 0xf5, 0xff, 0xfc, 0x32, 0xce, 0xff, 0xff,
    0x25, 0xc9, 0xff, 0xff, 0x29, 0xca, 0xff, 0xff, 0x28, 0xca, 0xff, 0xff, 0x29, 0xcb, 0xff, 0xff,
    0x16, 0xae, 0xe9, 0xff, 0x0d, 0xa1, 0xde, 0xfc, 0x19, 0xba, 0xf7, 0xff, 0x29, 0xcc, 0xff, 0xc6,
    0x00, 0x00, 0x00, 0x00, 0x00, 0x7f, 0x7f, 0x02, 0x00, 0x00, 0x00, 0x00, 0x00, 0x00, 0x00, 0x00,
    0x00, 0x00, 0x00, 0x00, 0x00, 0x00, 0x00, 0x00, 0x00, 0x00, 0x00, 0x00, 0x00, 0x00, 0x00, 0x00,
    0x28, 0xcb, 0xff, 0xd4, 0x93, 0xf8, 0xff, 0xff, 0x88, 0xec, 0xff, 0xfd, 0x24, 0xc8, 0xff, 0xff,
    0x29, 0xca, 0xff, 0xff, 0x28, 0xca, 0xff, 0xff, 0x28, 0xca, 0xff, 0xff, 0x29, 0xcb, 0xff, 0xff,
    0x16, 0xae, 0xe9, 0xff, 0x0d, 0xa2, 0xde, 0xfd, 0x18, 0xb7, 0xf3, 0xff, 0x28, 0xcc, 0xff, 0xd4,
    0x00, 0x00, 0x00, 0x00, 0x00, 0x00, 0x00, 0x00, 0x00, 0x00, 0x00, 0x00, 0x00, 0x00, 0x00, 0x00,
    0x00, 0x00, 0x00, 0x00, 0x00, 0xff, 0xff, 0x01, 0x00, 0x00, 0x00, 0x00, 0x00, 0xb6, 0xff, 0x07,
    0x2c, 0xca, 0xff, 0xe1, 0x9f, 0xfb, 0xff, 0xff, 0x61, 0xdf, 0xff, 0xfd, 0x1f, 0xc7, 0xff, 0xff,
    0x2a, 0xcb, 0xff, 0xff, 0x28, 0xca, 0xff, 0xff, 0x28, 0xc9, 0xff, 0xff, 0x2a, 0xcc, 0xff, 0xff,
    0x18, 0xb2, 0xeb, 0xff, 0x0d, 0xa2, 0xde, 0xfd, 0x17, 0xb4, 0xef, 0xff, 0x28, 0xc9, 0xff, 0xe1,
    0x24, 0xda, 0xff, 0x07, 0x00, 0x00, 0x00, 0x00, 0x00, 0xff, 0xff, 0x01, 0x00, 0x00, 0x00, 0x00,
    0x00, 0x00, 0x00, 0x00, 0x00, 0xff, 0xff, 0x01, 0x00, 0xff, 0xff, 0x02, 0x00, 0xb1, 0xff, 0x17,
    0x43, 0xd3, 0xff, 0xf5, 0x84, 0xee, 0xff, 0xff, 0x2b, 0xcb, 0xff, 0xfe, 0x27, 0xc9, 0xff, 0xff,
    0x29, 0xca, 0xff, 0xff, 0x29, 0xca, 0xff, 0xff, 0x28, 0xc9, 0xff, 0xff, 0x29, 0xcc, 0xff, 0xff,
    0x21, 0xbe, 0xf5, 0xff, 0x0d, 0xa1, 0xde, 0xfe, 0x12, 0xaa, 0xe6, 0xff, 0x26, 0xc7, 0xfc, 0xf5,
    0x2c, 0xd2, 0xff, 0x17, 0x00, 0xff, 0xff, 0x02, 0x00, 0xff, 0xff, 0x01, 0x00, 0x00, 0x00, 0x00,
    0x00, 0x00, 0x00, 0x00, 0x33, 0xcc, 0xff, 0x05, 0x00, 0x00, 0x00, 0x00, 0x1b, 0xc2, 0xff, 0x65,
    0x27, 0xd5, 0xff, 0xff, 0x24, 0xc7, 0xfd, 0xfc, 0x23, 0xc7, 0xfd, 0xff, 0x29, 0xc9, 0xfd, 0xff,
    0x26, 0xc7, 0xfd, 0xff, 0x25, 0xc7, 0xfd, 0xff, 0x28, 0xc8, 0xfd, 0xff, 0x28, 0xc8, 0xfd, 0xff,
    0x29, 0xc9, 0xfd, 0xff, 0x1e, 0xb8, 0xf0, 0xff, 0x10, 0xa3, 0xdf, 0xfc, 0x20, 0xc6, 0xfe, 0xff,
    0x2a, 0xcc, 0xff, 0x65, 0x00, 0x00, 0x00, 0x00, 0x33, 0xcc, 0xff, 0x05, 0x00, 0x00, 0x00, 0x00,
    0x00, 0xff, 0xff, 0x02, 0x00, 0x00, 0x00, 0x00, 0x17, 0xb9, 0xfa, 0x37, 0x38, 0xd3, 0xfb, 0xef,
    0x61, 0xe3, 0xff, 0xfd, 0x79, 0xeb, 0xff, 0xfe, 0x81, 0xf2, 0xff, 0xff, 0x7c, 0xf1, 0xff, 0xff,
    0x73, 0xef, 0xff, 0xff, 0x58, 0xe4, 0xff, 0xff, 0x28, 0xd2, 0xff, 0xff, 0x28, 0xd4, 0xff, 0xff,
    0x28, 0xd2, 0xff, 0xff, 0x29, 0xd3, 0xff, 0xff, 0x26, 0xcb, 0xff, 0xfe, 0x25, 0xc9, 0xff, 0xfd,
    0x29, 0xcd, 0xfc, 0xef, 0x25, 0xc2, 0xfa, 0x37, 0x00, 0x00, 0x00, 0x00, 0x00, 0xff, 0xff, 0x02,
    0x00, 0xff, 0xff, 0x01, 0x0d, 0xbd, 0xf8, 0x27, 0x3c, 0xdb, 0xff, 0xec, 0x72, 0xf7, 0xff, 0xff,
    0x60, 0xdb, 0xfb, 0xfe, 0x49, 0xc4, 0xeb, 0xff, 0x3c, 0xb2, 0xda, 0xff, 0x35, 0xa6, 0xd0, 0xff,
    0x34, 0x9b, 0xc4, 0xff, 0x2b, 0x9c, 0xc9, 0xff, 0x29, 0x9c, 0xc9, 0xff, 0x2a, 0x98, 0xc3, 0xff,
    0x29, 0xa2, 0xd0, 0xff, 0x29, 0xab, 0xda, 0xff, 0x29, 0xb9, 0xeb, 0xff, 0x28, 0xc7, 0xfb, 0xfe,
    0x29, 0xdc, 0xff, 0xff, 0x29, 0xd3, 0xff, 0xec, 0x27, 0xc4, 0xf8, 0x27, 0x00, 0xff, 0xff, 0x01,
    0x00, 0x00, 0x00, 0x00, 0x26, 0xcd, 0xff, 0xc2, 0x32, 0xcd, 0xf6, 0xff, 0x2a, 0x58, 0x7b, 0xf7,
    0x22, 0x3b, 0x5c, 0xfc, 0x27, 0x33, 0x50, 0xfc, 0x29, 0x31, 0x4c, 0xfd, 0x2b, 0x28, 0x41, 0xfe,
    0x29, 0x49, 0x69, 0xfe, 0x2d, 0xab, 0xda, 0xfe, 0x13, 0x9b, 0xd4, 0xfe, 0x26, 0x4b, 0x6c, 0xfe,
    0x2f, 0x29, 0x40, 0xfe, 0x2e, 0x32, 0x4c, 0xfd, 0x2d, 0x35, 0x50, 0xfc, 0x2c, 0x3f, 0x5b, 0xfc,
    0x2b, 0x58, 0x7b, 0xf7, 0x2c, 0xcb, 0xf6, 0xff, 0x27, 0xce, 0xff, 0xc2, 0x00, 0x00, 0x00, 0x00,
    0x00, 0x00, 0x00, 0x00, 0x28, 0xd0, 0xff, 0x7d, 0x28, 0xc3, 0xf1, 0xef, 0x2e, 0x77, 0x9b, 0xff,
    0x32, 0x52, 0x71, 0xff, 0x31, 0x3e, 0x5a, 0xff, 0x30, 0x35, 0x4f, 0xff, 0x30, 0x2c, 0x45, 0xff,
    0x2a, 0x3c, 0x59, 0xff, 0x76, 0xd1, 0xe5, 0xff, 0x34, 0xaf, 0xdd, 0xff, 0x24, 0x3c, 0x5d, 0xff,
    0x32, 0x2c, 0x44, 0xff, 0x2f, 0x35, 0x4f, 0xff, 0x30, 0x3d, 0x5a, 0xff, 0x2f, 0x51, 0x71, 0xff,
    0x2e, 0x77, 0x9b, 0xff, 0x29, 0xc4, 0xf1, 0xef, 0x28, 0xd0, 0xff, 0x7d, 0x00, 0x00, 0x00, 0x00,
    0x00, 0x00, 0xff, 0x01, 0x00, 0x00, 0x00, 0x00, 0x28, 0xea, 0xff, 0x19, 0x28, 0xee, 0xff, 0x5f,
    0x28, 0xcb, 0xfb, 0x9d, 0x29, 0xb0, 0xde, 0xc6, 0x29, 0x9d, 0xca, 0xde, 0x2a, 0x90, 0xba, 0xec,
    0x29, 0x82, 0xaa, 0xf3, 0x28, 0x88, 0xb2, 0xf7, 0x2b, 0x8b, 0xb5, 0xf7, 0x2b, 0x82, 0xab, 0xf3,
    0x2a, 0x8f, 0xba, 0xec, 0x29, 0x9d, 0xca, 0xde, 0x29, 0xb0, 0xde, 0xc6, 0x28, 0xcb, 0xfb, 0x9d,
    0x28, 0xee, 0xff, 0x5f, 0x28, 0xea, 0xff, 0x19, 0x00, 0x00, 0x00, 0x00, 0x00, 0x00, 0xff, 0x01,
    0x00, 0x00, 0x00, 0x00, 0x00, 0xaa, 0xff, 0x03, 0x00, 0x00, 0x00, 0x00, 0x00, 0x00, 0x00, 0x00,
    0x00, 0x00, 0x00, 0x00, 0x00, 0x01, 0x01, 0x00, 0x1c, 0xff, 0xff, 0x09, 0x21, 0xff, 0xff, 0x17,
    0x22, 0xff, 0xff, 0x1e, 0x29, 0xff, 0xff, 0x25, 0x22, 0xff, 0xff, 0x25, 0x22, 0xff, 0xff, 0x1e,
    0x21, 0xff, 0xff, 0x17, 0x1c, 0xff, 0xff, 0x09, 0x00, 0x01, 0x01, 0x00, 0x00, 0x00, 0x00, 0x00,
    0x00, 0x00, 0x00, 0x00, 0x00, 0x00, 0x00, 0x00, 0x00, 0xaa, 0xff, 0x03, 0x00, 0x00, 0x00, 0x00,
};

static const lv_image_dsc_t emoji_img_46 = {
    .header = {
        .magic = LV_IMAGE_HEADER_MAGIC,
        .cf = LV_COLOR_FORMAT_ARGB8888,
        .flags = 0,
        .w = 20,
        .h = 20,
        .stride = 20 * 4,
        .reserved_2 = 0,
    },
    .data_size = sizeof(emoji_img_46_data),
    .data = emoji_img_46_data,
    .reserved = NULL,
    .reserved_2 = NULL,
};

// LVGL image: emoji_img_47 (20x20 ARGB8888, BGRA byte order)
static const uint8_t emoji_img_47_data[] = {
    0x00, 0x00, 0x00, 0x00, 0x00, 0x00, 0x00, 0x00, 0x00, 0x00, 0x00, 0x00, 0x00, 0x00, 0x00, 0x00,
    0x00, 0x00, 0x00, 0x00, 0x00, 0x55, 0xff, 0x03, 0x00, 0x00, 0x00, 0x00, 0x00, 0x00, 0x00, 0x00,
    0x00, 0x00, 0x00, 0x00, 0x00, 0x00, 0x00, 0x00, 0x00, 0x00, 0x00, 0x00, 0x00, 0x00, 0x00, 0x00,
    0x00, 0x00, 0x00, 0x00, 0x00, 0x00, 0x00, 0x00, 0x00, 0x55, 0xff, 0x03, 0x00, 0x00, 0x00, 0x00,
    0x00, 0x00, 0x00, 0x00, 0x00, 0x00, 0x00, 0x00, 0x00, 0x00, 0x00, 0x00, 0x00, 0x00, 0x00, 0x00,
    0x00, 0x00, 0x00, 0x00, 0x00, 0x00, 0x00, 0x00, 0x00, 0x00, 0x00, 0x00, 0x00, 0x00, 0xff, 0x01,
    0x00, 0x00, 0xff, 0x01, 0x00, 0x00, 0x00, 0x00, 0x1f, 0x27, 0xff, 0x20, 0x29, 0x31, 0xff, 0x76,
    0x27, 0x2f, 0xff, 0xb3, 0x23, 0x2a, 0xff, 0xca, 0x23, 0x29, 0xff, 0xc3, 0x27, 0x2d, 0xff, 0xa1,
    0x2a, 0x33, 0xff, 0x5f, 0x2d, 0x2d, 0xff, 0x11, 0x00, 0x00, 0x00, 0x00, 0x00, 0x00, 0xff, 0x02,
    0x00, 0x00, 0x00, 0x01, 0x01, 0x00, 0x00, 0x00, 0x00, 0x00, 0x00, 0x00, 0x00, 0x00, 0x00, 0x00,
    0x00, 0x00, 0x00, 0x00, 0x00, 0x00, 0x00, 0x00, 0x00, 0x00, 0xff, 0x01, 0x00, 0x00, 0xff, 0x02,
    0x00, 0x00, 0x00, 0x00, 0x27, 0x2d, 0xff, 0x7b, 0x24, 0x2c, 0xff, 0xf3, 0x19, 0x21, 0xff, 0xff,
    0x17, 0x1f, 0xff, 0xff, 0x20, 0x28, 0xff, 0xff, 0x22, 0x2a, 0xff, 0xff, 0x1a, 0x22, 0xff, 0xff,
    0x17, 0x1f, 0xff, 0xff, 0x23, 0x2a, 0xff, 0xe5, 0x26, 0x2d, 0xff, 0x6a, 0x00, 0x00, 0x00, 0x00,
    0xff, 0xff, 0x00, 0x01, 0x00, 0x00, 0x00, 0x00, 0x00, 0x00, 0x00, 0x00, 0x00, 0x00, 0x00, 0x00,
    0x00, 0x00, 0x00, 0x00, 0x00, 0x00, 0xff, 0x01, 0x00, 0x00, 0xff, 0x03, 0x00, 0x00, 0xff, 0x01,
    0x26, 0x2c, 0xff, 0xa5, 0x22, 0x2a, 0xff, 0xff, 0x1c, 0x24, 0xff, 0xff, 0x64, 0x68, 0xff, 0xfb,
    0xb6, 0xb8, 0xff, 0xfc, 0xe0, 0xe0, 0xff, 0xfd, 0xe3, 0xe3, 0xff, 0xfc, 0xbe, 0xc1, 0xff, 0xfb,
    0x72, 0x77, 0xff, 0xfb, 0x23, 0x2a, 0xff, 0xff, 0x21, 0x28, 0xff, 0xff, 0x21, 0x2b, 0xff, 0x9a,
    0x00, 0x00, 0xff, 0x02, 0xff, 0xff, 0xcc, 0x05, 0x01, 0x00, 0x01, 0x00, 0x00, 0x00, 0x00, 0x00,
    0x00, 0x00, 0x00, 0x00, 0x00, 0x55, 0xff, 0x03, 0x00, 0x00, 0x00, 0x00, 0x25, 0x2d, 0xff, 0x88,
    0x21, 0x29, 0xff, 0xff, 0x2e, 0x35, 0xff, 0xf9, 0xbf, 0xc0, 0xff, 0xfe, 0xff, 0xff, 0xff, 0xff,
    0xff, 0xfe, 0xff, 0xff, 0xdd, 0xdd, 0xff, 0xff, 0xe2, 0xe2, 0xff, 0xff, 0xff, 0xff, 0xff, 0xff,
    0xff, 0xff, 0xff, 0xff, 0xcd, 0xce, 0xfd, 0xfd, 0x33, 0x3b, 0xfc, 0xfd, 0x27, 0x29, 0xff, 0xff,
    0xc1, 0x70, 0x46, 0xca, 0xd2, 0x80, 0x05, 0xdb, 0xca, 0x74, 0x15, 0x53, 0x7f, 0x7f, 0x00, 0x02,
    0x00, 0x00, 0xff, 0x03, 0x00, 0x00, 0x00, 0x00, 0x25, 0x2f, 0xff, 0x30, 0x22, 0x2a, 0xff, 0xfe,
    0x24, 0x2b, 0xff, 0xfb, 0xce, 0xcf, 0xff, 0xfe, 0xff, 0xff, 0xff, 0xff, 0x8f, 0x92, 0xff, 0xff,
    0x2a, 0x31, 0xff, 0xff, 0x0e, 0x15, 0xff, 0xff, 0x10, 0x18, 0xff, 0xff, 0x33, 0x39, 0xff, 0xff,
    0x9f, 0xa1, 0xff, 0xff, 0xff, 0xff, 0xfa, 0xff, 0xce, 0xd5, 0xff, 0xff, 0x9c, 0x62, 0x70, 0xfd,
    0xbf, 0x75, 0x00, 0xff, 0xbe, 0x76, 0x09, 0xff, 0xb2, 0x70, 0x02, 0xc8, 0xa6, 0x6b, 0x00, 0x34,
    0x3f, 0x3f, 0xff, 0x04, 0x00, 0x00, 0x00, 0x00, 0x28, 0x2e, 0xff, 0x9f, 0x16, 0x1e, 0xff, 0xff,
    0x95, 0x97, 0xff, 0xfb, 0xff, 0xff, 0xff, 0xff, 0x73, 0x77, 0xff, 0xff, 0x03, 0x0b, 0xff, 0xff,
    0x35, 0x3c, 0xff, 0xff, 0x78, 0x7d, 0xff, 0xff, 0x79, 0x7d, 0xff, 0xff, 0x36, 0x3d, 0xff, 0xff,
    0x03, 0x0a, 0xfc, 0xff, 0x7e, 0x88, 0xff, 0xff, 0xff, 0xfa, 0xee, 0xff, 0xe2, 0x84, 0x14, 0xff,
    0xdf, 0x7c, 0x1a, 0xfc, 0xdb, 0x7e, 0x18, 0xfd, 0xb0, 0x6e, 0x03, 0xed, 0xa7, 0x69, 0x00, 0x29,
    0x00, 0x00, 0x00, 0x00, 0x38, 0x38, 0xe2, 0x09, 0x20, 0x27, 0xff, 0xe4, 0x2b, 0x32, 0xff, 0xff,
    0xf6, 0xf6, 0xff, 0xfd, 0xbe, 0xbf, 0xff, 0xff, 0x07, 0x0f, 0xff, 0xff, 0x63, 0x67, 0xff, 0xff,
    0xf7, 0xf7, 0xff, 0xff, 0xff, 0xff, 0xff, 0xff, 0xff, 0xff, 0xfe, 0xff, 0xff, 0xff, 0xff, 0xff,
    0x6f, 0x75, 0xff, 0xff, 0x2c, 0x2d, 0xcf, 0xff, 0xd7, 0x96, 0x50, 0xff, 0xe6, 0x7a, 0x09, 0xff,
    0xc1, 0x72, 0x00, 0xfe, 0xb1, 0x71, 0x00, 0xff, 0xa9, 0x6c, 0x00, 0xf5, 0xaa, 0x6a, 0x00, 0x24,
    0x00, 0x00, 0x00, 0x00, 0x33, 0x39, 0xf8, 0x28, 0x18, 0x1f, 0xff, 0xfe, 0x57, 0x5c, 0xff, 0xff,
    0xff, 0xff, 0xff, 0xfe, 0x5a, 0x5f, 0xff, 0xff, 0x1e, 0x25, 0xff, 0xff, 0xf0, 0xf1, 0xff, 0xff,
    0xe3, 0xe4, 0xfe, 0xff, 0x52, 0x59, 0xfc, 0xff, 0x45, 0x4c, 0xff, 0xff, 0xc6, 0xca, 0xf6, 0xff,
    0xc9, 0xb0, 0x77, 0xff, 0x93, 0x56, 0x0b, 0xff, 0x94, 0x7a, 0x91, 0xff, 0xe7, 0xd8, 0xbf, 0xff,
    0x83, 0x64, 0x6b, 0xfe, 0x7b, 0x54, 0x5d, 0xff, 0x8e, 0x61, 0x3c, 0x54, 0x00, 0x00, 0x00, 0x00,
    0x00, 0x00, 0x00, 0x00, 0x32, 0x36, 0xff, 0x38, 0x15, 0x1d, 0xff, 0xff, 0x77, 0x7b, 0xff, 0xfe,
    0xfe, 0xfe, 0xff, 0xff, 0x30, 0x36, 0xff, 0xff, 0x50, 0x55, 0xff, 0xff, 0xff, 0xff, 0xff, 0xff,
    0x64, 0x6a, 0xfd, 0xff, 0x0d, 0x17, 0xf9, 0xff, 0x5a, 0x5f, 0xdc, 0xff, 0x94, 0x95, 0xbd, 0xff,
    0xcc, 0xc0, 0x9e, 0xff, 0x65, 0x5f, 0xcd, 0xff, 0x37, 0x43, 0xff, 0xff, 0xff, 0xff, 0xff, 0xff,
    0x5e, 0x66, 0xff, 0xfe, 0x0d, 0x19, 0xff, 0xff, 0x11, 0x28, 0xff, 0x2c, 0x00, 0x00, 0x00, 0x01,
    0x00, 0x00, 0x00, 0x00, 0x33, 0x38, 0xff, 0x36, 0x14, 0x1c, 0xff, 0xff, 0x79, 0x7d, 0xff, 0xfe,
    0xfe, 0xfe, 0xff, 0xff, 0x30, 0x37, 0xff, 0xff, 0x51, 0x57, 0xff, 0xff, 0xff, 0xff, 0xff, 0xff,
    0x56, 0x5d, 0xfe, 0xff, 0x1d, 0x27, 0xf4, 0xff, 0x62, 0x51, 0xc0, 0xff, 0x5e, 0x56, 0xe0, 0xff,
    0xff, 0xff, 0xff, 0xff, 0x61, 0x6a, 0xff, 0xff, 0x38, 0x3e, 0xfb, 0xff, 0xfd, 0xfc, 0xfc, 0xff,
    0x63, 0x67, 0xfa, 0xfe, 0x19, 0x20, 0xfc, 0xff, 0x33, 0x37, 0xf1, 0x37, 0x00, 0x00, 0x00, 0x00,
    0x00, 0x00, 0x00, 0x00, 0x37, 0x3f, 0xff, 0x20, 0x16, 0x1e, 0xff, 0xfb, 0x5c, 0x61, 0xff, 0xff,
    0xff, 0xff, 0xff, 0xfe, 0x57, 0x5c, 0xff, 0xff, 0x23, 0x2a, 0xff, 0xff, 0xf7, 0xf8, 0xff, 0xff,
    0xd4, 0xd5, 0xfe, 0xff, 0x42, 0x4b, 0xff, 0xff, 0x39, 0x33, 0xee, 0xff, 0xa6, 0x9d, 0xc5, 0xff,
    0xda, 0xda, 0xd4, 0xff, 0x2f, 0x2c, 0xef, 0xff, 0x6a, 0x6e, 0xff, 0xff, 0xff, 0xff, 0xff, 0xfe,
    0x45, 0x4a, 0xff, 0xff, 0x1a, 0x21, 0xff, 0xfb, 0x2e, 0x36, 0xff, 0x21, 0x00, 0x00, 0x00, 0x00,
    0x00, 0x00, 0xff, 0x01, 0x55, 0x55, 0xff, 0x03, 0x1f, 0x25, 0xff, 0xd9, 0x2d, 0x34, 0xff, 0xfe,
    0xf9, 0xf8, 0xff, 0xfd, 0xb5, 0xb7, 0xff, 0xff, 0x03, 0x0c, 0xff, 0xff, 0x76, 0x7a, 0xff, 0xff,
    0xff, 0xff, 0xff, 0xff, 0xff, 0xff, 0xfe, 0xff, 0xff, 0xff, 0xff, 0xff, 0xe8, 0xe9, 0xd9, 0xff,
    0x69, 0x57, 0xc3, 0xff, 0x20, 0x02, 0xcb, 0xff, 0xb8, 0xb3, 0xd8, 0xff, 0xd4, 0xd5, 0xf1, 0xfd,
    0x20, 0x28, 0xff, 0xfe, 0x22, 0x2a, 0xff, 0xde, 0x33, 0x33, 0xff, 0x05, 0x00, 0x00, 0x00, 0x00,
    0x3f, 0x3f, 0xff, 0x04, 0x00, 0x00, 0x00, 0x00, 0x28, 0x30, 0xff, 0x8a, 0x16, 0x1e, 0xff, 0xff,
    0x92, 0x95, 0xff, 0xfb, 0xff, 0xff, 0xff, 0xff, 0x65, 0x6a, 0xff, 0xff, 0x02, 0x0a, 0xff, 0xff,
    0x41, 0x47, 0xff, 0xff, 0x86, 0x8a, 0xff, 0xff, 0x8b, 0x8f, 0xff, 0xff, 0x49, 0x4b, 0xf9, 0xff,
    0x18, 0x00, 0xce, 0xff, 0x76, 0x65, 0xca, 0xff, 0xd8, 0xdb, 0xc5, 0xff, 0x5c, 0x4a, 0xc7, 0xfb,
    0x29, 0x17, 0xeb, 0xff, 0x29, 0x29, 0xf3, 0x98, 0x00, 0x00, 0x00, 0x00, 0x3f, 0x00, 0xff, 0x04,
    0x00, 0x00, 0xff, 0x02, 0x00, 0x00, 0xff, 0x01, 0x2a, 0x33, 0xff, 0x1e, 0x23, 0x29, 0xfd, 0xf5,
    0x21, 0x28, 0xff, 0xfd, 0xc3, 0xc5, 0xff, 0xfd, 0xff, 0xff, 0xff, 0xff, 0x90, 0x93, 0xff, 0xff,
    0x2e, 0x35, 0xff, 0xff, 0x11, 0x18, 0xff, 0xff, 0x0e, 0x16, 0xfe, 0xff, 0x29, 0x31, 0xff, 0xff,
    0x8e, 0x8a, 0xe8, 0xff, 0xdb, 0xdd, 0xc4, 0xff, 0x87, 0x7c, 0xcb, 0xfe, 0x2d, 0x0f, 0xcf, 0xfb,
    0x38, 0x1b, 0xcf, 0xfd, 0x39, 0x17, 0xc5, 0x2c, 0x00, 0x00, 0x00, 0x00, 0x7f, 0x00, 0xff, 0x02,
    0x00, 0x00, 0x00, 0x00, 0x00, 0x55, 0xff, 0x03, 0x00, 0x00, 0x00, 0x00, 0x24, 0x2c, 0xff, 0x68,
    0x23, 0x2a, 0xff, 0xff, 0x24, 0x2b, 0xff, 0xfb, 0xa7, 0xa9, 0xff, 0xfd, 0xff, 0xff, 0xff, 0xff,
    0xff, 0xff, 0xff, 0xff, 0xec, 0xeb, 0xff, 0xff, 0xe9, 0xe9, 0xff, 0xff, 0xff, 0xff, 0xfe, 0xff,
    0xff, 0xff, 0xfe, 0xff, 0x7e, 0x73, 0xd4, 0xfd, 0x2d, 0x0f, 0xc9, 0xfa, 0x3b, 0x1c, 0xdf, 0xff,
    0x35, 0x1b, 0xcd, 0x81, 0x00, 0x00, 0x00, 0x00, 0x55, 0x00, 0xaa, 0x03, 0x00, 0x00, 0x00, 0x00,
    0x00, 0x00, 0x00, 0x00, 0x00, 0x00, 0x00, 0x00, 0x00, 0x55, 0xff, 0x03, 0x00, 0x00, 0x00, 0x00,
    0x25, 0x2d, 0xff, 0x82, 0x24, 0x2b, 0xff, 0xff, 0x17, 0x1f, 0xff, 0xff, 0x49, 0x4e, 0xff, 0xfc,
    0x96, 0x99, 0xff, 0xfb, 0xc0, 0xc1, 0xff, 0xfb, 0xbc, 0xbe, 0xff, 0xfb, 0x8f, 0x92, 0xfd, 0xfb,
    0x40, 0x47, 0xff, 0xfc, 0x1e, 0x1d, 0xfb, 0xff, 0x39, 0x1c, 0xdd, 0xff, 0x35, 0x1b, 0xcc, 0x93,
    0x00, 0x00, 0x00, 0x00, 0x55, 0x00, 0xaa, 0x03, 0x00, 0x00, 0x00, 0x01, 0x00, 0x00, 0x00, 0x00,
    0x00, 0x00, 0x00, 0x00, 0x00, 0x00, 0x00, 0x00, 0x00, 0x00, 0x00, 0x00, 0x00, 0x55, 0xff, 0x03,
    0x00, 0x00, 0x00, 0x00, 0x26, 0x2c, 0xfc, 0x56, 0x26, 0x2e, 0xff, 0xd8, 0x1c, 0x24, 0xff, 0xff,
    0x16, 0x1e, 0xff, 0xff, 0x17, 0x1f, 0xff, 0xff, 0x17, 0x1f, 0xff, 0xff, 0x15, 0x1d, 0xff, 0xff,
    0x1d, 0x25, 0xff, 0xff, 0x25, 0x2d, 0xff, 0xda, 0x2b, 0x23, 0xe9, 0x5d, 0x00, 0x00, 0x00, 0x00,
    0x00, 0x00, 0xff, 0x02, 0x00, 0x00, 0x00, 0x01, 0x00, 0x00, 0x00, 0x00, 0x00, 0x00, 0x00, 0x00,
    0x00, 0x00, 0x00, 0x00, 0x00, 0x00, 0x00, 0x00, 0x00, 0x00, 0x00, 0x00, 0x00, 0x00, 0x00, 0x00,
    0x00, 0x00, 0xff, 0x02, 0x00, 0x00, 0x00, 0x00, 0x24, 0x24, 0xff, 0x07, 0x2c, 0x2f, 0xfb, 0x4b,
    0x2a, 0x31, 0xff, 0x85, 0x27, 0x2d, 0xff, 0xa1, 0x28, 0x2e, 0xff, 0x9f, 0x2b, 0x31, 0xff, 0x82,
    0x2a, 0x31, 0xff, 0x48, 0x1f, 0x1f, 0xdf, 0x08, 0x00, 0x00, 0x00, 0x00, 0x00, 0x00, 0xff, 0x02,
    0x00, 0x00, 0x00, 0x00, 0x00, 0x00, 0x00, 0x00, 0x00, 0x00, 0x00, 0x00, 0x00, 0x00, 0x00, 0x00,
    0x00, 0x00, 0x00, 0x00, 0x00, 0x00, 0x00, 0x00, 0x00, 0x00, 0x00, 0x00, 0x00, 0x00, 0x00, 0x00,
    0x00, 0x00, 0x00, 0x00, 0x00, 0x55, 0xff, 0x03, 0x00, 0x00, 0x00, 0x00, 0x00, 0x00, 0x00, 0x00,
    0x00, 0x00, 0x00, 0x00, 0x00, 0x00, 0x00, 0x00, 0x00, 0x00, 0x00, 0x00, 0x00, 0x00, 0x00, 0x00,
    0x00, 0x00, 0x00, 0x00, 0x00, 0x00, 0x00, 0x00, 0x55, 0x00, 0xff, 0x03, 0x00, 0x00, 0x00, 0x00,
    0x00, 0x00, 0x00, 0x00, 0x00, 0x00, 0x00, 0x00, 0x00, 0x00, 0x00, 0x00, 0x00, 0x00, 0x00, 0x00,
};

static const lv_image_dsc_t emoji_img_47 = {
    .header = {
        .magic = LV_IMAGE_HEADER_MAGIC,
        .cf = LV_COLOR_FORMAT_ARGB8888,
        .flags = 0,
        .w = 20,
        .h = 20,
        .stride = 20 * 4,
        .reserved_2 = 0,
    },
    .data_size = sizeof(emoji_img_47_data),
    .data = emoji_img_47_data,
    .reserved = NULL,
    .reserved_2 = NULL,
};

// LVGL image: emoji_img_48 (20x20 ARGB8888, BGRA byte order)
static const uint8_t emoji_img_48_data[] = {
    0x00, 0x00, 0x00, 0x00, 0x00, 0x00, 0x00, 0x00, 0x00, 0x00, 0x00, 0x00, 0x00, 0x00, 0x00, 0x00,
    0x00, 0x00, 0x00, 0x00, 0x00, 0x00, 0x00, 0x00, 0x00, 0x00, 0x00, 0x00, 0x0e, 0xe2, 0x7f, 0x24,
    0x54, 0xe8, 0xa3, 0x64, 0x68, 0xde, 0xa6, 0x84, 0x6a, 0xe0, 0xa8, 0x84, 0x56, 0xe7, 0xa2, 0x61,
    0x00, 0xe3, 0x76, 0x1c, 0x00, 0x00, 0x00, 0x00, 0x00, 0xff, 0xff, 0x01, 0x00, 0x00, 0x00, 0x00,
    0x00, 0x00, 0x00, 0x00, 0x00, 0x00, 0x00, 0x00, 0x00, 0x00, 0x00, 0x00, 0x00, 0x00, 0x00, 0x00,
    0x00, 0x00, 0x00, 0x00, 0x00, 0x00, 0x00, 0x00, 0x00, 0x00, 0x00, 0x00, 0x00, 0x00, 0x00, 0x00,
    0x7f, 0xff, 0x7f, 0x02, 0x00, 0xff, 0xaa, 0x03, 0x4c, 0xe0, 0x9a, 0x86, 0x95, 0xe4, 0xbf, 0xf2,
    0xc9, 0xe6, 0xd8, 0xff, 0xe2, 0xf2, 0xea, 0xff, 0xdc, 0xec, 0xe5, 0xff, 0xc9, 0xe4, 0xd7, 0xff,
    0x9d, 0xe5, 0xc3, 0xec, 0x52, 0xdf, 0x9d, 0x73, 0x00, 0x00, 0x00, 0x00, 0x7f, 0xff, 0x7f, 0x02,
    0x00, 0x00, 0x00, 0x00, 0x00, 0x00, 0x00, 0x00, 0x00, 0x00, 0x00, 0x00, 0x00, 0x00, 0x00, 0x00,
    0x00, 0x00, 0x00, 0x00, 0x00, 0x00, 0x00, 0x00, 0x00, 0x00, 0x00, 0x00, 0x3f, 0xbf, 0x7f, 0x04,
    0x00, 0x00, 0x00, 0x00, 0x2e, 0xe0, 0x8d, 0x53, 0x9b, 0xfe, 0xd0, 0xff, 0xf3, 0xdf, 0xe8, 0xff,
    0xc7, 0xc4, 0xc5, 0xfc, 0xcb, 0xc9, 0xca, 0xfc, 0xc3, 0xc1, 0xc2, 0xfc, 0xc8, 0xc5, 0xc6, 0xfc,
    0xf3, 0xdf, 0xe8, 0xff, 0x97, 0xf0, 0xc6, 0xff, 0x2b, 0xe2, 0x8f, 0x47, 0x00, 0x00, 0x00, 0x00,
    0x55, 0xff, 0xaa, 0x03, 0x00, 0x00, 0x00, 0x00, 0x00, 0x00, 0x00, 0x00, 0x00, 0x00, 0x00, 0x00,
    0x00, 0x00, 0x00, 0x00, 0x00, 0x00, 0x00, 0x00, 0x00, 0x00, 0x00, 0x00, 0x3f, 0xff, 0xbf, 0x04,
    0x00, 0x00, 0x00, 0x00, 0x3e, 0xdc, 0x92, 0x6e, 0x7b, 0xf9, 0xbe, 0xfc, 0xe5, 0xec, 0xe8, 0xfa,
    0xe5, 0xdb, 0xe0, 0xff, 0xc3, 0xb9, 0xbe, 0xff, 0xc3, 0xba, 0xbe, 0xff, 0xde, 0xd5, 0xd9, 0xff,
    0xd2, 0xd9, 0xd6, 0xfa, 0x75, 0xf2, 0xb7, 0xfd, 0x43, 0xe0, 0x96, 0x6e, 0x00, 0x00, 0x00, 0x00,
    0x3f, 0xff, 0xbf, 0x04, 0x00, 0x00, 0x00, 0x00, 0x00, 0x00, 0x00, 0x00, 0x00, 0x00, 0x00, 0x00,
    0x00, 0x00, 0x00, 0x00, 0x00, 0x00, 0x00, 0x00, 0x00, 0x00, 0x00, 0x00, 0x3f, 0xbf, 0x7f, 0x04,
    0x00, 0x00, 0x00, 0x00, 0x49, 0xcb, 0x8e, 0x68, 0x4a, 0xe6, 0x9d, 0xff, 0x5e, 0xe6, 0xa6, 0xfb,
    0x92, 0xed, 0xc2, 0xff, 0xa2, 0xe8, 0xc7, 0xff, 0x9f, 0xe5, 0xc4, 0xff, 0x87, 0xe2, 0xb7, 0xff,
    0x5a, 0xe3, 0xa2, 0xfb, 0x4c, 0xe9, 0x9f, 0xff, 0x49, 0xcb, 0x8e, 0x68, 0x00, 0x00, 0x00, 0x00,
    0x3f, 0xbf, 0x7f, 0x04, 0x00, 0x00, 0x00, 0x00, 0x00, 0x00, 0x00, 0x00, 0x00, 0x00, 0x00, 0x00,
    0x00, 0x00, 0x00, 0x00, 0x00, 0x00, 0x00, 0x00, 0x00, 0x00, 0x00, 0x00, 0x3f, 0xbf, 0x7f, 0x04,
    0x00, 0x00, 0x00, 0x00, 0x46, 0xcc, 0x8c, 0x69, 0x4d, 0xd9, 0x97, 0xff, 0x45, 0xcf, 0x8e, 0xfb,
    0x42, 0xd5, 0x90, 0xff, 0x3a, 0xd7, 0x8d, 0xff, 0x3a, 0xd7, 0x8d, 0xff, 0x44, 0xd8, 0x92, 0xff,
    0x46, 0xd0, 0x8f, 0xfb, 0x4d, 0xd9, 0x97, 0xff, 0x46, 0xcc, 0x8c, 0x69, 0x00, 0x00, 0x00, 0x00,
    0x3f, 0xbf, 0x7f, 0x04, 0x00, 0x00, 0x00, 0x00, 0x00, 0x00, 0x00, 0x00, 0x00, 0x00, 0x00, 0x00,
    0x00, 0x00, 0x00, 0x00, 0x00, 0x00, 0x00, 0x00, 0x00, 0x00, 0x00, 0x00, 0x3f, 0xbf, 0x7f, 0x04,
    0x00, 0x00, 0x00, 0x00, 0x46, 0xcc, 0x8c, 0x69, 0x4c, 0xda, 0x97, 0xff, 0x48, 0xcb, 0x8d, 0xfb,
    0x3f, 0xc8, 0x87, 0xff, 0x6c, 0xd4, 0xa2, 0xff, 0x6c, 0xd4, 0xa3, 0xff, 0x3f, 0xc7, 0x87, 0xff,
    0x48, 0xcb, 0x8d, 0xfb, 0x4c, 0xda, 0x97, 0xff, 0x46, 0xcc, 0x8c, 0x69, 0x00, 0x00, 0x00, 0x00,
    0x3f, 0xbf, 0x7f, 0x04, 0x00, 0x00, 0x00, 0x00, 0x00, 0x00, 0x00, 0x00, 0x00, 0x00, 0x00, 0x00,
    0x00, 0x00, 0x00, 0x00, 0x00, 0x00, 0x00, 0x00, 0x00, 0x00, 0x00, 0x00, 0x3f, 0xbf, 0x7f, 0x04,
    0x00, 0x00, 0x00, 0x00, 0x46, 0xcc, 0x8c, 0x69, 0x4b, 0xda, 0x97, 0xff, 0x4b, 0xcd, 0x8f, 0xfb,
    0x53, 0xcf, 0x95, 0xff, 0xd6, 0xf4, 0xe5, 0xff, 0xd6, 0xf4, 0xe6, 0xff, 0x53, 0xcf, 0x95, 0xff,
    0x4b, 0xcd, 0x8f, 0xfb, 0x4b, 0xda, 0x97, 0xff, 0x46, 0xcc, 0x8c, 0x69, 0x00, 0x00, 0x00, 0x00,
    0x3f, 0xbf, 0x7f, 0x04, 0x00, 0x00, 0x00, 0x00, 0x00, 0x00, 0x00, 0x00, 0x00, 0x00, 0x00, 0x00,
    0x00, 0x00, 0x00, 0x00, 0x00, 0x00, 0x00, 0x00, 0x00, 0x00, 0x00, 0x00, 0x3f, 0xbf, 0x7f, 0x04,
    0x00, 0x00, 0x00, 0x00, 0x48, 0xcc, 0x8c, 0x69, 0x4a, 0xda, 0x96, 0xff, 0x4c, 0xce, 0x90, 0xfb,
    0xef, 0xfb, 0xf5, 0xff, 0xfd, 0xfe, 0xfe, 0xff, 0xfd, 0xfe, 0xfe, 0xff, 0xef, 0xfb, 0xf5, 0xff,
    0x4c, 0xce, 0x90, 0xfb, 0x4a, 0xda, 0x96, 0xff, 0x48, 0xcc, 0x8c, 0x69, 0x00, 0x00, 0x00, 0x00,
    0x3f, 0xbf, 0x7f, 0x04, 0x00, 0x00, 0x00, 0x00, 0x00, 0x00, 0x00, 0x00, 0x00, 0x00, 0x00, 0x00,
    0x00, 0x00, 0x00, 0x00, 0x00, 0x00, 0x00, 0x00, 0x00, 0x00, 0x00, 0x00, 0x3f, 0xbf, 0x7f, 0x04,
    0x00, 0x00, 0x00, 0x00, 0x46, 0xcc, 0x8c, 0x69, 0x4c, 0xda, 0x97, 0xff, 0x46, 0xcb, 0x8d, 0xfb,
    0x65, 0xd4, 0xa0, 0xff, 0xe7, 0xf8, 0xf0, 0xff, 0xe7, 0xf8, 0xf0, 0xff, 0x65, 0xd4, 0xa0, 0xff,
    0x46, 0xcb, 0x8d, 0xfb, 0x4c, 0xda, 0x97, 0xff, 0x46, 0xcc, 0x8c, 0x69, 0x00, 0x00, 0x00, 0x00,
    0x3f, 0xbf, 0x7f, 0x04, 0x00, 0x00, 0x00, 0x00, 0x00, 0x00, 0x00, 0x00, 0x00, 0x00, 0x00, 0x00,
    0x00, 0x00, 0x00, 0x00, 0x00, 0x00, 0x00, 0x00, 0x00, 0x00, 0x00, 0x00, 0x3f, 0xbf, 0x7f, 0x04,
    0x00, 0x00, 0x00, 0x00, 0x46, 0xcc, 0x8c, 0x69, 0x4c, 0xda, 0x97, 0xff, 0x49, 0xcc, 0x8e, 0xfb,
    0x34, 0xc7, 0x81, 0xff, 0x9b, 0xe4, 0xc1, 0xff, 0x9b, 0xe4, 0xc1, 0xff, 0x34, 0xc7, 0x81, 0xff,
    0x49, 0xcc, 0x8e, 0xfb, 0x4c, 0xda, 0x97, 0xff, 0x46, 0xcc, 0x8c, 0x69, 0x00, 0x00, 0x00, 0x00,
    0x3f, 0xbf, 0x7f, 0x04, 0x00, 0x00, 0x00, 0x00, 0x00, 0x00, 0x00, 0x00, 0x00, 0x00, 0x00, 0x00,
    0x00, 0x00, 0x00, 0x00, 0x00, 0x00, 0x00, 0x00, 0x00, 0x00, 0x00, 0x00, 0x3f, 0xbf, 0x7f, 0x04,
    0x00, 0x00, 0x00, 0x00, 0x46, 0xcc, 0x8c, 0x69, 0x4c, 0xda, 0x97, 0xff, 0x47, 0xcc, 0x8d, 0xfb,
    0x4a, 0xcd, 0x8f, 0xff, 0x40, 0xca, 0x89, 0xff, 0x40, 0xca, 0x89, 0xff, 0x4a, 0xcd, 0x8f, 0xff,
    0x47, 0xcc, 0x8d, 0xfb, 0x4c, 0xda, 0x97, 0xff, 0x46, 0xcc, 0x8c, 0x69, 0x00, 0x00, 0x00, 0x00,
    0x3f, 0xbf, 0x7f, 0x04, 0x00, 0x00, 0x00, 0x00, 0x00, 0x00, 0x00, 0x00, 0x00, 0x00, 0x00, 0x00,
    0x00, 0x00, 0x00, 0x00, 0x00, 0x00, 0x00, 0x00, 0x00, 0x00, 0x00, 0x00, 0x3f, 0xbf, 0x7f, 0x04,
    0x00, 0x00, 0x00, 0x00, 0x46, 0xcc, 0x8c, 0x69, 0x4c, 0xda, 0x97, 0xff, 0x47, 0xcc, 0x8d, 0xfb,
    0x47, 0xcc, 0x8d, 0xff, 0x49, 0xcc, 0x8e, 0xff, 0x49, 0xcc, 0x8e, 0xff, 0x47, 0xcc, 0x8d, 0xff,
    0x47, 0xcc, 0x8d, 0xfb, 0x4c, 0xda, 0x97, 0xff, 0x46, 0xcc, 0x8c, 0x69, 0x00, 0x00, 0x00, 0x00,
    0x3f, 0xbf, 0x7f, 0x04, 0x00, 0x00, 0x00, 0x00, 0x00, 0x00, 0x00, 0x00, 0x00, 0x00, 0x00, 0x00,
    0x00, 0x00, 0x00, 0x00, 0x00, 0x00, 0x00, 0x00, 0x00, 0x00, 0x00, 0x00, 0x3f, 0xbf, 0x7f, 0x04,
    0x00, 0x00, 0x00, 0x00, 0x46, 0xcc, 0x8c, 0x69, 0x4c, 0xda, 0x97, 0xff, 0x47, 0xcc, 0x8d, 0xfb,
    0x48, 0xcc, 0x8d, 0xff, 0x47, 0xcc, 0x8d, 0xff, 0x47, 0xcc, 0x8d, 0xff, 0x48, 0xcc, 0x8d, 0xff,
    0x47, 0xcc, 0x8d, 0xfb, 0x4c, 0xda, 0x97, 0xff, 0x46, 0xcc, 0x8c, 0x69, 0x00, 0x00, 0x00, 0x00,
    0x3f, 0xbf, 0x7f, 0x04, 0x00, 0x00, 0x00, 0x00, 0x00, 0x00, 0x00, 0x00, 0x00, 0x00, 0x00, 0x00,
    0x00, 0x00, 0x00, 0x00, 0x00, 0x00, 0x00, 0x00, 0x00, 0x00, 0x00, 0x00, 0x3f, 0xbf, 0x7f, 0x04,
    0x00, 0x00, 0x00, 0x00, 0x46, 0xcc, 0x8c, 0x69, 0x4c, 0xda, 0x97, 0xff, 0x47, 0xcc, 0x8d, 0xfb,
    0x45, 0xcc, 0x8c, 0xff, 0x47, 0xcc, 0x8d, 0xff, 0x47, 0xcc, 0x8d, 0xff, 0x45, 0xcc, 0x8c, 0xff,
    0x47, 0xcc, 0x8d, 0xfb, 0x4c, 0xda, 0x97, 0xff, 0x46, 0xcc, 0x8c, 0x69, 0x00, 0x00, 0x00, 0x00,
    0x3f, 0xbf, 0x7f, 0x04, 0x00, 0x00, 0x00, 0x00, 0x00, 0x00, 0x00, 0x00, 0x00, 0x00, 0x00, 0x00,
    0x00, 0x00, 0x00, 0x00, 0x00, 0x00, 0x00, 0x00, 0x00, 0x00, 0x00, 0x00, 0x3f, 0xbf, 0x7f, 0x04,
    0x00, 0x00, 0x00, 0x00, 0x47, 0xcb, 0x8b, 0x68, 0x4c, 0xda, 0x97, 0xff, 0x47, 0xcc, 0x8d, 0xfb,
    0x4a, 0xcd, 0x8f, 0xff, 0x43, 0xcb, 0x8a, 0xff, 0x43, 0xcb, 0x8a, 0xff, 0x4a, 0xcd, 0x8f, 0xff,
    0x47, 0xcc, 0x8d, 0xfb, 0x4c, 0xda, 0x97, 0xff, 0x47, 0xcb, 0x8b, 0x68, 0x00, 0x00, 0x00, 0x00,
    0x3f, 0xbf, 0x7f, 0x04, 0x00, 0x00, 0x00, 0x00, 0x00, 0x00, 0x00, 0x00, 0x00, 0x00, 0x00, 0x00,
    0x00, 0x00, 0x00, 0x00, 0x00, 0x00, 0x00, 0x00, 0x00, 0x00, 0x00, 0x00, 0x3f, 0xbf, 0x7f, 0x04,
    0x00, 0x00, 0x00, 0x00, 0x47, 0xcc, 0x8d, 0x6e, 0x4a, 0xda, 0x96, 0xfd, 0x4c, 0xcc, 0x90, 0xf9,
    0xe3, 0xf7, 0xee, 0xff, 0xe8, 0xf9, 0xf1, 0xff, 0xe8, 0xf9, 0xf1, 0xff, 0xe3, 0xf7, 0xee, 0xff,
    0x4c, 0xcc, 0x90, 0xf9, 0x4a, 0xda, 0x96, 0xfd, 0x47, 0xcc, 0x8d, 0x6e, 0x00, 0x00, 0x00, 0x00,
    0x3f, 0xbf, 0x7f, 0x04, 0x00, 0x00, 0x00, 0x00, 0x00, 0x00, 0x00, 0x00, 0x00, 0x00, 0x00, 0x00,
    0x00, 0x00, 0x00, 0x00, 0x00, 0x00, 0x00, 0x00, 0x00, 0x00, 0x00, 0x00, 0x55, 0xff, 0xaa, 0x03,
    0x00, 0x00, 0x00, 0x00, 0x47, 0xcc, 0x8e, 0x4b, 0x4e, 0xde, 0x9a, 0xff, 0x48, 0xd3, 0x91, 0xff,
    0x99, 0xe3, 0xc0, 0xff, 0xcb, 0xf0, 0xdf, 0xfe, 0xcb, 0xf0, 0xdf, 0xfe, 0x99, 0xe3, 0xc0, 0xff,
    0x48, 0xd3, 0x91, 0xff, 0x4e, 0xde, 0x9a, 0xff, 0x47, 0xcc, 0x8e, 0x4b, 0x00, 0x00, 0x00, 0x00,
    0x55, 0xff, 0xaa, 0x03, 0x00, 0x00, 0x00, 0x00, 0x00, 0x00, 0x00, 0x00, 0x00, 0x00, 0x00, 0x00,
    0x00, 0x00, 0x00, 0x00, 0x00, 0x00, 0x00, 0x00, 0x00, 0x00, 0x00, 0x00, 0x00, 0x00, 0x00, 0x00,
    0x00, 0xff, 0xff, 0x01, 0x00, 0x00, 0x00, 0x00, 0x47, 0xcc, 0x8c, 0x64, 0x48, 0xd3, 0x92, 0xd3,
    0x3b, 0xca, 0x86, 0xfa, 0x3d, 0xce, 0x89, 0xff, 0x3d, 0xce, 0x89, 0xff, 0x3b, 0xca, 0x86, 0xfa,
    0x48, 0xd3, 0x92, 0xd3, 0x47, 0xcc, 0x8c, 0x64, 0x00, 0x00, 0x00, 0x00, 0x00, 0xff, 0xff, 0x01,
    0x00, 0x00, 0x00, 0x00, 0x00, 0x00, 0x00, 0x00, 0x00, 0x00, 0x00, 0x00, 0x00, 0x00, 0x00, 0x00,
    0x00, 0x00, 0x00, 0x00, 0x00, 0x00, 0x00, 0x00, 0x00, 0x00, 0x00, 0x00, 0x00, 0x00, 0x00, 0x00,
    0x00, 0x00, 0x00, 0x00, 0x00, 0x00, 0x00, 0x01, 0x00, 0x00, 0x00, 0x00, 0x3f, 0xbf, 0x7f, 0x04,
    0x56, 0xd9, 0x97, 0x2f, 0x50, 0xd5, 0x96, 0x49, 0x50, 0xd5, 0x96, 0x49, 0x56, 0xd9, 0x97, 0x2f,
    0x3f, 0xbf, 0x7f, 0x04, 0x00, 0x00, 0x00, 0x00, 0x00, 0x00, 0x00, 0x01, 0x00, 0x00, 0x00, 0x00,
    0x00, 0x00, 0x00, 0x00, 0x00, 0x00, 0x00, 0x00, 0x00, 0x00, 0x00, 0x00, 0x00, 0x00, 0x00, 0x00,
};

static const lv_image_dsc_t emoji_img_48 = {
    .header = {
        .magic = LV_IMAGE_HEADER_MAGIC,
        .cf = LV_COLOR_FORMAT_ARGB8888,
        .flags = 0,
        .w = 20,
        .h = 20,
        .stride = 20 * 4,
        .reserved_2 = 0,
    },
    .data_size = sizeof(emoji_img_48_data),
    .data = emoji_img_48_data,
    .reserved = NULL,
    .reserved_2 = NULL,
};

// LVGL image: emoji_img_49 (20x20 ARGB8888, BGRA byte order)
static const uint8_t emoji_img_49_data[] = {
    0x00, 0x00, 0x00, 0x00, 0x00, 0x00, 0x00, 0x00, 0x00, 0x00, 0x00, 0x00, 0x00, 0x00, 0x00, 0x00,
    0xbf, 0x7f, 0x7f, 0x04, 0x7f, 0x7f, 0x7f, 0x02, 0x7f, 0x7f, 0x7f, 0x02, 0x00, 0x00, 0x00, 0x00,
    0xbd, 0xae, 0x83, 0x23, 0xc8, 0xb4, 0x88, 0x67, 0xc8, 0xb4, 0x88, 0x67, 0xbd, 0xae, 0x83, 0x23,
    0x00, 0x00, 0x00, 0x00, 0x7f, 0x7f, 0x7f, 0x02, 0x7f, 0x7f, 0x7f, 0x02, 0xbf, 0x7f, 0x7f, 0x04,
    0x00, 0x00, 0x00, 0x00, 0x00, 0x00, 0x00, 0x00, 0x00, 0x00, 0x00, 0x00, 0x00, 0x00, 0x00, 0x00,
    0x00, 0x00, 0x00, 0x00, 0x00, 0x00, 0x00, 0x00, 0x00, 0x00, 0x00, 0x00, 0x7f, 0x7f, 0x7f, 0x02,
    0x00, 0x00, 0x00, 0x00, 0x00, 0x00, 0x00, 0x00, 0xd4, 0xd4, 0x7f, 0x06, 0xff, 0xff, 0xff, 0x01,
    0xc0, 0xad, 0x81, 0x6e, 0xd4, 0xc0, 0x90, 0xff, 0xd4, 0xc0, 0x8f, 0xff, 0xc0, 0xad, 0x81, 0x6e,
    0xff, 0xff, 0xff, 0x01, 0xd4, 0xd4, 0x7f, 0x06, 0x00, 0x00, 0x00, 0x00, 0x00, 0x00, 0x00, 0x00,
    0x7f, 0x7f, 0x7f, 0x02, 0x00, 0x00, 0x00, 0x00, 0x00, 0x00, 0x00, 0x00, 0x00, 0x00, 0x00, 0x00,
    0x00, 0x00, 0x00, 0x00, 0x00, 0x00, 0x00, 0x00, 0x00, 0x00, 0x00, 0x00, 0x00, 0x00, 0x00, 0x00,
    0xbf, 0xaf, 0x83, 0x5d, 0xbb, 0xaa, 0x7f, 0x1e, 0x00, 0x00, 0x00, 0x00, 0x00, 0x00, 0x00, 0x00,
    0xbe, 0xac, 0x81, 0x7e, 0xca, 0xb7, 0x88, 0xfc, 0xcb, 0xb8, 0x89, 0xfc, 0xbe, 0xae, 0x81, 0x7e,
    0x00, 0x00, 0x00, 0x00, 0x00, 0x00, 0x00, 0x00, 0xbb, 0xaa, 0x7f, 0x1e, 0xbf, 0xaf, 0x83, 0x5d,
    0x00, 0x00, 0x00, 0x00, 0x00, 0x00, 0x00, 0x00, 0x00, 0x00, 0x00, 0x00, 0x00, 0x00, 0x00, 0x00,
    0x00, 0x00, 0x00, 0x00, 0xff, 0xff, 0x7f, 0x02, 0xaa, 0xaa, 0x55, 0x03, 0xbe, 0xad, 0x83, 0x6b,
    0xd1, 0xbd, 0x8d, 0xff, 0xc5, 0xb2, 0x85, 0xda, 0xbc, 0xaa, 0x7f, 0x2a, 0x8f, 0x7f, 0x6f, 0x10,
    0xc3, 0xb0, 0x84, 0xb7, 0xcc, 0xba, 0x8a, 0xfe, 0xca, 0xb7, 0x88, 0xfe, 0xc3, 0xb0, 0x84, 0xb7,
    0xbf, 0xaf, 0x7f, 0x10, 0xc2, 0xb0, 0x7f, 0x2a, 0xc5, 0xb2, 0x85, 0xda, 0xd1, 0xbd, 0x8d, 0xff,
    0xbe, 0xad, 0x83, 0x6b, 0xaa, 0xaa, 0x55, 0x03, 0xff, 0xff, 0x7f, 0x02, 0x00, 0x00, 0x00, 0x00,
    0xff, 0xff, 0xff, 0x01, 0xff, 0x00, 0x00, 0x01, 0xb4, 0xa5, 0x87, 0x11, 0xc0, 0xae, 0x82, 0xf3,
    0xc5, 0xb3, 0x86, 0xfd, 0xc7, 0xb4, 0x87, 0xff, 0xbf, 0xad, 0x82, 0xed, 0xd2, 0xc2, 0x8c, 0xe5,
    0xe4, 0xd5, 0x98, 0xff, 0xe0, 0xd1, 0x94, 0xfe, 0xce, 0xbe, 0x8b, 0xfe, 0xc5, 0xb2, 0x86, 0xff,
    0xc0, 0xae, 0x82, 0xe5, 0xc0, 0xae, 0x82, 0xed, 0xc7, 0xb4, 0x87, 0xff, 0xc5, 0xb2, 0x85, 0xfd,
    0xc0, 0xae, 0x82, 0xf3, 0xb4, 0xa5, 0x87, 0x11, 0xff, 0x00, 0x00, 0x01, 0xff, 0xff, 0xff, 0x01,
    0x00, 0x00, 0x00, 0x00, 0xaa, 0xaa, 0x55, 0x03, 0x00, 0x00, 0x00, 0x00, 0xc0, 0xae, 0x81, 0x55,
    0xc8, 0xb6, 0x88, 0xff, 0xc0, 0xae, 0x82, 0xfb, 0xdd, 0xcd, 0x93, 0xff, 0xe1, 0xd2, 0x96, 0xff,
    0xc8, 0xb7, 0x86, 0xfe, 0xbf, 0xad, 0x7f, 0xff, 0xbf, 0xad, 0x81, 0xff, 0xbf, 0xad, 0x81, 0xfe,
    0xc4, 0xb2, 0x85, 0xff, 0xc3, 0xb0, 0x84, 0xff, 0xc0, 0xad, 0x82, 0xfb, 0xc9, 0xb6, 0x88, 0xff,
    0xc0, 0xae, 0x81, 0x55, 0x00, 0x00, 0x00, 0x00, 0xaa, 0xaa, 0x55, 0x03, 0x00, 0x00, 0x00, 0x00,
    0x00, 0x00, 0x00, 0x00, 0xaa, 0xaa, 0xaa, 0x03, 0xda, 0xb6, 0x91, 0x07, 0x00, 0x00, 0x00, 0x00,
    0xbb, 0xa8, 0x7e, 0x97, 0xe2, 0xd1, 0x97, 0xff, 0xd8, 0xc8, 0x90, 0xfa, 0xbb, 0xa8, 0x7e, 0xfe,
    0xc0, 0xae, 0x83, 0xfe, 0xd1, 0xc4, 0x97, 0xfc, 0xc7, 0xb7, 0x8a, 0xfc, 0xbe, 0xab, 0x80, 0xfe,
    0xc0, 0xae, 0x83, 0xfe, 0xbf, 0xae, 0x82, 0xfa, 0xcc, 0xb9, 0x8a, 0xff, 0xbe, 0xac, 0x82, 0x97,
    0x00, 0x00, 0x00, 0x00, 0xda, 0xb6, 0x91, 0x07, 0xaa, 0xaa, 0xaa, 0x03, 0x00, 0x00, 0x00, 0x00,
    0x00, 0x00, 0x00, 0x00, 0x00, 0x00, 0x00, 0x00, 0x00, 0x00, 0x00, 0x00, 0x00, 0x00, 0x00, 0x00,
    0xcb, 0xba, 0x88, 0xa8, 0xe7, 0xd6, 0x9a, 0xff, 0xbd, 0xab, 0x7f, 0xfc, 0xc5, 0xb5, 0x8a, 0xff,
    0xe9, 0xe1, 0xb5, 0xff, 0xeb, 0xe1, 0xb3, 0xff, 0xd5, 0xc4, 0x96, 0xff, 0xc2, 0xaf, 0x83, 0xff,
    0xbb, 0xa9, 0x7a, 0xff, 0xbf, 0xae, 0x81, 0xfc, 0xcb, 0xb8, 0x8a, 0xff, 0xc0, 0xae, 0x82, 0xa8,
    0x00, 0x00, 0x00, 0x00, 0x00, 0x00, 0x00, 0x00, 0x00, 0x00, 0x00, 0x00, 0x00, 0x00, 0x00, 0x00,
    0x00, 0x00, 0x00, 0x00, 0xbf, 0xae, 0x82, 0x5c, 0xc7, 0xb4, 0x85, 0x8f, 0xbd, 0xaa, 0x7f, 0xac,
    0xd2, 0xc2, 0x8c, 0xfc, 0xcf, 0xbe, 0x8b, 0xff, 0xba, 0xa7, 0x7d, 0xfe, 0xe2, 0xd8, 0xac, 0xfe,
    0xd3, 0xc5, 0x99, 0xed, 0xb1, 0x9b, 0x70, 0x5f, 0xbb, 0xa9, 0x7b, 0x5f, 0xc5, 0xb3, 0x88, 0xed,
    0xb7, 0xa5, 0x72, 0xfe, 0xb0, 0x9e, 0x6a, 0xfe, 0xc4, 0xb1, 0x87, 0xff, 0xc0, 0xae, 0x81, 0xfc,
    0xc0, 0xae, 0x82, 0xac, 0xc5, 0xb4, 0x85, 0x8f, 0xbf, 0xae, 0x82, 0x5c, 0x00, 0x00, 0x00, 0x00,
    0x00, 0x00, 0x00, 0x00, 0xbf, 0xae, 0x82, 0xd5, 0xd5, 0xc1, 0x90, 0xff, 0xc5, 0xb2, 0x86, 0xff,
    0xd7, 0xc7, 0x90, 0xff, 0xc5, 0xb4, 0x84, 0xff, 0xc3, 0xb1, 0x87, 0xfb, 0xec, 0xe1, 0xb1, 0xff,
    0xbb, 0xa6, 0x7c, 0x71, 0x00, 0x00, 0x00, 0x00, 0x00, 0x00, 0x00, 0x00, 0xc2, 0xb0, 0x82, 0x71,
    0xcc, 0xb9, 0x89, 0xff, 0xa2, 0x91, 0x55, 0xfb, 0xc0, 0xae, 0x82, 0xff, 0xc0, 0xae, 0x82, 0xff,
    0xc7, 0xb4, 0x87, 0xff, 0xd4, 0xc0, 0x90, 0xff, 0xbf, 0xae, 0x82, 0xd5, 0x00, 0x00, 0x00, 0x00,
    0x00, 0x00, 0x00, 0x00, 0xbf, 0xae, 0x82, 0xd5, 0xd4, 0xc1, 0x90, 0xff, 0xc6, 0xb4, 0x86, 0xff,
    0xcd, 0xbd, 0x8a, 0xff, 0xc2, 0xb0, 0x83, 0xff, 0xc2, 0xb0, 0x85, 0xfb, 0xda, 0xca, 0x9b, 0xff,
    0xbd, 0xab, 0x7e, 0x71, 0x00, 0x00, 0x00, 0x00, 0x00, 0x00, 0x00, 0x00, 0xbf, 0xad, 0x80, 0x71,
    0xcd, 0xba, 0x8b, 0xff, 0x9b, 0x8a, 0x4b, 0xfb, 0xbd, 0xab, 0x7d, 0xff, 0xc1, 0xaf, 0x83, 0xff,
    0xc7, 0xb4, 0x87, 0xff, 0xd4, 0xc0, 0x90, 0xff, 0xbf, 0xae, 0x82, 0xd5, 0x00, 0x00, 0x00, 0x00,
    0x00, 0x00, 0x00, 0x00, 0xbf, 0xae, 0x82, 0x5c, 0xc5, 0xb4, 0x85, 0x8f, 0xc0, 0xae, 0x82, 0xac,
    0xbf, 0xad, 0x81, 0xfc, 0xc1, 0xaf, 0x83, 0xff, 0xbf, 0xad, 0x81, 0xfe, 0xc1, 0xaf, 0x82, 0xfe,
    0xc3, 0xb1, 0x85, 0xed, 0xbe, 0xae, 0x80, 0x5f, 0xbb, 0xa9, 0x7e, 0x5f, 0xc8, 0xb5, 0x8b, 0xed,
    0xb8, 0xa6, 0x73, 0xfe, 0x96, 0x85, 0x43, 0xfe, 0xc3, 0xb1, 0x86, 0xff, 0xc0, 0xae, 0x81, 0xfc,
    0xc0, 0xae, 0x82, 0xac, 0xc5, 0xb4, 0x85, 0x8f, 0xbf, 0xae, 0x82, 0x5c, 0x00, 0x00, 0x00, 0x00,
    0x00, 0x00, 0x00, 0x00, 0x00, 0x00, 0x00, 0x00, 0x00, 0x00, 0x00, 0x00, 0x00, 0x00, 0x00, 0x00,
    0xc0, 0xae, 0x82, 0xa8, 0xcb, 0xb8, 0x8a, 0xff, 0xc0, 0xae, 0x81, 0xfc, 0xc0, 0xae, 0x82, 0xff,
    0xc0, 0xad, 0x7f, 0xff, 0xcc, 0xb9, 0x8b, 0xff, 0xce, 0xbb, 0x8f, 0xff, 0xbe, 0xab, 0x7c, 0xff,
    0x90, 0x7f, 0x3a, 0xff, 0xad, 0x9a, 0x65, 0xfc, 0xcf, 0xbc, 0x8f, 0xff, 0xbf, 0xad, 0x81, 0xa8,
    0x00, 0x00, 0x00, 0x00, 0x00, 0x00, 0x00, 0x00, 0x00, 0x00, 0x00, 0x00, 0x00, 0x00, 0x00, 0x00,
    0x00, 0x00, 0x00, 0x00, 0xaa, 0xaa, 0xaa, 0x03, 0xda, 0xb6, 0x91, 0x07, 0x00, 0x00, 0x00, 0x00,
    0xbe, 0xac, 0x82, 0x97, 0xcc, 0xb9, 0x8a, 0xff, 0xbf, 0xad, 0x81, 0xfa, 0xc0, 0xae, 0x83, 0xfe,
    0xb5, 0xa3, 0x72, 0xfe, 0xa5, 0x94, 0x5b, 0xfc, 0x9f, 0x8e, 0x51, 0xfc, 0x93, 0x82, 0x3f, 0xfe,
    0xa9, 0x97, 0x60, 0xfe, 0xc2, 0xb1, 0x87, 0xfa, 0xcb, 0xb8, 0x8a, 0xff, 0xbe, 0xac, 0x82, 0x97,
    0x00, 0x00, 0x00, 0x00, 0xda, 0xb6, 0x91, 0x07, 0xaa, 0xaa, 0xaa, 0x03, 0x00, 0x00, 0x00, 0x00,
    0x00, 0x00, 0x00, 0x00, 0xaa, 0xaa, 0x55, 0x03, 0x00, 0x00, 0x00, 0x00, 0xc0, 0xae, 0x81, 0x55,
    0xc9, 0xb6, 0x88, 0xff, 0xc0, 0xad, 0x82, 0xfb, 0xc3, 0xb0, 0x84, 0xff, 0xc4, 0xb2, 0x85, 0xff,
    0xc0, 0xae, 0x83, 0xfe, 0xbd, 0xab, 0x7d, 0xff, 0xb7, 0xa5, 0x74, 0xff, 0xbd, 0xab, 0x7f, 0xfe,
    0xc8, 0xb6, 0x8b, 0xff, 0xc2, 0xb0, 0x83, 0xff, 0xc0, 0xad, 0x82, 0xfb, 0xc9, 0xb6, 0x88, 0xff,
    0xc0, 0xae, 0x81, 0x55, 0x00, 0x00, 0x00, 0x00, 0xaa, 0xaa, 0x55, 0x03, 0x00, 0x00, 0x00, 0x00,
    0xff, 0xff, 0xff, 0x01, 0xff, 0x00, 0x00, 0x01, 0xb4, 0xa5, 0x87, 0x11, 0xc0, 0xae, 0x82, 0xf3,
    0xc5, 0xb2, 0x85, 0xfd, 0xc7, 0xb4, 0x87, 0xff, 0xc0, 0xae, 0x82, 0xed, 0xbf, 0xad, 0x82, 0xe5,
    0xc6, 0xb4, 0x86, 0xff, 0xc0, 0xae, 0x83, 0xfe, 0xc1, 0xaf, 0x85, 0xfe, 0xc7, 0xb5, 0x87, 0xff,
    0xbf, 0xac, 0x80, 0xe5, 0xc0, 0xae, 0x82, 0xed, 0xc7, 0xb4, 0x87, 0xff, 0xc5, 0xb2, 0x85, 0xfd,
    0xc0, 0xae, 0x82, 0xf3, 0xb4, 0xa5, 0x87, 0x11, 0xff, 0x00, 0x00, 0x01, 0xff, 0xff, 0xff, 0x01,
    0x00, 0x00, 0x00, 0x00, 0xff, 0xff, 0x7f, 0x02, 0xaa, 0xaa, 0x55, 0x03, 0xbe, 0xad, 0x83, 0x6b,
    0xd1, 0xbd, 0x8d, 0xff, 0xc5, 0xb2, 0x85, 0xda, 0xc2, 0xb0, 0x7f, 0x2a, 0xbf, 0xaf, 0x7f, 0x10,
    0xc3, 0xb0, 0x84, 0xb7, 0xc7, 0xb4, 0x87, 0xfe, 0xc7, 0xb4, 0x86, 0xfe, 0xc3, 0xb0, 0x84, 0xb7,
    0xbf, 0xaf, 0x7f, 0x10, 0xc2, 0xb0, 0x7f, 0x2a, 0xc5, 0xb2, 0x85, 0xda, 0xd1, 0xbd, 0x8d, 0xff,
    0xbe, 0xad, 0x83, 0x6b, 0xaa, 0xaa, 0x55, 0x03, 0xff, 0xff, 0x7f, 0x02, 0x00, 0x00, 0x00, 0x00,
    0x00, 0x00, 0x00, 0x00, 0x00, 0x00, 0x00, 0x00, 0x00, 0x00, 0x00, 0x00, 0x00, 0x00, 0x00, 0x00,
    0xbf, 0xaf, 0x83, 0x5d, 0xbb, 0xaa, 0x7f, 0x1e, 0x00, 0x00, 0x00, 0x00, 0x00, 0x00, 0x00, 0x00,
    0xbe, 0xae, 0x81, 0x7e, 0xcb, 0xb8, 0x89, 0xfc, 0xcb, 0xb8, 0x89, 0xfc, 0xbe, 0xae, 0x81, 0x7e,
    0x00, 0x00, 0x00, 0x00, 0x00, 0x00, 0x00, 0x00, 0xbb, 0xaa, 0x7f, 0x1e, 0xbf, 0xaf, 0x83, 0x5d,
    0x00, 0x00, 0x00, 0x00, 0x00, 0x00, 0x00, 0x00, 0x00, 0x00, 0x00, 0x00, 0x00, 0x00, 0x00, 0x00,
    0x00, 0x00, 0x00, 0x00, 0x00, 0x00, 0x00, 0x00, 0x00, 0x00, 0x00, 0x00, 0x7f, 0x7f, 0x7f, 0x02,
    0x00, 0x00, 0x00, 0x00, 0x00, 0x00, 0x00, 0x00, 0xd4, 0xd4, 0x7f, 0x06, 0xff, 0xff, 0xff, 0x01,
    0xc0, 0xad, 0x81, 0x6e, 0xd4, 0xc0, 0x90, 0xff, 0xd4, 0xc0, 0x90, 0xff, 0xc0, 0xad, 0x81, 0x6e,
    0xff, 0xff, 0xff, 0x01, 0xd4, 0xd4, 0x7f, 0x06, 0x00, 0x00, 0x00, 0x00, 0x00, 0x00, 0x00, 0x00,
    0x7f, 0x7f, 0x7f, 0x02, 0x00, 0x00, 0x00, 0x00, 0x00, 0x00, 0x00, 0x00, 0x00, 0x00, 0x00, 0x00,
    0x00, 0x00, 0x00, 0x00, 0x00, 0x00, 0x00, 0x00, 0x00, 0x00, 0x00, 0x00, 0x00, 0x00, 0x00, 0x00,
    0xbf, 0x7f, 0x7f, 0x04, 0x7f, 0x7f, 0x7f, 0x02, 0x7f, 0x7f, 0x7f, 0x02, 0x00, 0x00, 0x00, 0x00,
    0xba, 0xac, 0x82, 0x25, 0xc8, 0xb6, 0x87, 0x71, 0xc8, 0xb6, 0x87, 0x71, 0xba, 0xac, 0x82, 0x25,
    0x00, 0x00, 0x00, 0x00, 0x7f, 0x7f, 0x7f, 0x02, 0x7f, 0x7f, 0x7f, 0x02, 0xbf, 0x7f, 0x7f, 0x04,
    0x00, 0x00, 0x00, 0x00, 0x00, 0x00, 0x00, 0x00, 0x00, 0x00, 0x00, 0x00, 0x00, 0x00, 0x00, 0x00,
};

static const lv_image_dsc_t emoji_img_49 = {
    .header = {
        .magic = LV_IMAGE_HEADER_MAGIC,
        .cf = LV_COLOR_FORMAT_ARGB8888,
        .flags = 0,
        .w = 20,
        .h = 20,
        .stride = 20 * 4,
        .reserved_2 = 0,
    },
    .data_size = sizeof(emoji_img_49_data),
    .data = emoji_img_49_data,
    .reserved = NULL,
    .reserved_2 = NULL,
};

// LVGL image: emoji_img_50 (20x20 ARGB8888, BGRA byte order)
static const uint8_t emoji_img_50_data[] = {
    0xff, 0xff, 0xff, 0x01, 0x00, 0x00, 0x00, 0x00, 0xc7, 0xb1, 0x63, 0x17, 0xca, 0xba, 0x8d, 0x61,
    0xc7, 0xb9, 0x92, 0x60, 0xc1, 0xa8, 0x70, 0x32, 0x00, 0x00, 0x00, 0x01, 0x00, 0x00, 0x00, 0x00,
    0x00, 0x00, 0x00, 0x00, 0xff, 0xff, 0xaa, 0x03, 0x00, 0x00, 0x00, 0x00, 0x00, 0x00, 0x00, 0x00,
    0x00, 0x00, 0x00, 0x00, 0x7f, 0x7f, 0x7f, 0x02, 0x00, 0x00, 0x00, 0x00, 0x00, 0x00, 0x00, 0x00,
    0x00, 0x00, 0x00, 0x00, 0x00, 0x00, 0x00, 0x00, 0x00, 0x00, 0x00, 0x00, 0x00, 0x00, 0x00, 0x00,
    0xff, 0xff, 0xff, 0x01, 0xd0, 0xb9, 0x45, 0x0b, 0xdb, 0xd1, 0xa7, 0xd3, 0xeb, 0xe7, 0xdf, 0xff,
    0xe4, 0xe1, 0xdb, 0xff, 0xda, 0xd5, 0xc9, 0xfb, 0xd5, 0xcc, 0xb4, 0xcb, 0xc9, 0xb9, 0x92, 0x6e,
    0x99, 0x66, 0x00, 0x0f, 0x00, 0x00, 0x00, 0x00, 0xff, 0xff, 0xff, 0x01, 0xff, 0xaa, 0xaa, 0x03,
    0xff, 0xff, 0x7f, 0x02, 0x00, 0x00, 0x00, 0x00, 0xd3, 0xc1, 0x8c, 0x91, 0xc6, 0xb3, 0x84, 0x79,
    0x00, 0x00, 0x00, 0x00, 0xaa, 0xaa, 0xaa, 0x03, 0x00, 0x00, 0x00, 0x00, 0x00, 0x00, 0x00, 0x00,
    0x00, 0x00, 0x00, 0x00, 0xde, 0xc4, 0x6f, 0x27, 0xe5, 0xde, 0xc1, 0xff, 0xe1, 0xe3, 0xe9, 0xfd,
    0xe0, 0xe1, 0xe1, 0xfc, 0xe2, 0xe3, 0xe6, 0xff, 0xea, 0xeb, 0xed, 0xff, 0xec, 0xe9, 0xe3, 0xff,
    0xd6, 0xcc, 0xb6, 0xe0, 0xc3, 0xaf, 0x80, 0x63, 0x00, 0x00, 0x00, 0x00, 0x00, 0x00, 0x00, 0x00,
    0x7f, 0x7f, 0x7f, 0x02, 0xce, 0xbc, 0x8e, 0x54, 0xdb, 0xc8, 0x92, 0xff, 0xc0, 0xaf, 0x81, 0x4d,
    0x00, 0x00, 0x00, 0x00, 0xaa, 0xaa, 0x55, 0x03, 0x00, 0x00, 0x00, 0x00, 0x00, 0x00, 0x00, 0x00,
    0x00, 0x00, 0x00, 0x00, 0xc3, 0xaa, 0x5d, 0x1e, 0xdc, 0xd0, 0xa7, 0xf8, 0xe2, 0xe3, 0xe5, 0xff,
    0xdf, 0xdf, 0xde, 0xfe, 0xdf, 0xdf, 0xdf, 0xff, 0xdf, 0xde, 0xde, 0xfd, 0xe0, 0xe0, 0xe1, 0xfb,
    0xe8, 0xe9, 0xec, 0xff, 0xeb, 0xe8, 0xe1, 0xff, 0xcc, 0xbf, 0xa0, 0xb4, 0xb0, 0x97, 0x5e, 0x51,
    0xc6, 0xb5, 0x8b, 0x68, 0xae, 0x9d, 0x63, 0xd8, 0xb4, 0xa2, 0x73, 0x8d, 0x00, 0x00, 0x00, 0x00,
    0xaa, 0xaa, 0x55, 0x03, 0x00, 0x00, 0x00, 0x00, 0x00, 0x00, 0x00, 0x00, 0x00, 0x00, 0x00, 0x00,
    0x00, 0x00, 0x00, 0x00, 0x7f, 0x55, 0x55, 0x06, 0xd1, 0xc0, 0x89, 0xdf, 0xe8, 0xe4, 0xd4, 0xff,
    0xdf, 0xe0, 0xe4, 0xfd, 0xe0, 0xdf, 0xde, 0xff, 0xe1, 0xe2, 0xe3, 0xff, 0xe2, 0xe3, 0xe6, 0xff,
    0xdd, 0xdc, 0xd8, 0xfd, 0xd5, 0xcf, 0xc2, 0xfc, 0xdc, 0xd3, 0xbb, 0xff, 0xdd, 0xd2, 0xbb, 0xff,
    0xa2, 0x8f, 0x55, 0x8c, 0x83, 0x72, 0x29, 0x69, 0xcb, 0xbb, 0x94, 0x4f, 0x7f, 0x7f, 0x7f, 0x02,
    0xaa, 0xaa, 0xaa, 0x03, 0x00, 0x00, 0x00, 0x00, 0x00, 0x00, 0x00, 0x00, 0x00, 0x00, 0x00, 0x00,
    0xff, 0xff, 0xaa, 0x03, 0x00, 0x00, 0x00, 0x00, 0xc1, 0xad, 0x7e, 0xa9, 0xe7, 0xd9, 0xa6, 0xfe,
    0xe2, 0xe2, 0xe2, 0xfb, 0xe1, 0xe2, 0xe5, 0xff, 0xdc, 0xda, 0xd4, 0xff, 0xd3, 0xcc, 0xb9, 0xff,
    0xd1, 0xc8, 0xb2, 0xff, 0xd7, 0xd2, 0xc4, 0xff, 0xe1, 0xe2, 0xe5, 0xfc, 0xe2, 0xe2, 0xde, 0xfd,
    0xbd, 0xb1, 0x84, 0xff, 0xc9, 0xbb, 0x94, 0x9e, 0xbd, 0xa8, 0x7b, 0x3e, 0x7f, 0x7f, 0x7f, 0x02,
    0xaa, 0xaa, 0xaa, 0x03, 0x00, 0x00, 0x00, 0x00, 0x00, 0x00, 0x00, 0x00, 0x00, 0x00, 0x00, 0x00,
    0xbf, 0xbf, 0x7f, 0x04, 0x00, 0x00, 0x00, 0x00, 0xbb, 0xaa, 0x82, 0x5a, 0xd3, 0xc0, 0x8a, 0xff,
    0xdf, 0xd6, 0xae, 0xfc, 0xd3, 0xcc, 0xbd, 0xff, 0xd1, 0xc8, 0xb3, 0xff, 0xda, 0xd6, 0xcd, 0xff,
    0xe1, 0xe1, 0xe2, 0xff, 0xe2, 0xe3, 0xe6, 0xff, 0xe1, 0xe2, 0xe2, 0xff, 0xb0, 0xa6, 0x7e, 0xfe,
    0xe9, 0xe7, 0xe2, 0xfb, 0xfe, 0xf8, 0xe8, 0xff, 0xb8, 0xa3, 0x74, 0x86, 0x00, 0x00, 0x00, 0x00,
    0xff, 0xbf, 0xbf, 0x04, 0x00, 0x00, 0x00, 0x00, 0x00, 0x00, 0x00, 0x00, 0x00, 0x00, 0x00, 0x00,
    0xff, 0xff, 0x00, 0x01, 0x00, 0x00, 0x00, 0x00, 0xcc, 0xbb, 0x88, 0x0f, 0xbd, 0xac, 0x82, 0xea,
    0xcf, 0xbc, 0x84, 0xfe, 0xde, 0xd5, 0xae, 0xfd, 0xe1, 0xe3, 0xea, 0xff, 0xe1, 0xe2, 0xe4, 0xff,
    0xe0, 0xe0, 0xdf, 0xff, 0xe1, 0xe1, 0xe1, 0xff, 0xdc, 0xda, 0xd6, 0xff, 0xd2, 0xce, 0xc1, 0xff,
    0xe6, 0xe8, 0xed, 0xfe, 0xe7, 0xe3, 0xd7, 0xfa, 0xee, 0xe6, 0xd1, 0xff, 0xc7, 0xba, 0x96, 0x73,
    0x00, 0x00, 0x00, 0x00, 0xbf, 0xbf, 0xbf, 0x04, 0x00, 0x00, 0x00, 0x00, 0x00, 0x00, 0x00, 0x00,
    0x00, 0x00, 0x00, 0x00, 0xbf, 0xbf, 0x7f, 0x04, 0x00, 0x00, 0x00, 0x00, 0xc0, 0xad, 0x82, 0x87,
    0xcc, 0xb9, 0x8c, 0xff, 0xcf, 0xbd, 0x87, 0xfb, 0xe2, 0xda, 0xb9, 0xff, 0xe0, 0xe0, 0xe4, 0xff,
    0xe0, 0xe0, 0xe0, 0xff, 0xe0, 0xe0, 0xdf, 0xff, 0xe1, 0xe1, 0xe2, 0xff, 0xe3, 0xe3, 0xe5, 0xff,
    0xe0, 0xe1, 0xe3, 0xff, 0xd5, 0xcf, 0xbe, 0xfe, 0xf8, 0xf7, 0xf3, 0xfc, 0xf3, 0xee, 0xe3, 0xff,
    0xba, 0xa6, 0x78, 0x4e, 0x00, 0x00, 0x00, 0x00, 0xaa, 0xaa, 0xaa, 0x03, 0x00, 0x00, 0x00, 0x00,
    0x00, 0x00, 0x00, 0x00, 0xff, 0xff, 0xff, 0x01, 0xff, 0xff, 0xff, 0x01, 0xc2, 0xb6, 0x85, 0x15,
    0xc2, 0xb0, 0x83, 0xed, 0xc2, 0xaf, 0x85, 0xfd, 0xcd, 0xbb, 0x84, 0xfd, 0xe2, 0xd9, 0xb2, 0xff,
    0xe0, 0xe1, 0xe2, 0xff, 0xe0, 0xe0, 0xe3, 0xff, 0xe0, 0xe0, 0xde, 0xff, 0xdf, 0xdf, 0xde, 0xff,
    0xe1, 0xe2, 0xe4, 0xff, 0xd4, 0xcd, 0xbb, 0xff, 0xf1, 0xef, 0xe9, 0xfd, 0xff, 0xff, 0xff, 0xfe,
    0xe4, 0xdc, 0xca, 0xed, 0xa6, 0x93, 0x4e, 0x1a, 0xff, 0xff, 0xff, 0x01, 0xff, 0x7f, 0x7f, 0x02,
    0x00, 0x00, 0x00, 0x00, 0x00, 0x00, 0x00, 0x00, 0xaa, 0xaa, 0xaa, 0x03, 0x00, 0x00, 0x00, 0x00,
    0xbe, 0xac, 0x80, 0x63, 0xcf, 0xbc, 0x8d, 0xff, 0xbe, 0xac, 0x82, 0xfc, 0xc8, 0xb6, 0x81, 0xff,
    0xe0, 0xd4, 0xa5, 0xff, 0xe2, 0xe0, 0xd8, 0xff, 0xe0, 0xe0, 0xe5, 0xff, 0xe0, 0xe0, 0xdf, 0xff,
    0xe1, 0xe2, 0xe2, 0xff, 0xd1, 0xc9, 0xb7, 0xff, 0xed, 0xeb, 0xe8, 0xff, 0xfc, 0xfd, 0xfd, 0xfb,
    0xff, 0xff, 0xff, 0xff, 0xd3, 0xc6, 0xaa, 0xa3, 0x00, 0x00, 0x00, 0x00, 0xff, 0xff, 0xff, 0x03,
    0x00, 0x00, 0x00, 0x00, 0x00, 0x00, 0x00, 0x00, 0x00, 0x00, 0x00, 0x00, 0xaa, 0xaa, 0xaa, 0x03,
    0x00, 0x00, 0x00, 0x00, 0xc0, 0xac, 0x82, 0x9e, 0xd3, 0xc2, 0x89, 0xff, 0xb7, 0xa6, 0x6c, 0xfc,
    0xbf, 0xad, 0x7a, 0xfe, 0xda, 0xcb, 0x95, 0xfe, 0xe2, 0xdc, 0xc2, 0xff, 0xe0, 0xe0, 0xe1, 0xff,
    0xdf, 0xe0, 0xe3, 0xff, 0xd0, 0xc8, 0xb4, 0xff, 0xe7, 0xe6, 0xe5, 0xff, 0xfa, 0xfa, 0xf9, 0xfe,
    0xfd, 0xfd, 0xff, 0xfd, 0xeb, 0xe6, 0xd8, 0xfb, 0xae, 0x99, 0x5e, 0x23, 0x00, 0x00, 0x00, 0x00,
    0x00, 0x00, 0x00, 0x00, 0x00, 0x00, 0x00, 0x00, 0x00, 0x00, 0x00, 0x00, 0x7f, 0x7f, 0x7f, 0x02,
    0x00, 0x00, 0x00, 0x01, 0xff, 0xff, 0xdf, 0x08, 0xcb, 0xbb, 0x7e, 0xe8, 0xc5, 0xb5, 0x71, 0xff,
    0xae, 0x9c, 0x67, 0xff, 0xc5, 0xb3, 0x88, 0xff, 0xd2, 0xc0, 0x8a, 0xff, 0xe3, 0xd8, 0xac, 0xff,
    0xe5, 0xe2, 0xd4, 0xfd, 0xd3, 0xcc, 0xbb, 0xfe, 0xf0, 0xf1, 0xf3, 0xfe, 0xfb, 0xfb, 0xfc, 0xfe,
    0xfc, 0xfc, 0xff, 0xf9, 0xff, 0xff, 0xff, 0xfc, 0xc6, 0xb7, 0x91, 0x64, 0x00, 0x00, 0x00, 0x00,
    0x00, 0x00, 0x00, 0x00, 0x00, 0x00, 0x00, 0x00, 0x00, 0x00, 0x00, 0x00, 0xff, 0xff, 0xff, 0x01,
    0x00, 0x00, 0x00, 0x00, 0xd4, 0xc6, 0x7f, 0x12, 0xe5, 0xd6, 0x99, 0xed, 0xd7, 0xc7, 0x87, 0xff,
    0x8b, 0x7a, 0x32, 0xec, 0x94, 0x83, 0x40, 0xfb, 0x9c, 0x8a, 0x4e, 0xff, 0xa4, 0x92, 0x50, 0xff,
    0xbc, 0xab, 0x66, 0xff, 0xc9, 0xbb, 0x93, 0xff, 0xeb, 0xe5, 0xda, 0xff, 0xfa, 0xf8, 0xf5, 0xff,
    0xff, 0xff, 0xff, 0xff, 0xfb, 0xf5, 0xe3, 0xff, 0xbf, 0xad, 0x7f, 0x54, 0x00, 0x00, 0x00, 0x00,
    0x00, 0x00, 0x00, 0x00, 0x00, 0x00, 0x00, 0x00, 0x00, 0x00, 0x00, 0x00, 0xff, 0x7f, 0x7f, 0x02,
    0xff, 0xff, 0xff, 0x01, 0xdb, 0xcd, 0x8d, 0x24, 0xe2, 0xd3, 0x96, 0xf7, 0xe4, 0xd4, 0x8f, 0xff,
    0x8b, 0x79, 0x2f, 0x80, 0xa4, 0x92, 0x58, 0x76, 0x96, 0x83, 0x33, 0xff, 0x8a, 0x78, 0x31, 0xf5,
    0x85, 0x74, 0x2a, 0xe2, 0x8c, 0x7a, 0x31, 0xf3, 0x9a, 0x88, 0x46, 0xf9, 0xaf, 0x9e, 0x6a, 0xf4,
    0xc0, 0xb0, 0x81, 0xe1, 0xb5, 0xa3, 0x71, 0x8b, 0x7f, 0x7f, 0x3f, 0x04, 0xff, 0xff, 0x00, 0x01,
    0x00, 0x00, 0x00, 0x00, 0x00, 0x00, 0x00, 0x00, 0x00, 0x00, 0x00, 0x00, 0xff, 0xbf, 0x7f, 0x04,
    0x00, 0x00, 0x00, 0x00, 0xd5, 0xc7, 0x89, 0x25, 0xe4, 0xd5, 0x98, 0xff, 0xe2, 0xd2, 0x91, 0xfe,
    0x92, 0x81, 0x39, 0xc7, 0x9b, 0x89, 0x4a, 0xae, 0x92, 0x80, 0x32, 0xff, 0xa5, 0x94, 0x5a, 0xef,
    0xff, 0xff, 0xec, 0x0e, 0x71, 0x63, 0x0e, 0x12, 0x7b, 0x6d, 0x1d, 0x23, 0x64, 0x51, 0x00, 0x1c,
    0x00, 0x00, 0x00, 0x08, 0x00, 0x00, 0x00, 0x00, 0x00, 0x00, 0x00, 0x00, 0x00, 0x00, 0x00, 0x00,
    0x00, 0x00, 0x00, 0x00, 0x00, 0x00, 0x00, 0x00, 0xff, 0xff, 0x00, 0x01, 0x00, 0x00, 0x00, 0x00,
    0xcc, 0xbf, 0x8c, 0x14, 0xe4, 0xd5, 0x96, 0x93, 0xe7, 0xd7, 0x98, 0xfe, 0xde, 0xd0, 0x94, 0xfd,
    0x98, 0x87, 0x3d, 0xff, 0x87, 0x75, 0x26, 0xff, 0x83, 0x73, 0x27, 0xfe, 0xa5, 0x94, 0x57, 0xff,
    0xcd, 0xbb, 0x91, 0x85, 0xaa, 0xaa, 0x94, 0x0c, 0x00, 0x00, 0x00, 0x00, 0x00, 0x00, 0x01, 0x00,
    0x00, 0x00, 0x01, 0x00, 0xaa, 0xaa, 0xaa, 0x03, 0x00, 0x00, 0x00, 0x00, 0x00, 0x00, 0x00, 0x00,
    0x00, 0x00, 0x00, 0x00, 0xaa, 0xaa, 0x55, 0x03, 0xff, 0xff, 0x00, 0x01, 0xdf, 0xd2, 0x93, 0x39,
    0xe7, 0xd7, 0x99, 0xf1, 0xf1, 0xe1, 0x9f, 0xff, 0xdf, 0xd0, 0x93, 0xfd, 0xe1, 0xd2, 0x95, 0xfd,
    0xa7, 0x96, 0x58, 0xfb, 0xa0, 0x8e, 0x56, 0xfa, 0xb1, 0x9f, 0x6d, 0xfd, 0xba, 0xa8, 0x7b, 0xfd,
    0xce, 0xba, 0x8c, 0xff, 0xc7, 0xb5, 0x86, 0xf0, 0xcd, 0xbf, 0x89, 0x34, 0x7f, 0x7f, 0x7f, 0x02,
    0xaa, 0xaa, 0x55, 0x03, 0x00, 0x00, 0x00, 0x00, 0x00, 0x00, 0x00, 0x00, 0x00, 0x00, 0x00, 0x00,
    0x00, 0x00, 0x00, 0x00, 0xff, 0xff, 0x7f, 0x02, 0x00, 0x00, 0x00, 0x01, 0xdd, 0xd0, 0x94, 0x3c,
    0xe8, 0xd9, 0x9a, 0xc5, 0xe2, 0xd3, 0x96, 0xee, 0xe5, 0xd6, 0x97, 0xff, 0xeb, 0xdb, 0x9b, 0xff,
    0xe5, 0xd5, 0x9a, 0xff, 0xdb, 0xc9, 0x96, 0xff, 0xd8, 0xc6, 0x93, 0xff, 0xd2, 0xc1, 0x8d, 0xff,
    0xd3, 0xc2, 0x8c, 0xed, 0xe0, 0xd0, 0x95, 0xc2, 0xdd, 0xcf, 0x92, 0x36, 0xff, 0xff, 0x00, 0x01,
    0xff, 0xff, 0x7f, 0x02, 0x00, 0x00, 0x00, 0x00, 0x00, 0x00, 0x00, 0x00, 0x00, 0x00, 0x00, 0x00,
    0x00, 0x00, 0x00, 0x00, 0x00, 0x00, 0x00, 0x00, 0x00, 0x00, 0x00, 0x00, 0x00, 0x00, 0x00, 0x00,
    0x00, 0x00, 0x00, 0x00, 0xe7, 0xd8, 0x9a, 0x21, 0xe2, 0xd3, 0x96, 0x47, 0xdf, 0xd1, 0x94, 0x60,
    0xe3, 0xd7, 0x96, 0x66, 0xe6, 0xd7, 0x96, 0x66, 0xe4, 0xd4, 0x94, 0x60, 0xe9, 0xda, 0x99, 0x46,
    0xf7, 0xe7, 0xa2, 0x21, 0x00, 0x00, 0x00, 0x00, 0x00, 0x00, 0x00, 0x00, 0x00, 0x00, 0x00, 0x00,
    0x00, 0x00, 0x00, 0x00, 0x00, 0x00, 0x00, 0x00, 0x00, 0x00, 0x00, 0x00, 0x00, 0x00, 0x00, 0x00,
};

static const lv_image_dsc_t emoji_img_50 = {
    .header = {
        .magic = LV_IMAGE_HEADER_MAGIC,
        .cf = LV_COLOR_FORMAT_ARGB8888,
        .flags = 0,
        .w = 20,
        .h = 20,
        .stride = 20 * 4,
        .reserved_2 = 0,
    },
    .data_size = sizeof(emoji_img_50_data),
    .data = emoji_img_50_data,
    .reserved = NULL,
    .reserved_2 = NULL,
};

// LVGL image: emoji_img_51 (20x20 ARGB8888, BGRA byte order)
static const uint8_t emoji_img_51_data[] = {
    0x00, 0x00, 0x00, 0x00, 0x00, 0x00, 0x00, 0x00, 0x00, 0x00, 0x00, 0x00, 0x00, 0x00, 0x00, 0x00,
    0xff, 0xaa, 0x55, 0x03, 0x00, 0x00, 0x00, 0x00, 0x00, 0x00, 0x00, 0x00, 0xff, 0xff, 0xff, 0x1a,
    0xff, 0xc1, 0x68, 0x42, 0xff, 0x90, 0x00, 0x58, 0xff, 0xa0, 0x12, 0x51, 0xa0, 0xdc, 0x73, 0x33,
    0x94, 0xd4, 0x7f, 0x0c, 0x00, 0x00, 0x00, 0x00, 0x00, 0x00, 0x00, 0x00, 0xaa, 0xff, 0xaa, 0x03,
    0x00, 0x00, 0x00, 0x00, 0x00, 0x00, 0x00, 0x00, 0x00, 0x00, 0x00, 0x00, 0x00, 0x00, 0x00, 0x00,
    0x00, 0x00, 0x00, 0x00, 0x00, 0x00, 0x00, 0x00, 0x00, 0x00, 0x00, 0x00, 0xff, 0x7f, 0x7f, 0x02,
    0x00, 0x00, 0x00, 0x00, 0xf6, 0xcc, 0x88, 0x3c, 0xff, 0xf9, 0xf1, 0xae, 0xfc, 0xdb, 0xa7, 0xec,
    0xdd, 0xc5, 0x5e, 0xff, 0xb3, 0xce, 0x57, 0xff, 0xc8, 0xc4, 0x49, 0xff, 0x90, 0xdb, 0x76, 0xfc,
    0x8c, 0xe2, 0x7e, 0xde, 0x8e, 0xe2, 0x7c, 0x8f, 0x83, 0xd3, 0x69, 0x1d, 0x00, 0x00, 0x00, 0x00,
    0xaa, 0xff, 0xaa, 0x03, 0x00, 0x00, 0x00, 0x00, 0x00, 0x00, 0x00, 0x00, 0x00, 0x00, 0x00, 0x00,
    0x00, 0x00, 0x00, 0x00, 0x00, 0x00, 0x00, 0x00, 0xff, 0xaa, 0x00, 0x03, 0x00, 0x00, 0x01, 0x00,
    0xf1, 0x9d, 0x15, 0x85, 0xfc, 0xba, 0x45, 0xff, 0xfc, 0xc4, 0x55, 0xff, 0xdc, 0xae, 0x25, 0xff,
    0xa1, 0xcc, 0x5c, 0xff, 0x94, 0xd7, 0x71, 0xfd, 0x81, 0xe0, 0x80, 0xfe, 0x8a, 0xdd, 0x7a, 0xff,
    0x8d, 0xe3, 0x7d, 0xff, 0x94, 0xee, 0x81, 0xff, 0x90, 0xe4, 0x83, 0xed, 0x8d, 0xdb, 0x87, 0x55,
    0x00, 0x00, 0x00, 0x00, 0xaa, 0xff, 0xaa, 0x03, 0x00, 0x00, 0x00, 0x00, 0x00, 0x00, 0x00, 0x00,
    0x00, 0x00, 0x00, 0x00, 0xff, 0xaa, 0x00, 0x03, 0x00, 0x00, 0x00, 0x00, 0xf0, 0xa0, 0x18, 0x8f,
    0xff, 0xae, 0x16, 0xff, 0xe5, 0xa5, 0x1c, 0xfd, 0xac, 0xc4, 0x4e, 0xfc, 0xa8, 0xcc, 0x5f, 0xfe,
    0x99, 0xd5, 0x6e, 0xff, 0x8b, 0xdc, 0x79, 0xff, 0x83, 0xe1, 0x81, 0xff, 0x89, 0xdd, 0x7a, 0xff,
    0x8c, 0xdb, 0x7c, 0xfe, 0x8f, 0xdd, 0x98, 0xfb, 0x9b, 0xe1, 0xb1, 0xff, 0x9f, 0xe9, 0xb3, 0xff,
    0x92, 0xda, 0x9d, 0x5c, 0x00, 0x00, 0x00, 0x00, 0x55, 0xaa, 0xaa, 0x03, 0x00, 0x00, 0x00, 0x00,
    0xff, 0xaa, 0x00, 0x03, 0x00, 0x00, 0x00, 0x00, 0xf3, 0xa2, 0x18, 0x55, 0xff, 0xad, 0x19, 0xff,
    0xf5, 0xa0, 0x16, 0xfa, 0xd0, 0xb5, 0x39, 0xfe, 0x92, 0xd9, 0x73, 0xff, 0x8d, 0xdb, 0x78, 0xff,
    0x85, 0xe0, 0x7f, 0xff, 0x93, 0xd8, 0x71, 0xff, 0xbe, 0xbf, 0x46, 0xff, 0xa3, 0xce, 0x68, 0xff,
    0xc0, 0xbc, 0x75, 0xff, 0xa2, 0xdb, 0xc4, 0xff, 0xa1, 0xdc, 0xd4, 0xfd, 0xa2, 0xe0, 0xcc, 0xfd,
    0x99, 0xe3, 0xa6, 0xf8, 0x8b, 0xe0, 0x79, 0x2a, 0xff, 0x00, 0x00, 0x01, 0x55, 0xaa, 0x55, 0x03,
    0xff, 0xff, 0x00, 0x01, 0xff, 0xb2, 0x19, 0x0a, 0xf2, 0xa1, 0x17, 0xe2, 0xfc, 0xa4, 0x15, 0xfe,
    0xe1, 0xa9, 0x22, 0xfd, 0x92, 0xd8, 0x70, 0xff, 0xd0, 0xb6, 0x42, 0xff, 0xd8, 0xb0, 0x31, 0xff,
    0xbc, 0xc0, 0x45, 0xff, 0xb5, 0xc5, 0x56, 0xff, 0xa8, 0xcc, 0x60, 0xff, 0x99, 0xdb, 0x97, 0xff,
    0xbb, 0xc6, 0x9f, 0xff, 0xbb, 0xca, 0xb6, 0xff, 0xa2, 0xe0, 0xe7, 0xff, 0xa3, 0xda, 0xcf, 0xfb,
    0x9e, 0xeb, 0xaa, 0xff, 0x87, 0xdb, 0x78, 0xb6, 0x00, 0x00, 0x00, 0x00, 0x55, 0xaa, 0x55, 0x03,
    0x00, 0x00, 0x00, 0x00, 0xf3, 0x9c, 0x17, 0x58, 0xff, 0xac, 0x1b, 0xff, 0xf8, 0x9b, 0x09, 0xfc,
    0xc9, 0xbf, 0x6e, 0xff, 0xa4, 0xd9, 0xbb, 0xff, 0xaa, 0xd8, 0xc7, 0xff, 0xdc, 0xb2, 0x51, 0xff,
    0xea, 0xa8, 0x2c, 0xff, 0xe6, 0xaa, 0x31, 0xff, 0xcd, 0xba, 0x58, 0xff, 0x9c, 0xe0, 0xd0, 0xff,
    0xa5, 0xdd, 0xdc, 0xff, 0xaa, 0xda, 0xd8, 0xff, 0xa4, 0xde, 0xe4, 0xff, 0x99, 0xe2, 0xd3, 0xff,
    0x8d, 0xe1, 0x94, 0xfd, 0x99, 0xd1, 0x6c, 0xfe, 0xe7, 0x76, 0x23, 0x2b, 0x00, 0x00, 0x00, 0x00,
    0x00, 0x00, 0x00, 0x00, 0xf5, 0x95, 0x1b, 0xa6, 0xff, 0xa5, 0x12, 0xfe, 0xdc, 0xb1, 0x44, 0xfb,
    0xa0, 0xde, 0xd0, 0xff, 0xa2, 0xde, 0xdf, 0xff, 0xa2, 0xdf, 0xe3, 0xff, 0xa5, 0xdd, 0xe0, 0xff,
    0xa8, 0xdb, 0xd8, 0xff, 0xa7, 0xdb, 0xd6, 0xff, 0xb1, 0xd3, 0xbc, 0xff, 0xa9, 0xda, 0xd5, 0xff,
    0xa5, 0xde, 0xe4, 0xff, 0xc5, 0xc2, 0x92, 0xff, 0xc9, 0xba, 0x85, 0xff, 0xcf, 0xab, 0x61, 0xff,
    0x87, 0xe1, 0x82, 0xfb, 0xb1, 0xcd, 0x66, 0xff, 0xf4, 0x5d, 0x0e, 0x7b, 0x00, 0x00, 0x00, 0x00,
    0xff, 0x7f, 0x00, 0x02, 0xf6, 0x8a, 0x19, 0xd3, 0xfe, 0x9c, 0x16, 0xff, 0xa3, 0xd4, 0x92, 0xfd,
    0x98, 0xe0, 0xc6, 0xff, 0xa3, 0xdc, 0xcd, 0xff, 0xa4, 0xdd, 0xda, 0xff, 0xa6, 0xdd, 0xe2, 0xff,
    0xa5, 0xde, 0xe5, 0xff, 0xa5, 0xde, 0xe7, 0xff, 0xa6, 0xdd, 0xe1, 0xff, 0xc1, 0xc8, 0x99, 0xff,
    0xa6, 0xdd, 0xe3, 0xff, 0x9f, 0xe3, 0xef, 0xff, 0xb0, 0xd0, 0xb5, 0xff, 0xff, 0x75, 0x08, 0xff,
    0xca, 0xa2, 0x41, 0xfc, 0xb4, 0xc2, 0x60, 0xff, 0xf9, 0x57, 0x08, 0xb1, 0x00, 0x00, 0x01, 0x00,
    0xda, 0x7f, 0x24, 0x0e, 0xfd, 0x81, 0x17, 0xe4, 0xef, 0x9c, 0x27, 0xff, 0x8d, 0xdb, 0x7b, 0xfe,
    0x91, 0xdd, 0x95, 0xff, 0x9a, 0xdd, 0xb3, 0xff, 0x9f, 0xdd, 0xca, 0xff, 0xa3, 0xdd, 0xd7, 0xff,
    0xa5, 0xdd, 0xde, 0xff, 0xa7, 0xdc, 0xe0, 0xff, 0xa2, 0xe0, 0xee, 0xff, 0xb9, 0xce, 0xaf, 0xff,
    0xc4, 0xc5, 0x93, 0xff, 0xa9, 0xd9, 0xd7, 0xff, 0xe0, 0xa1, 0x4f, 0xff, 0xfc, 0x7d, 0x15, 0xff,
    0xf2, 0x7a, 0x1e, 0xfd, 0xd6, 0x9c, 0x43, 0xff, 0xf0, 0x5f, 0x0f, 0xcc, 0x00, 0x00, 0x00, 0x00,
    0xd0, 0x8b, 0x2e, 0x0b, 0xff, 0x77, 0x14, 0xe2, 0xe6, 0x9d, 0x32, 0xff, 0x81, 0xe2, 0x7f, 0xfe,
    0x8b, 0xdc, 0x77, 0xff, 0x8d, 0xdd, 0x82, 0xff, 0x94, 0xdc, 0x9a, 0xff, 0x9a, 0xdd, 0xb5, 0xff,
    0x9f, 0xdd, 0xc9, 0xff, 0xa2, 0xdd, 0xd5, 0xff, 0xa5, 0xdc, 0xda, 0xff, 0xa2, 0xe0, 0xe8, 0xff,
    0xb9, 0xcc, 0xad, 0xff, 0xc6, 0xbd, 0x8c, 0xff, 0xf2, 0x8d, 0x29, 0xff, 0xfc, 0x7b, 0x16, 0xff,
    0xf5, 0x73, 0x18, 0xfd, 0xfe, 0x6b, 0x13, 0xff, 0xed, 0x60, 0x11, 0xce, 0x00, 0x00, 0x00, 0x00,
    0xff, 0x00, 0x00, 0x01, 0xf6, 0x74, 0x17, 0xcd, 0xfe, 0x81, 0x19, 0xff, 0xb0, 0xbe, 0x59, 0xfd,
    0x82, 0xe4, 0x82, 0xff, 0x89, 0xde, 0x79, 0xff, 0x86, 0xe0, 0x7c, 0xff, 0x8c, 0xdd, 0x80, 0xff,
    0x90, 0xdd, 0x93, 0xff, 0x97, 0xdd, 0xa8, 0xff, 0x9b, 0xde, 0xbc, 0xff, 0x9f, 0xdd, 0xc6, 0xff,
    0x9b, 0xe2, 0xdb, 0xff, 0xa8, 0xd7, 0xc2, 0xff, 0xf6, 0x86, 0x24, 0xff, 0xf9, 0x79, 0x17, 0xff,
    0xf4, 0x71, 0x17, 0xfc, 0xfd, 0x6b, 0x14, 0xff, 0xee, 0x5f, 0x10, 0xb9, 0x00, 0x00, 0x00, 0x00,
    0x00, 0x00, 0x00, 0x00, 0xf3, 0x6c, 0x14, 0x9e, 0xff, 0x7a, 0x17, 0xfe, 0xf7, 0x7d, 0x1b, 0xfb,
    0xde, 0x98, 0x33, 0xff, 0xe4, 0x97, 0x2c, 0xff, 0xaf, 0xc1, 0x5a, 0xff, 0x85, 0xe1, 0x7d, 0xff,
    0x8b, 0xdc, 0x76, 0xff, 0x8a, 0xdd, 0x7b, 0xff, 0x8f, 0xdb, 0x82, 0xff, 0x93, 0xdb, 0x90, 0xff,
    0x94, 0xdd, 0xa1, 0xff, 0xe1, 0x9a, 0x42, 0xff, 0xfd, 0x78, 0x12, 0xff, 0xf5, 0x76, 0x1a, 0xff,
    0xf2, 0x6b, 0x14, 0xfb, 0xff, 0x69, 0x13, 0xfe, 0xec, 0x5f, 0x10, 0x8b, 0x00, 0x00, 0x00, 0x00,
    0x00, 0x00, 0x00, 0x00, 0xef, 0x63, 0x12, 0x52, 0xfe, 0x71, 0x16, 0xff, 0xf5, 0x72, 0x16, 0xfc,
    0xfc, 0x76, 0x16, 0xff, 0xff, 0x75, 0x10, 0xff, 0xdc, 0x9b, 0x35, 0xff, 0x82, 0xe4, 0x81, 0xff,
    0x8c, 0xdc, 0x79, 0xff, 0x88, 0xdf, 0x7b, 0xff, 0x97, 0xd2, 0x71, 0xff, 0x8e, 0xd9, 0x77, 0xff,
    0xbb, 0xb4, 0x4d, 0xff, 0xff, 0x71, 0x0d, 0xff, 0xf6, 0x77, 0x19, 0xff, 0xf4, 0x6f, 0x16, 0xff,
    0xef, 0x65, 0x12, 0xfd, 0xf9, 0x65, 0x12, 0xff, 0xeb, 0x5f, 0x0f, 0x40, 0x00, 0x00, 0x00, 0x00,
    0xff, 0x00, 0x00, 0x01, 0xe2, 0x55, 0x1c, 0x09, 0xed, 0x60, 0x11, 0xe0, 0xf8, 0x6b, 0x14, 0xfe,
    0xf2, 0x6f, 0x16, 0xfd, 0xf4, 0x76, 0x1a, 0xff, 0xfc, 0x76, 0x16, 0xff, 0xb0, 0xbb, 0x59, 0xff,
    0x84, 0xe2, 0x80, 0xff, 0x8c, 0xdb, 0x79, 0xff, 0x8b, 0xdc, 0x7a, 0xff, 0x80, 0xe6, 0x83, 0xff,
    0xcc, 0xa1, 0x40, 0xff, 0xf2, 0x79, 0x1c, 0xff, 0xed, 0x77, 0x1d, 0xff, 0xf1, 0x66, 0x12, 0xfc,
    0xf9, 0x65, 0x12, 0xfe, 0xec, 0x5f, 0x11, 0xd1, 0xff, 0x55, 0x00, 0x03, 0xff, 0x7f, 0x00, 0x02,
    0xff, 0x55, 0x00, 0x03, 0x00, 0x00, 0x00, 0x00, 0xed, 0x5e, 0x11, 0x59, 0xff, 0x67, 0x12, 0xff,
    0xef, 0x63, 0x12, 0xfa, 0xef, 0x6b, 0x16, 0xfe, 0xfc, 0x66, 0x0e, 0xff, 0xbd, 0xab, 0x4c, 0xff,
    0x82, 0xe4, 0x7f, 0xff, 0x8c, 0xdb, 0x76, 0xff, 0x8b, 0xdb, 0x77, 0xff, 0x87, 0xe0, 0x7c, 0xff,
    0xbf, 0xa7, 0x49, 0xff, 0xba, 0xab, 0x4c, 0xff, 0xed, 0x69, 0x15, 0xfe, 0xf0, 0x61, 0x11, 0xfa,
    0xfb, 0x65, 0x12, 0xff, 0xf0, 0x62, 0x12, 0x46, 0x00, 0x00, 0x00, 0x00, 0xff, 0x55, 0x00, 0x03,
    0x00, 0x00, 0x00, 0x00, 0xff, 0x55, 0x00, 0x03, 0x00, 0x00, 0x00, 0x00, 0xec, 0x60, 0x10, 0x97,
    0xff, 0x69, 0x12, 0xff, 0xed, 0x62, 0x12, 0xfb, 0xf3, 0x5c, 0x0c, 0xfc, 0xca, 0x92, 0x3c, 0xfe,
    0x87, 0xe6, 0x92, 0xff, 0x90, 0xda, 0x83, 0xff, 0x85, 0xe5, 0x87, 0xff, 0xa7, 0xbd, 0x60, 0xff,
    0xdf, 0x7a, 0x24, 0xfe, 0xcd, 0x8b, 0x34, 0xfb, 0xf4, 0x58, 0x0b, 0xfd, 0xff, 0x6a, 0x14, 0xff,
    0xeb, 0x5e, 0x11, 0x84, 0x00, 0x00, 0x00, 0x00, 0xff, 0x55, 0x00, 0x03, 0x00, 0x00, 0x00, 0x00,
    0x00, 0x00, 0x00, 0x00, 0xff, 0x00, 0x00, 0x01, 0xff, 0x55, 0x00, 0x03, 0x00, 0x00, 0x00, 0x00,
    0xf0, 0x61, 0x11, 0x90, 0xfc, 0x66, 0x12, 0xff, 0xfb, 0x66, 0x13, 0xff, 0xf6, 0x5a, 0x08, 0xff,
    0xc0, 0xa3, 0x65, 0xfe, 0x91, 0xe9, 0xc5, 0xfd, 0x96, 0xdc, 0xa7, 0xfd, 0xd8, 0x7c, 0x2d, 0xfe,
    0xf6, 0x5b, 0x0b, 0xff, 0xfe, 0x64, 0x11, 0xff, 0xf7, 0x64, 0x12, 0xff, 0xed, 0x5f, 0x0f, 0x80,
    0x00, 0x00, 0x00, 0x00, 0xff, 0x55, 0x00, 0x03, 0x00, 0x00, 0x00, 0x00, 0x00, 0x00, 0x00, 0x00,
    0x00, 0x00, 0x00, 0x00, 0x00, 0x00, 0x00, 0x00, 0xff, 0x00, 0x00, 0x01, 0xff, 0x00, 0x00, 0x01,
    0x00, 0x00, 0x00, 0x00, 0xf0, 0x62, 0x12, 0x46, 0xf5, 0x63, 0x12, 0xb4, 0xf2, 0x61, 0x11, 0xef,
    0xf7, 0x5f, 0x0d, 0xff, 0xe4, 0x86, 0x44, 0xff, 0xec, 0x7a, 0x32, 0xff, 0xf7, 0x5c, 0x0a, 0xff,
    0xf0, 0x63, 0x12, 0xec, 0xf6, 0x63, 0x11, 0xab, 0xed, 0x60, 0x11, 0x3a, 0x00, 0x00, 0x00, 0x00,
    0xff, 0x7f, 0x00, 0x02, 0x00, 0x00, 0x00, 0x00, 0x00, 0x00, 0x00, 0x00, 0x00, 0x00, 0x00, 0x00,
    0x00, 0x00, 0x00, 0x00, 0x00, 0x00, 0x00, 0x00, 0x00, 0x00, 0x00, 0x00, 0x00, 0x00, 0x00, 0x00,
    0xaa, 0x55, 0x00, 0x03, 0x00, 0x00, 0x00, 0x00, 0x00, 0x00, 0x00, 0x00, 0xf6, 0x62, 0x18, 0x1f,
    0xed, 0x65, 0x14, 0x49, 0xf9, 0x4c, 0x00, 0x61, 0xf7, 0x52, 0x00, 0x60, 0xf0, 0x67, 0x16, 0x45,
    0xf5, 0x5e, 0x12, 0x1b, 0x00, 0x00, 0x00, 0x00, 0x00, 0x00, 0x00, 0x00, 0xff, 0x55, 0x00, 0x03,
    0x00, 0x00, 0x00, 0x00, 0x00, 0x00, 0x00, 0x00, 0x00, 0x00, 0x00, 0x00, 0x00, 0x00, 0x00, 0x00,
};

static const lv_image_dsc_t emoji_img_51 = {
    .header = {
        .magic = LV_IMAGE_HEADER_MAGIC,
        .cf = LV_COLOR_FORMAT_ARGB8888,
        .flags = 0,
        .w = 20,
        .h = 20,
        .stride = 20 * 4,
        .reserved_2 = 0,
    },
    .data_size = sizeof(emoji_img_51_data),
    .data = emoji_img_51_data,
    .reserved = NULL,
    .reserved_2 = NULL,
};
